ColorZ: 1.650000 RotZ: 1.850000 RNG params: trng True False
0,203,74,125,192,29,249,224,98,225,30,111,25,193,64,241,13,136,24,99,173,96,207,105,148,114,26,148,58,14,106,231,95,126,220,91,198,96,122,164,244,47,216,230,33,181,43,14,130,114,202,157,210,49,169,198,53,31,189,110,11,163,75,111,87,170,47,105,247,167,36,245,169,218,58,156,242,202,142,134,245,24,124,177,59,234,114,10,134,216,249,205,176,149,245,31,67,7,252,109,238,163,193,65,211,6,134,233,132,66,141,134,91,143,227,93,207,229,94,123,129,148,127,143,23,14,243,230,43,14,11,73,91,127,159,79,209,73,16,167,75,117,189,93,57,109,175,48,7,246,249,144,176,146,231,186,56,240,174,255,168,206,20,131,85,2,62,62,252,242,74,0,113,87,13,52,48,243,54,12,98,66,210,17,218,130,15,95,233,173,45,110,246,53,10,247,75,37,27,74,39,137,206,172,223,168,56,171,13,9,196,215,7,155,218,248,167,204,56,210,163,60,132,126,242,4,81,130,121,139,64,203,42,1,189,241,93,40,164,107,64,153,149,54,245,195,150,156,8,39,1739150171472,/dev/cu.usbmodem1413101
102,114,116,159,229,212,13,93,203,59,11,129,203,246,130,58,0,152,101,91,39,47,227,206,122,233,229,23,247,235,48,39,228,12,76,247,94,145,117,211,110,109,122,52,150,156,160,229,86,252,31,96,169,249,103,187,26,26,6,123,145,143,198,64,203,119,6,70,202,119,52,124,29,40,96,6,149,228,79,56,240,38,75,234,61,251,194,190,64,56,6,25,76,31,230,185,190,151,12,168,49,141,29,9,149,183,45,237,224,200,243,37,62,199,235,215,198,21,236,151,173,62,2,39,244,80,95,135,93,162,211,231,99,171,130,5,87,110,196,131,165,154,164,21,78,87,52,180,48,229,194,205,240,188,168,15,1,112,225,82,57,97,40,102,169,105,235,88,94,128,35,114,106,169,251,3,182,79,30,138,94,38,245,63,84,107,69,246,18,190,53,124,27,109,128,54,57,22,69,213,77,32,246,4,179,27,208,245,72,205,189,83,128,232,95,242,124,31,100,243,49,72,217,97,83,17,212,223,172,146,210,166,9,5,70,179,56,205,104,91,212,98,206,61,93,123,165,129,6,115,1739150171472,/dev/cu.usbmodem1413401
151,142,71,132,119,70,231,245,167,179,33,103,161,90,21,54,196,76,96,120,30,69,90,2,159,44,175,81,249,24,239,174,75,142,143,138,211,34,9,97,142,171,184,186,226,26,40,11,89,33,47,149,75,37,79,170,211,196,86,167,47,165,202,225,127,239,202,21,68,158,246,167,81,145,117,209,16,142,124,76,224,161,200,134,29,79,239,251,189,26,17,192,183,66,194,185,2,42,106,142,5,144,81,60,47,28,43,47,75,99,254,2,79,176,42,6,30,26,17,248,79,161,174,8,34,174,133,27,76,4,19,130,200,234,118,4,164,95,255,123,189,162,241,161,177,153,17,109,63,54,22,17,21,118,238,231,194,6,131,184,52,192,167,185,105,136,36,123,254,11,191,121,234,118,110,69,119,103,22,231,104,228,126,33,227,83,147,40,100,52,221,104,149,204,67,18,16,67,164,28,98,36,232,150,38,49,128,189,17,40,108,131,43,152,40,184,218,192,46,119,30,3,128,221,130,236,224,166,40,177,38,100,67,242,100,49,173,76,144,157,94,250,200,205,81,174,87,189,32,172,1739150171473,/dev/cu.usbmodem1413201
219,136,18,105,63,182,22,232,93,144,245,135,150,185,174,22,129,24,94,86,116,78,144,235,208,206,113,113,23,89,229,180,129,180,231,206,225,168,160,16,86,23,78,10,87,157,78,82,22,148,12,191,81,208,43,79,190,43,20,234,222,244,108,41,61,245,147,17,73,6,80,125,118,145,189,163,135,231,238,16,229,19,47,18,36,92,68,171,227,140,224,240,88,72,114,250,198,118,29,6,183,19,80,24,141,173,238,23,146,117,170,60,228,214,9,186,25,143,171,75,8,86,224,20,138,27,230,157,108,174,4,249,158,211,212,115,140,167,187,50,175,46,110,166,44,98,210,213,55,46,205,92,207,118,181,9,168,19,144,77,193,239,254,102,34,98,181,126,89,103,147,227,108,224,37,100,3,220,76,34,40,182,158,182,38,135,181,136,88,105,43,184,7,55,185,119,199,147,192,94,162,148,87,153,158,182,98,195,199,182,126,119,182,88,116,27,51,6,90,189,34,201,139,89,172,75,42,148,178,64,236,90,69,56,0,17,190,24,196,136,42,210,251,8,71,90,138,57,19,26,1739150171474,/dev/cu.usbmodem14124101
14,75,84,75,53,20,62,4,4,63,17,68,241,196,110,142,250,244,48,12,128,250,185,40,77,100,80,134,250,179,26,234,6,154,167,14,34,112,22,236,79,148,128,143,21,77,164,9,164,46,212,178,66,229,209,161,186,156,132,179,253,121,231,151,208,106,205,208,218,75,102,35,255,10,11,7,133,76,158,46,56,89,248,14,98,123,138,221,12,76,57,67,4,137,96,161,121,140,151,58,96,34,94,14,29,123,75,180,208,32,152,245,70,190,139,222,121,102,111,86,160,82,157,240,204,26,149,219,186,229,39,0,128,14,209,163,139,133,10,125,178,65,17,218,152,89,68,149,236,182,134,193,96,21,225,83,176,123,127,140,17,212,94,117,160,198,155,187,94,198,41,102,25,117,120,121,82,184,46,109,216,239,9,136,156,240,101,36,166,99,5,86,8,5,146,217,155,237,105,30,194,74,198,242,229,76,130,85,156,235,113,112,94,121,101,27,151,126,170,215,36,8,154,117,127,193,251,121,108,222,131,205,67,112,50,76,73,204,1,1,3,102,37,148,20,193,172,84,235,225,1739150171474,/dev/cu.usbmodem1413301
129,113,218,72,12,55,232,252,0,178,26,44,113,114,214,209,56,41,98,126,35,203,247,163,78,101,116,96,255,196,123,118,181,54,152,179,239,207,213,130,179,82,134,231,248,176,32,239,197,68,140,52,32,51,188,10,48,78,188,12,128,205,120,192,141,25,201,207,15,246,240,119,78,94,25,150,173,200,166,99,72,209,190,177,192,207,64,251,163,131,50,236,37,47,66,208,43,176,18,173,102,1,2,187,27,86,136,203,79,181,41,199,17,136,201,7,155,219,211,164,46,115,69,169,67,52,254,147,81,163,217,30,129,126,78,33,117,156,59,238,7,51,247,210,32,109,137,159,89,11,11,204,123,113,171,240,43,96,111,130,33,41,74,203,178,97,190,59,199,58,84,78,30,195,132,62,220,129,246,220,254,116,234,255,141,248,88,187,217,46,185,193,147,144,82,74,22,36,51,119,163,88,217,122,43,72,104,83,219,122,190,223,130,194,230,96,137,211,16,202,98,26,14,225,163,92,167,36,194,128,15,201,162,53,249,43,181,216,233,210,135,203,35,75,20,59,5,51,19,132,1739150171475,/dev/cu.usbmodem14124401
14,94,137,176,11,185,111,169,119,56,167,220,144,180,76,0,158,240,124,64,58,49,79,215,254,148,85,202,26,13,7,26,26,237,98,199,58,101,205,186,94,113,3,160,0,55,169,135,220,0,234,223,238,199,130,69,213,210,174,36,143,132,3,134,44,8,89,119,58,80,152,186,28,43,129,114,218,170,150,156,117,232,4,72,212,83,95,36,213,225,71,149,9,202,43,22,252,174,1,211,154,71,11,252,72,246,244,127,212,216,124,167,104,15,123,123,63,171,144,31,41,157,190,46,26,97,193,162,109,235,174,1,64,95,100,236,169,16,90,243,138,61,240,73,33,4,2,146,250,235,75,60,51,100,254,26,55,203,41,87,54,31,225,157,114,91,177,177,128,150,31,171,127,103,245,238,104,68,87,102,187,81,94,37,18,156,106,95,48,82,223,100,83,183,247,85,64,160,72,112,73,191,68,82,180,57,90,171,187,13,35,136,214,254,6,205,160,212,105,61,86,225,5,170,187,252,2,125,105,205,89,220,157,143,187,172,36,104,240,184,231,212,153,205,167,108,76,32,73,93,1739150171475,/dev/cu.usbmodem14124301
111,88,201,252,24,232,31,49,211,242,160,253,27,148,245,196,74,119,152,26,184,36,246,145,83,60,1,236,194,180,127,200,206,153,43,172,169,79,87,7,250,196,186,145,122,116,77,214,170,185,50,79,27,59,33,254,216,23,158,229,49,168,213,193,105,186,12,232,213,242,92,24,157,216,34,35,87,177,148,249,207,133,1,162,210,22,158,196,77,240,121,186,229,237,71,68,19,180,252,151,100,135,31,241,193,188,155,99,246,51,213,253,77,157,76,176,239,185,156,202,115,224,156,116,0,184,23,93,154,141,56,148,234,213,167,64,179,188,162,105,141,95,183,178,135,186,174,91,201,178,60,73,222,233,91,201,150,158,149,221,199,166,92,181,250,124,33,60,64,87,42,211,21,142,165,142,243,113,150,30,9,142,16,30,201,12,178,251,149,171,79,169,100,5,79,54,79,86,149,104,137,92,110,166,49,231,206,223,255,168,218,151,47,58,27,157,206,209,211,79,108,10,101,196,13,170,65,136,156,246,159,137,186,120,105,126,83,134,147,178,20,135,26,27,207,92,97,210,126,97,1739150171476,/dev/cu.usbmodem14124201
196,131,165,64,71,75,163,192,243,190,205,71,238,66,120,112,94,30,245,62,193,96,17,131,15,208,81,99,254,106,73,148,22,144,142,62,244,238,255,213,26,141,235,59,149,16,141,5,140,232,118,193,246,23,100,136,197,253,241,38,168,229,98,247,198,6,33,171,10,87,228,165,163,85,35,40,85,216,105,202,202,105,147,154,155,243,16,34,175,168,59,100,222,1,237,198,132,234,255,158,149,78,149,212,107,103,194,95,0,226,50,245,188,138,94,36,60,202,184,120,191,1,201,183,222,28,114,80,74,38,167,94,197,23,227,19,74,106,89,100,78,115,39,188,244,75,57,255,185,239,26,104,108,199,251,43,105,219,240,220,165,196,204,172,45,1,241,110,92,35,13,184,240,55,17,49,231,11,107,138,232,114,106,245,129,165,137,50,29,250,194,152,211,132,8,84,39,220,189,172,11,232,178,219,159,238,116,82,144,110,93,192,63,204,71,130,66,189,40,132,210,71,162,97,229,121,80,199,20,141,18,2,227,124,134,215,253,75,19,252,151,45,237,199,214,134,106,12,242,187,1739150171476,QBYTE | fawlty
244,215,126,23,159,132,170,147,67,75,94,101,133,110,7,216,8,217,211,184,96,112,127,115,28,229,110,167,61,92,94,250,25,32,184,222,248,217,149,190,146,228,214,25,98,255,221,114,116,184,31,43,82,4,187,136,73,37,146,149,183,212,85,197,104,211,65,102,251,192,235,75,6,155,86,214,80,112,160,131,171,251,50,133,208,109,61,117,20,127,48,204,177,184,186,227,247,2,234,227,78,71,163,158,246,34,164,33,118,4,246,214,180,224,70,241,170,82,69,171,228,64,231,241,75,240,46,169,170,209,106,59,128,102,104,186,214,23,72,243,180,142,83,13,209,71,105,11,139,87,172,139,233,75,77,88,211,161,223,88,57,55,65,249,209,45,229,44,221,164,123,101,29,120,50,7,205,227,233,109,136,149,224,27,222,114,148,134,89,239,240,84,170,135,81,179,159,95,34,239,165,76,38,240,168,120,127,127,64,117,169,195,210,109,133,229,41,60,222,165,3,19,31,198,228,216,116,136,125,76,237,194,83,104,116,178,61,138,150,6,72,39,162,54,102,212,45,7,128,34,1739150171478,/dev/cu.usbmodem1413101
111,212,207,59,164,184,244,147,149,12,1,235,39,254,165,126,220,44,50,156,129,95,16,243,14,48,63,210,39,65,129,53,246,137,48,179,82,219,93,9,200,61,78,0,144,210,181,188,45,45,184,9,223,35,198,219,244,37,224,146,169,127,45,240,68,255,243,57,14,91,127,19,166,92,149,173,199,2,109,68,15,252,3,92,11,40,154,160,28,203,255,3,102,145,55,87,219,133,234,108,119,57,19,138,239,71,33,96,14,218,62,138,76,48,19,116,203,182,169,112,199,233,222,191,253,200,179,122,40,200,199,231,129,134,234,22,67,80,138,23,89,178,200,5,93,66,29,125,62,223,81,246,179,145,198,189,179,49,2,178,110,20,172,179,247,226,237,248,45,47,120,255,237,185,1,190,88,84,44,184,179,103,114,201,90,108,2,230,255,234,132,182,160,95,149,74,174,22,207,116,244,131,216,137,129,183,79,183,129,229,152,176,99,109,193,168,92,41,0,245,190,189,82,87,225,74,167,248,77,192,62,220,254,160,6,160,97,60,72,84,220,16,81,95,248,60,211,58,179,18,1739150171478,/dev/cu.usbmodem1413401
103,27,80,92,62,53,51,111,130,55,41,138,116,201,181,12,31,145,13,62,63,24,116,2,112,205,157,22,158,136,16,177,172,126,104,185,214,59,197,194,45,101,196,71,79,9,171,71,30,111,44,225,75,86,247,90,26,167,44,66,125,4,179,242,23,104,150,224,98,181,91,211,102,178,97,136,91,101,28,76,115,241,150,162,218,187,26,45,110,5,169,110,245,151,69,175,26,187,189,245,115,72,163,134,250,150,115,171,178,36,140,5,37,58,152,219,54,154,216,11,179,14,84,176,73,25,13,208,118,250,136,83,108,123,245,151,29,116,83,83,196,225,221,97,123,229,91,111,61,206,124,37,119,46,82,30,199,200,194,253,117,221,82,173,144,164,8,179,233,46,209,74,159,50,155,14,135,176,50,64,22,137,200,33,48,3,237,51,96,44,232,22,115,90,160,6,166,145,34,103,126,89,172,139,110,57,200,197,202,57,233,52,193,164,97,85,84,242,203,188,233,20,134,241,10,25,60,41,69,137,134,90,111,164,130,237,232,252,224,89,12,48,56,221,244,178,48,194,120,76,1739150171479,/dev/cu.usbmodem1413201
112,159,88,133,122,54,254,82,66,255,199,49,166,128,226,104,207,121,89,51,44,247,1,16,54,40,240,202,36,163,82,38,154,233,191,218,176,101,210,55,12,5,82,248,102,92,134,178,254,56,51,224,98,57,237,227,67,197,82,165,249,43,38,176,179,82,171,172,200,132,179,140,25,19,109,107,33,253,97,86,183,181,67,142,243,67,202,109,241,58,108,203,125,78,47,158,114,174,241,166,54,217,240,159,238,145,167,28,157,87,90,32,171,36,17,83,187,59,183,9,181,88,98,200,95,216,2,197,208,249,21,23,29,85,63,218,223,209,7,206,206,38,243,201,140,51,51,251,121,47,60,131,71,1,227,117,179,139,253,180,200,163,32,234,126,106,110,106,99,21,131,39,81,91,14,23,18,141,63,15,163,27,103,23,87,73,86,19,53,46,185,214,84,150,94,154,101,135,115,194,100,40,124,119,130,248,195,214,11,43,88,216,193,227,60,228,248,83,150,42,69,79,193,4,19,95,61,255,4,213,173,36,213,121,65,169,74,201,72,10,249,152,189,28,201,10,212,116,99,60,1739150171479,/dev/cu.usbmodem14124101
16,184,140,196,238,251,23,75,225,47,98,214,123,72,252,107,150,52,39,151,137,147,80,202,28,18,67,142,11,125,63,145,29,213,199,154,192,66,93,174,232,79,218,108,142,193,179,94,67,72,39,163,136,145,21,84,56,32,13,67,43,230,255,40,36,8,240,185,128,205,222,19,68,4,179,17,169,214,110,54,233,158,226,149,150,210,170,118,60,51,9,111,241,89,80,210,198,138,101,156,72,2,133,242,150,177,16,105,87,87,188,222,111,66,106,96,95,210,45,133,237,25,154,160,67,111,33,5,250,129,73,204,237,201,114,89,138,247,168,185,65,183,244,77,67,155,126,75,179,69,241,31,201,207,250,188,121,41,56,37,161,228,190,156,252,132,20,112,113,245,199,170,50,192,222,254,127,251,13,99,121,92,53,47,35,89,249,114,88,149,149,142,180,157,130,209,73,82,63,134,194,21,193,229,181,239,36,125,33,41,6,126,178,209,41,139,106,33,145,93,215,253,81,246,68,51,40,83,156,8,211,99,222,177,16,253,212,230,86,117,79,243,98,27,38,119,74,196,122,183,1739150171480,/dev/cu.usbmodem1413301
212,65,80,11,178,162,90,122,52,207,121,135,48,160,172,172,102,50,145,20,68,41,252,78,39,133,43,139,6,74,107,34,194,23,58,193,119,148,198,234,99,119,111,140,213,215,253,33,225,58,189,108,146,71,26,69,250,228,157,219,139,121,224,126,105,184,99,56,78,73,251,20,234,218,104,188,59,241,115,154,149,142,229,78,177,178,51,188,24,131,203,15,151,36,17,70,48,105,87,229,236,4,178,138,194,9,52,169,151,196,20,209,44,130,65,193,150,63,62,94,113,33,249,68,226,110,41,124,187,199,197,213,110,218,44,153,162,221,106,14,112,118,38,73,6,244,127,218,156,6,189,167,98,104,11,219,85,58,28,202,162,161,66,107,89,32,243,148,59,58,138,68,149,29,225,22,84,233,222,121,14,196,119,4,86,201,146,163,51,159,26,33,229,211,90,83,209,120,187,62,103,239,182,239,71,161,168,124,4,0,142,241,203,66,65,61,164,39,229,40,187,81,128,224,39,30,186,224,196,14,121,161,75,41,186,57,13,118,38,125,53,26,84,227,186,247,138,89,119,223,1739150171480,/dev/cu.usbmodem14124401
17,84,90,220,227,247,6,147,82,239,237,163,171,169,77,69,241,213,169,24,205,208,46,143,212,88,157,220,105,35,23,219,179,84,113,210,18,149,98,25,18,97,151,227,51,246,73,23,9,59,175,138,190,25,174,120,209,60,134,60,67,128,42,122,84,66,133,38,105,241,169,146,200,78,55,155,31,251,44,172,119,62,110,195,118,37,42,119,103,203,128,183,251,44,195,181,254,181,213,65,81,49,167,113,210,157,51,233,215,161,6,118,198,55,239,188,116,42,83,135,87,4,88,222,89,74,194,229,71,191,107,21,134,197,64,172,178,132,174,147,55,121,238,158,72,240,189,211,213,17,212,2,76,82,58,15,228,61,10,168,127,84,2,56,31,27,154,46,103,220,9,103,95,198,12,6,140,176,107,128,136,180,100,145,133,17,128,162,157,150,57,166,176,177,253,97,82,12,22,195,103,57,177,94,94,161,105,56,2,171,74,96,129,49,162,167,194,236,21,113,75,182,47,47,40,249,14,88,42,162,70,146,12,132,18,38,141,37,63,252,60,80,245,137,44,188,184,83,208,80,1739150171481,/dev/cu.usbmodem14124301
234,177,186,18,167,140,3,198,249,35,62,217,33,16,132,239,100,125,99,21,129,210,51,80,57,124,211,125,52,30,195,156,188,104,123,184,70,72,184,161,5,148,14,135,230,254,36,194,69,119,128,242,232,232,99,162,102,33,84,93,125,98,239,63,65,170,160,229,197,72,134,198,244,154,206,218,189,252,98,179,245,163,119,95,48,107,192,157,126,84,16,71,207,128,92,107,76,252,255,32,121,25,152,106,117,44,220,95,221,150,40,192,110,109,3,217,69,191,118,207,29,123,3,29,118,218,35,176,162,186,65,115,217,249,226,85,206,30,19,240,125,87,230,106,226,169,190,247,186,82,112,233,60,153,102,61,166,92,84,0,187,238,29,85,210,154,149,231,235,67,254,36,202,129,143,236,72,234,68,190,56,166,133,155,226,200,50,182,119,126,122,71,22,33,181,170,74,135,68,155,3,141,22,236,117,220,225,113,104,189,5,185,74,98,213,212,4,110,188,174,27,254,102,111,88,159,121,141,118,230,240,236,179,81,88,172,0,78,157,148,188,141,13,127,101,110,205,20,228,146,1739150171481,/dev/cu.usbmodem14124201
179,155,133,244,103,29,219,89,104,163,121,30,177,136,108,175,97,179,201,167,115,120,171,201,130,131,26,13,240,60,29,172,9,192,168,63,47,87,158,190,231,116,34,34,85,102,102,145,87,252,13,148,232,111,165,33,145,187,78,25,4,249,55,100,208,78,57,81,61,151,118,84,77,108,237,116,221,202,227,110,158,206,250,178,147,147,4,181,170,164,88,250,13,33,57,207,0,56,84,196,240,193,235,110,254,107,154,128,157,9,152,192,157,84,27,201,20,61,181,74,243,184,55,17,46,104,123,234,128,89,150,231,172,225,180,216,3,82,233,173,156,20,111,80,148,229,30,87,177,105,85,136,177,153,151,219,122,161,152,228,45,162,124,151,160,36,134,32,188,224,235,90,12,50,26,162,239,194,52,190,73,234,158,197,241,29,244,133,114,229,233,108,218,202,170,44,114,254,106,222,138,240,254,61,28,61,63,147,79,189,71,201,3,135,6,57,209,48,94,108,45,17,146,50,15,159,55,192,117,146,228,220,61,88,81,24,170,120,164,97,155,171,184,166,118,2,175,81,17,234,1739150171482,QBYTE | overwhelming
106,201,147,65,3,232,57,63,239,126,53,133,158,157,170,206,199,164,173,97,35,232,232,27,243,154,134,152,47,43,74,132,217,232,9,20,75,131,249,64,148,39,242,218,233,170,220,213,169,235,36,173,221,128,165,76,153,131,207,25,227,86,22,159,1,55,192,164,220,150,219,96,202,195,185,240,141,9,94,140,195,195,126,218,230,4,177,115,48,124,135,108,227,27,178,18,101,134,134,182,254,218,165,252,239,244,68,23,31,95,251,219,66,247,249,107,144,92,152,63,90,226,112,124,80,8,50,236,124,157,210,61,86,152,130,156,92,58,218,46,82,73,189,55,13,204,214,116,17,4,76,33,13,58,24,46,149,24,149,0,216,50,243,70,235,232,232,159,253,101,90,119,159,40,10,33,253,205,23,135,42,74,192,140,182,135,84,49,167,110,167,43,7,23,21,84,80,144,142,168,24,242,249,128,95,193,93,201,157,82,173,156,221,77,241,240,34,216,242,129,11,95,184,90,84,91,153,20,23,5,52,4,148,238,25,162,114,101,106,77,172,250,187,230,185,1,226,178,65,65,1739150172027,/dev/cu.usbmodem1413101
181,199,8,233,223,16,208,45,100,201,134,25,8,235,97,52,89,128,215,80,9,136,212,172,233,66,122,45,158,167,43,127,131,96,82,54,251,236,172,194,179,198,46,193,191,204,210,75,147,121,220,128,132,83,233,75,202,11,126,119,140,93,162,223,99,118,62,91,160,192,162,212,145,209,43,20,174,74,145,70,80,71,200,243,34,11,226,151,144,163,236,9,125,156,88,45,153,213,142,63,110,211,133,40,140,71,151,19,126,66,23,142,128,239,116,84,132,86,4,220,228,150,186,29,19,227,145,47,14,225,206,94,188,163,101,51,110,206,218,10,209,11,216,53,17,252,117,217,110,114,154,200,166,95,112,58,44,187,236,128,190,225,100,116,207,152,223,17,231,215,164,10,230,53,63,187,175,216,217,83,218,159,183,227,211,141,183,99,84,109,134,189,153,253,0,203,75,118,60,2,80,3,122,16,82,101,121,33,255,239,66,133,139,77,223,242,245,201,244,217,22,35,59,114,48,66,154,36,238,92,112,116,66,245,0,176,14,237,38,148,146,125,74,192,183,82,207,200,43,168,1739150172028,/dev/cu.usbmodem1413401
184,7,215,76,130,188,116,85,86,127,133,25,211,61,0,143,160,130,198,229,225,60,156,33,186,36,177,133,88,109,142,14,43,29,9,36,35,244,241,2,39,121,77,66,235,152,72,182,229,5,90,49,219,14,1,127,209,57,215,97,161,41,72,40,78,245,91,70,19,135,158,45,127,210,215,30,75,99,50,38,90,78,151,10,99,148,35,230,30,86,60,42,207,255,191,18,182,1,134,239,138,211,21,62,231,93,37,44,116,251,187,116,121,123,98,28,8,42,84,119,182,249,39,231,16,38,60,132,139,26,144,142,156,230,66,21,202,255,242,100,148,106,168,7,52,171,215,73,159,53,223,51,125,149,115,100,192,237,154,106,178,31,79,106,97,236,241,188,142,205,222,6,248,212,58,245,193,181,223,87,130,59,47,255,155,176,149,154,14,122,130,95,212,25,10,201,18,106,194,100,35,46,169,53,166,173,3,129,123,228,11,57,126,98,130,3,138,104,72,154,240,181,233,114,86,43,14,103,212,230,58,206,231,18,76,213,139,100,84,0,249,65,228,48,184,118,10,96,95,233,1739150172028,/dev/cu.usbmodem1413201
72,23,126,15,150,35,222,225,214,160,226,199,143,187,96,198,96,243,134,48,111,78,68,180,160,245,215,107,249,242,196,192,248,142,118,186,10,148,110,67,174,11,41,193,37,61,240,135,112,213,182,212,62,82,194,120,122,162,159,150,182,80,204,179,45,59,71,29,157,23,159,43,28,101,155,9,90,64,198,133,160,235,231,227,67,193,97,242,153,105,46,53,218,100,102,255,251,54,69,158,68,199,116,3,154,117,97,222,48,192,102,79,158,209,134,61,43,183,80,112,203,165,242,96,179,186,65,27,183,233,38,12,61,222,100,13,39,191,61,90,49,28,192,196,96,217,136,18,129,194,173,58,64,19,220,194,195,11,65,117,56,22,23,40,189,86,56,117,145,50,240,37,18,105,155,114,163,69,86,225,121,34,110,96,91,239,4,60,57,1,46,213,221,108,223,221,220,76,4,59,141,29,247,14,87,146,62,8,184,174,156,226,182,92,40,70,97,200,32,171,178,34,182,205,108,153,219,211,58,159,75,53,52,241,50,133,234,108,203,105,26,237,95,134,126,49,206,246,141,220,1739150172029,/dev/cu.usbmodem14124101
233,169,201,36,103,58,207,229,242,203,46,207,163,124,176,91,120,5,82,121,40,203,132,124,155,12,32,140,249,233,23,55,29,201,229,101,252,41,124,55,155,222,65,110,118,166,247,214,218,52,187,107,143,80,67,182,128,249,129,188,24,197,199,45,4,36,163,220,140,20,142,252,135,174,198,16,202,62,126,105,224,207,255,223,14,43,111,196,107,166,72,40,18,172,77,61,209,147,248,76,126,134,129,210,89,255,62,62,132,203,91,156,16,10,201,176,75,106,10,208,30,196,102,59,140,163,13,144,182,13,52,30,134,113,201,234,198,232,174,187,158,45,186,14,43,112,153,14,199,49,92,168,37,87,225,207,165,122,241,143,136,46,77,228,165,47,238,229,81,6,225,8,252,204,117,233,131,219,110,130,199,58,247,121,237,102,137,89,184,167,69,28,93,28,107,28,6,223,160,31,127,224,25,103,214,82,62,135,12,104,213,85,169,76,55,44,119,10,60,76,6,245,83,149,208,220,15,137,133,142,208,52,20,74,22,172,101,110,98,115,86,16,224,167,51,184,224,217,170,252,1739150172029,/dev/cu.usbmodem1413301
241,190,208,158,180,214,56,29,85,250,54,32,45,159,14,26,200,149,17,100,20,128,180,113,193,118,238,198,241,98,205,253,65,130,109,111,26,185,154,80,165,1,240,168,139,115,83,64,77,19,127,57,106,170,31,16,127,254,162,92,188,44,187,245,235,162,198,138,221,57,102,112,136,44,54,20,51,10,142,139,77,203,167,228,241,163,52,249,116,231,62,175,107,249,102,180,69,201,18,220,9,186,197,72,202,189,245,200,114,171,169,82,155,218,245,216,44,100,68,243,61,27,79,239,214,239,249,12,192,126,83,81,122,135,219,230,4,116,222,164,161,22,243,63,64,184,35,29,223,241,17,99,226,220,132,127,208,244,45,231,169,5,209,20,21,148,98,46,93,2,139,229,233,82,16,83,203,127,232,214,117,14,141,178,104,33,243,7,150,143,47,110,149,50,169,171,247,6,87,207,221,176,177,96,166,153,188,224,217,31,233,126,78,89,226,78,133,136,87,163,35,105,198,31,110,100,147,180,138,35,160,10,89,53,238,231,124,115,196,29,27,249,110,1,143,65,184,227,137,91,1739150172030,/dev/cu.usbmodem14124401
30,168,66,70,175,110,133,112,53,248,224,48,168,75,114,21,58,212,135,159,214,204,169,209,58,184,45,125,84,130,108,229,119,102,44,129,232,121,78,108,42,86,139,118,18,33,13,65,35,91,95,166,192,164,93,159,124,159,49,8,75,238,167,111,202,123,61,66,251,218,24,10,21,70,115,116,128,83,115,177,7,87,68,201,63,25,114,112,155,34,154,126,248,171,42,9,22,217,89,46,196,30,5,4,181,11,63,43,237,4,37,2,19,196,3,39,72,14,149,223,247,207,33,111,105,7,248,203,76,108,46,61,164,55,184,213,130,238,89,55,195,218,26,153,2,217,242,64,60,84,185,55,124,92,65,141,27,92,41,94,47,153,4,221,92,53,138,174,46,147,30,235,169,108,208,246,225,158,208,72,143,52,215,170,34,34,25,207,243,182,175,224,14,159,191,22,105,18,164,75,119,9,71,117,11,75,214,15,127,141,102,39,101,67,87,45,141,47,32,96,66,164,254,106,113,85,56,43,104,63,169,139,48,8,109,67,162,217,22,57,28,62,97,83,179,213,168,46,28,206,1739150172030,/dev/cu.usbmodem14124301
71,206,163,101,245,132,83,149,63,130,157,92,212,75,218,231,247,228,97,169,24,120,233,99,164,25,136,224,156,52,111,140,180,65,25,143,187,78,134,107,162,65,179,20,197,205,123,194,17,33,232,71,55,171,184,73,211,171,171,132,254,41,180,103,147,67,86,55,91,80,152,190,28,78,126,179,186,145,205,35,138,82,153,214,132,166,186,173,66,224,138,190,166,241,174,143,158,102,51,210,62,230,211,228,107,244,177,110,10,51,157,139,114,14,32,85,48,3,58,121,164,52,71,71,66,87,63,122,130,253,176,63,148,61,217,234,92,190,84,207,240,92,22,154,26,57,215,100,7,109,131,187,154,80,210,205,249,10,154,108,0,204,146,63,142,48,236,0,132,85,217,196,54,98,241,201,32,184,188,222,135,78,105,109,92,16,182,170,163,3,56,31,131,4,14,250,95,171,96,224,132,205,31,184,162,88,121,137,22,206,90,53,2,224,117,129,32,99,235,185,25,150,219,237,199,233,171,135,38,16,62,226,194,119,170,100,3,27,28,56,15,137,40,66,100,120,221,78,226,95,1739150172030,/dev/cu.usbmodem14124201
110,111,202,114,65,97,98,187,166,35,177,193,56,19,189,0,35,245,159,207,86,237,148,157,196,210,241,140,208,46,242,150,22,119,153,184,44,168,228,163,24,91,49,60,178,250,100,186,10,31,103,123,174,122,54,112,168,32,64,245,105,92,95,11,183,49,236,135,3,97,16,138,62,47,35,48,241,150,117,25,73,32,67,228,160,109,130,16,225,99,31,61,172,19,156,221,173,129,75,148,211,217,211,147,83,38,210,69,52,113,123,41,207,168,118,4,40,148,121,97,179,12,80,26,145,107,237,113,246,109,83,172,135,255,178,132,195,120,178,253,42,137,72,243,59,106,99,193,66,120,211,167,183,100,49,66,45,157,205,197,226,164,197,98,154,116,20,34,163,143,125,156,25,48,208,152,185,103,173,160,177,130,242,252,94,32,167,207,186,229,112,145,210,42,179,208,18,160,71,142,183,86,45,97,37,67,52,128,29,195,120,251,30,136,115,137,99,127,206,95,33,69,108,154,86,175,217,21,86,162,210,220,186,248,88,46,165,95,127,223,131,117,141,39,163,64,196,182,101,234,1739150172031,QBYTE | pyrene
129,196,11,41,1,191,122,124,160,186,90,67,20,78,125,115,209,150,74,116,104,84,74,71,126,45,148,244,193,120,187,161,3,23,102,201,10,65,203,189,230,75,224,124,209,164,102,135,9,207,116,40,134,152,17,234,220,237,178,8,64,104,85,151,112,117,17,222,176,47,153,46,22,38,17,186,99,188,239,99,99,138,179,119,231,204,133,147,202,36,61,215,29,127,211,142,160,91,225,225,198,84,169,141,196,243,246,166,137,153,211,2,53,122,143,150,239,248,193,108,174,32,169,171,83,203,71,196,27,233,207,213,133,234,41,37,125,109,78,99,46,179,79,249,80,67,149,87,140,175,208,42,187,189,131,200,64,54,10,103,79,153,123,129,94,88,233,215,199,179,18,229,255,96,221,112,165,34,242,125,102,46,55,130,209,82,235,57,150,255,252,2,224,181,143,224,226,172,79,19,213,140,211,225,242,252,236,0,71,62,125,178,100,53,122,155,182,248,146,152,22,234,0,11,189,110,17,145,229,47,40,15,40,182,50,37,25,204,129,179,215,206,229,83,149,133,212,30,183,203,1739150173100,/dev/cu.usbmodem1413101
83,161,181,122,210,81,203,80,219,198,238,203,152,242,216,23,232,103,105,15,188,190,35,76,32,61,113,239,201,65,28,60,3,239,213,5,21,127,182,106,136,79,242,53,114,89,231,72,200,202,254,24,23,13,249,195,108,209,89,108,70,105,113,146,194,2,138,233,220,225,183,26,7,95,81,217,110,56,252,10,225,184,9,181,196,196,176,148,130,251,88,231,199,195,80,78,21,203,247,127,87,83,248,146,35,206,31,191,162,1,195,89,8,246,239,80,235,95,175,19,177,22,159,141,167,9,156,91,124,20,149,166,160,84,241,179,48,194,50,183,189,200,127,180,158,218,83,200,158,124,169,113,165,167,112,253,238,239,237,71,213,116,133,233,55,253,33,91,62,163,57,230,199,82,171,198,148,88,53,2,52,125,191,150,129,72,141,62,174,89,56,125,224,185,33,119,212,170,218,101,154,43,198,46,168,108,6,128,51,228,115,39,238,148,170,250,80,133,253,26,164,136,189,133,13,219,175,74,53,63,12,68,250,59,163,131,65,6,250,68,31,74,253,117,145,152,253,10,47,93,1739150173101,/dev/cu.usbmodem1413401
135,38,176,175,143,188,178,169,188,20,216,229,49,177,110,56,140,89,177,234,0,27,93,126,5,136,246,177,179,56,30,5,133,247,45,115,115,217,76,207,103,3,101,83,86,186,81,232,34,53,167,80,115,147,132,252,174,183,35,148,166,242,107,201,31,138,55,158,99,147,247,115,201,177,138,98,232,189,139,184,192,21,33,230,0,93,122,68,56,79,228,168,255,158,143,38,57,60,2,27,210,219,223,235,158,142,28,155,178,66,208,175,163,84,234,204,154,54,226,51,4,187,207,115,178,80,161,25,120,119,51,97,206,44,74,169,106,45,217,225,22,130,89,223,59,202,183,196,84,245,45,216,230,109,129,109,211,171,220,180,15,86,43,234,172,186,22,240,155,79,8,130,123,190,177,134,13,163,178,133,200,166,158,74,220,213,226,109,121,20,192,166,13,253,234,153,242,245,117,95,143,220,242,52,142,64,155,245,241,33,252,155,175,125,39,73,214,102,194,0,219,50,159,216,231,85,148,139,27,130,250,177,155,13,230,54,35,140,136,75,97,181,235,166,188,201,63,165,60,150,1739150173101,/dev/cu.usbmodem1413201
70,140,200,22,15,148,118,148,38,8,134,21,6,200,104,38,52,47,64,219,187,218,15,134,31,114,186,167,159,251,35,96,137,94,214,209,185,1,186,183,61,72,208,61,111,117,142,115,249,114,133,58,21,165,133,194,146,237,113,76,42,149,177,74,254,44,94,76,63,65,202,129,154,137,18,23,50,205,85,21,236,2,30,251,97,34,72,73,68,28,147,243,66,19,18,57,13,75,203,132,45,104,70,132,150,112,73,10,34,34,157,30,60,121,6,121,47,161,46,90,198,174,127,249,2,60,11,221,237,185,95,179,172,226,28,69,96,98,60,3,235,183,137,186,75,86,203,171,186,7,63,128,156,42,209,30,109,48,84,239,145,188,179,133,107,194,189,29,75,120,74,170,179,21,43,212,77,232,190,62,53,10,115,128,12,146,44,0,66,217,212,139,85,240,175,182,106,233,129,122,143,183,82,236,15,45,75,83,197,28,5,49,61,89,182,180,77,230,239,95,126,193,199,139,37,187,232,168,101,127,136,147,251,16,228,122,104,2,114,223,74,39,168,29,7,117,60,55,249,62,1739150173102,/dev/cu.usbmodem14124101
192,155,210,26,190,119,79,83,227,197,242,109,190,240,99,173,12,181,121,157,227,222,208,118,24,113,124,140,138,110,218,65,221,144,112,225,252,243,173,9,235,18,32,161,186,87,47,129,156,88,161,59,30,151,75,161,181,5,30,23,51,12,158,242,76,77,224,91,29,155,66,106,94,21,97,47,101,90,27,25,226,160,170,189,219,92,163,76,22,253,127,85,214,3,86,65,106,117,2,170,220,89,123,12,190,233,147,0,84,198,83,208,137,58,134,220,116,32,159,245,93,158,38,167,211,94,42,253,111,11,173,161,190,62,94,115,103,191,97,111,134,130,249,43,110,114,249,9,115,13,8,173,101,144,111,41,123,234,119,145,106,78,34,209,218,43,91,133,247,113,104,62,77,75,42,120,68,191,49,224,243,249,127,208,86,170,230,109,4,49,215,35,115,134,34,200,46,42,197,124,234,12,1,9,118,110,196,234,67,44,18,64,50,193,223,241,114,181,1,13,218,205,99,39,16,235,233,40,143,191,2,230,114,144,242,34,215,186,40,198,15,243,13,48,174,146,255,3,53,255,1739150173102,/dev/cu.usbmodem1413301
201,86,239,193,175,81,155,102,35,4,145,105,43,175,9,230,49,161,157,147,29,70,8,123,130,82,51,179,219,41,13,236,126,4,169,62,248,142,46,123,85,80,148,167,69,179,131,230,22,91,164,141,185,91,108,26,21,84,31,69,185,219,9,204,108,242,250,95,139,254,118,130,182,192,225,146,10,13,254,124,206,49,169,77,253,54,42,223,101,179,107,103,116,201,229,214,159,40,59,149,198,123,174,171,234,159,189,75,242,64,12,52,90,162,163,209,207,187,55,156,45,119,162,103,105,119,239,91,53,242,236,99,77,241,221,43,124,27,81,82,1,114,40,201,229,207,143,204,141,119,68,36,70,84,89,159,208,59,66,238,74,58,234,70,13,240,249,137,96,183,113,59,176,208,255,193,68,43,224,238,141,41,13,2,164,238,210,123,50,211,10,25,128,254,34,221,195,230,200,46,251,109,10,85,76,190,100,91,173,249,133,206,231,178,199,177,170,30,140,88,86,2,146,230,100,64,151,99,66,47,39,177,117,150,59,245,222,109,42,26,199,29,148,189,69,53,83,67,131,146,1739150173103,/dev/cu.usbmodem14124401
188,187,154,13,35,245,80,103,206,198,16,25,188,179,123,4,70,89,155,174,156,58,170,14,215,18,231,61,239,74,88,194,7,36,111,233,101,148,91,171,178,31,150,76,20,89,13,239,222,111,249,96,209,132,34,107,46,185,202,138,11,108,208,192,226,148,174,250,224,49,87,249,86,164,105,173,57,107,115,154,121,113,207,21,208,63,39,92,42,26,209,24,120,138,76,50,47,67,238,12,202,97,59,76,252,1,247,99,62,166,13,234,44,244,248,237,211,5,154,83,153,152,175,16,255,227,153,114,133,72,247,46,163,21,60,52,175,123,170,217,61,190,82,165,201,14,108,48,87,115,48,18,171,7,3,147,145,171,159,198,227,35,30,245,28,53,138,108,100,1,227,36,128,101,195,176,205,160,211,138,60,164,240,28,165,173,115,228,82,13,166,138,129,181,225,36,140,176,10,41,120,142,200,210,133,21,104,140,21,123,24,201,108,249,252,103,2,243,126,14,174,97,80,245,161,191,244,2,221,10,150,174,1,21,199,27,7,146,107,169,248,173,120,65,97,51,27,100,22,139,1739150173103,/dev/cu.usbmodem14124301
162,130,111,79,14,100,210,142,88,103,197,56,232,57,76,152,52,253,171,91,56,152,42,146,224,73,223,137,94,220,71,140,92,109,73,210,197,230,18,118,112,159,158,244,223,227,178,46,78,184,108,54,243,147,13,158,241,39,85,206,83,56,119,217,170,191,4,248,95,198,253,152,28,49,239,202,108,43,246,76,159,248,217,153,97,157,152,44,103,12,22,153,233,3,40,66,10,22,18,42,92,6,33,21,245,118,179,251,113,149,99,28,159,51,42,0,80,173,68,136,47,14,154,241,75,177,123,106,67,95,128,31,45,148,160,142,92,101,170,90,145,201,252,11,5,122,130,91,52,145,129,72,166,126,98,184,111,227,24,36,105,191,214,135,240,127,172,22,60,123,115,74,192,205,2,189,106,148,199,157,242,54,172,157,107,97,208,49,82,109,63,11,194,131,2,11,172,167,153,48,3,91,20,210,86,11,192,125,123,191,141,179,209,68,226,181,253,255,128,133,44,185,160,236,34,87,69,109,169,253,30,252,185,199,236,11,99,16,23,68,224,24,22,66,111,186,251,11,169,211,1739150173103,/dev/cu.usbmodem14124201
4,59,14,115,111,113,35,205,183,0,92,93,122,16,254,173,206,55,6,177,53,17,99,98,233,146,222,134,196,43,82,27,244,140,183,138,113,233,65,0,72,141,27,153,174,108,77,242,0,150,56,186,114,120,225,89,243,169,39,170,88,229,206,161,59,69,66,227,25,142,141,79,224,1,222,204,237,227,173,119,100,61,144,163,213,191,49,233,10,212,193,216,84,114,201,56,81,239,26,24,226,241,7,142,178,194,214,91,82,77,108,248,194,254,123,147,137,3,212,164,27,92,55,141,74,213,86,229,110,221,0,82,58,62,145,152,175,90,169,136,69,201,159,100,249,204,34,94,97,185,150,208,74,224,244,219,69,219,221,230,174,239,102,226,149,76,231,23,230,155,224,64,77,170,248,80,214,145,14,221,31,189,75,141,188,213,63,169,53,233,148,233,232,79,8,130,99,193,255,24,37,120,98,75,50,51,50,102,192,246,245,203,112,75,71,14,90,90,49,3,25,134,228,5,133,24,13,220,23,138,251,108,13,68,113,45,126,17,255,82,51,77,172,19,90,143,102,169,84,11,1739150173104,QBYTE | preprocessing
72,67,132,214,32,31,39,221,218,110,28,150,181,25,99,133,114,211,26,188,223,144,79,167,244,123,148,88,242,152,92,165,227,115,98,111,202,130,157,252,105,219,228,12,35,251,62,101,127,241,128,222,93,249,19,146,177,249,134,173,14,60,35,193,198,243,148,233,88,230,27,209,33,140,66,115,25,193,77,25,113,139,226,199,147,144,238,37,72,246,121,152,81,89,208,23,103,129,2,78,154,230,87,20,198,212,66,149,0,192,22,148,242,135,193,245,14,158,88,207,129,201,235,189,172,11,222,86,15,103,240,239,178,77,111,163,102,118,69,159,255,205,235,251,45,34,74,75,161,64,19,226,162,198,114,194,171,211,78,247,184,97,188,2,80,11,4,170,58,226,158,76,228,223,42,108,43,111,91,167,100,239,181,194,3,155,110,251,215,107,228,142,66,34,126,69,10,45,46,152,106,202,14,113,202,11,192,150,23,185,115,84,234,248,120,20,180,139,101,30,167,116,152,136,233,86,242,235,216,128,104,20,31,40,130,115,151,157,4,197,0,10,144,194,126,38,230,197,141,247,1739150174161,/dev/cu.usbmodem1413101
200,209,137,152,71,86,235,172,226,105,231,144,248,61,79,214,236,187,44,37,217,99,211,240,181,178,81,137,105,223,90,43,197,202,64,207,46,16,183,45,91,163,203,245,102,253,93,26,66,241,253,64,212,30,68,169,61,25,238,50,200,54,39,225,139,206,144,129,220,12,197,167,111,176,98,233,148,223,96,195,242,224,90,66,2,127,82,77,87,130,194,211,36,17,78,82,109,4,83,27,156,31,180,241,123,251,249,128,190,15,104,225,207,111,167,52,219,46,93,89,169,23,145,35,229,4,6,122,155,66,2,90,97,55,143,220,213,72,68,56,117,176,215,212,210,234,142,174,146,236,120,204,254,23,167,24,84,150,87,114,82,71,192,172,216,140,185,120,251,201,77,241,82,170,64,233,127,99,13,149,84,179,225,124,108,128,251,215,208,72,239,254,239,71,37,232,68,124,132,90,144,78,198,148,48,197,222,188,218,59,30,78,236,10,253,126,193,213,112,77,138,130,24,189,180,4,197,44,102,171,78,196,77,189,81,42,221,99,206,242,253,108,243,8,229,231,106,211,16,91,1739150174162,/dev/cu.usbmodem1413401
172,255,72,198,165,129,74,105,18,28,22,21,113,222,50,17,142,250,248,254,234,108,151,235,103,142,146,200,227,17,72,30,72,63,84,19,244,136,167,237,67,185,163,71,234,90,29,9,103,56,226,116,10,140,7,139,101,168,107,29,192,65,67,227,195,205,24,191,77,172,168,84,140,33,151,23,64,30,164,94,68,253,0,120,154,180,28,128,217,155,200,240,118,202,13,124,14,181,18,124,177,123,101,154,37,60,94,162,99,141,243,60,139,156,44,63,220,46,162,29,118,46,56,182,248,148,160,97,178,179,15,83,250,57,48,61,32,247,18,144,48,6,38,63,105,117,80,67,68,5,161,135,181,253,99,62,181,209,149,104,193,130,163,220,129,158,241,19,238,240,118,55,155,86,203,8,16,135,87,126,144,65,184,222,79,117,105,4,194,86,110,239,63,249,215,8,19,151,83,23,45,201,90,105,127,212,178,197,110,92,163,163,56,136,183,36,40,255,63,184,149,58,164,225,12,240,68,127,241,134,205,33,39,203,245,235,210,163,41,74,6,98,168,99,146,247,48,44,133,13,1739150174162,/dev/cu.usbmodem1413201
109,174,230,48,199,41,121,127,148,208,249,122,206,39,197,114,73,96,234,68,227,193,86,31,126,30,7,51,74,124,153,104,40,51,129,10,127,71,119,224,153,240,121,199,175,48,222,89,155,77,59,42,185,213,14,193,62,233,26,38,215,53,88,11,4,127,82,125,158,22,142,181,108,213,149,187,154,23,121,137,148,150,214,203,243,89,221,89,73,101,167,233,51,34,41,133,4,55,129,138,87,112,107,47,22,196,225,247,192,149,16,27,93,173,60,208,179,247,75,241,204,252,149,47,31,14,32,167,62,177,58,239,127,104,236,219,185,221,44,88,179,196,205,167,203,131,251,207,105,146,12,129,40,143,238,107,76,28,137,198,96,200,116,192,3,233,128,253,135,75,136,125,8,199,75,61,125,22,16,114,203,32,1,128,48,84,168,142,219,203,53,53,64,150,91,133,75,41,227,84,162,40,199,30,228,96,243,20,12,129,222,138,244,140,113,147,167,57,92,220,38,81,95,155,30,86,27,209,46,168,237,53,179,37,90,145,175,38,127,223,13,237,222,106,91,172,65,210,1,27,1739150174163,/dev/cu.usbmodem14124101
56,138,203,152,184,79,133,57,71,203,57,14,10,252,222,110,202,189,131,152,170,15,106,19,229,31,91,123,1,242,240,7,51,137,137,163,39,111,164,145,221,161,85,123,30,222,123,109,58,56,86,227,70,59,194,72,200,56,106,251,12,251,209,110,227,234,120,63,100,220,235,241,153,58,244,35,60,99,254,88,51,135,6,8,132,237,29,72,227,216,6,239,9,134,80,92,117,244,184,32,242,73,75,108,185,216,224,139,135,10,232,99,49,88,236,100,40,233,208,230,138,37,192,66,106,182,244,67,226,19,74,52,223,151,143,196,113,158,183,99,25,65,251,68,243,103,39,110,199,242,11,179,251,246,129,187,51,201,126,194,40,180,90,47,11,106,106,243,127,78,198,39,232,131,68,30,123,100,183,73,30,253,177,171,177,85,47,2,143,203,163,100,203,221,203,103,123,71,87,91,152,93,34,21,70,110,211,92,213,32,159,47,85,170,140,210,192,58,58,162,27,240,13,109,3,147,142,110,126,156,242,200,155,142,149,212,255,71,39,60,238,3,201,86,69,5,137,94,150,147,1739150174163,/dev/cu.usbmodem1413301
31,240,53,127,1,45,232,160,161,151,56,2,230,169,199,29,251,164,246,68,233,67,220,247,50,241,243,213,57,135,126,62,84,55,47,64,88,68,85,22,74,31,172,60,195,229,135,122,160,175,196,4,173,181,182,218,64,163,189,227,196,109,119,102,38,228,116,149,140,150,62,2,62,238,132,165,152,32,176,133,100,214,163,128,183,78,150,240,76,122,122,153,20,125,204,153,55,11,120,194,197,208,163,219,33,20,40,213,198,45,81,16,128,139,49,23,123,79,214,174,60,228,94,239,153,91,150,142,126,203,51,163,158,250,109,7,91,124,33,122,229,216,176,203,65,83,108,33,199,161,223,114,203,27,152,220,190,62,214,126,15,129,48,225,229,138,0,69,194,127,90,237,76,20,7,254,184,48,238,61,52,246,91,236,44,199,99,235,142,158,240,47,73,26,67,122,114,26,242,176,234,34,153,18,231,126,54,214,46,12,161,230,199,151,38,57,85,181,34,75,164,119,88,161,187,10,5,154,13,253,186,219,8,107,21,153,33,97,170,98,2,213,54,180,33,224,133,209,86,122,1739150174164,/dev/cu.usbmodem14124401
224,124,189,208,41,245,230,39,106,39,191,105,25,170,89,203,129,17,166,83,196,55,58,151,222,183,117,96,93,128,67,110,105,15,54,209,102,91,137,26,126,84,181,225,120,166,45,203,232,124,70,155,226,5,146,207,200,116,171,200,18,121,252,76,184,255,52,211,64,29,147,44,92,205,179,120,238,94,35,87,39,125,64,95,253,158,153,195,198,180,208,202,68,0,40,153,194,78,251,183,255,9,28,83,87,123,202,197,165,71,157,11,66,190,40,187,230,226,115,133,126,14,118,139,139,121,11,249,57,190,92,34,138,161,185,184,58,218,158,120,87,134,239,167,0,107,196,190,173,48,215,201,147,166,152,159,238,192,185,26,48,76,96,211,116,36,103,2,104,28,212,114,239,187,89,200,167,152,49,122,137,187,201,118,51,98,163,199,243,207,203,208,124,14,93,247,122,253,113,32,32,192,36,28,208,222,185,14,52,155,53,132,122,233,249,216,59,16,221,124,158,141,62,45,102,129,146,85,189,222,135,216,11,221,2,104,17,188,4,52,185,103,21,180,161,233,150,3,232,84,1739150174164,/dev/cu.usbmodem14124301
73,49,46,248,161,7,116,93,29,185,133,31,20,148,123,162,156,92,162,119,210,163,88,123,162,86,97,70,18,149,201,119,127,168,39,191,135,152,208,30,66,108,119,108,109,97,56,151,204,149,158,11,50,196,18,84,29,15,64,30,197,15,235,38,192,114,156,55,109,135,71,2,13,148,39,22,53,8,239,102,129,205,29,125,126,162,186,93,67,241,245,103,75,0,48,203,198,228,22,11,161,186,81,188,116,191,203,205,110,182,243,154,136,38,80,219,104,239,3,186,50,248,29,63,169,171,248,228,184,6,45,14,232,60,32,101,192,27,51,171,124,219,152,241,232,227,125,20,80,138,142,57,170,172,246,232,81,248,95,123,146,213,150,187,210,189,46,192,144,65,109,51,247,214,11,81,187,3,247,151,206,250,15,1,102,158,158,251,70,160,97,218,171,84,38,254,222,67,178,119,39,41,190,77,150,229,107,208,75,66,0,244,10,17,87,13,109,144,176,47,241,212,40,179,208,129,178,183,67,192,241,181,132,222,187,253,26,136,184,208,155,113,179,98,156,141,203,84,71,48,1739150174164,/dev/cu.usbmodem14124201
207,244,206,119,52,113,0,132,47,9,47,19,19,182,224,42,117,166,85,219,90,134,137,171,243,86,236,162,69,74,211,216,55,172,64,52,241,181,82,95,67,183,206,179,200,144,73,100,127,11,238,183,1,241,170,120,138,65,37,106,206,158,174,170,55,12,234,228,146,128,249,74,88,69,198,222,40,2,114,225,162,225,150,156,72,157,213,151,165,109,141,137,34,91,62,43,70,82,239,253,137,216,72,8,53,223,205,22,151,1,74,176,144,146,211,61,103,194,154,13,104,59,34,30,127,170,201,58,5,71,207,178,117,219,71,135,250,55,4,165,222,123,235,110,7,130,157,140,227,210,75,25,200,68,47,159,52,71,75,246,206,192,55,20,66,137,239,72,237,252,8,124,153,30,251,201,230,82,142,167,6,119,193,208,216,84,37,115,170,132,169,235,135,151,36,52,187,12,124,61,0,243,116,196,134,81,104,175,43,170,27,138,40,51,71,227,57,151,3,141,78,67,56,29,65,109,195,127,236,122,56,186,218,157,69,251,226,105,173,24,56,41,76,247,11,27,172,48,118,55,1739150174165,QBYTE | crazier
212,215,144,190,231,19,159,244,6,167,74,51,89,74,6,90,207,0,224,16,84,179,185,226,161,39,17,180,55,231,216,233,23,107,98,71,120,108,90,47,124,254,239,153,0,96,135,60,131,183,33,115,255,249,196,31,175,133,1,166,128,3,150,15,80,40,11,27,207,227,205,128,255,216,242,107,123,80,67,75,101,118,126,32,61,141,84,135,142,45,224,186,73,255,39,128,228,132,232,73,185,44,9,200,215,199,242,235,22,146,200,61,7,162,57,127,75,19,188,201,91,38,186,227,160,184,100,116,113,200,206,30,41,182,162,118,155,166,241,174,20,78,128,95,142,254,22,11,245,69,119,106,18,129,160,105,63,150,201,69,28,28,218,141,217,31,147,118,215,10,254,247,13,0,139,189,114,121,87,248,128,214,89,22,214,182,212,194,46,20,94,213,142,230,55,62,176,205,203,44,168,251,159,222,85,54,236,14,248,137,58,0,109,189,165,175,42,3,99,38,105,170,89,66,185,124,250,243,252,82,67,230,61,51,105,51,68,116,98,122,189,201,0,1,53,65,244,188,218,118,1739150175227,/dev/cu.usbmodem1413101
161,25,85,20,244,19,250,207,42,64,192,201,224,158,154,142,170,82,71,80,96,119,240,205,23,186,218,162,127,242,68,183,208,94,98,79,106,44,168,184,49,132,36,54,192,149,32,93,246,84,245,187,90,39,108,99,25,251,54,119,242,177,193,21,57,220,61,131,128,23,198,93,216,25,227,62,26,163,130,222,174,56,41,127,139,213,36,171,244,194,215,224,28,214,233,199,32,65,85,211,108,111,75,231,140,128,191,211,103,234,126,17,139,77,50,255,123,227,28,21,87,23,64,244,138,219,45,132,41,166,180,184,47,127,47,213,10,2,172,190,143,167,233,253,99,60,233,201,163,160,67,150,30,244,157,137,13,182,179,209,179,150,78,188,217,201,134,82,233,81,172,4,120,199,126,181,179,187,113,6,27,229,233,164,205,90,62,189,239,199,30,171,61,136,38,34,81,208,74,128,17,157,110,137,127,27,178,254,126,254,32,66,205,224,252,76,129,122,140,102,214,80,89,189,144,31,26,154,149,231,51,182,137,18,222,128,0,6,75,203,129,36,96,36,122,215,224,37,28,43,1739150175227,/dev/cu.usbmodem1413401
48,76,194,74,59,78,176,5,191,252,25,208,74,9,210,19,184,54,201,3,175,73,30,54,71,164,58,131,104,5,244,93,36,28,43,234,103,252,1,102,94,85,223,29,229,207,232,127,188,42,192,167,40,12,163,59,1,234,22,59,191,238,172,73,106,128,195,123,248,61,250,13,38,94,70,247,39,190,215,181,93,45,139,190,174,90,88,80,147,98,185,172,215,157,222,81,79,185,91,221,6,99,34,41,142,111,244,244,59,149,251,104,222,58,82,119,199,170,29,239,220,5,232,214,150,21,114,246,245,197,115,171,220,161,197,137,229,217,250,122,100,0,218,167,254,67,116,244,132,59,111,226,241,246,18,53,222,234,162,14,82,206,77,77,87,242,173,111,102,6,212,44,17,52,213,187,208,78,75,254,118,53,186,223,74,115,229,138,87,42,120,212,191,198,100,245,238,173,11,205,61,205,40,128,100,78,56,225,46,39,49,80,244,151,12,24,150,149,15,94,60,86,4,158,45,179,104,178,30,207,197,21,129,47,45,20,200,119,246,71,214,91,38,210,192,12,20,129,164,193,1739150175228,/dev/cu.usbmodem1413201
126,24,155,143,177,9,19,116,145,122,178,232,121,231,70,192,189,6,54,20,83,5,191,89,42,254,234,93,15,134,168,138,205,80,55,134,81,124,132,13,3,109,98,181,101,62,250,28,46,22,173,15,10,36,42,120,98,49,180,41,117,248,215,230,97,241,255,69,248,65,234,81,244,24,250,36,195,131,240,29,203,19,184,92,151,59,190,208,37,211,51,2,129,134,133,212,165,141,41,238,233,228,159,156,175,214,191,22,174,190,103,235,122,36,78,228,233,110,189,70,140,69,57,1,216,31,169,43,19,189,179,131,187,37,230,167,33,179,74,122,215,22,146,190,245,138,222,237,160,143,81,139,132,12,35,19,201,233,129,27,54,226,172,54,177,44,241,251,244,56,136,27,137,184,221,179,195,32,111,96,187,184,11,0,63,103,138,198,167,131,17,160,63,152,169,212,125,50,143,171,77,229,132,228,111,243,171,204,134,40,89,225,66,35,140,40,223,26,61,85,23,44,74,32,192,14,237,205,227,113,37,228,71,112,17,209,215,46,250,232,164,142,213,51,167,181,157,68,76,204,1739150175228,/dev/cu.usbmodem14124101
126,220,170,245,85,48,255,237,184,213,155,56,4,28,140,199,72,16,198,59,64,143,42,89,134,251,178,158,109,128,235,150,204,98,119,102,19,161,182,106,20,60,140,97,8,19,194,61,69,163,70,25,173,223,157,66,92,46,110,4,121,195,7,146,183,237,79,239,155,160,77,38,73,66,233,107,201,190,74,50,196,226,176,192,75,84,202,40,253,133,88,76,93,60,40,89,255,69,207,56,250,11,197,91,79,178,167,67,85,145,89,205,134,221,147,170,212,43,177,38,212,35,119,43,204,175,25,230,64,69,183,65,63,203,175,10,128,160,232,5,129,211,224,53,73,10,82,136,25,44,47,156,33,211,57,231,200,72,238,243,97,92,138,236,72,184,98,104,42,142,62,254,194,160,39,170,199,112,185,200,199,213,100,128,206,185,182,134,4,158,206,68,74,24,91,30,107,211,61,78,244,56,20,138,200,46,46,12,233,249,83,188,228,162,174,185,32,117,110,133,22,128,138,220,29,16,178,62,224,155,54,249,151,93,209,33,254,148,46,165,79,201,103,179,243,132,31,90,237,15,1739150175229,/dev/cu.usbmodem1413301
239,235,160,67,202,79,82,72,31,79,96,196,162,72,181,119,82,148,65,216,96,43,123,87,222,104,152,67,166,82,155,144,168,72,110,145,22,213,164,182,245,253,212,179,137,22,215,170,164,138,43,171,84,146,38,37,151,136,135,129,172,192,185,117,122,189,125,11,171,145,80,68,202,160,152,15,114,120,101,168,172,200,252,107,86,226,252,157,199,81,181,101,12,76,112,95,126,184,174,108,1,169,200,17,244,170,148,51,118,140,127,91,152,98,3,155,200,6,6,179,29,129,135,164,198,152,129,65,122,150,23,158,185,152,240,107,192,2,148,108,249,84,0,123,18,173,247,212,17,39,48,219,83,38,204,212,228,229,144,55,58,137,173,57,143,191,162,192,221,167,192,46,48,156,228,103,127,80,58,43,165,130,134,185,145,237,56,167,124,48,138,243,155,229,101,201,147,108,57,73,50,171,43,81,116,108,121,127,71,215,102,162,183,228,157,189,44,121,145,66,160,73,18,89,133,62,122,205,141,227,255,109,34,184,200,99,201,179,59,132,43,141,164,135,143,114,117,121,71,219,1739150175229,/dev/cu.usbmodem14124401
147,87,202,29,235,242,35,68,51,4,241,171,249,8,103,204,147,172,132,18,16,156,58,28,194,209,146,10,154,176,36,213,11,247,193,251,59,187,244,107,102,18,156,187,15,18,168,102,156,143,163,228,132,56,183,218,116,192,190,229,111,58,66,24,255,73,221,38,15,166,84,107,224,61,129,73,174,163,112,66,245,163,231,198,142,102,61,145,27,66,234,189,242,52,137,8,127,78,212,52,88,59,184,131,73,41,5,142,13,229,174,170,132,221,8,142,102,189,51,93,28,120,181,99,115,209,176,230,78,44,27,222,7,240,117,76,51,46,163,1,227,227,209,159,154,249,130,26,212,125,53,217,160,150,246,69,231,155,120,47,101,111,212,151,244,188,22,239,139,66,73,75,203,153,186,79,73,175,174,219,165,30,0,50,25,218,176,235,88,206,183,217,213,126,62,137,54,230,148,43,176,41,174,131,138,128,202,32,100,188,141,201,247,89,149,164,75,147,72,189,3,196,194,65,214,112,51,14,66,102,156,218,103,44,154,26,154,62,155,250,6,169,236,42,113,159,88,40,147,16,1739150175230,/dev/cu.usbmodem14124301
228,223,175,26,236,184,82,173,136,106,164,79,180,196,71,36,251,213,17,166,22,123,191,80,205,149,227,223,202,188,183,183,171,159,93,50,192,109,190,81,140,249,230,182,132,63,53,134,37,221,247,146,89,89,16,117,247,24,36,89,61,62,242,222,181,226,61,233,48,119,146,6,185,62,26,24,211,45,191,225,52,77,137,28,50,166,173,254,1,1,101,48,91,96,156,22,61,255,30,211,108,253,195,148,24,240,88,149,41,116,120,239,125,32,95,100,234,196,28,171,216,34,18,192,38,36,246,19,45,197,164,129,67,25,237,138,101,46,60,174,43,225,39,192,123,136,69,79,31,253,191,65,197,17,208,0,57,42,161,11,152,43,213,92,171,36,123,19,52,234,149,237,6,217,9,195,128,36,27,159,145,248,166,200,158,12,227,28,92,1,32,66,3,110,110,191,65,244,29,182,88,198,24,33,105,103,70,21,180,251,207,133,41,129,105,225,175,53,60,225,104,229,100,0,107,158,41,129,144,231,109,229,147,31,170,69,171,16,192,177,168,234,79,87,134,78,157,90,227,121,1739150175230,/dev/cu.usbmodem14124201
221,37,243,222,1,114,26,6,30,149,143,218,97,162,17,95,18,159,74,0,238,203,60,2,140,16,64,192,180,72,35,237,234,59,153,90,218,98,47,26,27,104,84,216,74,44,61,117,191,164,128,164,163,218,61,247,157,219,230,250,63,163,34,148,229,126,216,141,64,104,192,142,47,102,71,179,67,134,6,4,244,180,70,204,46,79,48,118,236,201,223,80,251,22,216,218,237,189,100,26,245,160,137,199,144,63,104,177,227,223,218,124,207,179,208,200,142,96,152,22,81,137,124,236,59,171,76,127,231,44,165,14,163,247,105,42,67,108,14,214,152,122,55,170,92,221,55,210,177,218,159,74,110,253,223,176,215,63,254,97,109,55,83,84,126,151,228,228,228,228,44,178,210,55,141,65,163,7,52,199,0,15,69,174,182,122,88,229,77,27,250,38,52,221,178,220,253,47,136,80,231,50,212,74,126,53,22,155,80,17,5,161,155,119,22,146,10,92,86,208,73,104,112,133,225,30,183,106,43,242,168,10,51,168,162,107,93,34,107,116,132,63,243,141,163,8,50,13,244,237,1739150175231,QBYTE | tax-related
199,215,178,194,216,246,115,87,195,160,136,184,231,113,52,143,22,14,40,45,88,191,114,125,242,101,0,2,220,70,21,164,225,199,196,10,56,136,34,12,206,126,72,143,255,85,58,163,83,101,201,34,223,92,239,84,141,247,247,3,104,45,132,4,94,217,225,163,222,215,243,125,208,145,170,204,122,130,105,134,13,7,192,58,85,239,61,42,79,48,200,106,208,113,84,190,150,188,99,149,200,44,117,236,208,71,133,168,52,63,109,90,46,167,44,152,244,62,98,15,94,5,206,173,77,7,202,37,207,233,137,192,41,95,155,233,54,229,106,118,129,24,44,25,204,42,9,136,240,253,156,57,175,147,165,42,244,168,250,192,235,18,139,30,123,164,3,13,213,10,90,44,138,47,114,173,211,144,141,98,28,93,32,125,241,204,128,121,196,146,85,46,149,141,140,65,118,19,35,218,100,4,195,48,115,52,100,134,77,1,79,25,188,15,33,67,0,68,195,62,254,149,42,238,42,80,167,215,170,84,244,117,61,249,52,11,187,142,11,158,12,250,242,199,132,227,215,150,189,57,1739150176292,/dev/cu.usbmodem1413101
134,38,214,112,42,144,213,195,40,88,109,190,186,173,191,147,184,34,66,241,36,230,48,46,63,168,255,136,76,157,44,83,118,139,15,250,250,244,140,7,138,72,125,99,120,223,125,188,158,198,7,180,7,245,153,180,187,58,252,96,87,33,250,70,91,204,20,95,91,221,186,200,141,59,124,47,166,202,156,1,239,48,78,82,201,67,49,204,151,210,87,11,102,109,70,6,135,16,162,86,240,14,203,233,247,72,176,219,21,81,33,214,219,176,231,173,25,33,190,232,243,230,45,50,105,68,79,88,119,216,54,151,108,16,210,180,111,194,5,150,90,106,161,36,74,151,133,8,170,196,171,53,184,181,92,255,144,68,252,48,106,24,137,55,79,170,67,37,35,168,80,40,18,40,151,164,33,165,233,44,187,163,42,187,150,97,245,139,146,165,89,219,100,87,78,65,49,237,157,213,34,206,255,173,140,205,210,47,55,169,48,11,182,238,45,191,199,20,176,254,11,248,146,98,128,55,233,213,152,146,242,164,47,136,83,149,86,60,205,102,217,28,26,222,43,183,147,158,116,27,1739150176293,/dev/cu.usbmodem1413401
70,207,226,244,98,96,208,69,3,184,198,151,230,170,29,69,50,219,3,214,64,146,16,180,179,165,151,60,86,250,91,61,209,4,149,81,22,255,75,54,235,120,221,98,92,133,105,216,77,156,176,81,218,178,101,36,72,116,85,101,180,136,120,161,247,194,83,206,254,117,183,95,80,32,189,183,223,18,238,24,165,202,199,68,115,53,103,44,186,130,100,120,69,94,221,229,221,112,139,84,150,22,140,186,13,160,151,170,112,7,123,27,154,192,109,28,10,57,94,106,54,222,204,114,59,123,209,84,31,26,156,215,43,104,41,79,148,62,175,8,44,22,36,112,58,172,139,215,96,231,213,210,224,229,56,57,113,29,37,30,216,87,255,174,107,238,64,82,63,29,254,178,106,159,248,226,26,90,65,215,73,149,168,135,208,246,106,108,208,174,109,182,58,34,91,67,39,32,47,186,99,185,241,46,168,90,65,134,138,183,245,211,128,35,206,81,75,229,177,176,29,216,209,29,96,163,145,243,237,90,116,222,125,44,237,38,159,70,138,15,77,220,80,75,4,26,146,4,159,220,1739150176293,/dev/cu.usbmodem1413201
44,16,57,166,17,16,6,17,38,47,160,163,175,193,75,232,254,180,72,8,31,135,11,194,88,233,192,17,121,237,185,194,230,197,183,46,145,56,52,188,179,216,186,171,247,63,240,74,210,16,203,41,11,226,121,175,45,4,56,176,207,85,38,43,18,248,192,185,185,92,175,247,148,66,133,71,55,78,246,67,167,246,82,106,164,168,234,29,85,3,254,108,203,168,95,36,13,188,41,38,128,240,92,202,208,187,38,245,228,80,175,26,215,87,20,122,55,174,68,193,248,65,106,172,110,222,213,57,49,145,112,141,141,5,18,192,115,43,141,107,14,35,232,3,65,87,255,120,34,3,220,33,194,19,207,31,68,106,64,250,221,144,41,74,228,11,199,81,249,93,96,207,157,11,85,49,47,236,114,176,41,125,236,216,70,108,104,253,103,186,91,169,187,93,148,222,198,2,154,123,106,74,155,223,38,244,16,127,185,58,198,50,155,129,94,41,37,80,87,150,57,37,208,62,58,26,1,100,148,196,172,6,198,29,3,8,231,230,244,219,196,91,223,69,111,22,96,163,205,186,1739150176294,/dev/cu.usbmodem14124101
59,110,200,15,83,12,201,15,168,191,65,178,54,250,0,205,255,145,243,19,42,209,76,178,36,83,228,158,239,112,127,119,84,170,254,20,7,156,143,46,214,228,189,103,220,214,21,88,207,135,247,221,39,93,1,26,46,193,87,155,184,84,89,94,32,163,237,204,29,54,161,208,45,27,154,25,106,124,42,255,6,112,184,67,21,202,119,211,96,153,168,109,18,16,208,133,20,0,191,116,149,225,48,161,70,204,149,113,141,177,220,251,129,116,244,148,43,141,217,191,108,154,255,184,108,60,67,224,216,111,1,159,190,195,119,253,157,236,110,57,104,212,205,16,32,120,8,102,54,224,60,231,28,153,135,13,8,15,32,245,210,59,95,61,48,148,66,179,247,159,149,24,238,41,126,36,233,188,187,174,8,154,218,76,127,18,109,36,126,248,195,250,223,101,137,63,194,10,243,128,171,185,151,113,15,5,73,68,205,94,119,165,157,169,12,19,125,127,238,104,68,54,225,114,242,210,212,232,139,214,91,255,140,233,229,61,17,197,121,245,132,227,142,34,142,29,29,45,76,34,1739150176294,/dev/cu.usbmodem1413301
228,97,109,220,211,164,205,192,152,129,12,88,209,96,54,163,94,86,13,93,214,27,233,24,8,205,81,141,59,44,182,39,112,44,106,206,4,237,12,134,164,195,214,182,222,84,113,230,132,110,128,28,202,108,138,129,34,16,134,34,59,138,151,150,164,97,40,172,156,124,200,35,4,243,234,245,104,43,174,152,125,59,254,56,220,71,229,216,110,87,24,106,69,78,233,125,123,229,11,118,109,113,29,249,60,204,26,95,138,188,9,73,41,226,176,55,200,128,180,18,98,130,48,163,142,204,75,6,206,99,125,6,126,41,139,99,47,255,10,185,123,53,94,176,50,18,125,171,137,133,69,79,243,135,95,106,44,142,4,213,98,182,176,126,17,150,250,148,173,168,34,40,192,156,8,213,29,201,17,54,159,163,11,147,209,72,243,200,61,0,11,199,109,31,52,161,232,181,78,162,106,38,176,5,151,171,85,39,38,179,216,170,157,171,57,219,239,130,54,185,161,255,44,212,156,7,35,18,134,99,99,103,176,51,160,206,115,186,50,125,126,221,223,196,116,121,247,27,150,207,1739150176295,/dev/cu.usbmodem14124401
169,95,226,82,93,54,180,118,155,220,147,170,95,134,13,1,112,52,134,160,7,73,46,114,10,53,194,171,56,104,23,188,23,124,241,62,190,99,78,191,255,186,136,206,226,75,250,160,53,97,93,94,212,125,103,172,154,10,226,202,124,60,13,49,216,173,241,62,89,44,121,24,250,193,249,104,112,205,123,86,207,212,42,114,190,161,33,184,254,118,209,113,206,247,158,198,220,194,174,157,106,156,243,197,44,214,80,236,200,242,7,40,168,248,195,194,85,82,30,97,173,39,99,139,78,241,161,120,169,180,138,41,251,66,74,160,57,130,197,237,108,162,54,159,59,86,43,70,181,77,104,144,20,182,71,32,107,242,170,176,196,15,8,248,215,18,126,81,182,198,159,137,158,178,84,81,164,150,210,128,219,173,155,135,157,209,190,159,56,189,170,88,240,182,252,50,33,228,125,133,101,157,193,36,169,211,41,248,204,166,43,0,33,26,37,210,104,153,232,74,130,188,172,63,73,185,20,123,100,99,255,116,185,171,113,25,11,93,54,158,42,17,90,216,118,176,22,142,168,116,1739150176295,/dev/cu.usbmodem14124301
242,112,30,226,203,66,122,152,95,202,108,15,25,159,121,208,130,3,136,164,97,210,153,85,107,234,249,79,67,61,193,41,70,146,84,125,96,233,235,237,230,40,60,20,204,18,214,68,15,71,53,49,101,136,9,210,178,246,135,124,250,122,211,154,32,134,237,211,207,129,184,240,168,159,50,189,1,113,225,140,60,125,244,204,234,51,76,97,16,185,223,149,93,218,219,86,161,11,76,88,162,237,20,78,27,76,211,64,142,146,66,117,96,51,124,108,192,209,174,12,137,62,6,89,94,203,21,212,46,132,226,5,62,49,38,133,224,27,93,129,216,158,85,238,14,152,41,91,17,12,248,86,114,26,249,115,23,105,27,233,253,52,52,145,93,190,42,170,177,103,246,137,180,67,107,235,151,196,163,134,188,72,225,203,175,100,175,29,171,197,70,95,179,152,84,7,223,10,213,229,13,134,155,250,20,207,141,159,34,180,83,147,230,149,159,235,114,25,185,229,205,205,6,228,138,35,9,58,121,238,238,105,181,149,118,43,169,189,24,185,4,94,80,253,67,86,81,179,223,37,1739150176296,/dev/cu.usbmodem14124201
175,14,230,131,151,202,186,225,58,71,49,125,181,52,159,14,49,179,209,72,185,29,75,168,107,192,38,80,16,197,196,205,213,229,216,22,152,64,247,123,119,35,141,46,0,235,150,215,35,224,170,64,85,61,143,142,119,144,210,185,65,73,48,171,156,198,191,6,213,196,249,6,226,126,85,42,71,255,243,97,104,233,131,131,214,46,126,5,215,98,187,150,252,153,236,17,211,76,53,118,30,37,164,166,183,142,136,174,244,84,8,98,216,221,73,94,166,6,27,140,73,125,239,136,131,44,61,90,7,134,71,184,230,187,226,105,213,184,177,111,94,154,177,159,218,226,143,255,3,249,215,145,188,98,104,199,9,129,246,109,13,123,7,231,16,69,43,247,109,116,74,73,107,215,1,145,0,164,140,183,55,202,229,10,109,216,248,13,49,163,30,208,129,241,24,54,114,141,30,140,230,189,43,198,84,229,95,84,76,218,155,111,214,206,19,117,33,152,28,152,123,40,222,210,93,145,52,46,91,96,247,140,153,164,203,113,85,141,221,131,136,16,60,212,11,218,27,164,54,248,1739150176296,QBYTE | non-thinking
154,241,182,90,27,107,57,197,43,244,183,160,49,245,15,144,88,62,18,51,152,184,89,180,207,202,111,33,33,131,221,118,81,27,146,12,21,42,95,202,80,58,106,123,121,150,119,224,147,49,151,121,186,209,217,248,121,45,6,79,239,220,173,110,136,194,203,70,124,51,252,220,25,101,183,42,103,35,42,38,140,160,42,36,63,212,191,63,240,139,44,94,175,109,49,43,22,5,227,105,55,43,36,137,231,121,192,129,118,197,71,185,66,253,74,132,61,110,120,111,227,101,137,209,39,185,194,106,57,231,232,20,156,90,170,176,21,190,111,179,111,195,1,118,106,129,235,172,63,205,74,111,72,96,136,233,119,172,14,67,103,130,236,182,194,118,241,238,227,140,54,148,43,7,139,40,181,79,183,101,204,41,187,237,61,222,137,218,104,12,231,153,244,145,202,121,42,24,219,194,80,14,93,255,235,134,182,38,22,204,138,93,174,192,219,51,12,213,192,27,163,67,120,239,84,236,250,244,31,139,208,35,29,113,17,143,249,241,51,190,219,7,222,143,16,195,131,31,70,163,1739150177564,/dev/cu.usbmodem1413101
29,41,35,144,63,103,167,17,143,79,60,161,178,93,34,161,189,135,100,235,1,154,4,134,20,123,160,189,19,31,43,248,221,137,62,117,62,89,251,253,150,51,117,110,220,44,68,187,233,55,245,60,42,34,42,143,217,186,203,135,139,216,192,204,125,245,163,39,119,86,249,42,122,85,146,185,13,42,65,21,117,46,199,148,247,26,18,62,126,137,212,194,163,6,158,125,204,25,15,135,91,195,244,238,44,113,38,158,207,53,147,25,218,251,110,189,61,100,146,121,18,185,58,206,78,231,0,155,231,3,182,41,196,147,196,18,215,2,189,52,60,93,2,188,172,137,18,24,29,9,221,13,105,84,23,151,211,185,36,23,229,41,55,16,100,14,49,249,196,114,10,62,173,40,88,1,90,216,78,112,241,163,178,87,185,135,26,23,169,186,233,176,25,188,116,129,103,19,3,120,144,84,212,246,215,54,174,184,114,58,235,155,177,98,210,47,75,246,252,11,182,210,184,218,71,156,15,217,44,229,55,49,84,206,169,207,241,24,94,196,74,178,178,91,238,90,96,253,60,109,1739150177564,/dev/cu.usbmodem1413401
168,164,218,174,163,182,88,228,46,152,90,207,118,17,112,178,102,174,162,27,3,143,203,131,135,11,44,236,251,23,248,161,8,163,201,172,8,236,166,136,249,119,200,185,68,26,31,91,191,100,175,86,98,2,48,220,109,8,6,76,164,210,207,93,170,203,94,162,146,185,140,100,67,213,153,219,244,128,12,216,62,226,36,13,252,73,113,209,7,135,226,54,81,190,127,159,170,71,230,254,190,80,9,187,193,158,113,65,242,98,71,110,159,220,77,65,20,237,120,15,156,201,154,171,198,238,68,244,183,60,124,43,255,101,107,40,46,6,98,228,97,59,98,32,8,54,58,211,218,68,202,104,254,100,77,64,126,132,158,185,158,5,222,155,73,81,12,233,224,32,227,58,18,215,92,6,142,66,127,134,169,171,23,188,251,190,191,113,241,223,49,233,51,12,138,6,129,105,12,187,199,62,10,238,80,117,233,42,101,161,194,29,121,64,76,49,111,125,240,201,200,125,217,236,156,158,96,213,206,243,94,28,250,124,238,170,43,197,255,201,64,78,238,76,196,113,120,119,71,120,1739150177565,/dev/cu.usbmodem1413201
254,67,161,66,123,181,203,55,222,30,8,18,124,208,115,202,233,0,121,66,150,190,221,198,25,73,183,99,207,252,92,145,24,174,60,63,142,75,158,82,30,221,94,91,215,221,40,237,23,207,61,216,63,141,176,0,243,239,213,50,56,134,237,144,199,205,249,184,232,11,176,48,47,119,75,122,234,193,78,74,21,229,78,223,193,9,43,247,170,127,95,227,57,244,220,255,16,129,171,237,79,125,62,229,43,165,136,195,148,166,157,145,214,48,242,80,78,189,52,94,224,135,98,114,234,44,202,13,211,137,197,187,102,40,185,195,197,247,213,10,13,48,129,229,223,212,250,203,123,189,203,76,59,181,105,30,41,15,86,109,246,8,35,226,197,3,55,101,185,141,58,221,137,71,139,153,38,121,147,191,208,50,228,9,253,162,178,169,19,73,184,56,75,160,13,140,30,197,157,7,118,106,57,33,98,160,86,23,143,64,9,108,1,250,195,129,22,173,195,210,250,251,126,195,66,67,101,130,92,75,42,134,95,150,46,238,197,205,179,223,153,245,238,38,231,160,120,3,132,173,1739150177565,/dev/cu.usbmodem14124101
48,202,98,213,215,32,130,30,186,66,11,201,151,97,44,148,240,36,127,198,221,111,139,37,37,81,201,173,178,208,58,89,210,37,118,107,90,53,36,131,171,125,36,16,92,158,240,254,127,1,180,223,179,53,191,129,245,99,86,110,10,41,218,111,193,58,61,49,141,114,152,73,42,224,20,20,73,192,165,12,195,103,96,94,139,33,67,170,72,94,200,80,154,227,45,188,146,100,66,230,87,187,173,10,95,242,137,120,208,196,174,86,57,218,215,129,84,220,220,23,228,234,26,158,226,133,145,44,127,34,64,203,132,210,244,36,125,190,247,254,1,161,222,50,126,20,68,55,236,125,210,95,239,115,147,173,144,216,214,186,217,211,151,190,64,163,193,119,45,178,68,63,170,211,52,62,54,150,108,233,135,221,49,225,157,247,20,85,186,14,87,142,43,192,46,80,89,1,123,171,121,76,177,143,4,175,235,173,53,126,6,27,31,207,161,35,170,248,96,102,149,113,100,189,158,248,22,27,206,175,82,133,14,252,54,95,91,93,131,196,123,188,43,83,4,142,56,237,212,245,1739150177566,/dev/cu.usbmodem1413301
3,26,238,86,241,110,24,198,139,92,177,98,70,220,116,159,103,96,27,238,150,33,81,61,12,238,161,46,157,196,77,12,192,3,135,29,130,36,83,105,21,33,93,31,121,54,195,163,135,209,1,135,140,197,106,230,176,32,199,108,164,30,44,28,121,131,86,82,16,34,247,218,77,115,230,200,58,224,122,22,148,137,113,58,4,209,26,86,232,81,189,40,172,83,101,3,35,142,130,84,231,137,87,174,219,216,219,125,131,222,149,46,241,202,130,72,212,103,195,251,183,191,167,40,29,126,43,209,232,223,182,241,206,175,196,187,215,84,70,77,208,6,14,109,64,111,225,127,144,150,220,52,130,46,149,20,229,238,121,97,27,132,209,109,156,216,170,63,241,192,185,202,206,92,251,56,20,81,195,109,51,200,151,47,188,50,224,136,161,50,196,159,229,209,124,55,178,140,132,50,143,155,16,78,46,102,86,102,125,125,46,232,68,79,62,40,207,142,0,254,74,8,174,10,211,102,82,4,128,199,10,244,109,14,202,89,114,201,241,172,146,192,188,70,152,148,72,224,226,243,1739150177566,/dev/cu.usbmodem14124401
135,91,35,191,85,181,228,51,10,178,43,42,36,13,220,253,202,219,218,36,118,158,105,77,205,137,42,209,133,251,61,88,180,85,59,185,39,38,27,25,227,73,227,66,117,62,127,94,77,34,189,60,234,204,194,69,46,143,140,89,199,61,167,128,166,3,86,68,68,17,140,50,57,49,126,186,81,99,136,58,214,120,179,37,128,134,107,167,61,87,204,238,205,25,164,155,195,211,228,126,224,165,161,47,239,178,80,26,70,192,59,83,54,38,141,174,67,127,192,51,80,60,48,119,88,71,190,250,24,100,173,116,222,241,156,204,139,24,208,129,95,50,109,249,49,189,222,229,61,176,79,57,207,148,38,162,28,8,38,93,177,127,2,12,151,238,135,24,77,161,111,113,86,49,87,78,247,72,175,147,132,19,56,62,136,27,102,100,170,80,3,205,123,127,84,90,55,238,115,82,119,243,116,160,216,171,223,25,38,109,128,57,41,131,180,226,111,83,33,146,87,157,151,219,15,209,122,77,191,6,252,109,117,110,177,3,129,179,116,70,60,59,169,125,22,169,54,253,43,96,1739150177567,/dev/cu.usbmodem14124301
235,247,92,189,28,159,139,101,30,105,167,236,145,203,69,23,197,139,164,72,36,50,180,113,58,130,102,67,166,121,132,227,72,100,158,104,249,64,199,27,86,76,72,138,78,156,192,140,244,222,15,186,143,236,100,10,13,110,61,93,35,98,170,75,213,247,195,21,164,35,52,244,169,109,47,147,171,157,200,57,215,61,167,201,15,126,40,110,48,203,50,82,233,37,43,66,195,102,185,23,252,151,81,149,112,6,34,12,23,245,120,153,19,135,227,38,219,35,225,105,197,128,224,118,167,59,49,9,44,90,42,69,84,165,91,200,187,93,7,252,179,250,163,201,181,224,129,51,135,189,179,241,120,168,81,76,53,222,97,121,29,252,21,75,86,106,10,218,26,74,53,35,216,66,185,112,43,193,75,251,45,133,66,240,158,23,112,4,28,104,123,228,206,138,206,76,236,29,25,14,72,10,218,255,187,13,86,250,183,84,219,54,30,234,62,254,9,3,62,153,240,8,80,210,18,205,133,50,200,53,225,76,1,23,56,200,17,139,42,53,65,70,242,190,182,0,3,49,221,126,1739150177567,/dev/cu.usbmodem14124201
142,67,29,167,147,107,248,137,113,248,239,177,237,18,239,168,242,3,183,197,21,241,76,83,155,71,112,2,10,225,156,80,114,136,13,77,171,163,55,5,42,250,91,48,40,119,136,98,147,129,247,21,151,172,0,131,88,210,62,176,178,56,180,215,83,124,49,73,12,181,238,247,248,93,84,199,253,150,182,184,132,34,130,234,245,134,237,18,142,105,206,141,118,173,203,80,209,133,60,38,49,197,237,39,58,173,63,142,221,27,118,237,60,91,160,105,66,189,152,241,75,123,38,113,69,27,121,6,25,146,150,166,1,173,75,210,179,226,3,167,2,250,254,96,171,204,195,50,69,219,100,229,62,132,202,119,175,126,10,127,132,114,119,75,55,213,29,17,245,202,66,234,247,67,37,142,185,226,94,192,89,144,38,15,181,140,124,168,142,36,108,192,238,101,241,3,226,217,220,195,184,32,181,88,71,10,147,139,87,45,217,75,11,241,147,187,61,213,112,152,95,251,106,164,157,47,75,26,152,141,214,216,251,222,13,201,95,77,13,119,220,15,160,104,225,251,166,87,121,3,1739150177568,QBYTE | jolla
41,183,165,213,208,21,1,15,43,252,94,103,24,148,216,26,227,81,135,187,4,16,156,23,150,162,12,133,183,104,64,99,103,198,215,123,28,31,255,106,83,183,61,89,185,226,180,151,201,35,216,223,208,139,190,79,115,211,180,226,157,73,184,45,3,40,48,150,110,12,176,206,128,101,247,87,111,242,135,187,195,118,46,36,84,218,0,35,153,111,148,1,149,157,54,134,73,111,226,226,38,52,118,29,157,233,10,87,253,131,222,192,63,138,29,186,123,117,42,156,230,220,235,41,156,254,255,203,174,103,40,223,126,26,245,48,106,117,130,209,114,67,123,224,173,142,156,158,203,31,103,158,3,205,250,132,1,104,161,166,191,249,133,143,248,10,170,167,181,86,118,100,181,70,248,11,226,39,200,222,52,121,14,118,131,163,80,12,174,174,202,150,159,92,77,7,246,179,104,60,150,60,17,154,205,30,176,89,188,101,131,167,54,48,16,189,5,164,156,163,228,60,29,144,233,162,164,138,166,161,84,30,0,42,203,130,170,15,63,141,31,70,249,114,204,200,10,5,235,219,1739150178630,/dev/cu.usbmodem1413101
72,226,117,50,63,156,24,229,94,126,207,164,27,246,92,161,80,191,60,150,180,45,226,230,89,69,45,142,168,77,223,100,67,57,22,231,13,63,129,242,148,202,215,58,96,81,34,188,156,224,176,243,211,217,232,109,122,125,36,32,235,57,88,107,27,20,153,102,100,86,165,207,70,217,155,208,210,46,140,173,16,78,161,90,85,216,188,213,87,69,61,246,131,126,42,77,226,35,52,174,21,160,132,247,83,230,95,192,219,207,153,181,141,235,97,41,223,68,180,244,223,114,83,93,251,67,218,48,173,194,198,110,141,249,20,84,218,113,252,236,3,151,9,121,62,162,89,191,38,34,32,85,216,246,190,215,41,247,173,48,57,21,99,109,93,214,13,157,226,83,206,78,98,99,196,113,159,3,142,100,209,162,120,160,142,143,131,65,149,206,84,167,203,185,243,234,52,26,7,33,56,188,195,249,225,179,71,185,188,31,131,195,46,183,58,178,179,154,49,169,57,143,13,220,199,18,51,44,177,146,61,210,17,131,57,11,67,60,103,95,42,219,58,161,74,9,234,161,212,214,1739150178630,/dev/cu.usbmodem1413401
5,134,86,249,55,253,159,172,41,78,129,124,31,108,228,119,192,137,183,176,104,226,144,218,249,246,144,138,53,108,124,145,176,221,220,159,178,52,201,230,197,18,177,197,254,72,70,237,129,91,67,156,148,58,168,96,201,75,154,58,105,47,35,233,123,162,149,239,208,31,243,239,158,62,17,215,60,209,47,241,201,128,251,41,242,88,110,54,130,40,104,173,113,132,248,64,68,217,11,173,31,36,69,227,69,191,141,128,11,231,80,35,106,158,210,0,227,49,110,86,81,231,231,216,87,119,170,42,225,202,20,6,32,185,180,7,120,151,184,241,179,55,71,178,16,86,51,67,42,52,97,61,72,165,73,170,40,106,66,93,142,144,171,41,212,77,104,180,183,200,164,132,191,99,139,83,138,76,29,124,161,47,144,131,204,166,218,6,164,239,117,84,146,250,22,171,245,32,56,154,0,196,23,36,110,15,158,250,96,156,177,16,67,244,227,88,126,17,214,210,132,191,4,215,62,87,75,32,248,25,105,28,170,185,176,7,201,154,217,207,98,208,45,144,49,210,88,200,65,113,1739150178631,/dev/cu.usbmodem1413201
154,170,58,43,162,186,186,74,114,43,96,71,42,153,193,194,219,109,56,139,63,82,91,79,207,87,103,71,142,249,153,169,151,142,178,211,55,96,225,139,198,253,70,139,51,124,59,184,105,181,101,162,12,174,70,225,234,181,12,12,155,20,107,237,214,192,75,70,23,143,177,208,111,206,70,208,253,245,242,174,106,131,223,249,188,97,57,209,171,121,19,49,102,99,79,112,83,25,80,97,245,251,232,73,178,57,242,248,118,96,117,179,241,95,122,162,24,188,99,236,168,158,170,68,59,102,233,59,106,158,76,150,183,89,160,9,26,236,65,169,116,151,184,145,140,103,246,134,138,127,231,32,131,230,107,3,169,100,225,103,58,29,133,11,55,20,183,54,230,201,140,248,118,160,1,1,39,212,120,5,166,215,77,158,192,180,31,177,57,244,99,20,132,153,218,106,130,237,71,63,13,6,90,199,23,175,48,159,139,59,211,63,200,10,86,44,177,214,95,11,142,224,171,193,173,12,70,171,107,131,4,137,108,241,203,225,72,241,42,192,4,30,128,223,189,222,110,15,218,54,1739150178631,/dev/cu.usbmodem14124101
89,172,5,191,19,56,240,12,250,254,145,133,202,101,34,93,54,160,213,124,89,45,145,227,71,7,220,92,241,220,235,18,10,219,206,0,183,128,231,158,114,26,210,99,98,192,160,41,0,172,143,103,111,202,222,54,21,150,94,79,11,181,187,241,158,144,68,215,110,2,203,208,249,25,191,143,200,193,191,210,240,180,81,240,230,148,179,217,104,230,127,208,151,188,238,19,189,101,206,102,76,3,144,77,13,43,56,242,1,129,198,151,189,232,3,15,75,236,61,23,225,140,178,132,97,121,175,219,110,33,38,117,162,79,100,175,203,88,47,111,104,113,189,47,39,238,170,37,72,108,211,95,182,188,37,222,207,187,51,28,105,150,82,45,185,129,140,96,207,120,124,15,142,243,144,80,211,114,114,245,101,249,86,24,33,240,207,37,53,45,86,150,44,153,206,104,98,13,157,2,75,64,30,161,43,48,243,137,77,218,207,152,3,176,132,143,145,32,154,96,233,82,94,20,152,240,175,96,132,59,45,157,53,18,140,67,87,126,151,230,218,192,182,59,79,217,128,61,214,44,1739150178632,/dev/cu.usbmodem1413301
0,125,155,253,56,80,190,101,3,167,118,23,26,127,180,168,239,100,220,227,83,112,115,219,159,8,178,213,225,161,167,126,124,174,228,244,110,128,111,21,46,87,251,81,111,182,43,196,45,22,45,16,145,213,135,217,218,105,6,138,241,59,213,232,10,26,239,187,172,232,200,44,151,5,49,65,12,198,244,187,148,74,16,219,247,185,165,5,141,125,53,250,19,235,60,49,194,58,101,48,169,240,200,189,243,245,53,225,80,146,2,58,50,136,110,85,190,66,240,208,172,23,152,98,213,122,5,216,0,142,41,35,97,104,196,155,74,23,217,146,10,213,108,173,158,173,29,154,192,236,29,206,138,224,144,167,238,24,246,222,160,48,140,81,209,169,233,92,119,4,172,218,87,199,200,246,224,93,76,204,221,62,37,20,52,147,114,198,89,24,78,146,6,245,88,34,158,217,139,52,204,166,242,238,11,155,183,229,187,49,254,161,139,53,107,53,209,202,13,27,82,121,247,117,37,21,160,123,145,61,68,53,142,160,141,4,241,50,37,231,4,135,59,119,88,48,221,166,243,96,1739150178632,/dev/cu.usbmodem14124401
82,169,0,98,124,37,203,170,171,164,143,141,116,231,96,185,124,160,195,27,250,45,2,44,47,146,84,84,252,53,74,218,44,198,25,77,95,129,176,44,192,194,69,65,88,103,197,58,165,80,141,93,87,45,82,206,95,26,59,45,174,120,227,115,231,31,228,30,62,228,19,29,22,177,136,21,156,211,92,75,186,7,91,115,56,112,134,176,200,81,191,236,170,244,94,50,37,231,86,2,199,121,206,160,184,213,68,221,249,23,197,195,152,188,98,194,56,239,82,178,56,133,188,89,89,6,55,121,106,59,243,168,27,72,155,56,50,23,250,146,66,24,21,69,215,130,93,240,201,94,23,144,232,157,239,45,254,6,156,76,226,88,37,201,139,168,250,124,177,83,47,90,41,181,146,70,151,174,176,38,6,60,209,31,9,146,130,192,214,19,136,154,125,150,210,3,24,240,130,199,247,193,76,194,58,203,47,10,34,116,54,51,58,136,155,72,26,251,159,125,170,167,85,123,28,249,139,213,146,24,191,24,116,178,54,208,93,127,162,208,131,78,0,18,171,34,103,253,68,153,1739150178632,/dev/cu.usbmodem14124301
203,89,34,50,33,51,200,91,42,156,231,72,148,214,230,208,34,69,196,117,152,150,228,148,9,92,72,75,184,210,91,50,93,139,42,7,205,48,65,207,104,8,134,212,232,170,238,106,232,86,156,253,197,13,101,96,28,76,225,44,104,21,8,155,16,55,242,123,192,48,91,237,18,101,203,106,167,49,188,38,219,227,99,62,228,6,179,125,58,51,75,166,22,47,170,189,250,20,1,31,132,12,91,203,69,115,6,163,80,171,242,179,199,106,198,70,182,146,248,45,146,207,43,249,28,203,189,9,35,129,244,27,126,117,158,210,156,187,168,151,219,216,208,85,113,46,161,245,247,209,151,225,30,204,88,138,195,237,137,132,119,204,61,237,174,194,95,20,244,50,191,136,129,54,105,157,207,147,230,209,160,181,40,171,121,122,202,143,22,195,63,43,215,217,0,212,208,74,74,108,28,134,15,93,114,202,186,81,226,39,174,82,124,200,151,90,41,173,131,37,228,132,112,204,122,80,153,173,163,207,229,253,42,68,70,51,144,213,125,59,217,223,59,234,104,120,40,129,9,36,1739150178633,/dev/cu.usbmodem14124201
62,88,0,39,12,176,113,148,86,134,255,175,6,188,177,146,47,43,58,231,143,107,177,228,7,135,164,80,240,42,39,187,4,148,182,110,223,197,47,157,48,21,247,138,169,60,75,195,221,145,253,197,247,249,214,226,166,249,132,48,184,168,45,179,214,252,202,80,241,244,28,50,93,132,246,49,131,29,125,77,117,33,210,200,130,96,200,0,240,130,108,11,57,136,141,86,28,32,113,203,127,205,146,219,58,241,101,130,163,100,145,56,249,22,29,239,36,111,244,138,39,6,72,174,250,98,70,153,175,228,190,196,194,25,80,180,253,156,35,157,77,16,153,40,16,242,75,94,251,121,143,54,218,117,100,36,181,217,127,166,110,83,14,152,11,199,184,236,251,25,208,81,111,81,21,85,187,174,75,13,252,109,33,115,100,181,227,86,10,158,39,196,194,165,54,177,129,10,206,37,207,227,48,80,61,167,136,178,221,101,203,19,93,188,124,211,10,69,175,240,34,228,51,140,102,167,135,78,160,120,55,20,50,165,248,203,3,190,198,55,215,133,216,40,222,126,196,132,204,187,1739150178633,QBYTE | rapunzel
152,247,224,127,20,18,202,125,34,218,216,123,146,187,89,195,159,112,228,170,184,110,228,93,127,245,98,107,225,209,219,64,93,130,27,128,157,207,168,235,236,255,147,216,15,254,131,53,62,151,150,193,119,108,115,14,123,32,106,148,83,140,143,220,146,117,108,214,10,108,46,243,202,226,158,71,79,154,151,30,221,166,14,103,151,129,27,222,74,109,56,178,80,84,227,230,220,116,15,229,136,221,63,198,33,155,14,47,123,238,164,86,98,103,22,128,190,128,252,50,33,228,67,46,14,107,154,238,117,189,46,242,36,56,180,175,244,36,116,135,155,226,8,91,231,203,170,172,186,2,71,141,105,169,165,142,100,231,199,214,158,158,58,207,13,213,219,237,178,66,79,132,69,95,202,37,137,111,71,77,162,210,216,149,80,27,81,17,149,241,95,171,25,223,26,97,186,70,72,193,76,49,174,88,225,94,157,242,97,234,61,32,71,216,252,22,97,242,86,91,55,233,255,86,14,223,163,148,5,175,245,170,176,195,95,197,191,203,141,72,206,74,84,65,74,100,224,9,170,254,1739150179691,/dev/cu.usbmodem1413101
30,214,228,131,74,87,237,230,155,43,115,94,5,170,149,41,91,158,67,95,184,108,103,44,156,51,131,106,249,158,195,134,222,157,101,185,164,59,124,137,94,174,97,48,188,20,16,101,100,187,227,209,9,39,71,83,22,246,9,153,232,238,215,15,32,149,251,207,20,185,22,227,240,74,105,113,90,60,131,197,3,105,43,65,100,118,1,159,20,114,238,254,14,140,124,41,233,58,216,178,38,95,70,190,255,176,104,215,129,80,120,102,57,130,29,14,191,23,111,29,129,148,34,4,169,249,186,9,203,104,5,44,182,89,58,21,51,132,91,188,255,238,143,68,121,37,228,120,10,53,87,62,139,102,60,94,245,53,149,218,44,38,154,186,64,91,32,152,2,101,123,107,194,252,62,247,254,121,31,128,0,124,106,243,54,157,62,185,199,241,243,60,176,3,50,194,171,143,93,111,201,206,41,153,101,19,67,65,82,73,252,156,62,29,55,250,197,39,111,104,107,138,188,142,12,84,200,102,79,40,127,221,28,78,102,222,36,234,1,219,168,118,17,118,48,198,16,34,231,249,1739150179691,/dev/cu.usbmodem1413401
207,153,179,50,245,230,220,126,134,155,12,45,203,225,249,181,194,14,123,119,193,86,252,145,34,230,234,36,144,123,146,242,222,41,3,249,147,225,101,129,205,105,110,168,50,123,163,184,245,37,140,67,138,211,209,188,211,243,240,51,218,216,14,36,117,108,58,239,131,151,1,173,250,159,0,202,92,224,93,109,241,129,142,79,131,78,57,144,52,137,50,23,247,220,80,92,220,106,187,98,103,245,252,81,216,68,90,178,31,229,60,110,110,182,35,96,175,151,140,149,185,38,39,202,245,158,18,19,59,232,12,45,242,220,240,243,47,106,110,242,17,191,248,5,166,203,125,184,65,189,77,181,2,87,72,7,12,198,132,79,146,230,224,194,85,7,52,130,90,147,14,202,176,187,150,226,56,87,141,39,5,155,51,66,45,180,151,228,173,46,202,127,221,63,106,243,199,233,30,138,60,67,46,156,73,29,74,254,112,249,162,97,177,200,248,144,185,237,152,174,216,196,85,63,97,182,91,71,208,168,161,179,115,100,34,1,239,25,231,219,26,251,45,97,81,56,137,34,171,86,1739150179691,/dev/cu.usbmodem1413201
233,20,151,42,245,32,174,227,185,75,69,247,13,35,232,195,34,219,133,222,124,189,177,227,66,192,174,246,175,219,97,165,176,28,86,66,76,76,205,240,211,140,48,29,109,165,25,56,239,54,241,210,41,227,198,229,206,174,131,138,173,50,41,253,98,246,64,45,208,108,117,144,190,50,25,181,193,177,171,66,93,124,81,18,120,238,99,203,110,161,196,144,1,73,42,181,103,211,188,185,128,228,55,55,27,224,242,166,31,212,55,160,33,237,27,60,137,113,38,87,23,154,189,25,131,215,109,244,242,250,195,191,180,55,196,248,55,183,50,41,112,55,113,109,217,184,118,248,17,142,242,124,6,204,2,193,39,172,70,226,112,97,67,255,27,248,128,125,217,84,162,30,5,15,179,107,208,197,76,82,198,70,39,190,94,104,217,41,75,181,41,67,71,144,217,0,37,207,60,5,224,233,210,111,146,35,42,154,32,169,138,193,162,146,148,29,237,157,165,162,55,73,130,199,244,213,242,191,169,226,213,3,74,23,212,232,126,106,192,101,5,60,61,11,6,141,133,7,217,37,1739150179692,/dev/cu.usbmodem14124101
228,107,141,124,29,159,103,208,34,171,124,149,97,37,223,38,247,33,162,162,222,202,238,166,204,28,102,194,244,85,206,233,217,76,75,88,95,17,71,164,43,81,106,177,157,82,117,97,40,8,2,45,155,96,48,197,111,43,103,83,29,53,75,210,167,34,131,40,81,178,128,139,144,171,59,31,50,161,196,246,54,252,236,73,60,39,232,134,53,58,241,2,28,170,164,223,253,97,38,66,99,91,241,240,131,190,226,109,174,134,121,185,203,120,157,64,0,181,204,35,23,125,93,140,249,188,68,196,27,11,48,177,206,179,17,120,54,149,78,128,126,240,64,52,152,253,3,89,140,136,36,24,247,167,79,194,56,51,74,159,45,62,240,93,69,205,91,119,43,132,135,232,64,152,12,175,144,0,189,40,235,131,49,48,87,46,232,211,145,144,187,225,8,216,176,185,108,82,85,112,203,153,51,126,240,234,76,2,232,6,253,37,156,167,162,29,202,159,158,146,92,64,95,142,244,252,104,63,92,162,168,213,165,215,11,214,5,160,217,169,219,235,228,247,5,216,6,73,139,70,1739150179692,/dev/cu.usbmodem1413301
239,133,78,89,249,112,64,170,140,0,154,28,182,189,9,54,134,120,11,92,214,23,159,53,143,27,115,94,68,135,83,131,51,164,137,135,134,23,69,50,60,205,49,81,7,15,206,41,200,45,52,250,142,113,129,107,21,3,193,109,2,175,186,220,186,240,111,4,151,213,103,10,239,28,41,37,143,31,234,99,13,34,105,116,171,196,188,66,120,86,240,138,71,89,132,117,27,243,154,225,106,129,171,6,40,212,43,153,93,68,29,158,187,155,157,75,201,183,40,37,46,208,190,208,253,202,186,171,177,69,245,208,68,120,64,162,78,107,219,152,165,56,51,238,50,30,79,230,82,206,78,250,188,93,68,205,132,94,242,88,220,75,39,29,140,67,225,177,71,146,240,101,178,250,88,211,185,4,82,33,11,202,1,186,218,178,231,34,146,105,113,60,110,179,191,148,87,188,203,94,30,63,28,128,207,194,236,33,175,51,206,170,17,227,84,155,149,39,89,94,59,227,94,9,113,173,112,106,232,29,101,128,136,179,44,1,137,65,41,84,113,106,145,86,28,131,28,194,150,98,1739150179693,/dev/cu.usbmodem14124401
68,152,0,86,217,91,133,248,27,5,16,114,41,116,161,36,210,50,73,178,136,160,250,172,175,139,92,78,50,158,137,54,198,67,90,149,10,92,223,4,1,138,1,142,152,54,15,107,121,246,133,239,215,140,161,108,239,160,94,190,114,129,171,113,9,182,192,90,201,253,79,136,99,27,170,230,199,64,208,91,131,227,160,0,18,141,53,242,245,145,72,211,251,21,20,19,124,69,250,82,62,120,234,134,175,66,95,122,180,157,58,61,204,167,254,199,117,255,199,200,225,100,194,126,83,148,90,110,166,180,8,141,0,15,238,39,22,97,245,35,236,45,197,194,211,165,18,106,101,84,19,137,210,40,249,129,29,88,45,215,4,95,55,221,153,70,13,178,199,119,193,71,50,124,34,50,66,33,137,3,99,85,247,2,34,218,215,78,244,155,99,120,101,245,141,174,251,190,136,144,186,238,68,163,113,28,156,28,151,45,214,54,1,242,115,148,243,180,255,24,138,156,245,90,69,190,69,74,208,168,0,157,255,44,218,97,16,70,14,86,14,22,51,147,122,51,59,54,9,217,1739150179693,/dev/cu.usbmodem14124301
130,141,236,99,64,170,185,253,78,158,198,230,49,237,236,116,135,250,201,241,51,87,234,37,12,46,140,178,219,191,218,43,91,175,86,172,210,116,13,252,28,223,249,23,139,93,92,42,213,122,136,204,87,250,218,191,101,232,122,152,161,23,246,255,0,206,199,129,149,24,15,153,249,248,31,131,153,74,84,28,236,235,174,237,59,68,203,50,50,181,147,213,145,22,33,50,209,205,124,39,34,141,178,242,70,104,134,26,40,200,186,158,55,209,89,251,173,200,138,79,84,222,54,39,167,168,51,40,149,172,169,165,172,181,226,252,226,157,154,232,134,115,242,120,175,165,49,5,192,19,226,209,96,213,33,28,145,6,213,70,135,240,49,56,52,64,199,238,208,212,119,181,49,169,232,33,191,191,4,227,241,118,69,109,51,144,210,200,144,159,26,80,168,98,205,146,157,145,113,252,167,58,228,116,68,83,15,5,68,13,190,55,87,99,142,238,73,5,34,195,30,127,45,238,232,104,67,78,92,168,88,224,218,53,192,234,224,43,248,166,153,138,219,127,10,42,129,72,34,217,1739150179693,/dev/cu.usbmodem14124201
109,87,15,244,35,157,78,121,125,17,210,226,158,210,70,220,0,170,112,225,14,195,175,25,99,66,96,179,126,28,37,230,154,46,229,100,231,119,172,125,166,125,15,36,101,2,193,217,12,150,51,117,72,28,233,121,128,235,146,172,0,132,211,138,177,208,6,44,215,172,235,189,155,81,73,22,107,67,72,38,38,228,113,171,182,125,234,30,142,127,250,69,153,189,240,173,197,237,234,90,92,188,176,156,95,207,222,120,149,24,51,122,159,43,148,229,54,68,144,108,130,219,236,252,33,145,200,41,238,145,128,5,242,251,231,176,83,127,137,51,180,18,74,23,55,126,42,68,155,5,52,192,31,83,0,132,138,139,208,247,34,229,210,237,103,249,63,16,72,85,89,68,195,160,79,52,75,30,251,81,19,25,36,127,137,140,43,18,211,102,252,94,152,143,212,65,174,46,80,99,145,39,244,27,85,20,141,237,247,230,178,146,177,74,172,157,21,172,30,40,64,174,77,19,191,111,220,91,11,114,107,239,157,131,242,174,118,222,173,32,68,230,200,16,68,85,92,251,9,80,1739150179694,QBYTE | asolo
240,74,101,124,172,34,112,222,61,245,183,6,17,187,244,152,32,255,186,58,196,170,45,200,24,145,253,219,140,100,250,24,111,63,112,106,95,99,68,172,42,244,147,195,115,219,149,23,152,53,36,243,116,80,40,89,141,167,113,222,48,24,33,227,137,236,72,114,112,125,72,78,10,182,94,100,21,43,108,100,253,42,255,250,113,73,76,244,153,154,55,247,49,11,228,76,182,29,69,74,120,52,109,139,27,62,84,58,22,150,61,15,134,248,173,152,183,42,54,69,140,163,172,133,254,56,236,40,34,66,211,255,70,108,208,131,44,0,194,163,27,244,189,55,154,241,5,76,126,89,220,165,246,153,198,210,159,252,174,91,39,91,194,64,167,166,102,149,238,114,110,186,188,158,198,247,155,130,230,200,81,80,55,153,21,120,194,255,5,13,132,80,49,183,113,216,96,187,125,222,88,11,231,36,217,211,46,154,120,179,200,64,85,250,84,163,66,215,35,216,30,101,67,21,170,141,167,20,123,87,236,180,31,127,240,63,14,17,26,128,68,160,35,120,88,151,249,167,175,191,1739150180751,/dev/cu.usbmodem1413101
80,195,80,160,149,181,5,39,205,82,19,142,178,255,155,247,110,143,81,80,131,195,223,194,12,12,195,182,9,110,40,90,149,112,92,251,234,163,146,221,139,143,66,142,120,40,63,8,45,158,29,140,241,129,45,9,148,192,23,96,115,48,207,236,143,217,122,210,143,233,138,33,189,35,150,91,100,242,248,209,211,136,102,243,192,94,239,193,221,81,76,104,177,3,188,154,4,232,178,94,246,81,168,183,100,248,29,159,42,172,199,69,205,1,199,125,103,92,185,80,116,135,7,31,162,124,59,96,17,239,188,51,185,253,240,176,2,52,21,202,133,141,60,6,91,177,212,78,20,121,68,51,74,112,139,78,76,54,16,100,143,195,236,206,60,164,114,16,147,118,131,38,221,81,244,103,178,41,179,122,119,67,24,187,229,252,244,107,72,173,1,167,7,87,93,26,205,20,193,150,22,93,101,202,15,29,190,239,63,49,89,245,55,231,28,233,247,50,252,184,66,244,124,77,231,79,215,91,2,232,93,87,80,170,126,38,42,139,181,47,104,34,9,51,156,141,31,189,213,57,1739150180751,/dev/cu.usbmodem1413401
163,1,198,182,134,116,127,103,35,224,60,162,125,27,223,106,155,35,8,201,164,58,7,242,131,127,28,118,62,251,43,77,54,131,123,202,216,52,134,133,138,90,188,26,22,54,53,160,153,146,60,146,210,91,32,3,249,241,105,146,104,122,222,71,44,115,221,199,136,111,111,192,90,77,5,16,245,38,254,45,79,38,205,61,100,123,162,204,151,208,137,8,247,72,28,193,81,134,61,244,2,212,62,58,84,104,201,69,125,214,214,243,54,77,33,20,93,103,159,31,64,107,143,119,85,206,82,170,227,240,84,170,82,13,235,228,190,87,156,67,218,75,123,92,138,112,12,63,68,1,81,235,186,117,99,245,116,51,26,197,232,70,109,40,20,107,17,58,52,138,112,91,178,176,212,30,219,113,110,24,243,117,252,122,212,87,254,182,86,219,244,94,153,151,8,192,183,243,78,128,25,242,58,182,183,180,152,93,161,203,173,153,146,228,85,28,255,69,62,69,211,109,104,35,3,179,69,201,69,108,27,5,108,133,103,192,90,64,125,216,198,224,112,40,99,141,140,170,164,117,1739150180752,/dev/cu.usbmodem1413201
25,212,232,98,53,208,7,64,165,130,164,124,128,138,33,246,75,137,72,69,34,41,76,8,97,63,73,16,1,85,68,38,129,96,126,253,189,245,2,103,22,6,179,191,10,6,65,87,138,105,25,123,136,111,226,143,53,226,134,141,156,255,255,71,139,139,66,11,53,50,108,12,198,40,126,49,20,144,190,215,213,255,202,15,177,155,147,54,47,91,248,219,115,164,73,228,122,175,159,19,66,98,75,29,139,232,254,251,10,67,29,86,137,86,36,240,164,74,86,212,228,26,93,92,124,76,138,81,72,124,194,6,239,75,12,2,161,134,174,242,94,91,71,177,211,166,175,18,85,59,228,242,100,164,185,29,29,34,96,97,23,211,223,14,247,198,15,27,46,204,138,22,149,160,189,108,156,9,142,235,198,50,67,80,247,128,18,103,215,109,145,159,35,41,212,131,69,24,171,96,77,192,204,115,242,120,36,204,28,172,114,205,39,145,203,95,59,121,232,172,86,178,238,113,40,190,139,53,4,158,152,164,159,99,42,203,60,122,245,113,164,82,244,103,116,228,83,205,196,170,1739150180752,/dev/cu.usbmodem14124101
232,120,9,203,191,132,225,59,240,156,220,226,215,138,155,175,119,185,140,63,157,133,225,202,8,192,89,56,181,18,194,14,139,239,186,214,156,111,51,109,82,10,103,206,192,110,159,151,223,131,227,242,178,195,57,248,88,163,222,152,214,217,243,60,233,129,95,3,18,11,141,7,143,160,111,162,243,2,203,53,176,125,212,186,85,48,164,81,101,198,43,24,75,136,39,84,28,115,238,246,188,174,9,133,216,125,3,48,150,166,7,82,120,226,193,48,39,2,190,52,50,41,2,27,250,242,36,233,90,198,27,200,123,126,193,219,38,196,77,45,224,28,68,216,112,1,94,54,222,193,62,240,202,153,179,169,96,183,135,14,37,122,185,224,113,155,206,245,152,193,228,119,213,34,255,161,27,180,98,73,144,125,218,140,50,176,86,98,175,105,42,185,33,74,44,191,47,19,206,198,243,176,16,156,83,57,30,19,201,41,55,146,109,120,173,135,188,183,87,119,122,94,103,5,185,1,136,74,8,38,133,109,50,141,121,152,122,110,167,162,12,143,221,153,92,104,166,96,65,208,1739150180753,/dev/cu.usbmodem1413301
71,77,213,85,142,240,163,126,98,70,141,4,87,210,214,95,52,197,216,70,233,177,98,28,123,46,132,163,14,135,14,101,15,24,218,91,239,42,211,65,38,2,228,251,178,26,93,114,237,11,42,212,144,129,204,36,188,170,34,253,119,150,177,5,107,159,83,124,160,246,85,233,166,159,162,48,199,119,37,110,17,58,3,38,190,36,117,251,247,175,13,205,17,239,93,179,116,194,14,90,227,205,26,216,65,81,220,136,23,65,28,22,0,145,215,117,237,72,160,97,68,171,243,7,60,56,64,101,255,236,120,27,240,109,132,152,221,228,155,90,77,84,241,135,134,118,91,41,232,118,140,141,33,126,230,236,103,214,230,165,103,243,192,60,225,63,159,192,35,200,56,9,154,123,77,224,84,35,12,123,175,192,190,83,170,168,129,52,125,212,35,170,118,80,248,143,176,5,15,22,105,253,101,61,72,20,121,10,189,94,191,255,77,194,193,0,170,61,191,83,170,3,9,228,87,130,130,233,203,106,146,59,219,23,243,26,38,173,82,44,56,247,34,207,41,237,27,71,209,59,1739150180753,/dev/cu.usbmodem14124401
146,41,109,165,57,159,187,165,126,215,223,225,53,73,130,151,175,71,87,164,44,74,193,231,247,35,210,92,254,53,95,92,90,10,225,20,173,202,128,82,17,141,25,144,192,52,225,29,79,7,248,39,160,55,240,124,157,49,154,78,78,91,75,196,251,58,46,145,225,193,247,0,167,65,36,73,146,240,177,128,228,188,13,51,61,191,108,34,151,242,217,97,248,9,146,96,207,93,55,244,114,48,235,214,56,58,5,91,234,44,238,178,5,186,236,38,190,157,44,210,244,243,221,96,80,20,119,106,123,186,66,52,104,121,201,193,67,46,69,236,59,9,172,124,78,37,243,148,159,44,87,167,74,168,64,136,197,31,187,146,158,96,46,119,247,196,172,53,181,114,53,110,164,99,235,70,118,52,122,164,4,229,46,18,88,212,67,173,72,220,175,190,98,86,218,129,13,107,221,10,251,104,44,6,82,174,245,34,16,169,122,139,120,6,250,79,190,131,37,184,253,168,78,161,17,73,3,208,201,64,34,30,243,100,232,63,146,80,185,126,117,91,161,64,104,17,188,63,189,49,1739150180753,/dev/cu.usbmodem14124301
244,113,101,222,222,197,252,93,172,231,19,131,170,191,161,156,142,193,10,41,29,176,234,204,90,51,66,210,183,203,130,72,117,121,69,11,115,150,236,1,221,179,161,157,46,188,190,36,245,172,4,33,142,147,68,56,6,9,23,170,79,76,229,28,212,58,103,166,74,216,16,217,250,241,34,247,61,135,123,68,222,104,11,0,182,191,143,56,176,7,235,63,29,202,68,23,58,140,252,51,174,21,20,188,101,120,75,34,18,241,173,178,63,196,28,197,111,211,220,0,0,103,183,160,191,230,200,250,170,3,185,205,78,138,112,75,135,190,248,74,87,100,155,16,80,251,95,232,222,168,185,177,116,100,230,25,9,207,70,176,143,228,198,198,125,66,81,111,178,128,90,6,139,173,101,108,228,130,5,74,135,213,1,181,124,32,201,81,76,122,180,163,44,149,75,232,51,192,61,87,135,174,63,239,124,197,10,43,200,82,194,17,218,128,107,152,153,43,104,160,126,188,7,89,189,76,5,68,245,91,63,186,42,108,145,26,216,150,162,232,173,67,20,224,147,37,194,225,251,125,1739150180754,/dev/cu.usbmodem14124201
211,49,207,237,92,29,8,99,54,47,161,210,65,123,255,8,252,32,162,18,132,180,17,13,40,35,38,30,72,207,172,86,230,40,237,52,125,24,222,236,133,17,229,208,139,63,67,52,46,115,41,182,211,3,134,68,170,69,248,32,23,245,35,238,12,211,232,36,91,45,254,148,95,127,120,50,11,109,240,208,47,232,79,148,4,227,160,127,73,220,30,199,187,64,161,99,4,188,126,152,77,149,92,44,100,40,239,218,50,149,105,171,182,239,137,167,50,95,168,89,222,67,226,109,92,254,212,175,236,178,97,74,239,55,59,28,14,85,142,9,219,76,63,239,112,63,219,76,12,41,113,228,183,19,100,160,113,106,88,18,4,0,13,197,98,141,166,203,219,185,164,199,38,72,103,137,179,242,164,157,175,217,219,112,111,191,135,239,26,13,242,56,149,135,181,216,254,249,120,37,252,239,18,99,166,68,180,244,86,105,126,22,85,84,43,89,64,251,172,181,138,7,158,19,36,73,178,132,199,26,56,176,140,161,48,181,84,165,201,30,162,80,228,242,93,194,250,132,204,254,1739150180754,QBYTE | remotest
54,130,3,83,175,0,248,254,68,218,135,175,255,217,144,197,224,111,110,128,145,230,220,105,59,51,16,250,32,189,207,80,117,42,175,75,58,242,12,60,162,233,188,116,193,25,155,131,52,41,224,94,27,246,104,89,13,114,90,92,138,108,216,103,25,169,159,104,246,180,130,159,252,62,43,237,196,27,173,5,5,206,33,98,133,4,254,229,132,123,50,156,200,189,44,160,120,9,67,31,47,239,214,219,197,27,14,206,24,130,57,132,49,140,76,122,48,197,131,41,121,125,42,249,164,242,225,220,4,54,232,165,236,189,117,120,171,131,63,111,60,141,63,161,141,94,111,183,200,89,241,66,141,209,98,219,77,165,230,185,6,57,105,41,163,135,113,165,17,113,205,71,237,73,176,190,77,237,233,235,47,112,248,7,10,254,209,95,17,103,59,103,93,98,241,97,6,228,228,132,26,42,193,112,122,172,232,247,184,193,195,57,174,6,254,130,164,30,78,46,109,221,206,242,20,215,64,232,172,115,92,105,48,136,221,243,14,210,171,229,103,48,96,137,128,218,78,102,180,20,1739150181813,/dev/cu.usbmodem1413101
78,219,142,214,139,167,208,171,141,178,185,253,89,152,17,114,70,28,109,166,10,157,239,21,6,70,74,106,127,60,199,208,203,100,100,119,37,240,139,177,101,11,99,251,139,33,121,81,247,116,31,234,76,127,246,219,91,194,190,132,2,70,16,62,90,84,219,217,7,79,21,29,245,190,36,200,145,243,210,61,116,2,208,176,86,113,168,238,84,112,161,134,31,0,246,91,187,195,202,31,34,74,88,120,91,201,119,216,113,70,207,210,119,236,29,109,200,76,180,9,132,208,44,170,149,227,171,211,114,236,15,143,42,217,197,12,133,168,61,81,241,12,210,145,40,182,244,86,135,117,68,103,76,119,231,185,249,241,88,3,6,173,226,174,113,183,214,48,224,1,240,175,201,151,196,11,61,163,167,240,198,46,133,65,56,36,91,6,55,24,99,138,85,162,206,13,125,117,42,150,31,3,22,245,69,153,235,243,193,183,168,98,105,91,177,129,106,98,74,100,56,206,16,137,34,133,214,101,225,198,51,197,130,193,112,57,194,67,7,128,248,68,208,226,156,56,72,110,214,63,1739150181814,/dev/cu.usbmodem1413401
60,164,123,206,202,73,4,119,132,96,61,131,60,90,65,13,65,128,222,162,251,50,119,186,45,200,55,54,97,252,76,185,109,194,60,103,9,22,74,151,84,234,207,147,31,0,140,210,3,147,160,72,132,17,170,167,229,33,180,166,42,118,56,244,76,113,151,112,52,85,255,16,24,33,207,32,119,159,40,47,223,17,119,246,211,172,87,79,234,183,243,207,146,147,4,173,93,195,14,44,239,94,12,195,216,42,18,83,166,142,202,144,104,67,101,92,74,163,235,75,15,251,214,143,131,131,172,149,171,148,207,33,130,30,125,136,19,116,110,27,25,177,82,189,148,122,19,189,104,193,152,8,72,215,248,188,187,35,118,150,36,200,0,58,148,240,160,125,12,113,216,247,189,90,147,131,180,13,217,68,134,89,192,246,50,49,56,151,40,36,37,70,213,194,89,229,77,144,45,219,216,28,86,197,243,239,242,106,245,204,70,243,220,129,229,104,231,12,69,252,78,190,105,130,76,233,136,61,111,141,76,41,87,131,126,236,141,27,154,150,176,114,120,151,152,93,166,125,85,175,1739150181814,/dev/cu.usbmodem1413201
196,54,30,42,252,128,16,178,73,6,28,119,70,237,96,186,155,207,202,226,251,194,8,106,234,123,60,97,100,87,142,111,186,24,94,93,207,255,246,63,134,162,162,255,217,204,162,17,98,45,80,40,216,203,47,210,64,80,185,1,208,254,183,226,134,106,70,83,103,167,76,34,62,42,0,121,163,165,179,187,141,9,216,211,254,201,3,146,169,214,125,93,165,31,97,26,142,29,104,97,92,57,233,242,161,216,94,130,162,135,144,0,32,145,14,187,97,255,194,33,171,33,112,159,201,187,117,26,241,169,132,168,156,10,66,29,76,97,123,105,70,73,37,76,199,107,41,194,142,103,91,66,135,52,7,62,59,19,114,149,207,161,155,219,144,168,27,163,238,253,218,64,54,211,23,172,233,171,126,136,69,230,159,221,11,229,233,134,251,187,136,94,115,113,86,129,211,232,174,109,29,109,65,18,65,18,41,155,224,184,18,40,20,237,102,95,36,2,8,125,168,217,120,136,52,145,233,76,79,10,207,21,153,226,190,230,46,159,214,52,176,87,211,188,252,141,138,14,79,76,1739150181814,/dev/cu.usbmodem14124101
227,155,25,208,105,89,206,221,72,238,181,43,153,242,88,164,255,164,125,49,162,253,18,163,173,1,110,179,95,1,253,114,249,1,107,142,231,153,12,118,153,37,91,43,192,122,137,11,163,198,79,98,166,143,239,207,198,255,147,29,98,171,51,9,111,97,169,93,168,193,7,164,175,249,46,228,248,194,200,198,149,196,130,218,21,169,165,52,23,96,227,135,81,199,125,114,45,59,11,197,0,68,245,216,110,173,28,86,228,220,234,66,135,205,156,31,85,31,157,39,162,250,252,9,107,214,37,228,123,162,105,54,224,207,200,232,110,228,35,237,172,151,42,227,75,40,254,80,183,155,204,162,213,239,157,149,160,186,163,146,118,61,240,212,223,5,129,150,215,131,138,104,248,244,96,92,53,231,14,135,225,184,250,191,144,123,74,195,122,69,5,81,220,238,181,246,74,185,157,23,98,201,1,118,219,227,13,137,46,5,220,191,123,160,156,152,248,99,32,33,50,193,187,181,208,112,150,63,131,108,245,120,244,37,45,157,72,131,226,186,7,244,144,254,2,195,240,214,28,76,1739150181815,/dev/cu.usbmodem1413301
201,70,156,174,238,132,29,78,172,62,43,52,88,228,122,36,86,20,166,140,203,183,91,181,47,196,152,66,108,122,230,178,88,61,115,103,39,117,12,31,158,150,181,72,134,236,174,211,80,148,71,16,82,241,194,152,232,11,22,11,196,232,143,103,18,192,199,63,131,134,165,170,170,74,28,102,114,113,73,106,147,28,149,194,175,219,132,164,15,142,117,111,229,6,127,115,89,223,245,81,102,202,26,14,111,199,26,231,123,39,151,181,205,98,122,238,137,26,109,155,185,100,33,137,197,124,45,234,208,97,239,104,191,97,215,73,179,209,191,54,197,245,12,253,29,62,15,221,124,15,203,179,223,218,129,249,99,59,24,177,66,53,33,234,107,187,129,216,92,83,145,126,255,75,60,134,95,252,20,177,76,173,25,96,161,240,6,123,144,219,100,143,55,204,8,168,238,244,23,180,187,229,183,187,132,10,113,19,243,209,30,206,217,88,53,241,198,111,180,71,150,93,127,34,172,204,32,38,6,244,153,159,115,63,107,203,32,30,23,95,24,168,202,152,74,121,93,180,125,18,1739150181815,/dev/cu.usbmodem14124401
235,101,7,207,116,169,72,110,240,237,77,218,56,230,68,78,226,59,106,238,220,138,87,54,56,0,153,195,47,154,232,222,177,24,194,42,161,138,29,204,105,7,231,142,243,53,197,201,3,150,138,78,20,186,147,33,245,75,123,182,132,171,126,76,255,149,137,122,151,246,47,195,117,124,122,67,198,13,1,109,54,9,230,222,59,176,247,62,31,245,182,234,56,192,33,86,199,234,100,195,202,148,109,198,112,10,94,146,204,244,204,6,234,148,57,133,104,152,190,91,220,19,36,88,62,247,231,147,191,161,229,50,46,158,214,201,232,213,112,34,54,18,99,47,83,124,95,5,146,248,206,119,96,220,18,45,187,101,122,184,158,6,248,240,222,119,83,104,254,40,170,250,51,59,244,6,234,134,113,160,210,102,180,222,66,154,134,253,90,68,252,9,124,37,13,155,117,207,27,173,46,82,212,162,193,128,34,209,76,139,25,19,87,167,164,200,115,45,20,26,142,144,99,118,239,181,167,175,106,105,15,48,244,144,92,62,253,94,175,53,93,236,223,131,153,75,122,43,208,233,1739150181816,/dev/cu.usbmodem14124301
100,124,89,117,183,159,186,228,143,198,56,153,48,133,84,210,211,139,226,26,108,111,119,101,56,31,213,213,12,207,138,27,220,27,76,56,182,54,246,204,113,62,241,71,183,27,231,148,17,242,167,221,185,226,209,217,7,189,241,117,67,254,130,167,251,51,198,7,10,97,16,65,73,57,40,191,120,232,164,253,78,52,3,163,87,240,84,167,74,78,82,96,141,33,14,251,33,65,226,154,10,145,149,16,180,62,211,211,252,230,100,133,54,185,89,236,39,171,59,46,84,164,191,44,48,79,179,42,33,43,208,212,85,111,161,67,201,58,213,76,82,42,150,31,197,246,166,190,64,2,29,80,8,30,81,233,164,52,202,205,180,161,161,148,248,173,217,18,53,48,238,137,34,86,225,16,20,49,164,216,223,161,184,96,116,139,18,30,226,111,153,74,216,128,63,248,3,96,165,161,44,229,33,46,181,136,59,90,210,36,38,40,126,57,1,229,159,62,134,20,74,150,49,72,133,110,217,202,47,29,53,218,123,149,69,12,157,197,25,162,76,158,110,75,24,95,102,215,80,15,1739150181816,/dev/cu.usbmodem14124201
37,15,51,165,86,133,29,137,159,245,244,250,21,131,146,28,228,60,68,47,66,36,37,233,120,28,235,32,74,4,179,83,165,171,63,253,14,187,208,76,10,32,74,73,142,76,201,148,67,213,42,53,82,117,116,88,47,195,230,170,19,180,7,202,240,225,180,141,20,217,185,60,22,125,160,2,181,132,192,144,93,49,172,146,40,34,128,223,222,63,111,234,225,17,146,224,130,91,151,128,24,73,124,146,34,126,190,55,194,36,121,178,152,48,188,104,64,227,107,131,202,94,230,183,219,59,207,55,25,174,31,27,252,47,231,202,141,228,46,249,159,35,73,239,54,101,169,168,176,228,162,89,108,178,37,72,232,180,177,239,245,82,152,60,68,12,150,127,83,52,96,58,185,133,185,86,185,68,38,153,138,51,205,12,12,148,131,19,167,85,241,104,225,244,191,53,55,11,121,11,27,195,131,19,166,41,189,228,47,121,194,202,132,87,192,112,223,109,79,163,211,238,89,216,88,77,63,128,173,222,186,157,116,55,50,164,103,19,163,181,145,127,240,238,177,156,155,229,153,112,1739150181817,QBYTE | djimon
31,80,49,5,216,231,171,78,125,51,76,226,221,35,80,206,173,2,247,218,230,52,9,177,13,169,178,244,160,154,40,44,131,73,33,253,118,190,112,28,89,195,203,202,251,42,9,103,126,141,245,119,19,21,244,253,75,9,12,107,103,157,118,114,58,4,70,122,247,110,176,124,42,146,25,79,166,30,172,177,52,89,167,163,69,206,139,135,148,34,75,114,60,234,34,9,242,144,161,148,92,17,215,171,30,70,36,3,154,193,118,220,32,231,207,76,50,178,19,210,36,215,138,149,33,38,227,94,71,221,17,203,112,30,158,211,236,54,250,202,74,14,62,132,99,146,24,179,8,103,49,15,24,97,192,170,81,59,175,213,7,78,98,237,135,79,170,72,161,60,100,217,185,88,149,97,185,52,6,45,161,51,19,139,94,69,58,6,238,73,133,160,1,112,92,54,227,231,171,237,250,228,225,30,207,182,135,188,153,112,99,125,2,106,99,247,108,155,129,60,5,171,36,120,185,197,218,228,133,230,219,182,26,173,37,154,78,140,106,83,10,188,40,81,246,41,124,167,19,250,1739150182873,/dev/cu.usbmodem1413101
64,146,56,151,246,201,41,164,194,126,216,225,247,190,38,141,202,43,116,190,108,95,81,144,51,118,41,130,117,220,153,232,20,211,235,139,96,94,60,243,78,255,148,220,169,78,209,222,123,67,102,194,4,235,194,184,204,30,94,214,42,153,24,129,33,41,105,132,132,6,26,79,35,100,180,16,239,178,170,96,23,153,159,41,211,235,153,48,47,143,207,51,150,194,155,126,220,66,231,21,162,87,43,128,31,218,143,71,54,133,194,218,240,177,225,204,122,155,30,106,247,250,54,157,230,58,59,87,46,115,83,116,75,170,242,12,58,236,3,151,112,142,85,75,96,47,251,202,80,26,12,225,126,197,39,137,40,158,150,86,132,179,97,210,238,211,198,29,78,142,117,222,171,194,36,195,124,206,199,23,245,141,233,114,29,80,14,222,213,162,224,239,0,193,9,152,171,234,47,181,99,5,176,96,218,64,118,110,191,127,130,59,160,228,3,72,204,30,143,125,223,162,176,149,221,245,161,118,29,51,217,204,115,3,224,53,149,177,162,35,114,35,147,238,223,118,104,99,89,73,1739150182873,/dev/cu.usbmodem1413401
200,255,143,135,250,53,171,117,112,17,71,61,234,136,241,33,61,48,56,82,39,96,1,95,81,253,99,232,96,218,122,134,148,49,212,23,119,186,155,85,241,246,238,175,0,61,211,24,252,144,246,4,115,178,29,240,26,137,97,146,139,245,10,164,188,110,160,42,85,42,24,139,210,177,34,9,193,169,159,114,111,235,138,190,101,44,19,176,22,93,245,195,85,246,217,150,146,101,43,193,120,19,119,31,105,121,108,65,177,167,85,39,176,117,69,151,19,177,14,74,227,149,217,224,151,62,152,13,85,17,194,72,143,38,52,146,85,171,82,238,86,25,52,108,227,225,251,204,77,55,66,90,211,60,210,92,51,32,94,136,243,145,55,59,127,82,227,21,101,38,240,202,237,174,106,166,145,78,72,163,92,13,26,81,219,239,156,96,95,89,154,197,5,26,175,225,97,159,26,14,215,12,47,6,179,90,26,129,219,26,0,181,97,30,71,130,188,129,66,208,245,47,191,77,148,234,167,223,44,19,104,203,183,138,219,83,46,207,58,96,93,131,124,60,6,203,243,54,127,169,1739150182874,/dev/cu.usbmodem1413201
157,244,5,232,20,200,25,13,68,230,129,111,206,114,43,117,98,144,199,109,60,10,142,222,80,85,46,132,246,187,67,84,180,159,175,143,122,139,199,118,240,86,150,13,210,166,55,226,29,199,151,108,103,53,102,126,170,158,43,114,67,15,245,128,89,97,235,102,2,97,138,121,63,46,185,0,219,87,230,58,65,51,102,132,145,169,165,79,147,140,8,117,17,29,189,251,145,4,13,222,83,246,135,124,76,34,93,163,106,213,193,239,28,44,177,154,56,208,12,57,254,75,93,95,149,21,132,50,36,207,11,127,157,169,21,151,42,175,229,197,45,102,141,64,2,56,55,160,90,134,236,24,158,48,25,102,207,243,70,12,83,246,66,35,63,211,84,85,23,160,218,84,232,149,98,129,16,229,42,58,193,47,206,248,87,253,231,52,13,136,113,1,215,116,111,251,181,171,6,160,247,46,48,96,149,87,139,210,79,167,135,171,7,209,52,142,215,231,224,210,200,116,202,252,224,24,58,196,196,37,169,50,92,199,77,49,206,124,136,175,10,135,177,175,147,67,177,239,20,170,1739150182874,/dev/cu.usbmodem14124101
23,177,76,50,45,21,115,104,251,92,60,89,212,179,93,149,167,113,119,49,140,54,28,188,13,16,134,132,251,237,235,177,183,121,61,169,68,89,42,143,132,75,248,128,109,129,114,137,87,216,85,30,208,240,142,231,54,23,26,51,196,95,219,5,251,0,199,234,196,71,239,172,194,154,217,228,134,163,10,243,50,47,178,219,253,170,2,57,198,114,160,124,206,124,70,186,199,188,7,180,14,213,180,51,128,1,155,46,99,110,110,217,172,156,141,175,59,128,227,35,203,118,136,151,112,235,158,144,23,176,223,243,93,218,230,100,50,100,27,48,120,182,230,93,252,216,224,231,1,3,39,170,128,20,111,167,154,66,79,94,12,194,76,88,37,17,233,8,132,129,221,153,184,235,139,6,243,30,231,170,181,136,90,90,69,227,200,130,31,205,157,114,222,72,125,117,129,244,8,119,180,111,84,118,59,171,51,165,38,101,106,154,196,21,81,152,244,48,178,46,226,4,75,250,165,31,144,227,159,16,86,87,248,36,62,160,211,191,183,41,158,130,33,25,230,182,119,176,199,127,1739150182875,/dev/cu.usbmodem1413301
149,105,15,236,131,250,77,239,171,78,126,177,210,103,206,194,55,161,109,215,20,74,16,89,50,160,156,4,177,107,173,45,7,92,229,236,20,58,27,90,102,95,12,188,171,239,157,59,106,217,153,125,112,139,180,239,127,198,90,108,156,207,12,32,133,122,117,121,135,158,157,167,134,16,40,203,184,157,139,107,32,144,48,114,153,237,193,255,152,72,6,165,253,38,189,204,113,168,99,50,244,102,149,150,169,145,139,31,125,70,224,181,64,96,151,69,54,184,171,77,19,187,23,57,32,42,118,231,143,52,151,154,132,79,232,128,5,111,109,10,130,189,131,9,74,200,81,193,241,97,6,44,185,226,101,142,55,0,65,190,162,96,39,59,58,232,129,84,197,47,56,207,231,123,51,32,239,184,21,208,244,108,54,116,19,114,104,124,147,140,16,83,173,169,174,34,61,125,205,164,254,226,0,207,130,3,125,152,168,82,153,75,130,85,145,175,183,157,44,213,155,128,129,7,57,152,144,124,176,138,196,146,217,197,84,239,142,152,63,96,121,46,253,81,46,3,252,23,218,68,1739150182875,/dev/cu.usbmodem14124401
205,157,81,126,223,119,131,230,144,12,212,70,106,242,5,243,92,70,116,166,142,42,86,81,153,224,84,172,148,234,205,102,71,183,249,138,253,113,139,253,73,113,157,246,113,230,153,201,111,25,165,87,129,16,158,248,148,164,64,74,172,133,205,182,172,159,202,83,15,16,109,140,142,143,102,154,145,179,68,175,161,120,144,89,171,124,208,187,194,123,149,140,49,45,117,76,155,17,254,158,215,84,26,138,51,116,70,144,175,25,111,239,65,37,83,108,175,6,152,164,10,172,135,150,244,157,212,202,240,249,81,134,83,85,18,180,15,250,62,5,184,52,34,103,76,235,165,206,9,147,166,107,150,133,98,245,98,161,216,195,120,227,185,168,195,7,182,136,166,96,244,81,34,142,68,196,130,38,62,165,219,35,18,120,196,24,224,49,233,48,218,72,2,120,177,227,244,73,14,54,162,160,74,201,130,19,73,28,131,112,203,254,118,6,108,169,240,184,55,72,46,129,254,78,156,145,109,226,27,57,84,178,11,26,160,80,7,214,231,100,229,189,127,123,224,142,82,39,146,52,1739150182875,/dev/cu.usbmodem14124301
31,5,56,152,26,124,13,174,37,244,202,254,214,189,63,167,146,37,194,6,164,187,78,42,175,201,214,103,215,67,165,80,107,194,108,240,32,65,27,198,50,24,9,92,111,37,232,128,145,229,67,51,19,83,239,6,181,126,7,92,117,84,96,63,69,9,152,184,80,141,176,99,61,52,17,30,224,26,125,31,129,100,62,210,13,66,233,181,93,177,11,81,12,183,152,180,223,102,240,224,214,148,174,213,240,25,30,160,89,112,20,248,48,86,158,19,102,191,81,204,16,77,115,220,65,67,196,118,11,78,105,249,103,131,172,19,240,110,117,145,208,129,20,91,237,244,145,16,26,176,111,167,27,47,232,136,245,69,192,232,170,206,128,78,52,53,120,156,70,241,28,208,205,115,88,196,30,153,227,198,242,151,29,30,75,104,100,183,51,82,58,133,200,126,174,183,192,214,108,190,90,55,88,20,217,232,180,132,171,253,118,67,178,255,68,158,93,52,140,198,217,210,191,144,27,219,31,59,238,89,58,237,237,88,233,102,154,90,213,9,214,174,171,108,185,82,147,47,45,119,1739150182876,/dev/cu.usbmodem14124201
90,137,169,197,171,55,128,93,110,80,14,1,180,252,5,20,102,58,208,29,35,236,195,62,54,238,78,81,74,8,166,188,43,100,252,209,150,130,177,34,143,225,71,34,88,82,162,184,39,100,216,218,49,65,6,61,95,11,31,20,4,191,235,123,105,206,132,202,56,103,151,37,19,88,176,253,28,197,199,177,63,187,248,146,160,217,94,128,255,140,65,243,224,3,203,148,223,208,10,102,46,208,153,178,206,58,210,167,159,119,213,181,225,128,13,24,167,201,142,205,12,223,83,83,32,40,60,253,123,67,251,158,196,120,253,153,97,65,115,216,211,65,129,139,245,107,170,237,172,141,123,230,159,244,172,77,191,208,55,204,95,21,36,162,193,214,125,93,60,11,54,78,167,204,29,163,196,72,140,186,161,204,77,24,22,230,107,244,63,25,227,103,106,56,89,183,20,47,63,173,11,217,8,124,209,168,211,36,20,8,40,52,70,248,251,179,37,194,137,54,105,133,106,127,11,15,148,207,170,25,63,25,69,64,112,180,251,37,192,155,251,36,126,115,45,190,28,178,131,200,1739150182876,QBYTE | strainers
39,70,214,150,196,89,108,166,51,28,70,203,211,137,68,35,174,30,94,249,57,38,61,98,247,111,7,170,33,53,10,5,157,81,11,128,191,12,226,91,202,99,246,163,43,51,92,42,36,186,4,42,25,44,13,130,180,25,176,252,109,163,107,160,251,242,87,184,94,149,209,199,61,130,8,78,99,32,132,159,173,65,32,156,190,0,7,241,47,189,193,34,249,222,20,26,154,99,74,135,204,89,98,230,98,121,178,59,211,158,122,159,11,173,82,203,221,141,128,184,87,193,19,210,4,9,223,233,79,160,147,86,142,207,236,174,153,216,207,240,18,185,145,65,77,234,220,248,85,102,109,228,239,90,33,124,253,135,249,252,26,120,228,203,24,128,253,252,175,50,116,14,186,181,165,104,66,166,37,95,7,35,15,93,254,111,74,92,223,102,27,116,81,226,53,76,28,140,61,157,56,157,119,74,8,31,65,142,36,0,13,211,93,34,71,44,181,184,131,49,128,163,33,183,170,11,50,16,21,7,150,112,52,234,83,150,126,183,242,182,136,26,61,81,146,172,226,154,53,166,1739150183932,/dev/cu.usbmodem1413101
219,231,149,211,45,205,190,106,169,158,145,161,81,153,38,89,157,201,110,92,140,140,140,252,192,137,150,83,4,16,117,54,238,109,221,104,65,101,12,176,184,29,70,219,222,202,100,86,134,54,47,3,255,184,95,118,28,236,220,44,15,130,90,50,212,76,38,196,123,202,152,205,128,193,78,160,65,214,168,203,116,52,105,249,59,70,224,183,134,82,179,17,246,243,63,103,238,145,90,124,142,187,233,191,180,100,61,19,198,38,205,203,179,10,93,239,80,207,217,40,95,47,22,238,113,141,105,133,224,56,175,76,6,68,119,43,70,141,188,100,109,36,179,175,246,45,61,248,98,112,57,172,246,84,54,3,255,134,18,129,249,93,64,226,175,138,162,184,133,26,252,51,159,181,109,154,134,78,85,212,165,1,30,199,84,229,56,83,125,35,60,160,128,211,137,91,173,86,231,38,132,96,119,80,212,166,92,90,119,209,229,243,160,4,196,255,71,205,92,230,182,245,75,114,143,17,247,57,146,14,178,185,39,180,99,121,55,213,92,133,255,18,246,15,26,65,157,86,217,73,1739150183933,/dev/cu.usbmodem1413401
205,248,81,157,154,164,153,208,203,170,233,95,49,28,14,78,19,89,188,174,179,106,25,58,252,155,37,86,85,96,117,73,201,167,228,95,188,56,206,225,122,143,107,130,203,34,11,127,20,63,169,137,61,127,1,40,130,175,80,66,229,62,178,211,228,254,189,28,75,34,159,161,195,123,83,213,242,9,183,61,3,145,229,234,20,173,9,205,147,243,172,57,91,147,227,97,229,127,129,241,240,89,139,0,106,92,206,7,93,231,99,61,174,173,228,119,94,26,96,245,140,96,48,241,205,113,200,35,91,174,49,139,73,55,107,22,205,69,0,99,27,26,90,230,232,217,209,103,116,130,206,107,180,38,139,246,247,168,46,122,2,48,240,244,139,233,33,151,232,92,57,72,131,166,21,80,150,199,17,197,157,227,136,231,187,225,234,150,224,236,114,248,226,101,148,234,9,142,10,167,86,215,126,230,127,250,190,110,166,140,107,9,148,99,175,141,70,156,207,124,64,129,26,177,190,252,122,0,54,87,217,122,93,249,63,215,36,231,223,212,215,77,208,198,206,68,41,185,158,229,1739150183933,/dev/cu.usbmodem1413201
211,65,184,15,33,162,158,27,87,204,38,254,231,178,126,198,139,7,226,102,221,61,211,25,95,188,26,24,166,208,197,17,125,141,125,65,179,149,70,7,182,129,66,62,47,125,217,144,182,222,44,81,212,30,40,247,241,143,64,141,7,111,198,5,101,133,44,75,16,125,206,31,254,99,156,150,109,108,57,150,13,143,153,236,6,136,106,203,171,179,243,209,181,132,32,71,25,178,77,4,39,147,133,45,246,167,66,90,208,35,7,47,142,83,205,83,184,31,245,209,196,165,59,56,199,122,143,187,128,72,49,115,233,80,118,74,234,226,13,252,246,45,53,192,23,62,255,146,212,187,187,236,148,61,217,168,171,247,73,205,199,106,199,230,104,21,233,185,24,186,97,127,99,122,200,100,46,24,212,109,129,220,94,68,167,42,170,38,191,176,46,192,28,216,81,67,97,145,147,168,84,185,95,171,219,145,77,24,231,84,143,193,21,60,108,235,23,222,53,211,202,149,126,157,37,238,156,32,240,113,96,216,111,236,114,224,247,182,190,166,52,131,8,64,165,213,206,3,47,231,1739150183934,/dev/cu.usbmodem14124101
94,141,161,139,185,136,206,156,241,84,41,93,127,4,124,78,196,214,228,18,198,192,132,50,20,253,247,14,203,33,26,43,138,139,181,107,132,36,165,173,116,205,188,168,193,161,130,208,32,85,40,82,187,172,42,141,159,221,178,154,141,171,32,20,56,61,126,100,151,183,43,153,164,178,168,30,224,104,88,218,25,211,20,251,216,160,222,60,86,105,234,35,5,246,157,17,188,235,235,192,250,204,147,116,28,171,77,165,26,212,51,154,60,71,100,7,178,197,42,139,114,154,60,1,131,6,194,48,254,209,65,255,112,166,184,155,43,55,50,20,23,81,65,126,95,55,108,22,176,163,240,16,52,220,22,132,33,189,163,196,186,111,224,123,16,55,116,220,91,172,168,57,246,40,197,98,250,138,212,244,216,196,200,21,70,12,47,38,244,63,201,117,207,150,174,167,187,243,61,122,100,118,111,217,119,126,122,169,191,88,3,58,205,196,47,126,230,131,20,63,176,161,58,20,119,156,195,106,164,120,55,243,249,101,136,226,105,61,73,112,90,29,250,126,207,206,200,23,241,14,1739150183934,/dev/cu.usbmodem1413301
57,24,31,35,29,247,149,97,73,107,51,239,205,58,160,10,96,188,65,25,106,8,63,39,74,78,15,198,198,30,11,165,70,105,3,142,67,41,40,245,37,17,119,107,98,237,227,219,110,34,56,76,92,240,214,1,247,120,94,101,68,192,124,104,72,171,19,135,62,241,3,53,172,90,244,29,107,252,212,170,31,220,204,186,104,84,222,139,234,62,200,63,207,50,104,29,142,29,207,239,45,40,194,98,251,72,154,38,29,83,208,9,242,5,75,110,231,70,37,125,182,74,9,132,180,172,238,238,206,174,217,164,42,122,201,215,28,124,65,163,13,0,227,164,210,148,179,83,137,162,252,6,170,177,170,208,186,71,103,101,138,24,104,127,200,194,144,38,4,6,182,17,137,100,163,190,172,118,37,20,73,56,252,221,80,104,249,109,187,132,133,23,139,142,227,76,178,158,66,140,61,158,180,18,221,89,201,33,80,239,6,204,9,102,182,27,239,154,109,18,130,235,156,203,172,4,158,71,51,22,74,227,60,3,243,157,85,13,4,38,246,226,160,237,77,185,188,117,82,0,1739150183934,/dev/cu.usbmodem14124401
96,175,233,19,164,78,20,251,242,214,40,244,43,206,186,82,72,154,136,99,74,23,146,114,51,190,129,1,163,14,42,16,251,235,27,144,19,7,123,216,58,70,164,223,96,253,135,134,9,66,66,161,184,192,62,100,63,242,158,215,56,166,69,64,33,163,224,110,166,211,12,13,252,61,174,173,107,195,169,8,233,173,50,224,213,52,54,174,226,157,124,89,20,15,119,90,134,30,64,87,60,38,2,42,54,45,244,106,244,73,183,50,140,46,169,32,141,174,44,141,41,156,211,66,69,255,215,175,68,74,236,14,114,22,248,91,222,159,12,159,34,118,11,62,193,171,49,59,232,255,231,87,90,33,131,110,193,55,69,52,230,78,165,60,209,24,2,191,180,50,24,48,193,254,252,24,184,92,158,231,166,254,215,150,169,211,113,232,214,221,118,154,211,174,189,133,1,168,23,135,175,77,113,192,126,138,85,118,239,71,158,230,25,236,205,246,82,219,191,251,195,180,15,248,122,91,106,33,188,210,123,203,172,15,199,243,50,111,37,42,41,155,186,23,85,70,139,244,3,234,1739150183935,/dev/cu.usbmodem14124301
149,86,102,234,105,201,218,202,230,164,154,244,193,3,107,34,109,102,97,165,16,13,29,254,104,227,102,55,59,221,157,107,107,198,248,233,95,45,213,62,107,130,23,226,106,65,247,107,177,117,49,234,82,9,179,106,22,188,94,151,189,61,247,122,65,240,68,58,10,138,120,131,128,116,38,178,90,67,3,127,110,215,183,95,13,189,30,62,202,174,2,100,45,162,195,71,151,181,255,118,48,26,178,250,148,144,171,45,28,103,111,94,250,107,112,123,132,169,13,100,31,71,231,182,85,179,88,60,8,249,67,116,238,47,41,35,209,158,42,138,224,166,15,218,246,205,151,18,71,231,223,21,13,241,191,218,175,167,11,48,18,52,107,171,148,127,100,227,204,246,108,127,155,249,78,201,255,131,15,28,70,206,158,10,128,192,226,158,128,25,214,28,128,204,45,20,47,115,129,80,18,192,87,245,6,98,109,99,249,115,218,137,100,186,10,219,104,248,142,64,170,21,44,215,196,245,206,71,35,61,198,191,207,21,73,235,61,157,172,146,195,190,163,123,184,251,66,74,141,70,1739150183935,/dev/cu.usbmodem14124201
112,116,155,134,59,106,64,203,170,169,176,121,12,77,31,198,42,31,34,160,45,47,79,36,145,47,177,73,67,121,105,158,155,217,26,106,122,227,69,179,190,104,225,58,184,86,251,117,246,45,205,164,2,96,10,169,154,62,80,160,204,128,171,2,190,0,41,156,123,31,68,150,244,250,93,177,7,135,132,248,86,30,104,157,255,30,172,103,5,203,113,250,18,83,169,74,171,98,71,0,78,240,100,178,15,184,139,177,119,213,232,185,32,94,208,50,55,195,226,171,178,32,15,132,88,105,82,185,8,178,11,195,238,9,38,237,192,184,43,169,74,43,235,246,254,229,182,153,1,54,21,155,240,168,197,193,171,52,6,111,226,114,213,168,201,100,21,204,253,160,186,109,224,151,193,203,109,20,213,56,207,209,186,109,137,54,119,130,228,102,151,8,56,246,164,196,254,115,170,149,90,246,220,169,170,29,101,63,235,138,77,113,197,141,30,253,144,13,109,238,231,169,139,25,219,62,218,66,73,174,93,15,135,55,136,191,169,241,11,175,210,28,80,39,140,182,37,170,112,79,1739150183936,QBYTE | thuja
185,16,187,111,25,163,154,124,35,237,147,26,251,140,219,96,88,20,177,246,183,255,149,137,100,239,166,163,81,149,0,237,134,214,94,187,76,55,110,104,236,106,83,239,212,105,230,202,223,151,207,198,23,221,18,91,65,227,90,209,145,10,255,174,64,194,200,78,192,128,218,246,90,63,38,247,0,48,131,156,178,41,228,202,192,32,145,236,222,81,84,94,12,148,5,139,205,141,197,152,203,135,151,248,114,60,108,84,84,240,194,255,215,147,170,41,85,236,249,87,230,237,31,135,150,131,26,192,126,198,208,22,113,242,37,47,74,11,110,104,59,61,254,81,232,175,26,108,39,138,255,90,215,65,177,175,240,53,48,213,78,215,123,144,146,203,26,214,73,162,70,176,229,23,254,61,131,241,33,0,245,184,8,243,181,211,56,132,175,92,120,84,217,52,226,220,189,126,61,135,252,155,105,47,3,168,57,80,12,244,141,141,237,94,253,126,24,167,29,194,22,22,237,10,204,188,199,224,99,67,168,114,63,183,198,189,53,122,236,192,148,175,213,77,182,188,10,201,39,12,1739150185224,/dev/cu.usbmodem1413101
171,1,166,90,0,241,61,7,171,75,191,21,95,222,215,124,153,201,58,251,231,60,250,207,146,70,102,6,49,237,3,16,142,104,51,163,188,160,237,9,203,68,167,96,100,221,46,28,220,146,236,175,127,8,11,245,51,149,144,13,226,112,35,224,117,39,93,252,245,158,33,241,94,55,5,213,152,17,239,159,100,234,107,160,246,227,193,130,44,239,68,208,247,4,115,21,34,124,15,145,20,50,146,36,60,232,246,173,145,75,211,54,194,179,209,48,217,194,163,42,129,32,237,171,67,32,178,63,219,217,14,148,48,73,78,205,49,113,96,104,42,124,165,218,190,145,31,222,12,159,218,217,141,11,29,24,162,3,233,67,5,122,244,218,153,134,134,12,57,209,205,206,194,69,100,70,224,0,240,206,237,119,215,151,108,251,204,144,32,4,102,85,73,40,194,85,171,141,22,1,204,241,242,236,163,173,139,141,190,127,251,228,224,160,5,44,137,172,14,206,240,131,98,222,115,39,172,127,190,142,145,233,178,200,142,242,198,174,70,132,168,240,112,215,71,2,215,202,76,170,1739150185225,/dev/cu.usbmodem1413401
32,230,58,180,52,215,74,75,71,67,240,53,222,156,23,95,180,209,96,210,185,80,116,96,133,189,245,29,176,60,182,94,3,139,115,233,167,191,6,210,31,235,20,93,112,24,62,35,198,236,183,16,133,249,175,77,1,30,108,66,128,138,30,139,144,128,101,134,10,85,15,82,112,188,39,247,208,80,88,245,207,233,26,173,177,16,38,96,70,102,20,246,255,182,251,79,175,25,86,151,144,145,72,108,142,14,239,14,166,93,35,240,98,169,2,193,240,136,204,50,29,47,190,77,62,200,127,79,188,219,6,139,216,50,29,231,113,87,203,221,217,118,81,53,46,73,204,145,224,149,23,7,180,168,130,229,65,129,211,119,186,127,2,134,81,146,56,13,11,57,245,40,215,77,24,120,25,19,194,160,199,22,144,137,41,145,62,23,13,229,19,225,31,91,57,239,229,109,247,81,85,173,112,84,91,31,126,57,39,16,234,63,33,220,36,98,100,123,22,7,197,160,186,212,27,22,20,174,181,100,67,162,247,112,19,249,141,177,250,85,12,174,204,146,130,83,186,105,163,238,1739150185225,/dev/cu.usbmodem1413201
195,51,44,124,136,78,121,212,237,87,15,154,204,159,137,113,23,7,218,16,118,119,134,70,242,158,14,43,112,79,146,219,238,159,134,105,54,68,254,10,101,56,191,79,97,225,168,213,197,126,68,107,1,132,154,28,214,226,93,61,70,110,165,163,216,182,121,59,11,208,64,30,99,176,201,226,42,115,127,192,209,75,138,247,91,81,5,27,77,48,66,92,204,153,166,21,76,84,152,9,12,140,185,241,82,91,36,252,45,192,0,130,172,190,227,53,119,64,62,134,230,53,200,61,115,102,59,248,242,104,115,250,91,61,120,23,233,250,128,250,174,230,120,92,162,64,41,71,12,175,231,246,149,82,28,132,53,159,174,221,28,191,234,1,51,207,193,121,202,15,252,147,24,29,28,190,65,96,134,200,187,62,204,7,78,104,82,54,238,67,60,169,117,133,198,148,221,88,214,173,230,214,86,191,8,150,129,103,154,243,193,54,211,34,92,242,57,82,85,240,65,236,19,219,254,149,36,101,101,66,125,103,231,194,147,75,185,227,106,218,208,138,112,128,81,181,86,14,122,137,1739150185226,/dev/cu.usbmodem14124101
51,90,185,238,15,108,233,40,218,230,182,36,158,178,159,175,0,213,17,137,6,197,241,34,78,148,136,232,32,78,2,77,16,245,73,73,186,92,220,125,20,240,29,40,217,77,224,61,55,27,13,138,162,132,125,206,85,227,49,67,9,82,17,238,198,1,141,118,197,191,247,139,178,1,98,95,185,94,103,30,116,243,67,135,129,60,186,175,77,143,10,88,141,225,112,9,155,110,228,156,15,96,106,235,135,6,127,99,4,90,146,55,157,154,168,200,13,233,133,84,32,219,152,69,246,79,76,185,240,189,2,102,149,102,57,104,144,198,252,208,71,135,192,160,123,245,4,64,84,178,242,184,203,21,70,75,39,161,98,123,208,180,85,171,143,6,16,228,178,156,1,0,132,178,77,34,253,72,118,136,61,216,19,169,119,217,36,89,5,18,247,161,63,133,114,165,207,187,179,64,147,67,44,29,184,196,67,186,215,123,214,17,92,11,247,21,91,230,230,93,30,51,139,199,181,211,3,206,251,186,242,25,171,153,181,160,255,184,17,67,220,25,37,174,209,85,90,117,165,19,1739150185226,/dev/cu.usbmodem1413301
131,128,102,121,23,125,61,63,250,147,193,163,2,80,155,97,199,67,140,72,126,227,209,236,119,75,37,150,150,199,143,110,227,66,245,114,46,135,39,176,135,232,7,244,15,77,83,60,229,153,106,185,55,233,69,225,59,66,233,195,181,22,219,153,41,210,113,127,155,139,202,11,206,85,255,85,20,27,74,19,41,144,124,236,211,174,42,118,85,72,70,229,36,144,50,108,80,168,104,54,232,210,157,11,36,147,126,253,34,107,94,40,64,181,33,232,141,111,223,1,194,28,37,220,12,225,212,26,145,27,154,61,65,77,121,59,16,197,211,201,125,13,159,253,187,168,100,19,28,26,59,122,22,138,64,41,231,232,109,43,31,55,132,155,108,80,4,62,213,133,211,157,253,192,29,210,199,217,195,21,200,136,60,141,100,79,51,1,46,41,105,218,158,55,55,127,183,92,183,75,153,205,123,1,244,146,19,65,169,66,208,118,102,210,50,105,0,188,6,170,63,128,191,173,63,245,219,44,96,240,79,128,174,58,208,100,253,103,197,97,75,212,106,213,184,232,132,131,239,90,1739150185227,/dev/cu.usbmodem14124401
107,62,143,220,192,254,64,139,168,196,215,25,47,66,79,212,150,56,47,238,11,140,19,236,41,69,73,102,70,7,18,186,87,159,95,89,55,77,60,253,156,92,235,132,2,190,54,159,137,25,202,57,238,172,43,56,152,164,164,38,201,27,41,51,163,141,2,200,156,10,113,64,245,80,189,191,41,224,0,193,231,17,243,22,59,189,5,78,78,166,224,78,246,128,149,203,0,89,144,177,190,50,38,236,116,141,17,129,85,222,174,30,193,154,165,220,106,161,27,22,28,71,128,5,98,118,156,49,111,74,176,110,80,158,46,241,106,238,245,98,118,130,252,97,173,123,166,249,41,31,159,63,235,143,24,33,101,60,211,244,43,208,62,74,86,227,245,172,119,61,40,97,188,100,11,223,248,145,220,189,37,129,169,107,85,124,1,228,61,72,164,239,244,0,209,252,32,23,187,175,37,107,210,118,28,199,21,146,161,193,154,77,216,110,194,168,140,160,65,115,113,204,155,58,63,54,139,202,66,155,210,120,255,122,145,180,195,0,255,78,33,92,31,218,142,42,231,29,108,219,1739150185227,/dev/cu.usbmodem14124301
17,95,250,25,69,166,78,181,100,195,185,221,114,147,161,11,48,107,66,145,35,226,112,218,158,171,105,142,132,180,199,228,1,171,197,101,47,96,192,77,75,59,31,148,221,244,12,88,129,253,240,126,13,246,30,2,94,101,54,135,79,207,248,135,53,38,146,144,66,176,222,230,207,197,139,133,35,15,235,100,162,77,222,131,9,221,176,217,74,12,240,23,134,126,223,176,49,151,50,153,250,192,193,72,247,92,144,6,87,215,129,89,242,212,204,116,66,139,14,153,237,82,72,11,155,147,31,210,31,213,100,236,191,55,214,145,240,173,250,90,224,196,70,20,14,159,200,188,40,245,14,133,166,149,57,25,54,120,215,148,37,91,185,86,159,57,52,196,163,77,115,250,247,207,228,1,51,4,239,16,192,34,111,73,157,92,116,52,32,194,130,117,154,124,5,80,121,237,140,199,139,41,112,75,74,105,109,71,27,236,202,250,28,145,143,8,14,110,107,229,16,218,254,73,217,72,182,111,5,195,125,230,22,188,33,128,252,143,22,233,218,15,144,167,68,143,190,84,113,218,1739150185228,/dev/cu.usbmodem14124201
59,127,161,175,56,130,78,205,206,192,202,227,119,98,120,35,3,206,193,113,207,172,222,152,15,187,182,5,212,49,127,5,64,41,190,159,237,154,124,196,25,130,177,81,168,7,215,230,218,241,141,102,154,159,33,234,13,234,177,130,143,14,124,165,4,171,229,94,180,21,38,109,81,197,102,7,197,168,141,158,208,94,13,206,188,112,86,91,229,133,26,192,17,48,35,218,246,180,42,21,224,232,228,5,178,197,209,18,106,30,209,227,53,86,122,101,163,74,231,19,143,5,241,203,155,70,247,8,250,149,231,42,249,54,182,33,249,151,101,6,202,29,151,202,185,142,238,114,142,109,141,10,235,53,21,140,181,37,175,12,44,101,49,225,67,156,176,28,2,44,11,195,218,219,33,147,202,134,19,150,116,20,106,236,101,103,250,189,90,79,137,168,53,12,78,132,15,219,57,25,39,221,72,9,233,116,101,173,203,124,11,176,1,38,8,30,21,182,154,154,34,124,119,194,54,64,190,19,209,249,21,89,113,168,29,13,250,214,7,78,140,229,217,142,129,64,182,219,229,137,1739150185228,QBYTE | sojourners
211,106,0,126,198,33,129,85,10,86,51,198,60,81,78,204,177,30,137,217,230,157,248,96,204,206,35,241,92,227,162,189,58,201,39,62,105,129,96,128,37,121,223,124,255,144,32,64,38,100,55,213,190,88,251,102,166,129,244,31,86,226,202,39,109,97,69,221,238,190,214,37,236,197,232,123,52,148,128,143,219,106,134,21,243,207,187,79,57,171,71,234,37,45,214,45,127,255,75,49,209,113,216,89,27,237,151,197,158,142,227,93,43,219,170,196,18,57,247,59,175,203,138,56,137,117,109,47,98,81,157,60,219,210,14,84,211,39,135,206,156,9,39,143,60,18,0,98,138,161,31,203,242,63,232,31,6,42,79,16,36,38,186,217,91,33,164,243,66,16,174,123,75,19,169,51,149,159,218,151,88,254,165,26,101,69,213,148,172,69,3,222,224,178,128,22,103,31,25,85,251,137,118,121,251,72,222,208,98,252,67,228,183,241,151,77,36,254,27,114,96,145,83,203,60,70,114,183,72,180,76,69,93,211,186,137,45,107,50,201,183,93,51,138,79,13,165,62,116,85,1739150186287,/dev/cu.usbmodem1413101
119,136,171,29,36,134,220,2,224,107,66,198,230,51,46,93,89,151,192,116,27,112,37,239,1,246,85,84,74,109,229,231,174,236,13,239,32,74,132,82,219,74,34,231,198,130,10,165,57,27,114,90,64,169,61,250,44,165,105,108,57,72,71,164,218,168,212,7,28,245,243,190,146,207,154,204,43,70,244,142,96,233,78,52,205,27,11,84,6,18,75,80,147,12,244,227,129,215,158,27,23,92,97,141,100,67,55,29,76,233,223,73,41,92,229,170,54,232,116,157,229,6,79,89,10,9,134,131,230,51,45,120,97,101,204,155,10,72,38,14,112,237,34,96,101,25,23,142,125,216,89,213,37,196,198,84,79,145,60,212,104,152,78,70,37,44,254,188,51,7,205,201,60,234,213,243,76,153,188,153,218,27,2,63,218,44,51,203,171,89,14,182,65,226,142,135,227,155,70,51,168,213,115,50,83,99,111,100,137,46,169,112,172,122,213,136,96,152,180,149,191,141,213,38,4,186,212,186,31,3,171,66,187,108,126,52,187,194,72,40,71,56,164,181,193,6,36,95,21,211,1739150186288,/dev/cu.usbmodem1413401
21,89,87,254,228,232,142,33,52,17,44,102,209,130,151,55,251,198,106,181,107,97,71,16,152,240,230,220,86,210,224,154,180,15,72,100,62,72,255,236,192,23,39,150,208,210,247,94,241,119,77,93,215,148,98,135,81,20,118,193,52,26,79,102,179,77,54,99,183,56,219,23,200,137,77,167,106,214,48,63,128,220,242,255,158,32,117,229,115,208,153,42,84,64,108,58,34,154,143,76,102,35,0,109,218,222,178,23,237,246,49,127,59,77,140,62,98,183,53,210,225,90,73,73,210,79,54,212,65,126,217,108,217,219,48,133,94,255,112,170,224,124,154,16,249,0,235,218,151,154,131,225,206,156,192,189,248,194,5,122,89,37,170,95,41,70,0,100,108,254,111,224,130,166,102,109,33,21,5,70,76,158,31,199,141,181,97,51,42,58,255,82,180,145,56,249,243,145,229,51,97,238,148,69,16,33,29,222,114,139,149,6,200,232,59,221,37,253,76,118,3,12,15,83,217,226,137,72,170,19,102,59,121,213,209,5,227,201,79,225,135,116,187,152,112,228,57,122,58,133,1739150186288,/dev/cu.usbmodem1413201
215,182,170,255,29,255,100,4,241,178,248,201,80,46,46,220,51,100,78,172,32,252,168,196,244,95,39,29,47,214,145,198,169,150,148,249,107,135,183,75,214,4,173,38,33,243,81,35,67,32,133,8,110,31,250,19,193,10,12,28,50,156,216,245,210,132,180,241,165,20,203,128,160,119,56,248,176,58,179,56,105,209,14,83,193,52,193,19,134,177,153,85,61,238,78,79,129,169,151,50,212,69,231,78,190,226,221,96,58,106,130,222,54,152,3,65,114,155,178,253,100,216,49,57,252,163,140,232,218,161,31,213,122,214,237,202,134,129,93,74,122,21,120,143,102,61,154,51,221,41,163,168,58,220,66,55,129,18,19,65,43,70,2,53,203,185,49,17,71,64,108,10,238,78,94,172,226,143,105,28,121,25,103,83,38,21,196,131,36,138,13,224,155,227,139,77,73,187,172,192,46,146,101,17,189,38,208,127,233,198,228,179,37,178,250,4,156,123,255,237,233,239,196,215,255,179,61,55,142,227,85,116,78,245,71,59,192,164,1,6,170,126,60,179,82,246,113,220,133,159,1739150186289,/dev/cu.usbmodem14124101
53,119,128,22,78,138,63,41,228,174,51,67,129,202,233,89,190,194,198,92,189,0,39,27,119,182,151,93,2,51,212,62,237,13,247,23,58,209,174,155,18,221,167,151,173,41,63,224,185,215,159,75,69,74,11,82,123,147,133,120,214,28,51,239,9,9,90,114,172,221,197,207,106,79,208,194,161,184,184,158,129,188,219,16,31,69,208,81,112,190,149,219,42,203,114,25,97,223,69,172,208,176,42,115,116,169,64,82,201,173,92,130,41,63,211,232,230,119,165,236,70,52,215,40,44,7,179,2,229,156,238,246,216,15,133,227,36,211,135,238,255,212,83,18,119,145,221,246,64,61,184,177,9,58,149,154,216,24,95,236,22,111,50,135,65,157,251,106,17,123,134,14,24,108,139,124,187,151,77,226,94,255,31,192,163,210,23,130,40,206,26,255,129,151,200,51,90,147,79,131,92,191,16,24,173,38,66,135,31,127,135,188,94,180,244,88,91,122,218,209,116,175,253,79,103,243,185,30,18,129,141,29,171,188,160,245,89,88,17,162,32,220,50,139,120,58,199,171,157,132,1739150186289,/dev/cu.usbmodem1413301
127,38,138,41,217,105,54,29,232,190,175,193,249,42,44,30,3,230,18,239,196,183,237,225,231,155,222,212,58,189,138,220,71,32,94,202,45,63,154,92,20,95,250,17,61,218,194,108,10,111,155,6,131,83,108,199,162,176,204,179,67,7,209,168,74,93,244,13,13,118,120,239,250,154,109,247,38,147,56,25,104,188,226,227,40,83,101,143,193,154,155,186,54,130,234,211,245,37,124,241,207,63,102,165,18,232,65,150,71,49,32,57,139,92,175,183,243,76,134,235,155,31,142,7,220,230,35,80,107,207,51,156,237,37,32,85,62,16,136,155,59,154,218,151,177,223,156,211,98,117,12,31,231,101,223,166,87,88,28,105,196,239,88,58,45,86,122,94,147,168,114,182,220,176,228,150,232,16,54,107,250,69,201,89,159,234,59,42,212,52,73,250,219,87,232,229,47,164,105,96,162,3,198,232,101,187,221,90,64,140,49,57,6,54,187,150,74,27,68,255,120,245,195,136,41,69,59,234,236,186,76,193,112,132,175,231,34,163,123,161,252,198,182,197,212,39,187,90,218,88,1739150186289,/dev/cu.usbmodem14124401
140,208,144,214,67,189,117,255,186,90,144,164,51,6,90,128,193,250,162,160,239,30,155,2,243,236,251,233,29,47,178,200,153,243,48,224,246,68,120,4,16,255,42,13,120,68,40,7,16,27,248,80,25,56,252,147,227,242,252,88,39,193,199,5,179,224,91,234,89,108,109,151,213,231,232,171,244,56,215,61,45,80,46,185,35,92,196,34,219,182,208,215,178,252,190,93,63,86,218,249,117,202,62,117,50,90,114,55,243,140,136,194,143,174,136,163,12,97,17,29,179,57,177,203,113,211,65,217,162,199,78,254,255,181,82,126,64,183,108,160,152,233,245,208,149,53,104,247,35,150,49,195,48,50,216,200,213,93,69,162,233,77,242,244,255,97,175,24,62,220,195,237,249,116,84,177,121,126,181,60,169,11,189,181,0,168,73,204,234,153,176,163,249,170,252,150,154,153,221,138,213,22,16,233,103,188,244,81,229,181,134,12,47,22,105,132,237,147,151,170,75,97,133,71,2,107,176,223,6,247,189,219,47,129,113,84,0,116,238,239,119,105,106,244,168,5,34,161,177,48,1739150186290,/dev/cu.usbmodem14124301
244,238,111,177,169,145,197,201,111,82,103,95,27,107,254,154,8,236,176,206,253,33,40,148,90,44,249,101,137,27,78,61,39,8,120,137,80,243,182,51,106,125,176,231,140,195,188,27,115,200,171,12,234,21,236,134,175,86,239,161,139,223,250,0,92,147,221,58,21,169,17,232,221,150,80,205,31,190,229,66,47,209,2,70,212,93,208,102,9,103,45,61,54,13,68,90,227,112,82,128,166,97,42,132,138,208,32,38,163,121,92,104,53,129,250,40,122,99,91,53,212,6,126,116,198,149,68,47,134,137,153,49,174,108,160,229,9,49,181,42,196,21,122,5,208,123,196,212,142,148,67,42,65,57,49,167,51,139,249,86,238,236,55,161,143,52,84,215,124,93,157,82,205,35,179,90,50,247,226,107,192,14,81,146,247,218,73,65,3,102,250,250,27,199,113,215,96,70,7,96,11,194,192,15,36,220,79,44,180,77,203,30,142,236,59,36,116,197,124,231,157,117,152,38,155,108,92,30,188,76,28,7,160,122,50,19,164,250,109,174,100,157,210,133,136,101,173,1,209,131,1739150186290,/dev/cu.usbmodem14124201
84,98,163,58,102,127,14,112,246,134,206,214,11,67,184,39,84,25,171,105,221,248,75,55,152,122,252,97,195,48,148,17,157,106,23,248,173,93,86,133,148,32,176,71,172,71,229,8,125,67,218,203,114,78,41,136,143,189,189,156,80,41,197,82,122,39,59,231,13,9,244,83,142,80,2,187,169,147,69,254,185,15,33,129,161,215,165,119,169,45,255,78,71,55,98,118,21,199,124,112,184,111,6,208,197,89,156,122,219,146,39,164,23,30,206,197,87,196,109,166,117,91,43,129,234,55,196,52,181,160,124,88,125,73,72,173,82,84,90,223,238,63,225,32,69,54,139,3,50,128,160,16,188,239,15,146,89,253,154,142,235,252,243,29,128,108,17,193,154,251,202,95,235,154,204,0,2,146,38,138,122,221,229,15,223,131,111,202,28,169,230,134,54,143,16,178,177,70,234,156,60,72,242,9,142,209,88,181,126,148,96,182,15,169,158,114,117,215,105,31,239,177,110,207,201,28,124,71,55,199,180,72,133,92,30,214,106,177,221,68,18,129,44,43,32,100,58,150,249,243,1739150186291,QBYTE | klaatu
37,187,112,104,151,82,154,120,0,213,143,21,196,126,213,135,79,11,135,76,122,141,237,115,210,156,157,83,49,100,163,112,216,231,88,149,207,1,235,51,73,230,118,245,43,94,148,65,34,47,141,148,170,178,255,252,54,24,213,197,78,197,100,148,219,237,44,6,187,35,29,21,165,121,120,188,202,127,225,254,28,242,220,0,247,69,166,148,226,225,52,96,184,244,196,186,5,12,44,143,140,9,227,241,247,125,53,178,96,135,133,23,148,79,211,25,22,207,149,73,64,248,34,94,198,148,15,209,120,12,251,94,182,234,108,22,81,51,200,100,92,183,171,44,205,243,90,0,211,45,15,43,198,10,88,61,191,196,124,111,122,71,96,141,210,227,192,55,21,215,201,194,195,183,250,21,250,55,165,196,73,77,114,217,239,125,26,19,5,180,210,117,163,148,128,10,85,207,43,54,154,172,117,16,3,64,128,34,99,230,10,64,197,19,77,32,159,175,199,18,163,226,34,38,90,110,213,148,92,83,224,254,195,12,195,211,120,69,243,247,3,185,213,145,6,23,49,193,119,208,1739150187348,/dev/cu.usbmodem1413101
255,34,220,108,239,176,113,205,189,53,99,245,122,66,22,161,134,102,113,71,172,222,162,123,175,87,94,96,186,17,1,189,158,244,245,24,51,36,19,56,238,227,32,101,179,18,193,16,180,32,232,235,27,224,57,78,170,6,208,155,33,44,64,148,255,20,108,79,201,3,85,60,43,57,217,208,16,47,171,193,80,124,174,79,55,197,234,78,48,112,180,171,140,135,11,189,239,188,113,35,196,41,124,157,161,207,4,160,244,45,248,89,239,255,54,103,87,108,100,62,6,38,4,203,109,185,164,31,132,202,160,55,201,161,150,136,194,169,47,216,193,162,165,90,141,181,202,63,58,80,48,92,209,50,222,14,56,159,134,17,129,80,238,192,141,151,113,50,221,80,182,229,228,7,97,9,212,250,242,238,8,193,192,240,157,38,241,149,89,68,47,229,25,101,246,203,188,96,156,2,87,34,249,111,139,177,152,224,26,106,41,114,60,54,33,243,143,241,15,165,27,201,61,142,12,122,92,232,235,85,73,181,98,223,143,151,165,183,17,75,47,80,164,84,205,35,198,94,102,226,1739150187348,/dev/cu.usbmodem1413401
34,202,187,30,50,70,30,143,105,60,204,11,29,235,201,98,8,153,98,113,63,152,125,21,107,79,41,70,40,34,1,167,232,17,42,225,166,124,102,241,44,60,230,184,253,230,31,206,252,28,164,154,192,35,167,101,129,23,11,96,245,111,49,164,44,199,88,150,67,222,236,193,98,117,57,225,23,201,72,1,158,233,186,48,56,14,156,152,180,36,18,46,115,114,127,197,193,243,72,24,214,249,234,150,78,15,17,188,209,177,168,166,158,116,222,205,208,162,153,241,244,33,230,254,116,77,152,222,29,60,228,6,11,198,131,85,181,124,220,134,126,15,131,58,42,251,210,92,138,131,49,4,217,46,219,137,245,3,167,255,117,226,186,224,154,193,116,87,116,196,55,86,67,105,214,76,136,60,158,133,44,210,28,158,209,81,21,9,171,104,204,168,38,234,253,25,86,56,207,212,120,81,108,134,50,189,227,164,119,177,30,208,16,63,93,132,59,230,58,163,110,37,192,81,129,77,233,1,20,114,177,44,174,96,253,81,193,19,160,74,127,147,211,183,8,183,18,44,87,105,1739150187349,/dev/cu.usbmodem1413201
93,202,236,234,32,178,218,70,233,222,249,168,116,179,136,115,73,160,155,74,172,5,141,253,63,253,246,55,212,231,86,58,124,230,106,18,187,46,249,49,226,219,109,158,10,4,83,206,127,37,202,200,73,126,174,112,255,251,7,33,34,185,140,158,170,248,106,56,231,13,119,84,18,26,28,164,84,51,67,230,7,230,243,100,137,66,83,58,14,137,143,111,151,141,144,24,28,206,136,106,107,200,226,150,29,43,253,202,180,142,196,229,10,28,150,18,37,200,239,98,92,132,27,65,176,201,248,66,11,162,158,139,162,18,84,156,163,143,249,43,89,249,72,56,233,78,137,213,226,185,195,172,144,34,66,224,42,14,24,134,118,30,52,144,45,152,83,56,142,119,223,236,102,178,59,249,82,50,196,157,209,13,252,231,166,204,219,0,129,187,27,142,111,76,219,44,82,65,214,166,72,129,1,153,93,53,123,2,47,149,76,188,146,191,5,49,229,148,74,37,81,59,233,103,134,212,63,58,205,45,9,202,213,170,54,151,131,15,184,54,18,93,144,21,136,175,147,97,167,61,1739150187349,/dev/cu.usbmodem14124101
225,177,98,189,7,191,111,62,201,230,166,29,10,58,53,161,163,167,80,29,57,46,185,18,1,194,144,190,133,176,143,86,130,133,53,254,17,60,11,201,234,30,253,241,123,30,86,91,152,104,61,203,201,55,83,200,136,55,18,116,125,59,248,37,144,245,139,53,247,217,156,193,213,193,5,221,2,192,205,191,68,91,36,95,65,245,98,214,154,116,62,87,26,104,16,231,15,17,20,17,199,130,173,253,3,171,23,217,48,201,70,115,97,48,114,101,226,143,94,143,40,32,13,246,53,40,1,47,211,203,78,130,171,110,41,168,19,136,26,83,193,67,52,252,84,103,175,123,215,189,189,111,7,186,194,150,213,2,237,16,58,34,9,39,82,153,113,77,193,21,73,38,143,40,23,208,107,74,128,36,200,86,46,10,203,92,6,112,24,8,146,138,67,131,145,10,225,186,14,47,255,152,126,49,24,243,124,62,224,174,53,3,48,177,220,212,202,242,44,26,90,77,41,200,185,77,178,130,175,53,203,169,59,64,252,210,189,171,92,131,207,150,214,66,209,230,144,67,134,197,1739150187350,/dev/cu.usbmodem1413301
162,81,166,142,7,145,246,252,234,85,204,62,110,236,176,73,136,10,234,139,226,7,146,247,5,228,255,93,161,105,162,43,135,18,138,8,36,54,72,245,155,15,77,5,82,58,126,116,163,160,112,103,216,181,154,88,51,128,227,33,96,181,111,136,59,86,199,165,22,246,130,1,60,38,27,234,59,64,108,208,172,42,190,121,16,72,131,167,211,26,235,233,134,141,3,81,202,155,128,252,202,251,32,55,63,11,24,207,187,166,109,218,177,176,198,251,211,1,111,217,143,42,163,81,213,47,179,103,139,165,146,212,72,195,6,41,187,42,204,115,253,226,29,19,73,156,139,248,26,202,125,99,242,108,108,219,112,160,176,177,109,255,194,45,41,148,178,159,104,160,97,206,238,154,45,170,219,249,209,41,120,130,178,128,121,78,202,33,245,21,104,7,152,21,4,229,29,115,2,53,63,104,148,123,71,133,109,249,55,157,70,76,19,111,57,56,174,210,188,154,247,88,205,188,188,206,94,234,83,210,64,220,242,86,205,18,28,206,102,120,129,243,5,182,5,72,42,190,154,235,1739150187350,/dev/cu.usbmodem14124401
177,252,90,42,83,152,235,64,28,27,23,103,13,53,22,17,95,57,27,30,96,63,228,238,122,40,0,94,136,250,232,32,107,244,98,46,177,167,205,147,176,198,90,124,53,5,215,237,100,199,239,70,69,190,236,140,84,126,145,22,226,36,150,27,85,49,7,202,183,118,84,28,122,168,155,171,160,254,178,28,59,8,144,91,132,4,47,32,195,56,176,128,20,177,28,229,208,132,213,161,183,113,85,11,60,46,132,180,171,250,138,120,181,238,25,165,59,164,136,193,84,186,40,129,81,229,207,214,0,185,171,80,209,201,3,142,202,239,205,193,35,129,180,95,60,34,193,9,41,240,2,168,132,157,27,100,119,244,216,52,89,25,182,81,35,47,123,97,54,57,131,86,165,57,128,251,175,172,219,153,166,89,234,80,196,237,165,29,38,80,140,118,78,130,58,39,209,133,9,223,151,96,254,191,138,122,53,245,127,107,177,0,174,228,152,184,100,77,190,106,86,83,14,203,201,82,214,68,2,163,106,211,115,241,189,112,113,95,57,165,201,201,93,206,61,96,251,224,136,204,1739150187350,/dev/cu.usbmodem14124301
138,247,200,35,100,174,249,241,209,202,76,10,68,54,59,123,142,125,172,173,196,48,231,89,39,6,150,26,168,176,73,24,77,232,27,0,228,6,5,34,116,114,71,163,112,140,70,137,164,233,45,88,91,45,172,86,118,227,189,171,31,148,50,83,179,63,198,205,96,219,166,235,54,205,253,10,233,46,138,10,98,27,66,99,137,220,196,30,8,39,205,88,81,83,176,136,43,147,69,131,135,210,227,123,109,228,10,241,0,243,200,206,119,106,137,51,14,245,29,254,19,185,207,189,165,83,148,189,0,224,5,30,239,134,124,36,242,42,141,32,80,119,104,139,67,15,33,179,79,11,29,154,215,225,129,46,5,31,32,245,228,74,243,217,189,117,52,224,3,160,98,198,226,24,189,65,136,74,188,180,179,113,234,163,19,254,225,254,156,196,158,32,242,132,40,3,252,153,222,11,221,71,134,76,12,179,126,78,106,220,188,2,201,154,147,167,210,163,197,213,0,252,243,26,55,180,76,27,18,168,81,164,125,165,167,46,75,81,123,8,45,49,158,50,170,102,155,188,42,120,1739150187351,/dev/cu.usbmodem14124201
221,114,173,202,93,14,164,15,211,96,232,13,250,177,42,181,114,189,2,21,58,232,151,178,112,113,229,229,115,35,121,21,241,111,43,166,129,220,236,70,220,71,112,157,3,3,160,26,238,208,132,159,55,30,70,237,123,216,212,247,88,1,170,223,239,107,255,112,224,113,63,139,91,173,252,191,233,250,216,161,100,227,115,5,45,169,137,55,234,77,181,236,9,139,159,1,9,16,153,17,200,203,172,214,104,252,92,55,209,243,120,18,253,220,137,169,176,22,35,141,14,114,146,177,123,24,34,113,178,111,83,252,11,125,125,124,21,14,84,208,245,180,48,79,225,37,15,143,42,203,18,225,248,158,43,93,143,31,224,103,18,101,142,191,13,122,26,57,174,24,94,229,36,248,113,105,99,150,59,18,25,175,206,41,96,199,173,61,33,170,194,109,148,199,215,63,60,3,117,136,119,137,115,217,62,198,218,24,227,44,15,19,63,5,218,149,28,226,83,14,124,143,47,59,170,232,41,112,130,181,161,175,29,91,172,28,4,133,130,150,235,186,34,111,8,132,172,115,95,252,1739150187351,QBYTE | maintainer
114,104,241,234,76,26,245,26,10,22,86,110,212,204,4,91,206,57,17,218,3,249,216,247,194,59,61,246,230,211,113,5,201,88,149,220,121,248,133,58,178,121,24,30,82,164,247,187,107,30,94,246,233,20,98,201,76,129,122,51,247,47,66,144,31,128,60,40,190,183,28,153,246,218,17,146,33,160,209,190,28,231,85,57,204,195,147,234,82,208,41,118,95,214,68,209,254,249,162,98,114,40,129,117,46,30,176,104,162,138,252,205,137,138,45,21,22,140,80,159,179,41,12,211,230,187,116,204,117,42,34,191,171,98,37,30,163,240,165,176,6,115,86,40,227,134,5,46,76,150,154,157,78,134,5,107,152,9,149,233,132,14,37,139,94,162,253,224,230,85,243,18,186,138,133,39,80,160,97,114,165,106,12,154,4,127,210,145,248,208,184,59,188,176,133,139,89,24,96,241,66,214,174,30,253,207,51,99,156,158,156,245,194,210,80,102,216,28,112,38,12,54,121,43,20,224,184,195,49,229,109,175,81,118,89,115,28,218,163,232,80,26,83,12,148,122,108,80,93,48,1739150188408,/dev/cu.usbmodem1413101
15,167,97,251,136,73,32,144,138,14,251,198,10,253,77,185,35,25,231,90,64,58,30,12,8,72,113,221,124,20,114,144,22,178,5,236,239,62,189,248,86,53,163,188,69,243,130,234,184,110,156,202,125,14,151,43,35,252,111,51,50,27,152,211,159,145,46,185,190,24,181,90,66,46,164,175,55,52,226,119,249,118,138,232,191,164,127,15,43,243,10,40,102,81,3,28,236,48,21,39,144,42,249,225,23,197,105,240,136,207,114,15,43,152,33,119,115,189,144,242,75,80,215,242,211,133,197,99,91,196,68,71,105,93,2,123,251,170,143,35,187,131,135,89,56,175,184,97,46,102,255,114,59,113,8,195,51,214,111,202,42,160,201,148,216,85,60,182,41,170,161,139,179,203,205,2,8,70,168,249,27,116,95,247,227,125,91,120,71,113,14,151,147,112,161,198,3,70,235,143,139,172,127,75,130,8,132,37,253,211,30,58,113,14,200,136,253,238,188,128,146,177,131,234,18,107,61,19,179,29,172,130,148,200,109,230,57,105,227,127,119,190,158,78,200,46,46,172,232,155,1739150188408,/dev/cu.usbmodem1413401
234,187,175,55,30,206,148,118,14,178,119,123,137,207,109,160,177,17,214,165,123,182,11,75,108,105,91,201,217,130,233,143,34,105,201,234,45,203,141,166,167,1,252,82,120,5,151,219,10,44,251,2,103,84,23,102,72,37,130,31,73,1,99,12,135,37,119,210,124,232,59,200,177,243,27,148,112,250,182,73,221,244,165,98,117,216,54,195,173,234,220,135,139,93,64,106,15,170,228,15,114,144,238,242,96,32,81,241,249,244,209,245,166,200,116,95,94,220,86,99,165,174,180,36,144,217,17,223,107,138,19,48,224,38,88,214,91,186,33,174,11,185,76,246,254,111,85,41,255,242,118,118,172,14,0,103,247,37,81,227,254,14,50,66,233,163,11,22,248,83,238,139,39,235,162,90,169,142,154,81,102,93,41,202,11,66,164,130,81,218,39,109,73,212,232,43,236,217,55,203,129,3,34,184,195,57,48,13,119,224,56,121,203,92,171,170,227,246,3,146,104,190,30,74,99,5,101,62,47,223,78,105,227,26,107,191,157,227,108,53,51,150,156,181,101,132,101,34,183,251,1739150188408,/dev/cu.usbmodem1413201
0,236,232,105,128,86,206,29,77,63,121,183,19,97,89,148,73,222,61,48,253,204,14,181,215,204,175,86,137,152,70,188,58,233,56,0,155,87,73,2,124,143,136,113,213,83,33,63,252,19,55,182,91,110,37,2,58,236,139,204,118,75,110,48,122,17,37,34,136,205,108,220,93,211,114,41,241,141,195,78,149,14,87,254,208,177,133,229,221,242,187,44,203,13,92,222,241,78,169,163,88,93,135,197,158,82,9,190,10,56,44,30,134,23,123,223,22,61,214,183,217,165,75,91,177,157,68,122,115,74,151,105,91,57,104,140,60,70,148,139,169,45,63,16,39,79,197,211,83,43,244,0,31,156,77,44,217,157,218,223,36,54,215,177,79,107,89,231,150,60,53,241,251,15,7,36,84,222,1,102,114,47,253,38,255,135,149,72,213,143,255,115,1,137,255,150,104,171,179,224,76,55,99,165,60,32,143,185,121,189,122,153,176,65,111,196,42,73,35,233,206,129,99,238,10,87,68,33,240,119,32,1,140,100,186,206,159,184,250,177,179,143,162,207,240,248,200,206,66,12,1739150188409,/dev/cu.usbmodem14124101
199,145,149,17,109,56,201,207,149,229,34,83,94,19,122,166,206,93,151,32,228,71,185,69,203,235,169,60,19,122,59,125,248,159,78,7,18,176,88,224,254,104,25,233,128,114,240,251,127,59,206,31,214,91,173,92,104,1,108,236,164,80,121,80,54,82,235,13,143,15,77,84,1,78,126,115,36,122,70,26,92,101,91,85,112,101,79,147,160,230,239,171,38,161,56,86,147,46,37,21,233,89,162,195,35,59,218,123,185,173,118,33,140,0,16,164,187,89,168,216,165,85,28,150,112,60,119,116,17,17,242,200,93,83,18,252,95,237,130,77,216,194,63,101,21,61,115,109,223,17,132,238,56,56,171,222,29,106,156,57,51,108,107,165,233,120,197,87,54,76,96,129,57,17,250,57,36,98,235,92,94,157,23,111,242,210,139,101,114,245,101,105,184,107,21,59,88,201,235,139,139,178,218,77,117,19,96,86,71,110,158,181,128,167,58,129,242,118,167,127,85,102,119,33,119,58,126,217,67,203,187,62,166,244,92,13,161,25,109,202,77,169,122,151,125,21,56,94,27,109,1739150188409,/dev/cu.usbmodem1413301
73,128,113,193,137,67,167,173,224,9,214,66,155,11,94,103,215,205,150,215,216,209,149,112,15,219,179,251,134,253,110,55,44,53,177,176,170,74,8,243,163,129,150,213,254,58,113,67,9,76,148,240,20,1,231,99,106,199,181,138,160,12,242,149,40,124,113,191,122,8,228,237,238,114,110,202,210,112,177,83,21,248,52,180,79,62,208,222,167,68,248,189,180,162,19,58,245,127,5,186,112,183,7,2,8,66,93,227,36,234,231,78,218,7,33,61,19,132,58,191,36,197,26,66,255,149,76,42,166,212,19,196,29,138,141,207,66,96,86,72,8,139,220,181,68,101,54,135,250,158,233,44,61,160,8,180,167,126,232,227,132,109,111,20,83,144,113,255,12,165,147,134,133,114,160,65,50,246,17,182,225,203,102,24,254,209,71,49,222,158,224,46,78,5,56,9,240,244,225,161,110,141,137,56,246,185,50,13,69,224,236,240,235,160,198,166,155,58,172,3,74,132,100,153,119,195,122,8,89,236,108,73,226,17,158,71,222,82,86,103,151,2,34,28,249,126,193,248,198,59,1739150188410,/dev/cu.usbmodem14124401
248,190,225,38,110,55,122,84,40,119,92,187,153,36,186,36,78,5,75,62,81,88,164,254,28,88,100,230,129,55,205,140,184,71,27,220,223,184,168,167,102,78,69,251,109,124,216,236,190,75,195,139,2,61,242,123,88,233,74,157,75,56,125,167,165,222,156,190,3,57,251,67,207,44,176,153,124,133,60,191,231,67,151,143,183,238,99,91,177,64,120,139,182,215,6,12,164,131,215,201,148,143,148,164,79,31,55,13,229,48,179,104,38,43,57,158,245,82,22,94,183,86,78,91,8,90,218,199,39,24,248,205,109,204,164,7,179,109,158,171,253,176,176,14,155,30,178,65,134,10,217,139,251,135,20,186,77,20,210,98,31,58,191,118,248,222,169,14,217,217,57,56,243,96,103,174,158,255,35,21,121,169,211,214,134,22,226,197,18,155,78,184,73,180,206,102,240,222,78,248,32,255,46,102,186,87,236,154,74,200,158,172,142,24,255,115,130,172,113,45,120,114,194,91,164,111,20,1,249,175,80,74,110,154,126,230,228,155,109,226,19,172,163,22,190,236,115,78,107,49,1739150188410,/dev/cu.usbmodem14124301
205,19,109,91,36,10,102,132,197,0,152,226,81,216,156,218,14,90,204,76,141,149,240,107,100,198,254,137,202,33,192,239,40,197,70,73,15,37,196,152,200,3,176,87,111,169,23,188,71,72,8,109,182,250,114,44,25,133,17,39,1,76,28,170,116,35,190,187,81,80,173,195,137,88,29,52,149,245,254,245,87,103,69,129,13,162,80,216,43,61,8,120,77,43,175,149,230,44,18,203,79,166,181,93,167,183,176,173,210,98,139,108,147,173,244,54,90,235,42,234,251,101,67,143,131,162,135,215,151,56,169,129,121,107,255,192,140,161,69,38,121,210,0,55,9,192,229,27,168,13,215,247,139,110,199,254,221,86,39,213,163,154,52,29,186,38,234,210,173,219,187,200,160,151,14,245,74,145,12,81,111,43,213,222,25,155,126,144,12,203,48,84,136,215,238,113,100,226,170,33,155,93,222,51,97,177,19,126,224,113,28,45,189,161,100,195,103,152,83,233,49,234,168,183,121,195,4,75,223,200,171,39,191,42,56,2,235,5,52,179,250,127,78,129,92,184,23,195,87,119,1739150188410,/dev/cu.usbmodem14124201
44,36,191,226,244,141,253,83,91,14,147,44,73,123,127,233,76,32,155,144,37,226,187,165,205,120,56,28,20,76,244,143,131,66,195,248,72,61,192,74,204,102,181,17,198,156,141,93,170,59,159,129,222,189,13,238,94,30,158,15,180,86,61,183,178,246,248,214,83,228,1,238,241,156,97,148,136,153,115,205,84,210,144,162,83,25,243,13,148,228,35,16,16,40,217,140,200,211,31,68,138,8,149,155,4,120,129,239,115,156,218,66,97,76,255,211,42,180,238,106,73,209,47,94,16,43,130,68,49,203,82,225,45,94,211,203,29,231,144,62,75,79,241,126,193,143,63,5,197,161,132,39,179,20,48,205,175,49,240,114,127,55,134,54,216,47,100,211,239,123,248,20,58,49,222,120,103,76,135,18,3,184,240,254,128,73,232,34,137,207,149,25,80,144,62,213,226,45,225,166,90,211,51,104,216,146,165,77,199,39,48,235,144,127,59,23,96,53,197,101,110,194,254,49,178,140,176,84,97,16,131,95,63,149,97,74,87,61,180,239,148,197,70,36,175,23,114,59,161,76,1739150188411,QBYTE | palmitic
148,120,79,102,202,176,75,71,153,162,5,145,59,153,62,56,225,162,197,81,30,167,171,251,126,199,106,95,66,1,95,152,48,185,128,55,32,91,9,118,0,98,220,186,179,154,234,247,24,238,118,238,254,231,2,44,49,51,52,180,31,151,112,167,204,43,182,66,216,112,56,239,175,228,34,223,128,97,116,159,202,205,201,0,11,137,128,140,17,96,59,202,234,150,11,165,246,147,116,159,128,49,0,123,171,78,216,20,240,106,231,221,17,167,210,37,138,176,7,113,119,183,27,88,159,46,48,88,14,226,36,58,69,68,222,19,13,76,214,172,118,39,15,141,185,146,38,76,59,155,144,145,169,99,212,219,222,99,215,147,205,173,207,154,32,119,27,1,147,252,57,13,238,54,106,244,215,158,8,149,227,62,239,144,104,108,178,217,132,218,67,183,3,215,94,27,144,31,39,171,72,64,135,242,17,178,167,107,193,33,205,94,238,181,192,151,53,113,2,188,211,53,202,221,155,197,104,46,233,151,1,137,199,168,22,11,62,69,125,11,199,9,111,9,235,220,117,15,125,161,1739150189468,/dev/cu.usbmodem1413101
40,209,190,172,82,47,152,118,240,77,198,207,83,93,40,156,94,200,128,202,140,176,12,178,52,26,8,161,249,139,56,152,190,129,41,3,228,222,156,106,254,15,6,235,55,112,144,192,128,112,36,120,167,100,175,87,96,69,231,242,149,18,61,45,63,161,2,32,174,117,76,3,128,178,138,51,161,189,72,186,171,76,160,219,150,114,226,94,13,190,103,168,174,122,47,239,90,42,113,210,180,79,132,4,164,195,107,226,214,250,48,239,189,145,40,135,184,15,56,28,42,89,53,253,63,101,255,185,37,140,206,7,49,225,54,108,121,232,23,56,231,130,49,13,157,210,218,126,56,244,111,34,152,113,152,108,53,141,240,47,193,201,202,193,43,201,28,212,174,131,202,92,82,236,167,185,196,0,239,3,247,83,220,4,31,165,108,156,0,175,155,163,140,81,140,28,24,75,152,63,1,108,42,94,30,65,136,122,199,178,110,34,40,208,203,59,104,30,101,224,81,26,171,7,144,130,139,60,8,157,2,180,36,197,175,181,77,176,255,184,172,141,224,55,118,240,123,247,53,238,1739150189469,/dev/cu.usbmodem1413401
133,252,78,165,129,195,116,127,72,189,189,142,232,245,35,241,48,41,10,220,126,97,125,151,216,101,31,180,132,220,127,177,156,3,15,69,15,195,83,196,169,213,27,233,101,85,20,82,2,211,193,167,191,149,122,126,2,85,173,49,18,114,74,15,182,2,6,207,175,227,138,206,198,234,126,89,176,87,58,226,154,10,193,82,140,39,87,187,124,217,253,220,20,231,197,90,234,237,216,221,140,237,132,26,217,181,208,237,157,157,75,64,182,158,237,198,13,125,112,59,109,159,195,49,95,3,12,127,2,80,16,51,214,205,39,137,236,92,153,232,251,138,246,187,217,188,199,59,54,217,89,85,77,23,153,82,115,222,135,193,81,243,35,173,157,216,171,4,19,183,68,64,215,143,135,138,143,70,9,62,139,44,255,71,122,37,31,75,17,153,234,42,27,183,69,198,87,136,179,148,244,243,5,58,114,251,161,190,52,111,198,236,151,82,206,143,132,216,117,225,213,32,221,209,90,23,127,120,209,38,60,116,238,158,65,171,24,176,177,199,22,59,239,156,36,169,253,53,149,141,1739150189469,/dev/cu.usbmodem1413201
34,12,70,51,255,10,40,125,130,92,92,206,102,113,59,66,133,228,202,10,76,245,165,48,229,145,209,5,128,59,191,80,130,101,40,144,176,154,69,240,238,130,81,125,111,186,0,105,128,4,172,222,194,88,138,90,208,74,195,130,177,69,1,48,96,89,74,1,207,147,116,171,27,223,75,189,23,79,70,72,222,35,182,212,76,35,151,8,226,189,240,198,162,224,159,233,129,111,162,235,46,209,148,184,165,112,157,123,147,253,224,183,216,171,17,226,17,127,79,191,228,152,141,218,232,52,184,108,82,231,222,78,61,229,46,25,96,97,233,187,129,24,127,111,206,203,218,115,118,80,0,192,222,90,146,228,97,110,32,183,239,139,198,198,135,133,37,53,214,235,239,29,146,161,76,184,158,101,205,37,97,47,82,155,20,5,233,201,175,121,10,161,113,64,17,208,253,238,75,7,168,200,101,188,84,151,114,69,123,225,207,115,100,248,87,152,81,204,76,2,180,154,23,78,124,101,63,54,251,93,189,90,47,140,199,132,127,138,223,162,229,34,74,194,192,54,113,194,106,116,1739150189470,/dev/cu.usbmodem14124101
103,229,59,32,85,231,190,71,116,198,187,110,200,104,206,148,230,73,209,184,139,188,6,122,30,224,108,97,49,136,119,157,107,217,73,150,109,40,174,113,127,57,209,100,5,226,108,186,212,216,162,23,4,252,93,73,33,31,119,113,250,229,202,95,12,113,180,100,11,62,2,62,69,79,88,217,30,19,36,102,37,249,110,198,102,115,118,171,144,166,9,150,141,51,93,166,135,86,78,33,117,200,178,109,72,143,168,250,60,239,78,138,44,179,128,217,152,113,44,82,234,116,92,195,218,141,161,75,103,139,187,69,41,61,210,121,93,176,121,224,125,113,226,31,127,8,4,225,124,237,225,240,94,178,252,101,47,34,66,206,183,254,17,107,207,1,85,142,86,74,163,253,81,141,127,237,216,249,41,165,163,235,226,161,7,236,240,43,54,32,178,126,132,188,51,252,135,122,53,34,53,112,95,45,114,73,77,179,143,84,92,91,64,24,178,155,140,82,211,19,37,12,128,141,22,72,193,105,235,172,58,180,160,166,147,238,168,18,127,246,75,179,125,220,202,61,51,201,112,91,1739150189470,/dev/cu.usbmodem1413301
21,245,104,49,230,234,200,11,114,192,187,176,115,146,12,68,105,206,151,157,8,248,199,37,219,20,26,130,238,34,228,81,31,217,136,198,165,254,29,37,217,129,25,72,115,87,159,105,87,81,111,226,210,125,6,131,113,188,229,170,102,67,28,161,209,2,117,22,116,59,160,67,196,79,250,57,106,163,108,41,21,33,9,123,95,66,69,68,12,79,12,79,244,169,30,137,197,217,161,109,100,153,140,40,38,190,80,116,34,44,91,162,78,216,133,90,223,174,246,110,92,106,10,9,87,134,168,114,137,209,234,153,224,69,76,69,56,179,117,108,135,111,244,64,103,239,65,194,22,210,27,58,218,146,93,200,225,73,155,237,38,118,179,118,190,209,222,225,159,131,225,137,192,145,41,132,226,36,184,221,136,250,255,21,4,165,246,79,238,106,138,101,65,87,249,102,71,22,118,205,2,210,32,15,121,27,4,127,80,83,201,201,173,43,232,209,193,72,27,68,62,171,67,45,231,127,1,172,212,133,94,146,183,8,183,22,233,158,188,55,137,254,193,150,79,151,134,99,90,205,1739150189470,/dev/cu.usbmodem14124401
180,210,72,70,17,200,146,40,64,139,83,133,207,160,46,226,132,42,180,15,43,36,212,131,199,100,22,74,24,173,73,149,218,85,63,99,176,76,164,246,197,199,90,154,144,217,225,164,119,1,38,60,38,44,254,43,250,203,160,239,33,95,104,247,232,33,120,147,29,26,116,21,144,160,240,45,48,150,125,218,68,83,33,26,10,199,0,2,230,125,219,152,100,155,76,74,240,87,37,106,238,235,244,173,227,238,220,247,175,114,24,126,223,49,0,91,85,235,77,221,24,153,148,238,242,161,136,210,226,23,137,13,202,126,64,248,103,187,143,145,177,226,116,77,63,137,27,115,157,17,94,172,255,117,92,168,68,175,105,86,230,219,112,189,163,118,56,124,253,143,251,76,108,94,164,218,193,141,148,96,78,255,8,16,214,55,95,141,117,84,140,94,108,116,66,88,72,235,49,58,84,202,96,244,162,54,11,254,33,114,209,16,179,205,25,90,110,116,109,126,188,239,208,1,188,74,221,93,239,97,42,49,250,71,93,252,102,206,109,58,157,147,153,38,140,48,63,103,17,148,1739150189471,/dev/cu.usbmodem14124301
26,101,168,175,14,11,118,173,237,151,54,183,148,29,164,135,140,118,159,132,167,213,88,106,32,252,9,80,149,203,56,169,29,97,178,135,176,76,125,0,78,80,177,214,172,2,33,100,90,225,32,156,211,130,114,148,4,166,187,132,99,241,199,250,127,145,69,62,137,116,5,90,132,248,102,46,61,205,66,95,215,89,93,145,4,170,255,146,4,101,136,66,169,252,232,58,51,108,246,31,168,236,136,35,242,235,146,76,209,220,5,155,10,85,16,58,144,181,246,29,191,95,57,218,152,106,78,34,42,169,21,196,33,226,193,51,117,176,82,10,189,164,105,252,177,140,32,151,34,205,134,11,97,143,65,197,106,169,140,80,110,221,137,134,1,71,81,38,49,187,186,29,165,87,12,225,171,116,240,53,204,61,163,180,65,190,248,103,46,119,159,217,110,137,196,177,105,6,120,58,249,207,200,146,1,86,217,222,148,145,144,122,133,138,121,48,216,99,17,219,69,161,86,32,80,208,99,16,87,153,138,43,211,171,175,229,176,230,109,57,173,243,81,77,63,29,87,190,138,81,1739150189471,/dev/cu.usbmodem14124201
199,254,74,164,74,152,29,250,8,20,71,242,6,7,70,162,141,124,232,227,175,54,50,88,85,69,197,182,237,161,69,17,35,106,194,85,179,10,233,138,148,21,179,165,196,107,93,31,180,32,244,186,7,97,138,42,45,167,52,69,247,186,127,70,111,18,4,115,253,30,89,187,103,59,169,235,255,47,55,69,134,122,5,107,106,163,110,30,252,75,7,123,70,22,153,166,70,143,67,66,193,20,214,22,12,124,72,85,72,157,116,8,117,12,19,100,172,60,97,21,197,49,155,176,240,188,180,59,93,61,233,85,189,105,254,24,143,145,96,208,29,111,188,186,165,213,159,189,150,5,132,75,184,133,251,193,25,51,188,239,171,146,187,22,194,2,107,209,253,222,91,41,161,225,248,45,82,153,214,160,87,189,40,88,141,41,137,73,185,252,19,3,34,103,202,98,195,179,77,232,143,176,26,110,129,173,103,6,35,249,126,27,238,187,168,155,115,118,234,77,1,124,238,196,48,152,221,212,76,160,70,47,28,61,233,112,131,107,47,20,106,176,94,65,79,52,95,124,6,229,1739150189472,QBYTE | understates
210,47,194,77,242,188,45,20,89,137,235,103,240,208,191,216,190,248,112,55,217,147,144,249,174,146,72,86,175,209,253,231,17,200,241,96,47,90,122,102,77,65,202,139,176,19,210,220,67,236,5,76,177,3,76,219,189,94,195,100,12,166,215,200,11,126,198,8,15,223,45,234,141,160,214,211,25,18,245,22,55,74,78,67,112,192,241,175,165,197,113,60,22,37,140,240,191,115,0,48,61,248,108,128,227,208,149,173,191,181,9,117,91,70,60,234,48,197,136,130,27,104,26,128,13,202,8,214,208,187,2,228,154,51,116,132,134,12,226,30,61,142,69,195,151,66,102,197,8,31,234,138,159,77,44,52,63,162,224,70,114,213,62,16,79,105,25,213,183,200,34,176,163,180,179,141,5,70,103,175,252,254,184,159,138,65,205,254,54,255,107,7,236,25,36,1,64,85,163,5,192,179,141,143,106,124,234,160,158,251,142,39,57,24,43,175,135,104,119,171,11,206,213,164,128,23,210,120,157,71,70,51,220,207,10,154,48,63,83,199,7,70,239,234,209,11,185,162,110,79,1739150190530,/dev/cu.usbmodem1413101
167,246,168,208,191,187,134,143,120,44,65,26,12,137,147,104,231,137,204,122,140,139,142,254,124,169,160,20,186,153,157,92,58,194,219,139,195,64,53,36,1,168,149,97,94,207,78,104,247,13,65,236,21,157,137,34,254,95,1,42,239,0,68,178,223,55,243,249,6,24,43,23,122,224,137,80,197,84,163,148,126,172,162,10,112,167,220,190,37,91,2,201,240,89,169,193,131,136,189,59,61,184,129,246,109,213,237,173,175,235,51,142,177,218,196,205,233,176,203,6,161,28,195,96,23,54,112,224,163,232,148,3,186,84,253,20,100,64,138,45,80,162,187,123,220,41,238,3,48,43,7,0,194,121,156,86,67,33,213,120,48,156,110,48,149,180,71,208,211,148,175,39,163,59,167,138,5,185,120,196,43,216,41,112,187,99,218,7,16,213,153,38,58,116,22,15,48,32,182,8,157,96,249,230,145,59,218,95,242,123,127,106,241,14,133,77,103,162,9,43,177,153,121,132,184,155,111,238,115,53,223,182,202,54,97,23,220,159,146,15,32,32,139,125,213,198,184,183,189,34,1739150190530,/dev/cu.usbmodem1413401
234,3,4,213,247,78,167,22,187,199,215,77,244,109,201,138,183,233,6,253,35,115,56,173,244,170,76,240,119,170,94,7,90,115,130,158,215,193,230,200,46,139,40,173,182,241,42,200,122,104,80,195,82,194,168,210,114,56,91,112,72,124,65,67,158,204,245,220,3,165,86,226,251,167,174,180,25,202,43,243,246,194,85,134,61,103,13,6,85,253,164,94,48,88,43,64,221,148,29,32,192,32,35,238,181,220,222,202,107,83,179,77,184,28,93,90,40,100,206,53,70,136,216,219,231,210,63,123,188,156,163,68,188,149,210,54,194,238,11,136,172,150,156,226,215,159,177,93,183,82,96,250,57,185,56,76,229,37,245,145,180,170,250,181,238,83,177,135,98,133,45,5,179,4,138,166,151,220,21,212,206,32,8,234,209,79,3,233,173,197,96,51,102,110,205,141,168,206,163,106,162,191,254,255,139,227,92,193,22,109,77,67,81,70,206,69,127,142,166,203,166,141,108,220,29,207,19,37,34,121,173,51,6,197,47,142,196,213,6,44,20,83,251,212,26,178,99,180,219,3,1739150190530,/dev/cu.usbmodem1413201
206,121,60,140,211,136,171,58,148,108,158,132,8,60,25,249,192,148,3,174,53,230,237,70,35,67,208,79,88,149,48,159,26,119,60,33,26,148,108,125,168,248,220,184,8,211,64,229,245,199,206,90,64,184,125,42,223,129,232,28,205,51,251,9,37,14,51,43,133,60,234,254,30,221,154,53,9,189,189,124,184,229,98,148,180,34,86,160,251,189,189,18,75,236,101,139,200,4,161,175,129,77,95,144,209,195,38,30,24,193,28,105,210,176,197,73,154,225,13,56,219,29,162,225,176,180,164,175,66,100,120,177,105,34,111,166,94,11,107,214,224,98,217,139,57,80,115,225,124,41,164,26,34,16,240,240,85,141,60,109,168,161,62,43,230,134,102,120,92,72,135,250,127,31,173,117,252,180,101,60,30,118,157,73,61,105,84,25,111,38,34,98,226,176,225,68,189,134,127,200,97,229,160,247,172,32,105,227,22,184,139,182,17,169,157,215,177,17,14,128,108,173,166,18,183,152,15,117,212,50,116,57,184,162,239,243,186,30,89,160,80,22,57,235,197,11,36,31,30,90,1739150190531,/dev/cu.usbmodem14124101
131,118,28,61,18,94,253,100,57,85,240,108,97,165,7,253,2,82,29,8,131,67,107,215,6,96,179,37,150,130,25,250,235,39,129,73,75,75,13,46,205,223,33,138,29,136,107,138,130,89,136,31,114,25,212,230,87,176,112,99,55,150,215,20,197,142,55,112,80,192,194,162,134,217,108,38,144,138,95,228,13,112,35,44,60,48,174,68,216,182,76,55,91,245,11,70,131,90,113,56,122,34,12,201,224,99,160,136,105,255,151,53,87,209,104,111,214,236,68,92,82,81,14,131,97,219,241,152,53,99,37,145,202,105,75,90,95,193,227,106,237,151,98,28,119,95,139,233,174,71,158,163,242,141,88,161,214,161,196,52,15,171,241,182,135,62,127,219,103,169,197,63,76,220,39,140,212,220,63,27,20,92,87,251,167,140,245,43,206,42,146,224,157,184,41,217,149,105,115,149,157,37,72,78,207,185,130,4,118,66,51,74,135,60,165,137,65,230,82,142,104,207,25,139,15,12,241,224,171,73,25,77,3,198,14,130,198,222,96,187,168,168,227,106,12,12,73,244,177,236,1739150190531,/dev/cu.usbmodem1413301
153,136,155,114,170,79,12,53,97,194,148,69,15,157,170,7,43,248,238,60,217,18,180,69,52,107,228,61,161,107,141,61,137,157,81,162,149,58,204,108,186,64,1,36,115,143,57,87,120,40,77,125,63,142,68,146,154,39,225,189,99,224,212,107,69,115,160,226,111,187,253,188,243,93,82,97,136,100,157,200,161,110,60,171,221,47,35,26,230,3,58,169,222,42,57,52,120,213,98,3,42,81,151,190,58,67,14,33,91,135,72,36,174,112,240,182,0,3,142,67,243,183,63,59,219,108,237,222,152,67,164,151,75,210,113,5,77,3,254,53,95,139,74,13,61,39,98,108,168,150,66,248,195,10,30,37,44,208,141,87,140,230,182,182,58,219,222,22,228,170,243,54,97,219,143,123,45,150,131,239,169,187,104,134,108,252,218,115,12,201,251,239,94,21,155,130,54,19,128,221,77,78,122,224,177,14,28,223,161,73,154,139,242,105,189,21,187,64,180,103,152,76,22,119,101,38,137,140,168,218,147,169,51,197,242,251,109,189,228,211,181,120,214,130,75,91,27,22,178,146,1739150190532,/dev/cu.usbmodem14124401
122,119,193,227,174,216,113,118,50,97,47,83,196,112,155,55,71,186,31,42,145,17,107,124,180,192,21,45,169,66,205,195,227,178,22,199,142,225,130,5,139,160,179,123,166,193,149,132,40,112,149,3,162,112,133,66,86,241,229,95,200,50,250,225,194,116,168,254,200,106,150,117,170,166,189,106,130,56,112,193,213,97,61,185,43,50,113,252,166,60,115,229,31,65,33,241,74,201,183,187,209,242,215,182,67,231,13,7,76,128,35,239,114,43,64,211,155,70,63,172,80,184,37,47,123,181,253,80,25,201,188,208,51,80,213,247,188,152,227,114,31,48,51,221,14,159,92,24,70,200,20,242,41,87,235,136,133,155,206,128,243,224,102,56,42,221,85,248,86,233,197,159,117,94,70,44,174,114,6,245,142,12,13,107,224,59,99,147,41,91,203,200,248,235,178,119,202,65,164,221,238,103,116,154,37,43,149,101,29,185,25,35,98,197,125,31,16,29,105,12,2,113,128,52,32,237,60,210,92,9,109,2,28,38,110,23,190,182,115,19,207,152,48,156,251,210,221,233,85,32,1739150190532,/dev/cu.usbmodem14124301
143,30,46,161,111,58,214,180,152,7,244,10,186,95,201,168,69,181,81,112,248,124,135,9,66,38,97,217,63,208,161,16,167,252,224,125,255,84,32,195,243,171,82,218,136,255,138,83,214,223,236,25,58,154,187,7,67,59,121,111,49,59,182,216,233,145,223,35,53,205,16,155,173,143,44,232,12,139,131,57,142,235,17,95,79,54,184,144,144,153,94,211,31,160,78,189,116,22,9,8,253,216,125,70,87,224,87,105,181,107,236,230,54,167,189,162,222,45,146,167,46,156,134,84,188,82,179,221,169,102,80,208,85,203,194,18,244,88,69,247,170,143,176,233,63,159,158,137,119,73,104,250,156,104,176,110,85,174,201,239,212,167,67,76,17,103,68,223,206,232,58,154,235,250,156,99,166,205,122,4,171,126,85,173,156,6,20,253,120,3,130,226,230,41,3,160,166,17,66,215,118,119,111,210,69,150,192,136,11,3,21,153,214,0,231,201,169,123,126,137,22,45,248,41,42,141,65,206,53,177,136,240,7,114,41,88,103,94,152,83,16,152,106,223,64,71,242,71,214,100,1739150190532,/dev/cu.usbmodem14124201
190,52,58,201,16,50,241,36,252,255,92,196,16,31,3,166,5,169,4,112,112,177,248,11,193,63,87,17,155,12,246,55,77,250,178,5,142,139,166,115,197,14,106,240,16,199,187,147,63,144,102,65,99,153,190,48,54,229,124,204,203,150,102,118,196,147,19,73,77,130,3,17,96,151,196,199,90,108,241,217,240,85,232,58,12,57,50,133,38,206,49,17,24,246,54,196,236,59,172,12,61,116,160,143,36,61,116,19,168,95,133,199,61,29,5,156,248,116,231,157,248,35,49,25,48,202,177,41,144,36,32,20,18,240,25,186,36,171,179,183,38,123,16,244,222,220,97,110,196,31,137,57,194,37,101,188,230,111,178,206,250,72,246,202,84,87,57,16,65,147,238,100,127,55,65,108,154,98,175,134,159,229,99,247,106,73,24,63,119,114,144,85,143,220,29,75,170,23,220,237,214,242,3,135,194,142,206,235,173,228,146,195,73,105,127,58,109,149,39,167,148,168,17,15,242,145,164,182,114,18,47,153,131,201,16,198,224,224,241,108,161,243,201,3,39,182,59,242,150,14,1739150190533,QBYTE | oz-in
39,131,181,45,241,31,88,152,117,111,219,255,254,75,235,74,61,131,190,165,170,234,98,148,222,136,172,80,104,162,56,165,157,24,128,73,141,181,47,200,41,45,253,38,164,12,85,35,191,145,219,164,26,20,210,137,92,35,15,143,49,161,139,6,67,95,28,180,9,25,143,5,156,33,26,155,232,210,168,48,231,189,89,71,104,213,20,123,37,40,65,238,130,245,188,119,73,66,152,105,129,56,29,21,125,225,96,246,227,116,197,42,140,251,239,240,235,199,133,251,51,183,220,235,114,40,152,129,243,159,223,74,51,22,222,186,21,157,29,68,72,1,198,239,166,138,96,191,161,125,44,102,220,3,97,119,35,77,238,183,216,228,254,94,81,27,228,141,169,33,208,26,134,3,93,21,49,135,54,239,226,161,148,226,163,32,160,108,181,159,195,63,210,195,170,240,76,80,246,44,235,221,42,158,101,106,55,82,198,118,131,57,138,255,182,114,209,46,178,201,219,234,82,99,44,143,108,28,187,138,245,34,182,168,51,248,58,142,194,64,254,75,93,2,81,106,17,234,184,229,1739150191799,/dev/cu.usbmodem1413101
30,189,136,76,109,240,3,249,209,8,125,201,155,84,127,242,181,252,202,151,149,183,224,145,242,207,30,144,164,71,124,48,170,236,40,219,131,232,92,152,146,186,5,101,244,65,63,221,16,107,91,16,221,173,16,13,181,160,95,171,241,250,249,55,22,176,129,196,22,65,210,150,98,53,24,167,139,106,7,72,225,190,183,75,217,188,162,130,212,174,186,199,117,181,77,231,8,51,45,156,117,58,254,137,197,66,103,58,92,21,11,48,192,134,112,1,40,56,75,137,179,31,67,56,197,107,201,25,245,184,254,245,117,158,17,200,71,64,139,246,171,12,201,134,247,100,120,138,214,38,192,122,162,18,167,3,115,36,209,70,77,214,142,89,49,170,111,140,10,21,173,98,111,244,240,110,54,28,60,104,248,167,128,86,239,21,210,208,225,10,172,18,39,242,189,24,57,207,32,236,181,95,221,139,31,243,87,255,164,104,254,74,44,225,133,149,212,107,125,193,171,103,211,175,196,190,226,108,203,154,73,211,184,246,107,81,156,137,16,236,237,223,46,85,244,218,249,107,205,151,1739150191800,/dev/cu.usbmodem1413401
36,178,151,20,117,132,127,219,125,58,75,240,240,145,204,60,66,63,32,152,177,96,249,88,1,115,96,141,100,137,152,121,204,93,173,109,222,172,71,36,64,245,116,52,234,55,187,122,42,18,134,55,167,115,127,233,45,92,80,61,150,42,88,159,38,232,77,68,172,46,242,55,250,50,152,56,78,83,113,63,6,71,211,50,181,2,2,172,33,33,147,12,158,235,45,22,159,171,222,231,117,27,171,234,111,131,83,21,245,22,247,78,39,81,220,66,140,126,39,115,166,95,89,190,87,136,50,96,160,222,6,204,70,243,143,137,5,221,15,248,147,138,207,34,150,137,79,68,205,231,66,141,9,71,86,136,191,184,10,226,164,30,236,160,13,179,39,186,80,90,1,155,203,40,109,84,2,97,154,161,101,111,72,193,118,204,118,249,111,91,245,128,24,75,21,134,20,36,1,159,128,176,117,211,139,74,38,243,3,194,146,66,207,22,6,17,253,234,110,245,86,102,135,100,129,8,56,181,26,127,125,40,25,96,231,58,118,196,221,18,250,65,253,250,180,218,8,27,180,111,1739150191800,/dev/cu.usbmodem1413201
60,80,78,155,217,206,14,228,185,216,141,127,216,71,211,89,241,13,53,178,30,29,32,203,158,184,127,206,0,73,21,185,15,145,209,172,224,68,70,137,136,213,65,26,17,119,18,238,44,45,192,189,69,253,162,109,185,217,254,255,155,168,238,97,129,211,216,33,125,167,145,90,70,55,113,132,199,46,94,87,71,156,54,198,4,213,153,157,182,58,43,237,19,2,107,58,239,146,45,84,165,178,63,217,111,18,3,190,237,184,165,24,142,36,140,1,25,17,8,62,73,85,69,234,215,4,67,83,29,232,99,182,240,5,206,21,125,37,142,164,54,162,250,124,211,221,52,13,144,143,198,177,152,82,233,167,111,55,187,8,207,100,35,4,97,72,40,116,112,111,129,50,45,232,183,244,76,212,255,4,167,212,168,193,226,77,28,133,117,147,237,183,201,75,233,52,237,215,238,187,100,186,72,218,240,234,145,120,71,103,70,168,94,18,205,4,139,61,147,182,205,1,68,219,74,208,146,111,127,100,229,174,17,250,26,83,201,104,22,237,122,198,51,175,204,201,3,67,124,79,1739150191801,/dev/cu.usbmodem14124101
141,97,251,206,179,40,138,113,79,24,31,101,167,87,171,141,196,94,14,223,204,82,245,34,50,175,142,85,199,99,144,8,187,248,169,30,162,209,90,68,61,112,200,80,18,56,194,156,121,16,239,92,171,233,167,74,141,61,182,81,51,182,209,8,26,55,234,9,185,37,79,115,148,130,108,44,96,189,36,198,156,153,81,112,90,121,239,20,142,141,155,193,143,248,32,5,15,60,201,235,118,133,28,128,102,119,44,42,26,57,186,99,39,238,103,15,48,28,167,229,222,200,151,187,217,177,20,14,136,89,69,245,221,223,243,128,241,78,68,153,126,75,22,26,172,67,94,210,78,102,44,27,36,142,31,90,239,223,203,152,129,200,30,177,159,94,13,51,57,242,248,162,153,201,237,235,162,85,168,229,234,255,170,55,182,96,25,34,231,58,248,234,40,128,9,15,4,114,78,228,93,161,14,95,59,126,164,33,219,138,164,48,117,177,157,96,89,21,25,251,20,145,28,235,127,9,94,39,214,90,210,235,143,27,171,54,198,128,158,31,185,233,223,193,173,33,234,196,115,95,1739150191801,/dev/cu.usbmodem1413301
15,241,134,193,171,194,170,174,191,118,214,15,3,244,51,0,49,211,112,214,221,136,153,80,50,43,10,82,9,232,202,203,218,26,31,250,240,21,140,49,233,142,48,61,106,85,159,132,6,78,199,128,255,107,221,177,193,156,119,24,77,154,5,88,42,27,177,15,88,31,1,188,62,30,115,35,69,70,69,3,176,71,56,110,91,8,225,113,49,218,19,6,54,180,196,29,38,87,113,196,68,38,62,214,30,108,21,82,54,153,83,142,71,150,98,146,116,225,89,203,188,121,190,166,213,186,187,10,113,169,126,12,122,183,71,220,45,243,158,9,34,208,29,206,84,25,112,47,242,132,146,12,51,14,199,245,113,4,78,13,118,194,30,200,179,206,70,130,178,144,17,179,150,155,27,179,169,247,149,56,140,151,117,160,79,194,175,89,4,219,133,136,227,104,203,68,46,127,100,9,224,13,14,188,114,59,218,189,85,202,133,188,164,236,100,109,133,222,245,58,25,125,243,179,124,140,60,176,5,59,136,81,249,165,72,59,254,191,216,224,116,51,51,152,200,61,12,101,26,94,1739150191802,/dev/cu.usbmodem14124401
204,47,120,185,172,161,188,123,176,211,222,159,158,92,90,4,130,52,209,17,169,224,163,138,36,155,120,159,67,92,145,64,189,16,250,156,126,72,198,7,146,108,8,68,16,251,60,187,42,23,106,184,131,170,185,63,19,211,186,129,190,161,212,186,90,251,184,230,94,173,50,48,219,62,174,5,176,240,184,158,155,12,172,156,16,144,147,161,36,91,183,4,224,5,203,69,197,102,27,35,235,232,63,115,193,63,0,102,38,186,196,31,212,173,68,65,152,110,119,224,0,208,184,94,216,64,42,231,130,94,38,184,180,153,70,168,208,27,117,85,51,215,27,189,74,156,86,55,141,131,239,197,224,17,43,140,237,165,14,197,30,6,101,65,201,205,11,216,226,150,129,79,187,140,229,52,87,111,65,80,211,218,71,162,106,233,49,240,41,43,17,95,96,22,228,219,41,151,53,35,40,40,3,230,58,80,79,196,205,220,123,97,222,76,120,100,197,24,135,205,214,161,117,205,95,137,5,123,123,254,7,56,8,20,105,82,189,28,88,210,26,110,5,13,106,130,231,213,121,113,1739150191802,/dev/cu.usbmodem14124301
202,227,197,158,37,191,38,161,157,91,31,215,15,128,191,161,232,228,148,33,188,1,120,249,58,160,40,32,135,248,164,125,200,74,136,130,210,142,88,95,169,214,99,137,60,135,8,247,92,32,220,6,148,177,244,76,180,179,37,85,76,14,28,120,120,6,89,174,11,45,25,148,218,101,17,129,174,102,88,65,69,88,224,234,136,185,56,229,215,116,195,213,40,182,233,247,171,97,141,46,120,94,164,28,243,226,36,160,0,19,239,241,183,91,119,248,163,3,205,200,28,6,171,109,249,134,28,80,22,15,231,48,120,220,235,253,248,113,33,3,190,175,166,250,147,223,100,99,33,47,25,200,136,66,94,27,36,215,177,47,216,232,81,186,248,209,52,200,145,226,39,22,160,99,64,50,169,36,141,110,241,229,191,119,197,70,164,60,38,182,17,128,183,121,103,208,80,54,53,160,245,94,1,252,243,204,244,109,237,51,30,174,19,59,91,236,167,108,229,196,130,248,66,119,134,220,46,156,61,66,226,248,107,195,135,173,94,214,83,76,255,220,36,246,44,83,237,147,77,91,1739150191803,/dev/cu.usbmodem14124201
165,128,36,198,161,81,144,91,189,99,104,155,120,182,246,245,164,16,90,33,148,27,236,151,173,51,121,59,162,10,166,171,224,128,16,169,206,183,58,208,156,243,94,205,255,28,170,62,160,172,88,92,102,174,40,136,150,199,160,123,65,90,216,93,224,5,178,91,122,107,91,149,233,214,75,11,209,168,1,10,181,82,46,144,153,230,136,233,42,229,191,222,11,86,113,22,118,36,104,100,133,190,206,150,242,244,74,217,173,198,94,79,230,134,249,150,41,0,165,57,17,197,185,169,26,2,185,24,214,176,190,180,155,83,151,231,222,242,153,40,151,198,140,164,53,163,127,213,58,125,32,58,144,215,212,99,215,79,180,100,207,172,139,33,17,198,240,110,123,23,178,153,27,138,36,133,188,199,158,193,156,234,211,246,142,185,59,119,162,33,10,167,56,182,170,26,223,192,19,138,218,82,200,229,129,224,18,19,136,20,237,218,43,48,34,119,205,45,188,131,178,95,154,145,249,57,109,218,128,214,155,13,19,173,168,50,194,94,84,50,187,123,112,160,254,110,15,62,224,121,1739150191803,QBYTE | logothetis
148,105,226,53,54,103,234,87,55,90,237,144,208,0,153,117,236,102,255,28,27,102,242,34,182,12,143,148,186,74,117,247,0,3,77,101,57,152,40,42,55,114,135,8,243,254,219,251,127,216,9,136,84,209,153,68,181,101,60,56,191,165,60,175,11,90,187,240,208,111,239,81,187,10,255,118,118,118,252,66,172,173,205,85,72,130,214,11,214,233,179,252,168,80,248,184,210,158,120,187,73,234,204,200,104,212,53,24,56,239,169,85,67,98,162,189,48,179,223,21,153,121,228,42,235,234,147,16,97,129,119,127,48,215,95,236,224,176,137,161,104,136,220,127,247,100,245,78,158,11,164,194,92,228,210,239,230,88,33,169,220,245,132,195,19,228,178,177,213,63,9,126,149,247,217,81,187,28,198,160,191,51,146,42,220,113,5,190,125,53,18,202,176,151,43,18,245,37,85,117,26,96,38,85,111,253,136,118,213,236,97,220,128,79,54,227,131,116,240,203,61,91,166,246,214,227,255,28,14,166,103,59,0,105,90,115,52,81,43,65,220,221,7,217,71,25,74,86,78,135,1739150192876,/dev/cu.usbmodem1413101
215,59,74,8,214,139,254,42,224,250,119,72,197,162,32,128,151,133,116,100,189,223,26,101,200,13,164,18,26,8,122,191,110,180,183,125,121,157,104,236,246,204,157,197,43,47,194,44,30,128,240,17,242,208,175,3,150,193,0,131,100,81,255,89,32,214,235,75,8,150,31,175,44,143,124,219,172,145,142,53,144,22,1,206,1,187,121,15,33,187,18,250,31,46,190,185,203,47,218,155,32,187,180,165,134,61,241,244,83,143,106,10,189,122,250,98,148,102,96,149,80,132,207,224,215,235,93,85,66,252,94,120,161,53,97,160,109,182,225,215,75,79,163,74,249,129,47,73,41,222,218,104,224,201,92,106,194,105,203,24,151,197,215,224,236,113,73,72,244,240,26,180,222,40,136,85,198,91,99,224,194,166,61,213,197,137,69,94,141,167,140,169,36,127,108,171,78,28,48,130,254,45,175,16,79,28,182,187,199,71,30,143,1,219,20,126,172,244,197,55,86,91,250,237,71,56,254,81,144,183,55,219,153,9,26,234,39,3,131,33,126,172,108,133,228,17,172,47,143,102,1739150192876,/dev/cu.usbmodem1413401
165,90,58,135,193,178,46,1,239,244,53,2,187,164,149,33,80,15,242,195,186,167,120,177,194,38,80,6,161,169,21,191,105,94,196,78,54,236,50,0,112,28,138,251,184,194,13,23,143,45,253,87,57,79,242,157,119,139,125,147,38,112,202,75,192,204,21,184,57,236,128,142,122,245,193,125,236,100,249,101,175,184,94,234,9,18,99,7,115,64,67,150,165,158,51,154,158,144,119,216,14,201,167,136,8,144,239,135,76,15,235,145,82,25,206,212,167,142,209,33,27,251,70,151,252,223,195,227,153,27,235,204,148,244,47,238,115,251,255,220,90,37,63,46,131,35,221,57,223,163,141,217,52,4,170,53,227,194,85,158,185,86,50,129,134,209,223,219,213,240,253,124,30,178,74,197,39,96,36,88,246,156,221,7,223,73,39,203,58,56,56,36,72,124,110,165,136,112,136,129,216,1,159,110,102,25,177,49,83,97,233,204,69,133,189,175,1,78,60,143,115,7,11,18,40,196,162,201,5,247,110,42,217,23,207,24,132,243,56,210,97,143,227,199,239,94,119,142,115,0,1739150192877,/dev/cu.usbmodem1413201
10,13,7,47,248,92,4,200,230,73,230,255,217,252,245,223,108,255,156,55,59,128,17,201,8,123,230,245,72,235,181,82,85,44,179,90,213,249,98,222,114,199,236,42,158,90,234,188,68,165,144,101,58,225,1,1,62,221,21,106,51,3,55,77,81,102,138,59,14,247,132,56,249,240,82,140,131,213,163,254,63,191,104,254,204,33,27,208,175,41,193,243,182,162,75,70,32,125,166,211,170,167,254,92,233,89,175,127,155,163,234,233,187,51,112,226,71,40,52,23,6,62,25,108,141,143,169,110,240,49,35,27,78,150,39,87,165,189,252,216,168,166,155,166,161,246,143,91,158,75,204,18,145,4,193,130,85,121,255,220,42,200,36,204,244,76,21,27,77,74,105,30,86,6,238,30,235,183,230,178,139,161,18,56,103,176,58,43,34,3,200,170,18,155,57,211,117,76,131,199,29,33,38,209,202,14,78,159,13,218,217,86,179,56,27,11,134,73,86,46,7,105,189,233,195,195,97,203,249,186,252,118,175,122,112,138,243,99,95,178,20,94,71,70,160,189,35,86,182,89,1739150192877,/dev/cu.usbmodem14124101
51,178,192,132,109,123,53,40,240,26,44,202,212,216,212,73,138,87,91,29,145,0,45,21,24,68,72,180,123,102,1,121,69,233,164,7,151,9,22,119,101,229,59,79,147,106,43,183,170,176,65,205,181,133,151,192,220,198,67,188,35,147,121,4,235,99,223,210,184,51,73,171,245,14,3,241,171,65,8,9,8,140,96,58,184,217,99,141,194,139,126,175,78,147,40,190,193,137,71,156,115,248,217,82,60,255,234,41,94,158,157,137,92,84,145,100,32,196,142,189,28,193,248,129,182,43,178,109,95,183,131,254,240,84,94,58,198,82,230,127,211,163,64,36,212,192,225,49,96,95,168,20,131,145,223,174,236,193,155,184,97,123,173,26,203,117,84,211,219,98,171,41,226,19,34,188,25,128,28,99,108,84,149,165,185,214,80,75,205,74,163,154,116,253,128,213,219,148,57,126,188,204,139,87,74,215,36,82,75,189,65,46,78,248,48,199,135,48,133,87,54,191,82,98,111,24,136,126,244,230,199,138,175,224,204,65,137,40,50,61,39,194,13,25,117,255,83,93,93,180,1739150192878,/dev/cu.usbmodem1413301
157,85,43,183,62,6,22,58,127,121,226,24,84,174,9,85,72,197,43,135,61,187,75,94,15,93,207,71,184,99,231,77,14,11,162,126,155,32,255,210,103,61,40,141,135,72,203,166,224,63,25,192,98,3,83,76,163,147,27,138,173,204,125,32,76,144,30,145,156,6,109,240,246,118,131,150,123,236,112,139,251,124,101,113,239,95,169,186,195,249,115,208,239,18,138,91,79,209,109,250,83,117,209,4,74,57,69,63,233,98,222,208,122,57,135,54,102,188,31,86,4,54,78,115,236,209,175,8,240,169,65,2,245,47,58,254,121,53,170,226,123,159,55,234,240,29,177,127,206,28,110,80,133,116,24,115,221,66,27,54,25,173,169,75,213,151,174,140,229,177,100,220,234,126,51,71,159,215,252,46,232,30,123,47,110,21,191,228,8,161,101,102,158,124,244,130,87,211,89,153,24,172,98,120,211,199,139,160,163,11,206,246,129,9,108,40,228,144,47,49,103,75,14,37,237,21,56,212,230,213,206,139,88,248,139,67,235,12,55,203,236,149,207,104,167,23,175,197,245,94,1739150192878,/dev/cu.usbmodem14124401
88,227,13,83,93,153,2,241,5,52,83,43,194,183,63,90,190,9,239,81,132,28,221,38,97,138,5,118,161,245,197,96,190,142,232,46,243,136,168,47,227,234,23,180,170,186,215,167,35,90,78,69,1,63,215,209,10,205,236,153,105,45,197,107,97,253,225,23,5,220,251,80,218,163,102,59,175,251,67,243,211,246,150,97,40,1,112,156,107,232,57,225,136,20,194,200,130,25,56,133,163,199,44,201,60,99,87,221,81,151,84,211,102,193,75,219,233,179,13,29,2,244,190,83,127,208,125,25,158,176,181,189,55,207,108,141,142,118,70,79,116,31,248,213,114,247,124,69,189,67,15,170,199,76,108,210,254,87,209,80,195,251,167,99,40,202,177,151,141,76,217,150,20,81,66,206,136,97,70,232,137,134,200,171,179,126,42,212,185,2,143,3,35,159,58,172,152,66,61,246,43,78,25,246,251,175,175,172,94,155,104,210,155,53,22,220,180,6,146,198,223,182,54,223,48,197,152,234,79,81,12,74,153,121,204,181,107,106,150,119,236,16,142,211,240,30,212,197,145,210,1739150192879,/dev/cu.usbmodem14124301
237,35,212,54,72,20,205,176,191,30,165,144,109,215,23,79,248,72,50,250,212,235,255,164,103,80,37,140,151,0,77,0,182,219,8,61,136,237,217,245,144,4,145,108,108,89,124,33,33,95,144,12,185,194,216,58,15,150,68,247,7,149,144,172,189,208,27,19,170,47,14,138,191,45,0,219,33,216,8,218,7,67,42,18,24,134,250,169,90,212,73,195,57,10,187,143,154,113,125,79,102,132,35,61,207,226,12,165,198,250,85,10,73,169,90,31,254,44,28,43,141,130,225,194,26,181,121,195,116,75,250,176,210,150,156,106,127,39,35,34,203,119,151,159,140,214,139,148,38,54,6,4,7,52,46,250,67,206,230,222,55,46,244,98,168,21,133,107,84,35,244,26,4,231,153,230,25,190,213,81,108,220,252,187,39,126,244,45,125,179,189,169,45,41,101,165,79,47,45,114,85,50,217,27,16,125,149,173,74,57,227,76,31,102,22,35,64,16,123,108,200,253,70,133,87,253,122,197,192,71,228,39,130,63,193,109,220,47,50,133,111,67,94,149,72,11,24,131,208,134,1739150192879,/dev/cu.usbmodem14124201
247,34,167,195,159,242,210,231,235,84,113,76,88,236,44,2,195,192,72,189,219,210,197,246,165,159,58,124,188,240,193,241,17,114,107,102,212,92,136,103,178,83,233,6,44,136,181,235,226,90,18,239,202,212,14,188,16,252,164,26,46,96,111,19,193,248,244,127,100,36,37,201,114,118,246,219,235,216,27,71,139,249,67,183,235,11,151,209,27,117,94,62,180,221,229,127,49,108,28,135,40,241,38,27,138,103,112,122,156,93,128,167,30,55,225,127,21,148,218,107,67,185,157,82,114,206,189,119,15,178,108,33,171,162,162,214,21,118,66,130,198,16,195,57,246,204,47,250,195,11,240,139,223,176,96,199,30,144,247,243,84,173,18,62,19,53,255,154,94,201,101,209,27,176,63,12,166,24,20,94,97,184,186,90,226,194,108,86,233,243,154,187,42,56,59,145,29,47,30,210,251,113,25,56,254,52,84,144,176,4,75,143,60,139,216,41,63,49,28,145,89,209,198,253,159,233,144,202,255,121,35,208,3,83,181,209,177,163,110,4,159,164,221,234,134,22,130,127,237,6,1739150192880,QBYTE | cincinnatus
56,45,94,18,150,204,38,12,197,169,5,64,95,190,182,58,119,81,166,26,197,57,229,132,103,168,60,41,223,134,118,7,45,254,134,209,51,119,20,86,225,25,152,29,11,85,204,176,123,105,73,4,39,119,37,140,196,192,32,177,160,21,232,156,156,242,187,212,247,184,42,15,127,251,252,114,25,182,4,192,249,178,162,35,60,63,0,34,83,105,104,151,250,31,27,64,154,227,149,222,214,147,249,22,231,142,125,46,247,74,64,163,254,116,171,222,244,86,182,248,75,0,105,186,108,103,18,252,53,45,29,82,18,217,72,187,79,61,208,102,238,10,86,34,235,94,230,110,217,221,222,174,10,214,32,31,51,19,122,100,91,214,157,87,219,15,33,55,180,140,8,217,0,149,134,251,150,251,235,158,43,57,131,212,105,159,85,6,145,66,144,226,240,137,233,189,14,134,47,39,0,235,0,199,86,231,71,26,217,199,229,80,142,148,169,215,29,246,126,214,44,162,134,236,114,142,30,157,142,78,62,116,172,13,198,245,46,98,127,250,11,0,58,28,138,71,72,209,117,80,1739150193952,/dev/cu.usbmodem1413101
59,118,194,220,108,17,151,183,200,27,206,180,103,24,20,47,243,44,96,204,230,233,82,4,89,186,248,241,30,88,186,205,132,153,6,78,98,14,223,42,142,101,150,192,185,235,1,90,111,90,35,142,35,107,17,12,18,38,36,79,81,139,38,144,88,220,124,183,79,133,116,173,252,68,232,240,189,158,16,253,196,145,97,177,22,224,42,211,94,208,165,84,47,83,154,155,239,189,11,161,7,2,185,71,226,165,201,39,167,180,68,55,213,137,12,93,217,85,125,218,28,197,172,30,162,180,137,176,14,193,101,198,27,114,31,19,215,231,45,246,100,209,231,214,151,77,86,35,185,225,90,167,196,57,81,171,32,168,185,191,206,137,98,87,68,160,99,187,18,125,122,183,99,75,219,129,188,159,125,249,173,218,27,139,33,153,237,145,79,187,40,248,74,167,105,172,149,20,177,254,97,108,66,233,204,105,112,165,225,109,198,115,233,63,166,7,134,102,195,91,222,187,242,244,63,28,26,110,226,166,82,76,211,74,53,206,134,241,115,130,96,42,155,156,37,223,145,159,232,73,1739150193952,/dev/cu.usbmodem1413401
56,129,182,68,149,19,1,168,195,188,254,163,17,125,232,130,208,114,124,47,11,45,200,22,63,7,55,88,209,37,124,250,239,7,11,89,149,248,90,28,23,167,150,40,244,139,107,1,171,81,71,173,190,164,208,85,226,207,173,102,59,167,187,70,227,135,219,55,196,151,253,2,243,124,1,207,248,237,173,59,250,149,156,151,187,24,28,154,230,145,243,7,79,244,124,0,4,45,199,132,231,90,133,75,128,235,178,245,0,130,222,21,23,167,105,35,243,241,80,215,5,21,73,195,177,21,49,127,139,195,53,196,138,179,92,168,1,61,217,65,4,79,80,79,171,75,163,169,11,140,141,160,54,14,204,59,60,175,248,60,107,51,174,128,51,251,127,185,153,245,15,164,185,98,154,126,196,159,57,225,143,169,211,115,233,87,105,18,230,255,223,171,223,212,75,230,83,192,34,56,94,74,223,120,49,139,198,135,214,90,11,110,164,246,111,220,118,149,163,72,113,113,57,104,176,8,65,54,146,188,9,187,228,2,80,163,47,73,24,52,52,158,90,244,127,32,171,55,24,104,1739150193953,/dev/cu.usbmodem1413201
232,162,45,139,171,230,242,15,113,237,164,190,250,239,111,201,18,114,31,253,80,42,134,32,237,159,87,101,140,219,169,18,126,243,195,218,128,4,56,94,190,8,206,233,208,37,165,52,172,78,26,65,250,73,106,5,137,17,100,148,235,235,100,252,43,50,33,254,154,255,224,88,97,55,183,95,105,132,129,99,107,89,126,0,209,192,196,97,227,78,21,119,208,144,83,193,198,67,246,204,59,82,50,14,93,213,178,53,187,89,187,97,253,247,93,72,147,228,45,138,54,25,229,49,32,146,41,152,190,103,251,78,243,143,106,57,244,136,63,36,201,153,21,1,224,195,25,35,228,87,93,216,27,137,216,6,240,119,23,83,235,18,197,237,8,93,212,230,251,145,109,236,154,47,39,228,155,232,72,161,222,203,210,94,253,222,161,33,56,131,17,242,166,213,120,179,42,228,41,92,177,67,159,244,212,109,196,102,113,9,251,9,167,232,253,207,68,4,112,50,249,104,154,75,35,197,59,207,146,96,153,24,82,202,161,38,48,21,116,194,184,11,10,231,54,175,221,177,2,139,1739150193953,/dev/cu.usbmodem14124101
104,131,18,233,172,181,217,66,89,175,213,140,188,79,182,227,208,68,253,185,152,93,123,17,202,32,138,110,189,178,208,103,69,131,71,50,56,108,122,220,133,48,243,133,64,76,22,234,185,86,94,218,165,115,165,119,186,140,173,219,128,195,59,112,89,146,133,142,157,39,150,179,16,75,170,61,224,151,161,200,227,143,243,54,90,185,126,87,92,84,20,188,134,46,85,250,199,244,72,217,52,29,16,239,146,87,16,92,252,12,10,113,128,119,104,187,75,37,80,245,104,188,184,86,63,160,75,113,50,250,57,219,171,66,28,5,225,203,93,223,41,233,246,96,0,141,95,214,190,0,19,236,42,58,100,161,213,43,183,141,253,225,78,49,25,59,127,61,93,79,14,228,107,232,192,171,18,186,11,182,174,149,148,112,195,247,194,76,98,116,149,79,139,238,166,16,126,35,71,212,54,168,211,23,148,79,148,38,97,121,154,81,229,0,125,165,205,155,103,240,230,132,51,70,156,121,124,113,13,243,69,4,229,109,122,108,25,19,82,184,149,186,155,182,247,93,187,70,12,134,1739150193954,/dev/cu.usbmodem1413301
10,53,71,223,178,135,184,140,94,120,119,237,238,135,34,213,145,72,119,109,94,155,236,67,214,37,116,84,108,156,137,204,41,156,26,221,234,22,174,54,173,170,117,248,149,207,218,232,63,132,46,23,132,65,203,156,141,48,243,253,172,209,228,194,46,83,220,100,80,49,182,73,177,136,169,37,206,66,83,116,3,31,241,78,148,165,171,81,173,188,149,103,190,226,2,157,39,176,251,78,199,194,77,43,27,21,98,164,34,73,68,49,85,208,91,150,58,186,156,162,105,82,209,244,244,35,31,137,138,185,185,67,165,243,144,47,112,231,202,140,119,251,83,240,221,43,136,22,179,213,185,30,43,52,103,12,249,7,38,18,150,45,250,106,189,225,43,23,157,101,41,142,69,109,195,205,74,114,140,199,30,20,155,53,122,151,173,69,161,80,87,15,54,128,161,218,29,210,18,107,160,25,14,4,181,187,225,16,127,78,229,235,57,85,52,67,143,9,61,212,235,9,178,191,97,178,225,125,252,87,193,74,192,119,54,204,9,75,102,58,176,102,14,165,166,246,74,208,130,26,1739150193954,/dev/cu.usbmodem14124401
224,63,199,64,243,171,231,38,27,248,55,232,99,119,216,209,224,4,63,3,90,172,203,185,102,146,36,110,220,225,194,99,174,125,100,215,93,38,45,245,28,230,199,45,3,58,162,71,18,78,166,88,80,40,25,225,213,189,122,9,76,229,34,199,186,66,99,1,149,180,222,9,232,129,62,133,138,199,181,17,85,132,183,59,10,25,117,197,96,49,148,238,201,174,91,165,4,35,30,246,43,83,188,234,204,3,159,6,81,121,6,179,203,237,168,28,193,174,36,86,166,97,63,41,177,70,106,167,197,101,233,129,58,30,54,45,29,120,215,5,80,121,71,97,156,165,220,54,184,241,73,219,156,166,126,14,185,57,71,83,147,97,81,164,65,237,182,22,75,23,53,179,197,216,234,174,120,76,12,30,20,195,40,74,138,154,211,105,121,98,73,85,108,52,99,203,127,217,103,43,32,242,146,75,204,124,8,127,184,25,165,220,141,69,37,239,168,107,29,103,106,201,20,222,94,145,195,36,36,172,0,229,163,201,22,163,89,120,190,23,98,62,216,113,65,190,210,1,112,231,1739150193955,/dev/cu.usbmodem14124301
240,159,194,52,211,131,149,238,203,249,232,183,254,208,74,11,153,207,120,38,163,252,242,131,50,136,232,121,188,124,243,231,157,206,152,195,174,17,88,189,168,47,69,204,27,41,32,168,168,144,9,233,171,109,73,103,3,104,100,41,104,74,96,47,174,193,211,204,41,8,71,41,63,202,213,25,167,72,133,224,144,123,74,137,220,150,42,34,72,144,115,225,51,70,237,96,80,196,115,4,37,60,188,70,3,116,49,102,9,139,127,125,214,209,30,72,178,146,161,232,143,44,199,200,90,15,97,73,50,56,204,215,254,55,127,188,135,214,106,23,66,216,168,113,74,71,115,140,166,9,133,188,74,16,115,39,66,63,47,192,55,107,110,58,28,176,47,80,77,48,227,21,196,88,33,18,181,170,214,52,107,250,209,118,100,92,172,79,224,39,78,192,187,75,32,62,156,202,232,208,109,22,223,135,61,162,189,86,140,211,94,153,197,211,137,119,224,225,203,98,4,108,199,37,139,60,226,233,173,201,153,0,213,41,11,229,245,3,63,49,157,206,212,69,46,91,36,6,164,80,1739150193955,/dev/cu.usbmodem14124201
161,110,87,67,250,50,81,26,104,53,236,215,28,91,35,178,126,186,104,245,71,65,87,222,164,149,150,200,45,147,113,13,103,63,233,231,101,200,8,156,90,128,82,128,91,128,77,50,47,32,232,26,154,134,176,189,92,81,141,10,41,111,140,236,111,217,212,141,151,255,250,34,103,124,74,150,54,27,250,40,137,128,222,207,88,148,120,235,209,47,77,103,136,12,79,184,3,147,113,82,240,41,170,124,158,32,104,81,109,146,86,110,9,54,22,145,79,181,255,150,76,106,248,21,127,158,220,189,65,86,19,208,186,15,164,130,102,237,49,180,11,190,190,58,60,223,114,189,156,202,50,228,52,208,107,13,8,73,213,184,218,184,31,168,93,142,36,191,2,152,225,234,111,150,40,58,224,61,186,124,24,57,111,11,11,41,96,139,90,228,179,150,169,62,247,123,98,84,79,249,85,219,146,125,175,66,245,65,181,4,87,187,240,118,120,189,163,25,226,214,25,40,133,57,246,57,194,203,20,245,225,48,154,117,83,88,11,236,213,42,61,147,104,180,216,89,168,89,221,209,1739150193956,QBYTE | funches
65,106,157,83,119,154,10,56,223,201,158,101,129,118,150,6,208,156,197,159,98,63,91,146,189,158,72,76,68,10,208,87,187,206,35,184,15,130,223,243,116,5,235,233,111,226,128,99,116,101,4,235,118,31,41,124,58,80,89,79,192,139,73,124,68,123,168,34,86,236,48,90,151,51,159,46,238,80,89,214,230,109,254,239,207,100,150,253,191,100,81,53,190,7,128,168,255,114,234,210,94,180,5,246,31,157,101,234,51,67,21,98,171,212,235,151,117,107,47,50,178,154,73,59,141,182,235,181,168,165,99,46,237,189,212,50,209,30,152,108,86,72,156,120,40,230,35,158,92,166,137,40,167,3,52,140,206,73,102,185,174,20,242,222,57,181,238,205,221,63,167,102,168,8,187,226,255,155,154,221,219,193,198,21,198,205,218,88,58,1,53,75,29,194,241,28,19,120,29,248,23,164,125,255,93,55,165,183,85,46,22,253,122,236,245,35,136,218,54,239,199,161,197,175,227,225,97,35,203,221,200,30,200,99,107,39,67,4,56,188,129,189,23,219,231,45,96,88,183,253,1739150195028,/dev/cu.usbmodem1413101
201,116,223,41,250,185,82,106,222,75,21,245,141,223,138,223,106,91,219,118,79,91,163,181,181,14,88,96,21,186,105,55,109,181,140,83,243,11,206,171,176,103,32,52,119,164,90,190,107,155,181,86,248,222,228,145,106,106,212,236,95,182,230,99,149,139,74,148,57,151,129,77,9,187,24,166,43,23,0,175,212,59,108,87,58,57,252,219,39,149,140,253,15,251,248,165,134,75,5,102,242,189,6,168,195,125,204,15,185,112,58,247,2,206,233,200,105,15,106,8,11,130,237,170,1,114,229,33,154,0,49,214,68,86,54,191,147,16,216,198,69,147,211,232,153,152,160,162,84,77,60,27,3,152,190,42,15,39,186,170,107,182,70,69,237,130,43,113,180,10,19,24,78,13,97,177,230,185,61,59,244,138,249,146,76,187,168,185,246,194,143,61,10,193,216,255,147,241,84,214,140,233,250,1,120,147,233,128,80,82,243,44,108,155,133,200,52,58,3,208,128,88,221,219,18,238,182,10,65,148,80,63,117,247,135,158,233,220,90,249,72,20,208,129,5,99,72,113,238,217,1739150195028,/dev/cu.usbmodem1413401
126,133,49,29,123,166,77,219,142,46,243,175,32,104,240,92,12,80,215,87,221,36,178,204,62,14,63,99,241,194,43,13,135,247,64,32,173,140,54,88,128,77,140,86,162,224,231,236,7,175,38,27,30,5,192,153,16,96,177,160,246,115,122,95,248,156,187,34,164,131,236,96,207,30,134,11,44,6,176,175,102,58,74,179,225,97,43,136,200,203,129,234,159,26,154,40,107,123,210,74,207,128,41,39,80,39,94,134,64,238,66,105,61,55,157,167,28,239,171,144,9,73,31,165,159,190,148,40,24,247,202,90,136,101,242,178,85,72,175,94,105,29,172,35,229,57,186,50,233,236,157,11,116,96,40,182,123,183,41,23,20,188,55,243,9,104,218,73,141,210,153,108,99,51,84,94,194,0,232,55,242,24,69,14,140,56,77,136,223,34,15,88,9,3,15,206,161,205,36,187,250,51,59,35,22,25,102,96,141,136,220,116,212,203,19,20,221,250,190,139,196,227,153,199,249,157,144,247,101,205,23,85,77,89,68,249,15,143,99,168,154,84,132,152,83,50,37,237,73,125,1739150195029,/dev/cu.usbmodem1413201
136,1,35,221,15,18,119,254,234,123,51,34,229,50,51,220,199,251,56,240,135,7,170,121,142,114,140,204,197,199,30,219,37,148,97,85,55,62,194,176,189,55,121,15,38,189,133,51,152,151,49,61,173,222,13,157,80,112,6,40,111,215,88,113,226,189,195,214,90,181,169,13,8,75,245,36,32,211,144,91,7,43,95,114,115,144,247,88,53,209,152,98,157,40,30,36,52,69,236,82,209,102,27,18,214,229,112,232,103,28,142,178,175,187,198,179,134,209,59,99,42,18,35,89,201,203,10,21,145,198,18,22,216,187,59,41,180,207,149,63,198,90,218,13,207,173,228,233,11,138,166,102,35,24,65,105,126,229,182,95,186,61,4,14,217,220,53,20,108,86,196,117,235,226,0,181,229,223,230,3,61,175,131,84,210,89,154,169,121,48,19,200,9,70,154,240,106,24,185,152,20,176,110,249,127,15,73,195,251,239,45,226,199,47,27,236,238,199,56,42,241,81,204,169,157,205,252,67,216,76,81,97,228,243,192,10,150,134,181,249,0,228,31,50,17,221,51,186,243,139,1739150195030,/dev/cu.usbmodem14124101
78,102,37,117,4,240,141,162,243,143,26,221,101,196,255,84,226,182,161,127,239,64,205,153,159,191,40,57,124,203,111,225,4,255,47,191,85,131,108,86,62,188,55,177,220,255,237,114,139,162,199,217,0,207,172,251,228,8,254,91,155,98,108,101,236,126,108,50,81,212,192,228,55,129,102,119,38,205,215,42,7,191,252,241,128,241,86,175,158,27,241,83,35,245,86,85,54,67,130,79,124,71,18,60,46,127,182,86,49,251,103,217,67,115,26,126,3,165,42,248,249,81,119,4,51,63,250,36,145,106,114,73,208,27,239,147,144,29,4,14,84,164,57,179,143,109,230,219,106,164,8,239,238,32,190,125,48,169,212,21,249,122,63,13,167,89,61,25,46,239,107,169,147,188,235,75,122,170,130,82,168,195,82,223,186,219,12,17,134,36,32,46,42,246,151,128,0,223,23,140,244,23,140,182,139,159,93,40,188,21,187,189,198,30,157,204,73,2,172,155,207,165,5,190,15,1,251,201,223,219,251,42,162,173,136,133,114,231,239,179,253,20,105,113,145,125,234,238,135,146,1739150195030,/dev/cu.usbmodem1413301
76,184,196,127,15,32,212,67,93,4,88,238,7,252,250,28,23,2,106,151,249,151,99,96,36,184,207,138,97,189,42,108,108,197,221,176,247,237,176,87,19,119,89,20,193,149,249,239,37,89,52,144,172,132,249,148,241,239,45,59,248,84,128,88,129,193,254,197,48,153,245,158,236,172,13,10,179,249,231,252,136,196,168,71,30,121,75,187,156,58,220,198,166,199,131,232,6,202,181,102,41,203,120,114,6,85,21,142,101,224,22,15,252,141,82,1,204,62,89,130,22,144,23,61,74,25,219,18,222,250,18,216,60,133,245,238,85,236,95,61,95,234,252,237,226,163,254,126,183,210,93,156,96,48,11,233,218,78,121,86,71,91,137,249,220,163,73,105,201,251,219,54,226,4,230,66,247,102,194,52,46,233,84,49,33,246,213,54,210,124,19,0,204,46,23,66,234,37,143,179,250,245,168,169,242,98,117,126,16,118,191,59,192,9,199,196,189,253,199,148,208,78,50,109,39,130,156,8,158,169,238,235,5,135,100,178,253,149,24,246,33,11,146,155,32,182,133,131,83,117,1739150195031,/dev/cu.usbmodem14124401
109,238,15,58,57,27,245,173,56,12,103,55,181,235,1,145,19,40,231,63,191,250,55,26,193,219,211,181,170,50,179,209,39,215,60,70,161,182,126,169,110,13,229,198,85,162,61,137,66,51,78,18,147,96,151,56,31,220,79,153,128,117,155,214,182,109,1,248,16,128,159,160,221,228,221,21,214,244,227,41,175,43,120,37,90,83,106,214,126,26,108,11,170,40,3,171,57,221,226,77,213,152,137,248,114,202,36,201,81,114,47,13,197,10,198,54,105,190,162,2,195,204,73,205,29,240,53,41,64,75,209,217,165,158,172,51,23,96,64,150,84,178,242,80,129,225,105,170,193,145,129,183,113,151,193,194,168,77,14,213,87,56,65,98,43,32,42,225,155,76,118,204,220,67,88,145,204,165,185,26,231,59,7,52,146,239,7,225,65,208,2,212,53,83,199,113,188,25,202,234,104,201,9,95,116,247,71,181,64,128,25,156,245,110,223,132,12,224,255,129,102,25,69,80,149,227,127,34,236,194,141,193,223,143,129,31,198,184,110,68,183,109,220,40,90,86,255,167,133,6,1739150195031,/dev/cu.usbmodem14124301
151,38,185,140,25,235,145,141,246,227,232,229,130,233,104,69,26,141,86,85,43,82,231,230,52,145,206,199,45,229,157,76,249,209,34,18,168,229,34,45,200,227,168,1,207,141,219,203,130,121,71,58,129,43,178,179,75,63,168,20,201,162,19,216,22,154,141,64,76,84,122,115,171,142,222,187,112,96,101,80,24,173,255,71,124,87,114,91,43,115,34,8,123,145,139,145,203,169,229,45,143,141,229,29,159,113,141,131,113,7,73,145,44,118,220,250,142,27,224,88,18,4,112,6,141,189,128,49,160,126,128,27,239,40,230,140,174,17,11,194,204,112,93,175,147,57,2,163,149,112,15,42,255,5,205,167,184,235,178,152,58,174,200,120,155,161,72,132,50,202,207,235,45,204,63,119,42,117,192,144,123,43,104,83,217,196,113,211,172,68,169,145,75,87,198,66,211,155,110,233,135,120,108,143,212,233,139,243,130,156,115,86,88,3,202,216,245,2,244,243,230,96,164,234,135,140,220,23,205,237,243,65,202,58,84,236,249,6,92,91,149,36,27,143,211,175,236,51,62,20,1739150195032,/dev/cu.usbmodem14124201
134,140,7,6,210,183,95,182,5,179,134,252,156,201,179,197,141,125,139,204,245,56,158,151,246,161,89,66,255,20,231,166,194,36,98,197,205,6,101,53,114,61,29,230,27,94,74,221,238,119,92,250,131,26,112,13,81,46,14,198,44,120,233,2,6,153,132,13,172,212,36,211,244,154,156,116,250,50,207,34,107,186,84,173,223,32,179,111,50,163,167,214,231,69,161,134,228,250,225,229,189,118,55,192,159,179,141,25,217,175,244,4,109,20,11,248,174,100,228,233,164,74,193,159,51,218,4,135,20,49,187,231,95,29,123,212,223,9,106,172,47,16,83,31,228,252,174,75,99,26,85,176,243,97,90,136,62,125,82,85,184,148,184,136,207,248,60,244,198,35,224,223,238,227,228,87,85,225,144,62,250,198,144,84,4,17,10,213,211,29,62,141,143,154,61,44,206,36,232,49,148,157,147,235,149,81,135,132,29,100,122,11,174,233,55,71,130,192,211,227,237,217,155,115,175,179,127,105,87,149,181,84,166,161,81,142,131,29,113,78,173,79,96,189,152,147,66,135,140,39,1739150195032,QBYTE | barbecued
26,162,163,67,175,72,115,114,186,55,99,230,206,214,147,82,81,157,65,238,183,30,247,38,175,115,183,148,94,249,224,107,131,255,184,146,88,178,186,214,209,76,74,11,185,94,193,108,14,4,94,143,168,28,86,199,44,243,2,225,114,22,192,160,34,42,105,177,42,182,73,227,140,46,42,148,90,118,99,171,154,229,247,81,184,203,250,41,174,170,247,202,139,127,176,70,188,61,43,238,158,123,6,217,242,37,49,217,244,254,92,27,36,128,98,219,37,98,112,181,204,242,75,130,21,141,5,208,157,19,180,41,198,0,76,213,227,2,216,230,169,26,129,200,9,82,233,36,74,36,138,230,192,5,205,34,95,236,110,234,150,114,90,224,50,76,53,83,95,68,92,96,153,115,185,193,71,192,157,190,224,253,215,185,170,90,18,33,232,6,240,168,119,51,127,13,57,230,38,109,115,221,142,221,119,171,115,88,14,18,123,238,146,53,47,178,219,229,251,19,128,169,100,171,245,135,132,102,72,197,55,208,232,237,209,10,254,67,211,65,92,168,135,36,100,250,183,98,93,1,1739150196102,/dev/cu.usbmodem1413101
67,125,16,29,15,139,157,44,21,115,183,56,104,235,41,125,85,39,191,103,115,180,71,6,97,200,17,176,240,11,24,63,55,233,178,114,214,218,184,203,197,202,136,89,231,99,160,194,78,79,51,41,55,24,179,171,4,101,205,34,114,77,56,10,138,139,61,22,87,109,204,228,110,103,165,8,127,119,120,9,65,35,186,86,241,155,50,157,103,244,128,154,255,138,195,187,166,69,90,224,255,147,44,246,55,32,233,18,162,176,20,5,196,103,28,147,203,59,47,139,202,202,252,123,232,136,9,23,146,173,201,249,98,75,46,220,14,71,204,234,2,44,165,244,56,157,228,216,60,39,174,67,52,39,176,111,102,71,50,232,90,56,182,46,24,8,107,39,213,27,126,242,172,204,171,95,153,241,207,242,188,161,173,13,39,169,132,44,182,147,157,176,4,225,27,36,254,198,99,207,108,207,137,118,204,64,112,133,125,7,136,208,215,92,48,58,5,252,13,40,120,234,63,12,84,33,175,5,158,151,189,93,181,247,153,217,10,2,225,180,144,184,9,78,193,85,209,68,98,116,1739150196102,/dev/cu.usbmodem1413401
197,101,250,180,176,136,194,71,24,61,128,44,209,226,56,80,55,19,183,122,197,209,2,208,206,82,21,198,64,47,25,16,9,27,187,42,2,116,167,211,81,65,131,201,247,185,175,15,213,91,0,18,95,174,150,235,238,196,28,89,87,158,209,20,167,202,40,174,60,16,102,251,145,108,212,212,202,193,55,56,77,34,47,201,14,133,80,238,58,65,18,58,56,93,144,250,237,43,87,226,240,19,79,22,102,161,192,34,168,101,77,153,217,239,30,226,97,97,27,137,234,61,69,123,56,34,42,115,112,12,7,142,127,146,179,240,132,219,138,194,219,19,155,207,253,198,44,28,82,115,26,55,182,232,67,188,250,239,217,6,184,32,151,51,254,213,9,250,146,247,80,160,98,255,214,201,63,170,161,58,104,92,146,140,43,218,121,37,253,146,52,181,117,177,138,16,44,188,11,238,175,224,151,108,83,19,86,42,81,89,98,235,213,177,86,28,222,149,124,158,129,213,221,61,115,52,7,248,126,82,16,153,178,137,41,95,196,61,149,44,53,82,181,29,114,101,147,203,181,248,1739150196103,/dev/cu.usbmodem1413201
133,207,16,187,58,34,6,34,0,230,162,198,241,27,87,140,17,93,29,3,113,202,52,96,222,8,205,218,92,234,243,107,161,132,133,55,13,63,195,197,31,43,123,185,1,51,134,9,209,208,232,180,146,49,102,254,241,7,252,230,137,126,203,63,185,53,236,253,217,251,254,96,118,249,43,237,203,92,238,174,19,247,39,108,214,125,161,224,240,186,26,174,48,189,52,178,110,41,152,48,12,23,135,23,223,101,180,190,102,149,88,82,132,29,174,200,125,74,81,240,104,197,117,178,231,83,253,153,7,254,31,26,75,157,52,128,29,57,108,250,218,169,53,211,148,109,56,0,233,190,183,29,4,208,16,169,148,240,212,46,135,237,59,134,145,129,216,20,5,31,142,237,196,114,138,90,0,99,88,137,202,33,2,97,15,61,14,144,88,180,151,120,24,83,39,147,239,189,21,114,57,96,127,207,206,250,26,164,204,248,37,201,101,137,216,128,154,64,235,28,227,251,11,125,18,143,156,63,67,91,251,24,161,32,118,18,102,252,124,1,58,227,92,195,191,81,91,137,88,104,1739150196103,/dev/cu.usbmodem14124101
123,194,218,200,2,32,0,32,170,39,187,86,119,127,116,218,221,212,30,205,29,89,122,93,194,87,164,225,146,137,107,136,225,17,45,232,149,224,238,208,51,72,161,2,49,81,12,9,104,58,178,30,70,38,30,110,132,1,200,152,204,173,196,243,141,70,50,235,11,1,113,227,84,184,121,228,227,61,197,235,203,95,0,85,5,131,242,181,198,13,223,194,67,176,44,15,199,22,80,121,74,142,128,133,16,157,25,149,177,102,110,96,184,238,126,38,35,90,136,72,221,92,198,55,220,120,226,16,190,130,159,208,115,118,171,49,91,217,32,224,82,227,205,126,139,195,147,80,37,234,40,54,77,237,167,196,192,192,228,159,127,132,46,212,112,85,145,239,200,200,102,168,210,16,175,130,154,34,111,24,199,152,49,248,44,110,97,184,121,217,5,75,151,79,152,158,143,201,232,30,62,106,172,139,75,52,245,99,19,181,236,254,237,174,116,37,142,40,104,224,254,96,144,36,112,203,29,11,103,225,42,135,202,233,178,44,192,113,36,129,207,103,92,182,160,238,57,177,43,170,1739150196104,/dev/cu.usbmodem1413301
97,33,55,234,177,202,93,201,254,232,31,96,218,31,10,185,8,103,234,236,145,141,64,80,96,181,37,136,183,114,58,184,72,34,139,155,2,196,129,13,227,254,16,135,168,191,94,163,194,13,122,224,33,63,158,150,79,30,77,200,78,122,94,254,100,30,240,25,76,45,121,35,6,59,142,66,114,160,196,160,180,76,135,175,87,107,233,102,106,158,21,35,253,233,162,210,210,161,206,173,90,22,133,53,4,250,163,140,103,94,159,76,58,230,112,196,253,214,185,143,121,34,151,191,45,85,197,205,85,227,10,105,21,5,88,45,14,144,79,30,37,175,241,118,146,41,177,199,110,246,24,65,160,44,235,195,147,206,69,19,87,39,173,150,65,89,115,177,230,209,69,40,142,213,196,242,239,249,24,216,129,167,243,62,135,209,40,111,52,172,129,0,200,162,41,128,39,155,152,159,161,178,204,177,156,193,189,38,191,134,140,93,35,182,143,110,104,178,198,209,238,178,99,97,135,131,33,227,219,190,109,72,227,195,56,62,80,169,152,232,66,161,2,145,102,255,31,14,86,65,1739150196104,/dev/cu.usbmodem14124401
161,5,146,22,160,119,135,57,45,40,235,70,122,168,182,85,158,135,63,251,198,240,51,87,90,190,182,233,144,184,245,79,10,79,44,193,99,200,199,227,131,14,206,252,252,183,141,75,228,209,254,23,88,94,183,187,143,0,227,139,108,187,232,204,156,244,41,134,54,122,89,243,5,250,15,181,101,90,132,58,27,179,164,77,248,205,105,26,253,121,230,180,86,237,251,6,207,5,114,28,137,63,124,64,250,126,155,183,255,4,38,202,234,224,21,43,182,171,239,249,63,53,119,199,46,147,218,197,214,230,106,173,110,253,22,22,98,232,114,206,120,247,164,184,224,169,127,150,37,135,50,99,204,202,103,191,152,26,133,110,251,154,240,37,109,72,245,164,217,42,22,220,93,6,150,171,145,105,0,144,65,183,41,1,72,48,179,213,109,229,229,53,55,98,135,37,156,189,49,46,228,81,131,19,8,109,125,90,96,10,62,251,121,129,177,251,237,45,143,193,157,3,104,90,65,254,16,1,159,149,176,141,97,42,179,128,176,58,205,36,157,38,210,56,255,241,163,200,114,26,1739150196105,/dev/cu.usbmodem14124301
239,29,182,244,94,246,72,233,189,51,160,127,180,91,231,97,159,225,124,211,227,58,127,14,244,6,54,254,241,106,107,83,111,252,111,166,51,130,233,123,59,123,114,71,253,196,75,108,231,93,29,234,56,158,20,117,7,47,61,67,51,50,121,203,10,237,105,234,19,105,127,5,116,134,205,164,181,137,204,215,146,58,80,230,52,234,145,14,44,150,89,112,154,21,154,154,230,144,218,111,225,11,210,178,140,164,165,114,72,182,126,4,198,132,188,200,223,181,181,217,134,4,109,152,3,132,249,139,149,191,176,14,78,56,133,44,248,22,189,135,40,184,202,252,119,17,16,252,23,50,206,51,145,167,214,223,189,97,30,172,152,16,196,161,133,151,226,151,55,250,229,124,253,87,160,128,222,105,178,79,161,110,98,201,175,168,248,31,31,171,129,130,41,51,127,199,89,40,200,162,225,92,236,191,178,79,239,95,214,120,210,206,48,235,37,22,55,118,251,192,212,42,240,158,208,98,49,222,148,135,171,154,218,177,79,101,220,253,127,134,209,148,220,129,51,93,214,147,237,191,1739150196106,/dev/cu.usbmodem14124201
77,142,144,145,103,2,184,2,115,75,25,59,229,87,250,164,246,33,227,249,217,175,240,196,210,187,127,70,246,30,221,3,208,9,209,233,70,77,39,78,50,47,55,28,48,42,220,37,237,123,174,3,85,66,54,79,116,101,116,228,3,229,233,139,201,31,18,106,250,15,51,170,38,35,69,18,101,210,139,146,115,137,54,243,15,103,218,125,126,217,10,225,14,180,56,244,165,88,136,123,229,64,73,108,30,124,40,139,249,52,244,55,19,121,105,99,69,224,126,160,153,143,204,231,254,78,223,190,208,116,42,94,214,242,133,95,187,16,82,131,141,143,216,108,214,54,84,29,180,103,69,168,246,182,211,63,33,193,107,100,184,174,247,189,156,195,122,247,221,126,44,255,111,166,19,86,219,35,110,224,88,199,99,87,229,51,227,165,196,136,46,41,95,140,128,86,105,230,210,51,19,71,224,158,75,213,149,19,244,245,56,138,114,35,254,178,166,13,187,137,195,150,230,102,166,201,173,147,92,22,61,212,220,2,97,105,170,159,213,19,2,213,55,42,98,38,253,128,48,171,1739150196106,QBYTE | qazi
185,119,67,14,146,227,40,153,79,123,150,14,157,151,37,198,244,2,157,150,237,10,248,130,62,96,170,151,97,90,240,65,44,242,121,208,223,205,73,29,19,100,105,103,144,158,0,136,61,69,57,246,80,187,136,208,197,45,244,228,202,89,255,66,5,18,241,216,105,16,150,210,220,181,149,167,156,134,218,239,202,116,45,141,230,9,64,144,73,110,90,50,93,152,42,222,70,175,252,34,28,9,8,81,203,46,230,214,116,9,114,87,191,138,184,42,104,117,98,2,81,32,136,190,71,225,139,219,247,237,148,165,141,195,48,237,86,36,90,1,68,30,25,136,76,155,164,176,84,71,108,168,82,64,38,89,83,34,188,228,28,47,119,187,140,230,163,146,241,31,55,103,110,207,140,43,105,61,229,110,225,192,35,89,53,79,11,164,187,255,80,118,126,90,235,125,180,14,68,166,78,92,137,133,147,250,28,122,226,123,125,0,83,25,69,107,119,216,4,243,122,103,23,191,102,248,34,32,41,251,70,218,167,214,204,240,115,180,46,200,148,121,167,146,136,46,247,93,243,186,1739150197177,/dev/cu.usbmodem1413101
109,18,106,8,129,103,91,115,48,220,23,86,245,40,71,250,154,190,141,224,174,219,241,4,148,4,62,27,125,190,153,183,201,227,200,3,41,120,33,50,194,120,145,147,85,229,240,167,135,76,100,149,172,6,108,173,29,42,242,13,159,250,248,96,188,26,100,219,153,76,125,61,249,230,37,151,131,209,242,95,120,116,35,51,148,137,79,121,33,144,140,171,153,182,60,119,131,103,42,232,216,161,249,48,74,163,27,27,101,42,12,4,145,240,97,14,30,226,115,21,127,191,121,246,190,216,18,122,231,14,130,93,167,116,103,94,2,234,186,59,134,240,210,107,44,138,104,77,162,184,199,109,108,142,227,84,111,106,129,73,106,207,247,58,12,145,109,164,72,169,246,194,67,164,33,135,231,38,112,30,94,112,41,46,227,71,125,134,155,187,130,221,177,72,149,130,15,121,41,238,36,67,28,197,233,155,109,153,131,146,26,77,32,55,10,48,232,171,27,234,95,183,172,97,251,183,146,102,71,234,34,231,197,100,146,90,190,86,68,252,181,217,123,44,78,19,141,229,11,201,1739150197178,/dev/cu.usbmodem1413401
240,242,38,157,149,100,198,227,247,1,120,42,42,104,103,165,114,208,103,151,181,102,133,163,21,172,10,123,2,43,74,169,139,175,205,61,55,63,223,240,137,26,115,242,187,224,83,4,174,245,1,177,74,205,75,90,73,199,99,12,67,170,129,170,45,199,199,167,116,156,252,127,134,63,10,35,157,162,149,153,159,147,207,160,173,69,90,244,218,220,110,245,76,133,206,109,189,205,9,248,174,127,13,108,131,226,5,6,87,115,134,161,178,162,120,170,127,250,64,12,141,73,39,162,168,60,55,204,183,122,21,157,2,41,84,225,202,203,124,163,5,162,18,251,66,193,129,6,235,13,78,112,45,136,69,66,57,63,233,169,29,222,116,37,105,212,243,36,156,216,35,206,52,149,215,55,9,9,170,189,45,26,44,128,214,10,28,159,23,204,253,54,112,53,251,132,200,159,193,10,165,54,39,49,12,147,215,80,13,85,112,17,22,51,6,72,74,182,140,182,195,165,176,22,64,19,26,60,228,146,8,165,108,237,172,9,183,238,43,68,93,212,152,170,45,55,70,80,165,81,1739150197179,/dev/cu.usbmodem1413201
223,60,29,170,152,65,148,253,218,53,16,27,214,225,57,123,27,4,170,228,119,152,72,153,165,74,109,223,60,12,133,37,117,150,234,125,19,179,167,218,245,243,105,5,177,159,75,117,245,3,235,135,207,176,88,186,70,232,231,29,82,192,252,233,129,202,238,134,237,158,252,60,253,13,227,62,146,0,223,198,225,70,186,251,51,39,147,97,62,62,96,77,135,241,230,70,194,21,202,35,214,249,34,189,202,172,155,195,26,212,154,225,144,48,254,145,195,251,119,125,156,175,74,122,156,74,151,73,165,232,231,167,77,151,163,208,42,187,249,134,0,203,71,156,196,48,18,222,126,152,107,46,169,198,243,207,114,83,106,165,144,8,31,56,63,241,148,234,235,172,193,92,204,106,35,60,132,74,74,169,126,142,119,60,121,235,43,82,227,62,124,177,83,69,199,101,10,43,116,228,77,245,160,55,101,21,214,78,208,187,148,27,243,61,232,141,29,193,54,186,245,38,61,179,131,170,221,214,105,116,126,91,167,173,17,97,90,84,102,43,50,213,13,36,69,2,94,9,99,28,1739150197179,/dev/cu.usbmodem14124101
77,61,158,135,117,98,253,116,164,51,137,0,167,193,101,82,244,142,25,198,46,44,26,37,22,253,10,64,29,155,136,132,124,54,4,213,45,150,177,211,117,123,77,171,2,41,237,153,186,67,194,203,9,131,133,249,226,45,205,87,127,143,68,86,178,248,6,130,166,86,127,74,99,106,115,227,181,213,152,59,72,127,139,12,170,102,64,63,31,28,238,67,238,103,54,138,253,180,166,157,212,35,243,199,75,85,116,58,167,147,78,233,249,224,44,174,49,219,6,33,95,123,109,21,43,227,69,238,120,198,180,164,131,181,230,95,91,20,9,154,5,181,169,132,53,41,13,219,76,249,211,87,169,179,143,137,110,171,178,80,127,168,191,191,143,229,62,156,45,203,250,106,154,224,78,219,202,74,24,212,15,5,106,113,86,188,210,199,229,69,147,248,206,68,186,219,118,70,95,84,78,26,225,201,209,60,230,138,109,203,247,42,250,92,93,179,18,236,170,251,187,66,209,6,71,4,16,63,7,123,128,249,48,137,63,2,73,52,183,136,130,86,92,229,188,75,156,111,42,188,1739150197180,/dev/cu.usbmodem1413301
148,87,92,191,43,115,229,85,223,224,233,28,0,80,130,28,54,218,196,208,123,237,6,57,233,114,188,168,221,76,254,56,77,159,3,221,113,154,182,117,208,53,152,58,153,144,56,101,76,235,66,165,45,233,221,224,5,192,21,144,21,242,41,170,61,234,69,169,195,187,24,163,252,174,127,61,34,166,184,101,193,213,220,57,102,140,18,125,217,143,122,41,160,109,143,83,137,61,192,229,9,83,100,2,140,142,163,89,136,218,146,85,218,26,79,56,242,216,195,34,247,77,147,57,15,13,73,27,94,71,183,252,136,84,215,21,157,189,223,22,48,194,35,189,22,14,129,91,22,118,0,25,193,116,129,53,216,245,250,11,114,41,85,63,69,232,223,132,56,208,136,116,86,41,70,168,139,116,46,5,175,239,174,110,243,126,149,152,118,235,98,29,35,179,226,188,25,241,108,227,109,193,4,53,213,58,186,251,222,74,1,1,92,18,170,238,224,182,15,252,121,139,82,17,27,169,214,106,166,117,251,153,120,5,117,116,129,238,214,93,118,131,240,226,227,72,117,26,215,232,1739150197180,/dev/cu.usbmodem14124401
222,115,76,49,106,67,92,29,170,121,105,224,15,194,109,20,76,212,254,241,149,92,179,194,197,171,74,70,103,140,20,72,36,33,244,176,142,129,163,163,42,93,108,70,215,204,169,100,133,100,20,44,233,75,140,82,54,254,253,41,47,86,56,210,50,211,254,33,113,89,155,11,123,108,200,99,123,188,181,21,31,135,197,215,127,5,29,189,1,125,70,153,180,19,93,209,7,106,2,48,130,175,7,29,222,156,58,109,57,94,66,147,88,212,94,206,69,51,65,108,216,221,98,206,209,60,63,147,29,67,138,137,161,70,186,88,115,3,163,107,69,36,177,124,134,24,76,57,194,49,168,47,122,104,184,190,58,222,157,100,115,45,5,228,47,9,92,88,175,230,197,58,34,251,143,186,180,126,24,102,161,79,186,222,204,106,110,226,176,182,116,96,17,45,236,8,102,18,51,21,239,169,38,44,115,0,200,204,5,108,215,127,68,32,62,167,119,103,53,101,196,68,176,240,245,153,0,42,223,82,145,85,131,29,223,227,88,122,218,231,83,229,239,91,99,88,20,38,28,27,1739150197181,/dev/cu.usbmodem14124301
139,187,62,200,205,158,217,201,199,211,239,115,129,11,131,255,205,209,128,34,187,36,125,25,187,214,178,85,113,62,7,58,86,121,208,96,162,71,99,20,77,0,125,17,46,98,46,147,83,232,113,235,87,73,132,182,180,200,68,156,70,234,171,3,0,120,202,6,151,201,121,131,123,84,53,122,164,249,75,10,26,75,249,228,55,86,63,39,224,115,198,52,220,187,251,66,143,39,1,149,33,244,123,221,251,98,106,180,82,220,123,53,137,109,108,63,183,86,67,131,36,145,98,134,41,215,130,78,71,201,152,216,21,230,173,70,174,26,162,72,73,58,242,186,25,136,241,226,80,29,142,97,106,16,250,32,180,71,44,182,17,206,163,188,158,142,201,199,170,81,132,129,166,106,74,179,61,215,193,35,24,38,73,57,18,115,34,54,20,248,182,182,76,214,142,129,233,136,211,96,38,202,181,102,104,64,187,34,194,69,1,152,238,179,1,23,11,232,137,204,167,154,121,107,112,120,223,198,65,183,193,185,154,186,88,66,117,41,4,180,191,75,116,56,207,93,196,12,252,202,1739150197181,/dev/cu.usbmodem14124201
119,9,162,240,231,109,188,1,68,234,15,230,189,110,53,71,68,57,126,192,250,150,22,123,155,112,189,211,244,166,195,180,88,217,181,75,162,243,215,20,111,230,38,197,173,19,186,85,193,219,82,252,227,168,167,96,178,243,227,138,71,8,132,76,168,188,203,46,234,35,110,205,193,157,168,234,88,195,188,174,64,179,16,227,104,91,182,164,171,129,204,230,41,248,33,200,70,212,112,204,194,5,53,181,42,230,228,178,24,79,135,9,254,171,14,120,251,240,225,138,107,3,98,244,17,74,136,12,126,122,245,203,218,72,134,214,175,14,178,176,254,238,87,123,90,87,110,126,171,201,123,155,194,63,63,162,79,227,71,40,148,84,167,68,173,216,221,127,222,110,16,146,157,204,148,221,203,207,154,240,245,167,102,51,2,50,74,100,227,86,96,31,92,110,120,240,153,238,11,100,104,100,100,240,12,161,95,98,200,175,163,139,154,253,105,115,70,209,188,187,178,68,124,247,135,186,110,21,220,28,57,79,248,217,46,21,197,209,152,221,86,218,126,84,93,14,91,190,35,187,1739150197182,QBYTE | pooley
color change,0.227287,3,163,153,98,6.346789
206,249,70,178,164,201,138,71,87,250,68,120,184,213,65,50,28,189,164,75,171,199,49,185,98,192,32,89,127,92,136,225,83,163,66,2,191,81,117,144,126,94,157,22,144,174,192,220,43,105,151,144,53,131,85,49,205,14,243,197,129,74,135,110,12,85,156,229,210,176,135,130,160,149,45,48,4,251,80,32,155,186,160,2,243,9,168,238,165,3,14,89,6,13,170,73,178,115,229,227,23,20,135,201,183,222,230,126,122,216,80,189,181,171,210,97,198,47,92,245,4,38,236,109,237,191,249,220,124,4,25,6,101,86,188,64,210,117,15,102,197,172,112,246,87,28,197,22,201,250,149,228,60,13,221,164,142,227,230,122,127,27,237,61,209,22,28,186,212,58,208,165,81,200,226,196,80,59,33,224,26,24,118,140,195,135,109,229,17,31,135,50,3,147,147,183,131,73,245,177,4,235,181,192,129,7,147,107,198,58,154,104,227,121,76,141,152,198,202,143,56,46,109,86,77,103,63,227,20,30,250,142,210,97,31,11,111,116,120,97,229,238,224,12,116,87,101,144,34,99,1739150198629,/dev/cu.usbmodem1413101
202,149,215,145,169,170,45,208,204,171,198,100,76,10,91,138,35,41,241,140,123,137,125,98,118,3,143,190,63,157,115,85,10,2,39,122,155,13,107,71,136,10,201,136,176,46,135,50,50,235,132,206,217,224,16,36,137,173,249,216,235,180,199,78,222,37,168,239,76,204,17,101,37,118,197,111,171,25,219,202,36,187,68,148,137,60,30,50,193,106,79,185,82,70,52,28,80,204,19,161,112,173,153,29,47,49,142,247,211,58,118,122,1,110,246,81,137,114,131,84,59,34,137,89,122,48,195,189,220,194,91,174,3,103,81,177,228,135,0,125,217,138,169,92,54,141,135,223,99,175,228,59,225,145,74,205,6,74,40,246,82,101,11,181,191,108,223,225,177,224,86,227,81,138,109,75,112,6,6,132,10,162,222,217,36,99,26,33,85,88,246,77,55,246,38,241,69,187,69,169,217,24,137,197,46,112,95,69,92,44,185,209,46,241,48,189,42,176,94,252,168,128,99,227,250,238,100,85,19,194,162,187,128,67,38,87,109,232,138,128,224,0,239,172,229,71,124,52,181,233,1739150198629,/dev/cu.usbmodem1413401
28,12,37,88,67,6,135,178,111,13,239,212,87,134,12,158,236,43,128,101,85,129,235,119,147,159,108,172,0,34,152,241,108,104,212,110,118,102,206,251,158,183,189,22,58,209,228,214,81,31,72,144,22,214,36,128,201,229,10,123,155,54,124,134,219,119,162,110,210,222,60,67,212,134,254,246,153,9,12,160,204,120,168,234,242,136,24,191,160,42,63,98,208,133,134,5,228,100,248,234,119,226,66,85,23,174,53,78,112,99,176,0,160,175,254,36,144,215,255,142,40,53,217,194,42,165,45,23,118,83,68,220,87,171,226,71,218,119,31,35,15,2,80,138,189,214,103,12,118,101,152,106,232,184,126,212,60,142,119,164,51,61,220,141,59,75,96,120,142,6,73,235,6,170,96,165,224,107,36,120,145,0,202,179,67,89,235,254,190,133,138,216,253,172,73,170,82,90,225,205,64,68,135,57,167,246,133,80,212,218,246,70,2,26,117,119,20,185,191,252,168,149,27,244,11,212,246,159,216,130,87,38,99,220,107,106,171,143,9,121,67,187,236,248,97,104,25,97,234,198,1739150198630,/dev/cu.usbmodem1413201
110,152,73,170,13,154,238,123,160,80,248,169,154,117,49,0,11,203,137,193,240,20,223,84,25,158,89,212,174,179,19,185,161,224,127,112,66,213,71,114,221,79,48,130,183,156,179,185,223,154,186,166,94,178,69,17,35,204,249,196,246,84,238,242,169,92,26,13,67,182,165,148,136,61,253,113,184,238,247,228,195,151,69,196,188,103,94,192,111,117,44,43,197,123,7,151,149,148,127,214,96,27,79,154,41,168,237,62,3,100,195,208,220,99,7,142,80,103,182,8,17,68,74,10,10,253,96,23,18,71,249,111,237,105,187,38,163,167,2,133,183,154,122,89,22,207,230,48,44,58,111,72,87,120,155,80,212,147,140,104,58,40,135,10,154,55,84,44,157,254,121,18,191,126,143,199,40,180,209,173,115,52,77,168,149,33,12,81,56,29,31,68,133,3,250,211,109,95,133,152,233,55,132,218,4,115,60,228,6,214,30,236,92,246,132,88,108,97,25,49,131,114,134,222,80,44,231,116,192,0,239,160,228,114,8,94,137,172,189,201,219,123,244,86,179,135,85,43,234,162,1739150198630,/dev/cu.usbmodem14124101
166,73,173,181,103,4,235,204,238,236,59,54,89,21,79,239,232,250,150,61,131,137,159,19,252,243,99,52,175,180,8,141,151,72,5,120,25,244,106,191,192,178,219,212,51,82,77,136,240,129,169,128,38,37,154,96,16,72,82,56,242,59,203,69,194,86,251,207,64,144,11,224,137,48,183,19,64,95,159,17,8,60,228,58,65,33,189,117,123,183,181,79,157,53,16,189,224,157,140,143,120,231,224,149,77,95,178,81,16,149,9,101,77,220,99,117,193,96,107,89,43,19,74,45,228,62,4,188,250,226,96,63,0,80,204,14,219,154,174,226,38,136,19,250,201,51,238,253,195,205,10,89,162,74,36,76,172,166,240,126,15,215,89,6,4,143,53,43,113,46,32,123,88,204,57,212,40,106,47,81,144,245,88,129,238,2,233,60,60,67,88,195,149,90,148,75,30,84,1,146,181,151,75,70,177,38,190,36,206,72,67,230,122,91,116,153,172,163,86,115,139,52,195,122,164,227,7,107,213,225,128,97,113,152,60,159,132,74,13,38,229,23,248,131,199,195,211,148,56,194,1739150198631,/dev/cu.usbmodem1413301
216,138,71,51,133,49,216,67,37,126,156,210,53,104,159,195,229,151,121,196,42,197,183,97,25,20,140,215,54,2,17,111,177,82,195,44,177,26,178,158,174,80,224,50,249,166,113,235,40,230,150,133,88,131,46,12,130,89,22,255,33,218,162,211,217,68,141,186,20,81,200,38,247,214,224,107,80,102,167,107,201,242,82,121,200,6,199,226,240,195,250,164,125,6,15,237,241,162,137,68,82,179,132,196,25,65,13,40,156,121,179,202,76,253,59,251,141,133,22,107,217,123,193,26,84,40,202,216,114,147,145,76,38,46,24,77,186,180,155,192,92,61,156,184,49,203,204,82,87,217,196,121,138,131,187,121,200,121,90,195,161,56,117,87,219,148,17,91,122,89,231,4,189,178,68,125,251,179,243,234,214,82,228,27,2,54,180,175,78,95,236,79,60,143,242,47,116,224,89,142,30,17,54,17,91,75,159,48,0,21,134,35,73,91,5,89,11,192,164,213,161,216,141,46,217,225,63,202,165,87,100,255,246,147,61,201,244,65,243,168,171,241,228,93,23,78,33,151,147,181,1739150198631,/dev/cu.usbmodem14124401
155,241,115,89,175,63,252,255,47,205,132,153,240,189,157,206,63,150,253,243,234,27,250,183,9,184,136,157,78,123,240,25,123,136,91,32,244,47,14,146,201,48,30,52,224,107,84,84,149,236,210,163,159,59,58,129,212,67,33,216,22,128,188,26,245,55,145,98,249,228,230,195,154,101,41,207,68,183,134,128,86,185,145,174,229,218,120,99,68,23,218,75,89,105,120,70,32,186,49,90,21,202,251,91,188,212,84,243,54,253,6,178,158,33,52,245,102,147,149,251,137,100,153,34,111,215,129,167,23,81,162,102,40,65,191,229,101,143,176,53,144,130,120,20,85,29,235,231,84,125,129,254,81,234,250,34,78,237,165,8,183,159,173,104,99,47,43,58,131,86,51,59,65,28,134,56,167,211,172,56,34,254,25,220,141,24,164,106,142,125,68,225,7,181,156,135,67,100,36,32,250,113,106,122,77,24,119,114,240,91,109,107,19,24,220,108,185,250,125,197,14,191,181,136,141,125,85,202,168,61,21,171,111,9,163,40,38,245,62,39,186,210,65,126,162,224,196,124,180,95,1739150198632,/dev/cu.usbmodem14124301
137,57,47,80,161,138,252,158,23,58,54,166,217,156,51,12,99,15,163,8,87,201,102,87,1,24,87,234,54,194,37,216,218,119,240,226,97,227,106,148,121,49,149,50,215,90,243,193,7,211,16,157,18,29,144,87,247,201,58,6,219,231,160,88,44,174,36,6,247,200,162,158,115,147,164,193,51,104,46,224,16,126,187,85,56,73,130,122,51,72,28,48,69,24,203,136,75,218,227,210,229,51,212,70,237,35,141,206,221,255,164,181,140,240,11,140,171,206,111,245,34,93,49,242,172,138,57,108,243,127,255,126,42,87,128,219,37,115,139,207,198,180,236,158,173,200,22,62,216,55,176,174,205,114,9,243,86,69,73,192,0,26,137,204,246,221,210,74,115,161,194,172,96,51,203,239,91,175,193,183,153,234,112,219,205,108,30,159,215,50,150,110,73,207,115,251,103,181,190,65,64,94,133,66,76,241,108,220,252,48,73,134,210,191,249,209,112,143,218,160,5,85,242,171,232,105,137,185,6,123,10,12,42,21,33,159,13,223,35,122,157,131,245,45,222,241,56,253,157,210,1739150198633,/dev/cu.usbmodem14124201
26,243,75,94,175,127,253,176,167,105,128,186,124,112,89,200,137,128,237,97,97,69,204,106,115,133,170,11,15,95,188,223,19,204,163,240,45,205,43,121,107,79,105,234,80,8,139,119,221,95,28,83,87,135,58,62,31,17,166,187,25,26,167,128,98,208,79,120,85,249,136,171,78,72,49,174,233,227,224,180,55,231,149,0,96,110,112,45,87,29,219,57,189,247,179,89,233,16,166,61,170,237,88,87,163,0,214,189,189,11,77,191,219,249,186,109,14,85,17,27,95,36,213,27,196,156,1,206,168,141,83,112,248,155,95,237,110,240,28,101,136,61,232,177,202,165,28,131,232,84,121,141,214,13,30,9,28,195,115,53,61,1,181,250,133,239,42,15,141,162,128,87,125,199,80,147,199,71,99,133,15,61,250,211,157,220,119,13,233,140,130,224,171,101,143,39,183,146,22,48,101,41,173,137,231,118,79,32,138,44,42,59,97,195,217,98,164,184,103,125,154,79,154,232,244,103,174,143,193,174,27,138,23,155,217,137,123,158,165,130,244,153,191,131,239,99,91,108,21,20,1739150198633,QBYTE | meantime
3,31,205,7,32,90,118,144,51,173,185,72,248,251,251,190,55,197,116,116,46,150,16,78,58,216,219,146,3,177,240,230,158,48,147,5,241,197,191,41,36,55,192,253,203,153,213,141,134,18,122,26,178,177,2,112,216,75,23,55,41,125,207,133,72,138,67,241,95,134,78,89,187,114,98,132,106,222,41,32,85,159,115,18,121,210,73,180,176,215,69,222,117,148,179,243,211,202,177,9,234,250,170,0,150,176,64,17,176,153,130,18,130,177,184,132,31,132,232,239,112,192,28,4,220,174,148,64,154,228,242,121,131,228,157,250,141,139,132,206,247,135,162,146,10,198,112,240,228,230,214,215,0,71,164,93,176,116,8,239,106,233,43,16,44,173,200,1,175,2,110,214,120,87,240,196,16,78,148,153,174,200,221,160,89,99,0,223,29,122,15,35,29,187,204,107,115,153,102,51,251,17,78,223,224,154,129,197,103,212,54,0,69,75,55,248,91,89,174,104,148,48,18,39,21,236,199,184,174,237,134,83,118,53,229,4,7,144,183,235,57,98,247,181,5,74,222,90,136,186,1739150199706,/dev/cu.usbmodem1413101
230,243,250,5,56,208,149,204,167,178,102,94,46,100,186,249,65,158,82,72,32,69,3,80,235,34,83,145,72,148,93,9,4,246,25,174,1,87,28,12,85,48,129,17,133,119,55,46,221,246,239,228,139,113,123,190,73,213,36,253,3,201,178,180,232,126,223,91,153,145,122,80,51,137,86,114,194,95,204,248,181,12,87,162,253,178,37,106,228,33,247,230,159,32,119,209,241,253,72,206,198,234,235,96,99,143,121,191,74,36,124,234,142,196,101,40,128,226,247,53,229,32,155,73,158,120,12,66,190,87,15,196,239,209,29,72,221,65,199,177,65,16,242,102,231,61,114,54,210,144,126,41,154,246,203,54,86,82,118,106,124,67,130,133,158,170,203,19,138,44,184,33,26,146,47,130,206,235,217,211,133,45,203,215,221,195,167,166,89,142,58,68,130,135,10,215,235,174,214,101,22,142,233,79,136,18,165,70,97,242,52,150,237,179,159,212,231,227,175,225,56,86,74,173,32,73,236,40,153,90,108,37,217,240,31,234,182,85,167,134,234,6,161,37,67,221,106,211,113,44,1739150199706,/dev/cu.usbmodem1413401
44,252,242,116,179,141,71,220,188,104,168,215,87,183,40,224,224,32,58,127,204,88,200,39,161,26,201,25,159,146,31,120,5,27,43,44,11,122,48,75,250,205,94,184,156,33,149,251,155,235,119,247,100,221,63,71,34,137,237,229,180,36,47,136,150,128,77,56,134,91,167,169,238,103,90,23,82,171,39,233,208,28,208,229,70,106,112,141,130,41,123,229,198,13,130,176,2,23,254,125,41,135,187,118,197,220,109,38,157,217,76,3,177,161,10,109,81,207,152,31,88,217,210,77,208,161,160,37,86,115,134,210,203,222,76,39,151,151,82,214,119,230,219,144,225,228,82,186,65,225,188,155,92,158,56,57,13,230,13,253,98,11,68,169,117,32,165,151,66,136,39,47,88,88,179,40,102,147,101,89,49,106,220,249,130,39,95,26,232,130,57,191,242,139,108,21,131,32,45,114,233,217,245,217,75,242,90,31,2,175,112,51,158,234,72,159,244,142,38,237,213,25,163,109,54,116,119,61,180,217,179,41,132,135,119,98,66,34,49,60,197,73,238,199,152,244,88,35,118,115,1739150199707,/dev/cu.usbmodem1413201
31,68,106,212,228,129,151,46,198,30,220,250,222,22,173,58,172,193,123,72,0,145,226,160,40,101,200,196,178,207,23,115,56,251,197,23,227,94,37,137,123,47,236,238,34,247,28,20,135,148,163,123,49,43,8,69,1,233,12,75,221,202,234,249,48,178,94,95,202,154,82,187,130,128,87,156,209,193,120,11,185,205,59,144,183,72,217,113,32,159,193,91,120,56,66,247,75,232,175,127,173,59,53,43,195,48,0,188,68,51,91,244,78,232,164,156,40,2,205,165,69,61,201,93,25,135,109,142,103,238,208,6,48,8,20,173,222,209,40,143,41,204,102,102,103,38,227,47,40,32,122,171,77,75,211,179,153,83,167,229,21,213,149,100,189,140,239,102,217,88,102,142,111,33,139,132,80,11,85,239,250,17,110,190,99,64,83,12,130,203,100,243,128,81,202,50,48,45,242,163,43,245,201,203,203,61,4,85,56,3,137,34,8,26,77,241,206,43,228,97,44,148,113,173,185,210,53,245,88,88,89,219,178,241,27,32,77,81,108,249,162,226,5,116,236,204,146,57,194,57,1739150199707,/dev/cu.usbmodem14124101
225,43,138,158,90,131,56,230,230,66,123,41,113,233,139,110,139,127,112,88,31,124,44,241,139,123,52,124,0,154,34,129,72,216,253,160,41,135,124,208,51,210,170,43,213,230,50,164,110,84,102,106,189,234,15,90,20,184,214,141,6,202,13,100,150,112,105,106,168,212,143,137,42,5,18,220,42,44,206,234,235,47,125,39,222,173,22,167,19,96,145,240,219,53,168,193,39,207,48,37,135,8,143,220,111,129,161,193,234,2,122,130,214,10,48,252,189,142,70,114,194,22,220,121,210,7,41,76,251,206,62,112,167,186,230,217,218,47,45,120,152,14,253,16,27,209,96,188,126,234,32,57,57,43,119,215,162,130,91,3,178,217,32,57,38,22,140,142,18,20,104,150,149,35,248,56,17,53,213,241,29,105,155,54,247,74,56,136,146,223,134,250,104,174,249,245,129,45,76,239,115,35,192,219,55,60,190,54,122,147,143,242,49,233,79,156,200,5,84,132,67,17,189,91,88,156,188,131,125,54,64,4,119,225,253,85,209,71,132,247,140,39,9,134,38,229,42,246,39,41,1739150199708,/dev/cu.usbmodem1413301
89,166,225,240,176,240,232,243,76,156,21,127,83,0,215,237,245,217,252,226,33,94,116,190,43,251,247,38,183,197,197,157,127,163,202,171,95,151,131,33,95,141,44,1,12,136,151,70,212,180,110,96,15,124,171,167,27,64,77,116,87,122,140,238,121,33,101,251,57,61,226,203,145,121,18,149,34,26,47,141,186,57,200,23,154,154,74,102,17,233,151,121,226,17,56,124,120,103,132,34,1,182,226,248,110,166,49,241,152,65,44,52,73,199,215,86,78,218,91,20,36,149,77,130,112,181,8,247,3,220,75,46,111,214,102,103,59,109,155,237,148,85,248,135,22,185,39,177,12,207,44,64,48,179,62,171,208,25,115,22,163,175,223,187,238,166,191,109,155,155,159,243,157,156,129,77,177,211,103,142,121,131,201,111,26,49,185,228,4,58,223,141,252,54,127,234,77,114,148,212,123,133,52,150,213,11,143,219,163,2,227,111,90,205,91,188,154,25,59,150,136,0,153,178,135,244,225,182,254,5,223,83,204,140,183,162,78,74,32,252,196,252,133,185,46,50,120,71,144,121,1739150199708,/dev/cu.usbmodem14124401
18,75,26,91,126,117,193,178,190,197,0,242,24,53,154,235,129,214,13,88,253,104,179,18,4,68,106,92,196,192,84,224,22,79,141,86,211,120,213,218,136,3,104,249,210,35,217,87,71,15,184,162,234,142,163,73,125,205,171,1,156,28,0,211,218,117,169,22,250,241,206,228,199,138,179,172,232,170,136,126,238,59,61,215,250,147,160,116,165,163,8,49,125,175,199,111,77,114,90,175,66,250,195,57,18,62,101,124,131,122,86,42,40,238,28,176,111,174,56,235,192,195,162,243,67,231,117,81,31,171,75,81,51,229,203,124,88,116,247,128,184,241,220,87,13,204,160,189,80,51,80,133,79,204,2,57,189,78,148,179,47,39,113,183,121,45,230,252,63,37,190,114,200,23,41,116,111,55,228,154,76,253,184,0,132,9,39,185,66,90,92,15,53,146,226,2,194,183,58,18,82,107,97,190,113,226,39,232,58,152,206,112,36,166,38,216,28,252,81,53,249,242,32,131,41,95,104,24,15,3,217,74,14,34,164,101,86,247,12,191,230,65,21,79,135,255,224,145,166,4,1739150199709,/dev/cu.usbmodem14124301
151,75,179,26,57,148,164,47,10,1,151,131,41,93,106,151,228,196,181,140,34,113,249,181,145,5,142,112,250,129,154,31,94,96,127,150,221,169,31,64,18,33,114,215,53,70,234,230,71,143,166,13,16,184,167,199,83,110,240,106,50,41,124,170,31,25,110,140,122,59,178,121,39,0,252,13,191,80,154,167,254,141,185,223,65,243,128,33,149,24,182,81,43,227,194,202,159,164,93,25,129,127,134,129,58,221,222,186,92,149,67,231,238,22,253,88,192,69,19,18,193,251,245,173,99,98,216,85,219,179,246,221,25,218,228,191,234,16,0,118,29,33,14,167,169,72,240,49,27,177,13,248,64,122,135,160,92,32,36,84,153,230,203,219,180,238,9,255,118,95,31,45,155,131,204,77,95,167,66,38,109,133,81,7,172,254,164,164,205,198,99,67,34,125,189,138,132,96,41,229,163,210,103,86,97,17,242,162,127,53,107,120,7,127,201,123,103,5,152,195,172,142,85,38,176,96,124,254,214,175,163,72,46,119,152,34,68,196,15,101,252,5,159,123,210,201,251,98,110,138,1739150199709,/dev/cu.usbmodem14124201
235,217,109,141,226,20,134,38,240,115,82,28,76,191,104,98,33,14,83,101,35,33,43,113,109,68,174,168,239,102,140,7,216,114,161,91,96,119,131,140,6,152,111,190,206,51,253,31,253,251,87,215,36,150,238,191,147,165,18,246,188,223,69,179,44,251,68,198,155,245,208,196,191,234,118,149,116,39,73,132,200,226,254,253,138,21,185,182,196,114,176,111,59,233,145,125,230,182,27,116,237,151,231,161,218,23,127,194,142,251,170,116,170,9,117,31,186,20,124,255,111,191,90,248,9,199,217,22,41,36,99,187,117,176,119,69,74,170,120,69,65,54,58,101,194,213,164,210,102,16,63,202,141,74,72,4,225,102,76,111,198,195,61,182,127,216,149,3,126,11,193,108,14,151,123,166,120,75,105,63,165,12,31,110,160,75,169,30,55,196,14,16,110,145,185,12,161,178,164,75,214,172,105,39,26,131,158,110,160,182,50,18,118,245,86,193,175,250,101,225,203,134,219,6,252,84,32,139,129,169,229,209,2,139,224,28,51,136,234,121,230,80,187,40,111,78,55,209,50,2,1739150199710,QBYTE | unconcious
207,195,151,86,221,218,80,153,91,249,87,178,45,127,221,181,157,236,105,169,181,119,157,183,132,251,185,118,163,201,152,93,220,46,88,194,64,203,239,203,148,96,87,90,167,207,60,107,45,65,38,216,172,195,61,167,152,25,76,2,121,92,83,84,170,109,250,172,122,141,210,212,152,52,244,187,24,218,173,83,43,173,153,189,22,203,251,102,73,99,126,166,12,50,71,203,205,4,207,116,104,39,38,32,66,247,170,245,233,106,141,71,105,16,244,69,45,39,43,140,235,82,88,151,205,21,42,110,35,0,225,196,201,255,157,117,108,81,16,112,82,235,95,157,207,243,24,48,39,35,92,20,91,46,182,135,89,120,186,243,219,223,123,16,15,174,66,24,33,161,204,106,222,63,3,35,129,119,123,236,236,37,112,10,62,154,220,22,193,101,146,172,198,160,100,194,71,167,89,144,240,0,170,165,109,140,29,133,198,197,190,247,223,89,171,236,139,254,251,191,177,181,172,79,178,185,51,56,166,96,169,67,132,0,86,215,238,155,238,234,3,172,77,176,88,238,180,206,1,25,1739150200782,/dev/cu.usbmodem1413101
99,156,112,122,93,89,60,116,208,169,248,90,140,42,51,23,79,53,149,143,68,157,58,2,186,131,70,181,150,244,67,2,225,129,252,123,147,140,214,225,77,64,9,122,38,129,148,71,178,13,146,197,221,214,11,78,54,228,209,64,179,92,93,41,45,156,43,160,7,253,45,211,210,136,195,16,50,90,88,54,204,88,205,182,56,188,54,98,147,153,107,121,243,149,59,236,6,62,197,128,82,55,203,207,121,72,195,81,251,171,113,163,49,105,226,72,25,16,46,32,146,76,121,20,150,156,76,177,221,131,169,0,66,49,122,111,179,240,203,35,23,164,224,6,48,169,81,151,215,174,83,176,197,50,42,252,34,53,50,28,24,137,220,212,211,95,131,186,236,14,83,64,118,24,126,15,142,173,133,96,4,63,234,101,236,136,125,195,87,107,114,22,79,66,199,183,162,252,207,104,157,243,8,81,80,40,211,5,173,85,157,241,32,68,85,16,241,241,147,167,186,116,92,128,135,229,2,68,87,46,60,133,54,55,36,109,237,80,92,142,147,166,54,56,124,143,255,233,182,122,1739150200783,/dev/cu.usbmodem1413401
48,3,96,5,221,54,156,158,136,136,78,165,79,246,225,32,215,78,131,135,59,169,213,137,109,99,142,87,73,84,171,43,35,110,49,120,28,230,176,226,188,9,218,116,101,16,121,51,204,109,101,37,130,177,250,111,75,27,154,152,114,78,255,148,131,100,95,198,1,124,20,207,239,52,155,155,51,172,146,31,92,55,148,132,4,208,97,85,180,169,5,39,77,5,221,65,150,186,236,191,104,73,123,227,229,192,88,69,150,180,238,221,117,143,46,67,219,224,221,218,115,156,239,196,234,67,64,154,200,252,25,103,240,162,134,174,76,11,210,233,106,102,149,119,5,190,66,62,215,238,34,104,41,220,245,213,145,2,133,53,43,214,3,246,175,221,131,84,170,141,161,155,169,2,40,202,73,8,206,218,32,246,71,132,157,7,202,133,148,213,106,252,174,3,213,222,151,110,203,3,209,116,144,0,173,3,222,163,155,118,252,50,142,212,50,75,47,133,159,243,216,140,221,226,170,117,108,58,29,205,147,30,114,80,14,134,72,103,246,167,246,220,108,103,80,28,242,53,19,124,1739150200783,/dev/cu.usbmodem1413201
14,191,144,81,247,156,75,157,69,25,76,95,11,216,78,69,63,206,151,198,25,182,219,102,35,79,239,13,228,116,158,113,33,91,37,179,71,168,71,235,86,185,170,127,217,102,19,108,106,87,218,64,147,91,22,217,68,179,238,239,128,100,111,52,229,224,101,117,109,61,138,186,142,138,129,194,140,76,229,11,139,18,201,223,142,200,112,128,104,220,203,198,51,155,35,138,54,133,207,131,138,135,158,196,131,125,45,177,41,81,252,118,175,152,134,244,34,9,137,100,99,110,243,83,59,61,131,68,209,237,201,231,225,155,184,184,50,221,81,214,19,109,141,156,47,83,108,107,171,87,58,132,170,117,169,211,40,178,182,183,159,73,60,248,78,150,234,3,38,93,45,10,105,49,165,193,52,33,121,238,213,125,62,129,195,245,140,76,225,93,147,120,98,66,57,27,119,181,60,73,62,143,22,148,108,93,80,53,254,229,68,207,109,224,75,189,121,40,9,117,252,239,116,55,32,25,162,155,115,209,53,117,39,3,218,17,16,15,32,42,248,229,46,207,138,2,175,151,123,2,1739150200784,/dev/cu.usbmodem14124101
114,93,46,47,254,38,248,108,167,141,158,19,165,54,30,183,251,16,95,39,119,110,138,246,69,38,245,98,249,189,84,248,159,136,60,107,75,175,224,56,233,186,132,76,149,228,253,80,208,111,49,162,201,189,62,220,109,35,163,201,122,85,5,237,159,110,167,212,67,69,19,184,18,159,204,18,153,196,188,210,105,237,54,23,2,15,200,190,226,38,222,58,61,178,206,255,218,185,113,80,82,62,185,92,155,150,183,46,25,56,243,205,84,121,66,125,97,205,186,7,53,38,126,38,21,115,180,173,96,76,28,217,54,241,135,73,230,224,57,98,99,205,36,241,238,105,182,255,206,91,209,215,156,188,245,228,65,123,87,131,157,227,118,125,196,177,223,152,130,44,150,81,129,199,251,78,195,143,71,246,60,70,184,81,181,249,242,11,236,112,206,192,11,116,144,237,79,255,167,88,88,234,161,183,186,98,195,182,215,218,64,22,20,22,229,211,0,155,246,183,133,224,185,240,75,2,39,118,184,240,69,185,9,149,83,94,14,86,87,241,69,99,88,155,31,233,117,223,142,46,1739150200784,/dev/cu.usbmodem1413301
42,159,158,192,191,128,239,159,134,217,70,246,77,66,226,105,36,73,192,183,219,181,75,211,188,9,58,26,55,140,150,97,138,34,93,164,2,250,9,45,246,35,243,71,77,55,103,15,90,37,144,183,67,127,137,24,218,9,223,58,74,8,38,47,122,255,36,1,30,10,100,106,184,58,91,140,150,117,55,254,4,44,108,236,59,175,17,91,204,173,32,101,247,137,123,140,132,213,154,63,115,161,183,29,95,209,156,202,75,105,130,70,62,23,90,24,14,225,43,61,28,113,235,110,139,234,22,132,132,186,17,177,186,240,3,118,169,232,75,162,228,140,132,107,51,101,78,83,124,64,177,104,249,229,217,111,20,212,110,168,191,110,51,116,141,165,247,202,156,50,72,254,163,83,5,149,225,64,104,159,160,234,183,31,209,50,218,254,116,111,183,20,1,59,174,174,103,144,16,85,241,68,26,3,222,75,26,148,202,191,251,87,177,176,55,82,130,242,171,6,148,77,93,45,239,86,94,98,9,135,64,220,211,7,78,145,148,22,129,209,5,176,54,27,2,37,32,39,206,41,1739150200785,/dev/cu.usbmodem14124401
80,135,34,60,93,112,218,60,1,76,94,163,125,177,82,38,94,117,233,235,239,111,72,254,130,124,13,86,168,128,221,250,158,122,225,1,46,202,157,16,167,121,142,154,105,169,95,242,113,29,249,142,61,38,148,223,198,170,190,193,219,163,129,38,78,216,237,189,87,5,59,109,136,147,252,43,160,199,24,174,41,48,139,53,249,253,127,56,211,199,211,208,114,116,202,34,228,246,151,196,226,183,223,119,111,227,75,152,60,145,115,170,227,67,173,13,144,248,174,102,198,241,36,116,176,170,140,214,68,195,255,180,56,146,63,68,151,210,85,230,219,63,11,93,114,123,3,131,223,9,135,11,163,41,186,244,244,42,66,245,37,153,89,225,241,58,95,206,52,175,127,30,92,118,152,230,34,15,240,21,67,70,186,57,9,92,178,177,242,13,10,13,184,242,17,253,213,135,132,78,145,243,220,181,138,242,89,175,70,176,91,82,38,211,130,86,146,198,215,49,207,194,66,210,191,60,146,199,94,94,254,197,122,93,246,9,117,17,77,190,39,154,59,163,138,48,83,5,54,128,1739150200785,/dev/cu.usbmodem14124301
241,179,107,37,223,250,149,138,130,53,157,121,198,116,11,182,210,111,17,150,25,24,152,108,148,134,107,251,196,31,235,147,235,107,66,46,195,160,141,217,120,126,121,169,151,98,64,62,6,128,37,192,196,195,157,50,60,61,133,53,126,44,251,99,165,200,61,107,175,216,99,150,139,95,104,202,63,244,110,230,138,40,147,60,47,10,238,253,221,188,157,88,197,207,246,45,231,214,75,28,117,33,165,46,35,189,248,155,135,101,89,164,155,122,251,122,107,245,56,235,228,195,255,172,168,17,88,34,189,238,246,37,126,3,241,90,172,71,23,217,74,13,226,115,95,44,79,135,33,95,158,145,124,212,254,193,202,51,255,69,183,56,40,177,14,254,198,144,173,166,81,30,61,226,64,158,211,252,34,162,122,169,194,8,61,180,51,227,173,6,165,108,75,208,243,28,2,41,217,110,168,240,34,240,67,86,99,246,102,235,65,65,70,132,144,79,155,18,109,128,40,32,156,208,194,67,238,70,252,6,145,172,183,61,188,51,128,131,190,102,174,48,49,115,84,49,161,71,252,222,1739150200786,/dev/cu.usbmodem14124201
107,21,238,142,105,5,227,171,228,236,182,45,182,202,228,137,105,26,143,138,137,89,184,237,159,129,55,76,58,179,26,245,95,33,114,146,44,54,55,255,243,14,174,19,27,32,71,224,196,161,118,35,19,216,100,118,236,232,174,50,173,248,199,90,239,244,184,188,180,163,78,91,130,107,46,141,5,226,127,21,254,9,75,162,75,56,148,241,38,127,107,233,252,185,11,144,54,73,30,127,110,215,124,208,213,27,132,183,68,129,181,202,144,57,240,168,89,255,86,165,98,137,115,132,12,213,211,220,250,73,156,189,80,103,147,45,213,234,104,147,42,55,238,196,37,236,211,90,192,121,110,109,167,17,168,195,169,75,63,246,199,229,172,147,139,106,25,249,198,104,227,20,43,20,214,132,161,207,180,102,184,210,148,21,220,195,78,187,36,146,207,139,188,206,147,18,250,65,139,159,18,165,97,145,81,119,163,109,51,61,58,169,217,216,71,146,167,31,25,158,217,237,99,197,102,27,250,72,140,125,89,161,240,150,241,216,52,113,65,17,87,74,93,112,61,178,177,63,85,68,1739150200787,QBYTE | discernible
109,122,204,71,97,14,182,253,33,1,68,56,107,38,246,24,23,14,83,13,255,204,72,4,17,196,156,48,25,81,240,26,0,21,111,121,232,236,161,71,211,102,149,69,39,156,33,169,84,251,175,121,113,88,209,240,83,12,255,230,243,7,247,93,126,236,210,231,110,194,60,103,3,203,78,24,239,247,143,172,135,88,232,159,194,88,182,227,211,174,101,37,147,255,114,183,201,143,167,67,138,132,128,30,148,33,83,60,172,190,189,2,49,58,32,60,70,222,159,74,13,159,82,221,156,29,66,99,12,155,81,53,245,200,46,61,209,62,169,162,218,184,194,169,197,247,146,11,220,41,51,56,193,199,116,56,22,97,83,95,155,80,6,249,41,40,201,5,63,8,239,53,147,127,145,53,112,47,146,94,239,178,197,117,70,20,6,146,212,252,227,136,93,54,203,166,251,89,61,20,27,90,162,79,213,75,132,99,218,211,35,64,43,161,83,241,2,206,228,54,55,252,173,57,183,174,90,63,215,233,105,38,241,5,82,18,24,202,213,86,79,164,88,63,116,245,105,160,0,195,1739150201859,/dev/cu.usbmodem1413101
150,99,136,136,115,60,14,85,99,89,225,206,179,176,158,8,51,88,168,182,22,27,153,151,195,197,67,248,47,81,58,95,14,65,60,59,49,31,132,118,100,224,161,4,119,132,238,151,226,146,88,246,1,8,67,103,198,169,130,150,121,240,83,147,250,107,158,72,144,60,246,39,86,92,107,178,53,252,89,189,148,141,238,131,236,237,131,129,91,12,110,212,73,109,222,207,129,246,221,246,157,9,248,144,89,202,161,16,152,149,232,127,220,165,120,147,101,17,77,160,232,161,222,81,88,197,95,9,52,207,98,3,251,244,178,199,223,85,18,196,8,99,253,118,253,172,219,77,175,212,64,166,79,107,147,108,12,19,174,80,92,253,19,95,108,20,53,146,53,75,150,253,236,119,155,114,203,56,138,77,81,120,56,251,177,0,238,147,186,100,218,109,190,253,246,58,18,209,8,163,149,229,247,64,207,104,157,250,38,226,158,83,61,250,249,73,84,228,107,55,251,8,131,207,213,60,180,175,133,155,135,60,29,167,47,192,246,27,169,141,17,7,184,8,143,179,33,195,113,22,1739150201859,/dev/cu.usbmodem1413401
143,86,130,232,69,21,123,243,112,228,25,219,187,167,165,170,239,96,202,142,128,163,52,87,67,147,131,114,110,151,216,193,135,139,121,6,227,103,175,241,114,98,238,189,104,235,49,248,153,72,248,26,38,120,85,12,210,50,116,123,175,8,103,182,74,166,221,181,75,222,124,91,46,70,135,90,247,174,46,70,22,106,1,33,178,127,28,125,64,12,34,112,110,26,205,250,125,17,253,15,223,26,188,175,59,241,224,232,186,30,252,167,172,247,118,122,174,122,163,6,123,252,95,21,188,81,16,4,82,74,146,28,8,186,196,211,169,89,143,120,184,114,229,196,139,9,235,180,65,230,34,86,142,108,46,9,218,102,112,158,215,87,232,94,48,29,83,164,65,23,105,156,0,19,198,212,92,142,12,49,123,188,108,101,26,219,167,142,149,203,180,189,239,212,214,0,177,198,173,38,11,95,40,255,78,91,74,129,97,43,167,158,114,91,43,231,196,113,68,169,48,215,183,243,28,246,235,155,171,162,97,32,182,3,57,104,196,107,165,234,181,164,216,54,47,177,37,157,114,167,1739150201860,/dev/cu.usbmodem1413201
51,214,210,252,201,218,72,238,60,82,199,50,201,98,204,6,213,25,103,76,90,110,28,57,216,106,166,122,27,57,101,249,80,20,103,96,83,108,164,66,109,2,146,56,185,43,158,230,78,202,63,111,249,172,47,252,10,10,138,29,172,218,151,208,79,255,96,19,52,187,238,197,227,65,1,22,153,26,23,7,125,38,157,251,66,165,241,137,204,112,147,139,223,188,196,66,141,157,50,132,46,216,226,26,54,239,136,105,81,207,119,83,95,100,184,212,168,208,25,29,11,125,39,163,74,103,233,108,107,81,194,92,210,87,78,184,134,24,193,100,63,135,88,171,15,86,66,249,158,81,71,29,87,144,30,181,121,26,85,54,63,127,244,111,16,22,218,43,148,162,128,111,184,54,71,176,216,36,255,177,141,9,225,150,146,193,41,186,236,21,5,77,7,224,60,166,171,191,52,235,166,192,173,184,11,126,174,208,17,238,221,171,154,136,167,243,132,51,254,191,39,212,151,135,240,9,147,158,71,252,165,10,56,119,198,144,179,32,174,167,194,55,199,244,30,45,134,99,245,119,1739150201860,/dev/cu.usbmodem14124101
28,19,112,148,212,50,246,227,23,216,225,6,157,255,90,84,189,45,169,146,124,240,44,193,40,44,101,30,78,227,124,187,234,111,230,108,144,47,167,43,41,232,36,46,69,213,156,144,149,99,212,203,113,154,194,177,127,235,161,203,162,33,54,186,167,182,1,112,23,58,191,5,198,239,167,90,75,125,23,217,58,229,199,183,220,49,73,75,78,177,170,123,163,67,194,233,222,240,99,64,156,99,114,219,148,134,47,168,133,88,128,44,247,31,56,102,202,52,92,58,30,8,163,65,246,31,160,74,99,115,112,48,83,20,60,218,4,70,225,68,145,89,229,83,82,230,155,93,129,111,42,16,229,252,205,231,254,138,80,150,106,211,64,167,106,135,66,207,117,156,209,80,154,216,87,108,115,14,3,17,95,110,30,165,126,176,39,186,96,254,39,127,43,16,233,191,255,240,203,159,219,193,159,107,193,126,208,155,232,212,141,202,190,79,21,204,0,121,104,157,150,43,163,253,234,31,216,249,8,50,205,147,44,3,124,123,56,5,10,207,58,127,185,143,167,20,130,222,48,143,1739150201861,/dev/cu.usbmodem1413301
100,131,166,221,51,128,253,47,231,65,64,37,147,106,90,110,216,175,220,62,10,6,176,94,64,28,5,40,45,40,132,108,3,155,214,51,203,178,206,253,15,133,142,110,149,154,52,30,124,30,33,216,52,81,117,169,46,59,125,137,130,89,200,227,214,206,110,117,101,200,231,93,135,157,130,239,33,166,233,108,27,64,185,157,25,6,245,78,91,215,115,155,129,90,108,247,59,190,197,50,12,26,194,247,122,18,220,241,100,228,74,176,160,128,94,103,23,90,128,81,158,222,84,36,150,148,136,165,255,131,80,36,101,174,223,62,90,36,81,79,198,222,17,157,139,207,141,78,91,247,20,104,247,95,52,142,235,73,207,6,53,228,81,184,243,150,225,43,41,236,38,69,73,35,80,112,113,68,57,249,32,42,123,255,25,149,241,78,64,14,191,190,12,68,70,174,206,61,20,136,35,76,216,19,106,214,124,56,116,77,159,166,255,135,235,99,69,29,86,116,206,115,12,106,38,222,17,73,21,45,29,187,61,176,104,52,200,65,92,67,228,219,59,155,43,169,182,223,108,89,1739150201861,/dev/cu.usbmodem14124401
19,74,239,51,235,50,138,18,95,39,237,54,229,195,101,200,193,21,81,13,53,91,145,174,177,112,251,226,25,253,173,109,10,231,155,230,229,164,245,58,170,47,225,91,76,161,152,46,234,99,127,215,155,37,70,70,1,229,240,189,143,202,12,70,20,183,134,27,53,106,242,226,9,202,186,148,32,70,66,106,187,102,1,65,69,235,106,243,24,117,222,37,196,140,217,155,219,97,232,56,185,57,199,182,228,58,88,208,162,255,99,224,53,79,83,37,226,115,69,37,241,62,173,16,41,21,20,186,112,67,187,233,34,234,215,118,65,20,151,20,146,140,17,0,230,147,178,3,227,177,119,165,99,200,82,82,12,20,155,147,168,186,208,168,241,21,119,51,87,31,2,160,98,60,116,102,44,134,94,104,164,57,153,100,18,94,33,84,52,28,150,155,64,196,7,183,247,61,164,42,140,84,50,175,141,126,103,144,53,173,101,17,132,247,215,232,167,42,188,178,101,81,252,215,119,59,121,77,58,59,33,210,194,117,176,183,16,63,30,190,155,147,147,164,19,180,22,140,59,180,1739150201862,/dev/cu.usbmodem14124301
240,87,78,61,223,150,144,143,17,128,166,207,118,151,205,9,138,20,59,118,27,53,159,163,113,93,68,137,88,37,60,85,124,71,68,129,118,211,38,6,88,8,64,49,16,245,59,181,69,171,149,113,97,76,59,210,29,184,15,55,193,163,236,178,221,231,243,25,129,14,26,20,175,41,225,83,109,157,155,119,106,214,229,50,176,32,161,244,137,25,71,5,119,24,106,156,58,95,134,250,79,106,93,68,230,193,131,114,4,249,57,2,123,97,78,156,185,214,51,204,155,51,211,49,101,197,54,39,31,189,109,126,46,160,62,9,7,61,134,176,109,110,147,235,129,104,89,68,153,224,199,174,179,59,105,162,74,56,42,205,162,24,87,107,58,155,60,16,242,106,202,4,66,135,13,193,224,234,85,244,224,176,142,192,49,46,222,32,27,95,109,180,226,248,86,225,55,88,50,214,215,18,100,169,211,215,172,84,232,226,36,109,65,122,204,126,242,183,135,207,238,170,244,114,16,121,23,96,130,67,25,135,163,206,86,64,184,154,41,187,188,204,155,255,104,234,214,40,170,148,1739150201862,/dev/cu.usbmodem14124201
220,20,99,156,77,235,154,228,176,208,145,197,55,146,169,71,48,172,73,174,107,130,107,111,225,229,37,157,97,189,30,146,70,159,162,28,161,18,148,104,124,172,67,238,13,195,107,53,39,94,47,79,16,38,34,235,0,16,160,222,231,52,74,5,57,246,235,14,71,13,232,112,127,1,221,148,147,191,200,248,136,140,0,159,238,147,175,148,128,212,250,202,250,185,184,217,188,133,125,142,128,101,12,229,44,154,178,86,152,64,78,247,7,189,237,185,163,174,194,115,127,100,125,126,30,181,238,112,242,65,149,245,238,33,28,10,57,97,84,213,253,75,244,149,2,214,29,95,12,131,152,166,149,0,21,113,234,225,246,105,122,16,159,75,55,168,157,223,38,243,175,138,52,109,245,152,241,155,218,231,115,178,2,131,59,91,79,181,24,245,235,251,142,151,41,125,2,89,229,145,128,235,193,54,170,7,154,175,205,34,148,54,122,205,195,149,6,145,48,131,8,84,169,176,37,238,49,8,27,75,194,77,18,222,112,146,193,123,22,31,208,203,117,186,61,57,31,56,59,243,1739150201863,QBYTE | griezmann
105,245,56,75,73,228,154,134,134,157,187,67,212,252,126,230,255,169,235,225,202,66,77,184,201,192,105,9,94,42,42,117,107,150,189,201,65,248,151,105,114,163,87,155,120,86,159,82,92,13,103,159,162,0,20,97,184,253,146,30,20,116,129,114,115,2,67,250,161,176,18,77,84,155,196,142,105,139,47,123,64,235,76,221,16,49,250,71,41,144,129,38,87,51,211,15,99,15,0,146,224,117,72,157,244,214,109,93,0,61,64,96,134,218,107,218,185,12,174,31,145,211,168,163,230,93,175,150,143,32,68,186,132,54,138,148,185,206,102,221,106,161,208,49,84,153,138,237,206,58,242,49,48,111,242,120,186,90,49,188,137,88,15,68,134,24,174,251,97,34,152,106,31,133,62,206,232,52,135,9,69,164,58,129,46,111,212,154,218,44,22,30,140,201,106,97,242,53,146,44,44,33,191,194,85,47,52,169,207,110,229,198,209,44,167,5,30,167,117,108,138,163,202,159,135,132,70,18,255,122,107,147,132,93,113,173,84,251,190,23,177,71,183,170,177,123,169,76,161,237,1739150202935,/dev/cu.usbmodem1413101
165,230,140,157,182,191,138,29,27,152,71,165,192,191,6,4,134,15,91,167,156,160,74,47,249,147,215,124,11,49,168,161,197,79,59,62,77,76,247,101,89,59,158,144,71,132,173,209,176,32,219,243,157,177,96,4,19,219,95,173,207,107,58,222,183,116,47,30,141,39,129,212,94,69,220,173,155,106,80,120,93,145,81,126,120,238,181,248,168,254,40,188,72,205,163,185,174,198,4,188,64,113,247,43,76,95,231,55,4,56,127,186,80,96,227,70,128,19,10,232,4,187,50,82,97,184,152,166,3,176,3,176,193,231,181,13,83,34,18,172,10,26,121,166,29,70,59,165,4,231,122,207,34,9,214,80,13,147,71,127,211,119,236,209,144,175,104,222,13,146,8,208,95,189,133,9,229,60,246,83,218,28,27,187,43,67,132,27,150,3,125,11,242,67,151,211,10,191,62,92,61,15,29,73,133,208,126,68,74,159,146,18,101,98,56,208,142,68,17,163,201,6,170,42,56,36,238,85,117,81,0,56,11,132,135,115,18,42,130,215,126,8,45,99,90,84,226,57,71,4,1739150202935,/dev/cu.usbmodem1413401
42,32,65,216,176,253,209,243,174,72,182,208,83,188,16,196,226,244,188,167,165,96,244,17,226,6,167,170,221,142,93,198,155,84,99,181,19,123,240,111,69,1,0,251,164,173,195,50,198,58,124,201,211,139,107,133,108,212,82,67,59,230,202,90,21,201,6,207,137,197,36,247,16,106,165,93,98,132,9,33,117,157,96,215,3,227,157,39,108,114,217,221,29,136,160,44,174,66,150,91,19,186,202,97,221,94,99,177,86,180,79,85,4,93,20,64,197,254,95,6,76,32,41,48,50,166,200,181,19,53,42,212,49,60,5,188,34,40,244,181,90,49,89,139,229,238,217,187,139,251,25,112,232,234,40,214,91,165,213,220,178,255,146,49,207,0,162,164,10,25,207,1,94,39,204,120,255,151,204,196,72,130,8,10,93,150,175,95,194,133,205,169,155,173,157,123,173,139,219,108,232,26,4,211,206,88,70,75,129,115,1,79,83,159,200,185,149,90,58,28,150,164,248,117,111,236,25,207,35,224,4,189,147,72,216,203,195,193,65,79,120,73,124,112,64,207,40,97,53,152,1739150202936,/dev/cu.usbmodem1413201
34,89,26,29,125,102,171,114,147,64,134,36,105,103,231,0,123,179,100,212,243,166,186,220,254,100,149,76,146,133,98,197,251,99,194,36,159,170,29,66,244,121,36,56,93,92,45,73,97,185,49,39,234,227,192,167,68,5,167,80,176,183,230,179,21,202,120,161,26,183,212,218,100,74,140,171,221,166,109,97,71,181,244,92,97,41,88,254,15,39,0,61,103,127,75,83,153,11,44,230,147,121,196,189,214,104,34,248,28,59,141,226,236,165,248,88,124,198,138,81,16,62,142,171,116,93,96,207,181,2,83,76,159,108,34,223,2,226,163,205,132,148,163,103,238,157,17,178,124,69,207,25,59,194,234,207,203,168,174,125,233,59,153,174,245,181,115,174,91,134,127,61,192,233,7,153,24,175,95,244,82,220,135,137,32,68,165,215,80,151,34,46,131,168,116,119,225,116,227,13,3,117,222,121,119,168,1,21,188,115,223,248,91,104,255,177,99,61,90,191,31,234,65,151,222,168,167,39,37,40,94,39,180,155,50,58,8,195,222,121,99,253,202,52,222,65,100,186,252,145,1739150202936,/dev/cu.usbmodem14124101
233,224,218,131,173,3,180,85,254,250,97,190,58,201,86,208,81,142,169,189,217,34,97,100,68,1,58,199,17,179,151,53,190,205,198,141,37,130,1,179,241,15,149,228,55,182,218,156,104,115,89,210,207,6,28,8,200,173,183,40,131,25,117,244,104,209,114,243,46,95,19,116,188,162,57,26,23,29,119,168,24,162,168,150,188,104,169,40,140,78,234,144,251,192,138,160,203,17,141,82,176,132,174,252,224,147,198,250,240,249,35,207,158,182,145,236,2,91,58,123,188,175,143,181,176,89,18,85,7,160,161,56,196,3,150,159,184,232,244,9,237,194,78,94,54,54,193,20,220,156,72,220,245,91,40,179,60,225,46,14,222,131,5,86,247,142,154,39,133,221,30,187,182,90,93,182,50,74,130,94,176,17,188,58,69,220,9,126,164,166,173,131,86,193,187,56,106,115,252,42,44,86,65,16,27,87,179,247,13,50,141,219,212,84,196,76,203,99,55,160,150,180,7,94,206,225,151,202,252,56,209,158,189,26,52,255,220,104,173,51,226,65,131,106,115,179,81,230,200,13,1739150202937,/dev/cu.usbmodem1413301
240,86,157,83,9,139,206,214,199,219,118,47,163,106,114,51,69,36,231,95,37,55,190,20,89,188,62,205,218,81,163,160,73,242,11,83,72,132,74,78,227,39,118,136,89,198,177,233,188,122,111,186,15,196,14,56,129,25,247,78,235,74,205,252,13,57,177,106,149,255,179,133,230,147,155,239,189,16,40,36,76,120,170,193,187,141,143,92,125,139,84,250,172,89,57,221,8,18,163,139,176,187,88,136,182,97,163,142,48,184,24,196,218,56,218,217,32,50,219,191,221,111,224,52,229,187,137,33,228,74,169,150,105,19,10,219,194,205,200,199,196,21,8,71,215,150,9,182,181,183,192,76,172,7,130,65,111,231,111,194,253,8,6,144,193,211,68,62,210,50,215,245,102,29,165,94,83,123,155,57,40,146,144,194,194,201,227,149,135,75,22,139,178,114,128,246,129,158,77,55,67,119,35,119,92,88,50,8,14,0,90,59,26,198,208,216,118,233,97,47,222,16,228,132,0,38,78,213,140,73,123,137,155,248,173,233,144,97,127,2,129,92,41,111,223,128,101,4,94,0,1739150202937,/dev/cu.usbmodem14124401
185,125,238,59,231,157,137,179,191,88,240,234,212,85,46,143,193,164,93,204,240,190,25,223,0,44,71,15,170,2,153,197,196,101,126,125,54,73,26,175,225,195,157,78,182,53,87,75,146,207,210,81,169,184,63,195,81,90,60,85,208,48,76,5,26,4,160,17,253,56,218,133,52,113,142,178,212,255,105,244,47,155,191,22,93,253,28,101,255,185,62,3,135,8,30,118,198,69,117,139,169,168,69,132,80,83,150,87,97,125,212,210,35,13,199,108,217,72,231,62,178,92,13,222,214,208,181,9,211,106,197,73,211,182,111,21,169,55,240,166,148,213,80,160,232,139,196,66,41,167,55,188,136,80,57,234,121,151,185,214,94,61,125,31,211,111,239,35,173,141,217,67,193,211,11,104,194,4,117,116,52,190,137,108,216,107,15,221,202,111,58,74,22,197,210,86,62,125,188,150,37,187,64,212,91,119,16,5,178,241,195,188,69,75,107,156,221,211,242,228,237,54,17,202,104,33,25,5,67,197,85,215,241,211,96,125,179,39,102,89,197,132,26,96,221,73,252,74,222,41,1739150202938,/dev/cu.usbmodem14124301
22,131,117,13,182,184,157,246,226,202,69,142,150,138,149,238,127,91,112,220,163,153,171,146,38,246,159,229,219,184,248,19,93,132,235,101,27,12,14,128,240,183,91,14,226,12,233,237,53,122,74,34,116,56,93,131,216,135,146,112,41,183,211,188,224,225,147,71,192,19,119,205,71,56,34,107,69,19,128,147,2,21,204,68,65,7,182,167,42,132,184,240,229,182,64,13,95,40,37,117,133,177,157,152,84,153,10,249,24,63,189,119,45,18,5,210,17,174,60,233,216,166,96,147,115,138,63,11,75,107,68,151,62,216,62,147,157,192,13,49,84,27,93,221,74,183,0,175,151,156,249,170,24,160,134,40,189,52,152,86,68,24,59,68,3,216,49,183,205,94,106,177,90,180,234,38,21,160,157,99,44,147,202,203,181,23,86,213,25,171,236,186,104,189,196,22,177,217,161,250,92,77,186,166,62,45,217,57,234,208,64,19,81,218,159,253,90,158,20,188,70,10,212,173,191,58,144,168,108,67,101,67,205,201,150,154,230,170,153,254,68,111,84,240,196,75,4,84,136,0,1739150202939,/dev/cu.usbmodem14124201
114,34,51,245,199,109,4,220,196,190,110,231,245,228,16,164,74,180,11,199,175,22,36,103,23,86,80,115,160,72,232,148,160,48,127,160,192,38,210,243,153,188,200,228,252,106,9,43,56,18,95,153,27,155,175,55,67,158,214,227,193,154,176,244,91,120,226,69,57,110,110,13,87,134,63,249,118,34,173,168,86,6,248,45,17,10,6,208,198,195,72,227,80,46,118,207,160,238,192,180,12,225,159,2,225,135,50,249,247,137,175,195,116,211,237,15,106,168,75,179,194,76,63,166,49,166,142,60,81,76,183,226,171,255,213,56,132,244,226,80,87,7,24,31,1,48,117,14,234,115,24,17,8,226,243,1,176,97,109,46,56,69,173,151,202,232,23,162,10,19,90,58,149,214,105,128,92,165,19,26,5,72,193,230,146,151,233,234,46,20,233,106,252,68,57,48,208,60,56,96,236,150,224,52,75,90,69,112,227,226,253,44,102,186,72,40,92,67,180,187,41,115,255,234,23,56,70,29,211,20,171,178,178,242,115,222,148,87,142,96,54,13,200,24,192,144,203,82,239,196,1739150202939,QBYTE | ruettiger
86,163,54,224,211,147,17,125,61,11,86,174,164,91,51,15,43,71,148,64,9,235,225,89,99,76,221,166,171,226,249,176,43,110,105,15,45,194,174,145,246,236,128,114,153,162,11,122,177,86,3,49,76,167,52,2,180,202,5,87,69,58,159,214,234,239,46,181,10,154,167,255,133,115,154,166,25,201,84,100,201,197,87,39,170,194,101,5,156,143,35,54,34,34,235,193,15,197,195,182,65,166,18,249,251,70,213,253,78,133,61,169,104,49,50,108,14,64,191,21,156,218,55,109,38,13,253,23,14,43,218,47,73,96,120,26,238,117,84,196,2,198,217,78,129,56,125,4,62,106,12,46,90,102,85,251,251,141,80,57,142,103,182,207,239,131,110,225,130,45,23,44,10,198,17,158,131,138,234,253,202,108,16,32,10,23,48,114,4,3,232,199,85,208,97,144,114,238,104,180,35,66,134,27,35,76,36,51,127,205,87,74,82,22,184,80,202,241,204,37,58,247,137,221,36,220,221,128,56,56,213,33,143,65,44,107,117,7,243,107,165,254,78,61,64,83,174,89,117,109,1739150204011,/dev/cu.usbmodem1413101
212,54,16,237,9,69,93,17,143,182,183,165,114,218,201,23,178,168,16,40,5,219,149,94,123,61,41,66,96,75,194,127,182,201,86,16,134,215,222,107,18,210,18,130,124,22,157,101,107,230,28,183,0,241,200,132,184,211,66,210,195,15,217,39,218,192,76,169,76,209,86,68,214,102,48,131,196,25,39,119,221,0,199,15,65,119,129,105,126,90,130,178,170,229,127,254,124,162,10,122,70,210,70,49,137,143,101,178,45,216,97,123,151,31,64,84,33,65,96,181,110,254,158,234,109,124,17,247,237,64,159,25,127,94,145,144,217,22,120,176,72,3,185,30,68,42,169,153,249,192,128,234,172,246,124,49,245,116,73,126,103,27,38,170,184,140,221,211,110,48,106,204,52,205,88,163,192,250,93,81,182,16,49,203,230,9,64,240,43,231,60,125,198,191,80,231,45,15,188,51,184,62,176,24,150,66,15,215,62,99,98,202,64,250,204,160,91,199,220,164,7,4,195,237,240,198,138,126,48,152,75,174,250,48,28,28,134,44,154,242,56,113,105,51,77,48,194,210,128,64,1739150204012,/dev/cu.usbmodem1413401
211,110,2,33,71,55,26,235,174,102,126,190,196,179,153,252,125,61,218,82,68,215,85,134,79,125,106,209,248,254,105,189,184,36,122,229,82,199,188,204,176,65,23,40,144,8,78,51,195,168,127,189,0,211,124,46,142,223,38,26,189,74,23,162,51,48,133,52,14,247,31,245,24,131,10,111,108,232,125,101,201,234,57,111,109,86,155,118,3,195,172,63,140,96,94,236,171,63,128,152,112,166,31,57,13,161,161,165,178,174,160,157,64,46,21,59,21,71,110,124,224,229,245,123,69,223,191,228,71,168,150,53,190,209,132,74,64,68,173,201,213,224,19,182,73,134,93,220,89,92,58,150,251,103,222,82,161,110,51,159,59,186,125,7,31,119,61,165,6,167,1,61,165,174,166,199,177,194,178,97,234,139,66,134,121,118,136,188,119,119,97,214,85,98,238,241,185,255,219,162,252,122,50,114,32,74,31,63,159,123,231,185,239,16,65,108,133,5,87,200,217,184,152,228,106,85,90,54,250,16,27,191,210,18,25,230,191,29,29,90,247,206,254,183,1,121,184,161,162,49,1739150204012,/dev/cu.usbmodem1413201
147,215,229,46,55,15,122,236,229,138,171,102,223,90,163,84,41,111,90,22,2,134,32,110,174,61,251,61,206,122,155,135,121,220,17,222,187,166,75,157,31,209,70,85,193,249,9,209,231,163,205,63,225,102,143,207,7,179,178,205,212,131,114,138,207,225,63,254,168,185,233,126,48,97,7,143,11,243,7,153,63,208,176,45,36,180,129,209,139,133,83,135,119,52,216,94,89,184,168,215,181,92,174,187,74,69,214,236,10,136,207,85,126,193,152,235,135,7,91,146,135,195,76,85,146,104,79,128,203,208,220,186,59,2,233,178,1,19,15,133,254,178,147,31,148,220,61,146,39,222,151,186,249,107,236,59,60,163,147,57,207,130,146,120,163,137,98,138,186,212,227,148,40,47,193,234,207,231,111,19,212,100,10,9,223,22,200,104,199,9,4,23,178,158,58,82,65,9,60,148,235,200,211,171,184,10,252,39,106,164,163,99,129,215,183,253,249,106,36,106,151,70,138,155,235,155,189,235,73,139,254,8,199,169,71,113,19,160,169,92,135,243,167,75,195,225,83,192,72,94,1739150204013,/dev/cu.usbmodem14124101
109,241,251,211,1,84,78,3,122,255,85,98,226,69,125,39,239,233,176,212,214,17,161,10,169,9,128,77,45,68,144,253,1,151,48,175,184,8,41,247,201,15,200,52,177,53,5,14,45,202,2,226,156,115,40,55,202,240,157,214,68,131,76,24,8,122,63,109,213,142,32,53,11,57,163,82,36,2,38,45,13,241,6,0,115,103,124,226,247,179,5,212,60,11,49,86,6,135,71,151,142,196,128,132,84,152,243,52,203,113,23,144,92,26,17,205,63,148,157,220,249,251,68,56,75,82,113,47,186,126,152,217,44,210,118,20,202,172,150,142,112,241,173,123,122,236,156,94,187,24,77,80,113,24,97,220,91,118,12,254,89,114,125,251,129,185,242,115,103,236,148,14,169,193,76,140,143,61,43,232,80,118,253,45,128,224,191,4,48,220,60,24,163,132,144,132,182,92,11,232,225,44,154,86,92,108,184,37,175,34,113,195,147,35,230,190,150,150,133,181,66,31,220,99,189,130,182,111,171,252,0,246,107,3,200,161,176,32,152,68,236,185,211,248,150,56,119,86,139,150,1739150204014,/dev/cu.usbmodem1413301
102,223,231,228,209,196,52,60,16,254,3,55,4,181,98,239,251,104,53,198,232,51,233,199,149,161,244,74,11,66,61,151,27,199,171,52,89,144,146,127,16,95,2,245,84,178,116,39,132,113,185,25,27,41,109,143,46,109,249,147,184,182,32,61,18,224,250,85,115,189,236,106,217,224,222,115,71,172,6,135,27,126,229,62,104,211,68,133,90,228,27,180,76,254,21,250,21,209,17,68,64,69,248,169,253,18,155,114,72,15,201,131,114,118,204,111,201,211,209,14,7,60,116,134,33,101,4,192,214,177,166,93,234,230,6,184,89,159,129,72,157,221,209,235,253,83,19,40,38,86,61,70,79,116,212,203,107,179,6,35,106,72,83,102,254,78,156,148,253,252,113,46,31,101,250,242,248,124,195,41,0,196,168,4,156,80,18,188,40,143,129,146,125,196,64,162,81,122,19,144,211,94,30,105,192,238,34,62,157,32,54,142,201,69,0,122,174,232,116,229,0,236,12,232,81,63,16,230,60,103,76,220,31,161,244,147,142,103,48,173,214,1,210,161,135,127,39,55,139,20,1739150204014,/dev/cu.usbmodem14124401
226,175,216,214,95,91,13,236,72,15,87,96,172,174,222,137,212,59,61,71,38,251,138,92,111,173,41,253,172,6,107,97,66,136,233,151,30,33,183,244,216,244,88,219,135,33,111,178,51,32,6,170,46,228,255,135,228,23,178,200,7,27,143,239,11,76,190,229,117,133,253,127,163,72,85,145,191,193,20,21,251,240,133,233,24,9,68,70,190,36,114,16,35,148,220,219,126,202,105,56,182,199,241,159,182,134,107,173,95,95,70,124,188,206,226,196,151,201,215,60,22,255,198,223,254,58,15,167,46,191,157,51,95,213,104,20,73,100,39,228,163,131,160,253,107,23,45,211,13,21,188,62,49,30,132,165,141,172,75,134,83,104,108,192,155,79,169,161,174,222,132,143,235,142,101,109,114,25,198,254,115,134,160,162,245,225,134,244,147,65,113,75,194,204,220,51,215,62,37,73,127,62,116,70,208,105,113,142,222,126,90,38,124,202,104,217,17,186,113,89,172,126,231,211,55,110,42,119,54,2,206,0,254,20,64,17,35,124,28,150,223,219,163,65,138,93,215,42,187,119,1739150204015,/dev/cu.usbmodem14124301
156,56,135,255,2,77,73,55,240,206,111,65,6,136,124,174,71,76,50,230,72,20,11,154,99,216,216,145,168,241,9,83,152,189,10,49,3,172,112,96,170,112,250,30,240,231,129,107,31,255,215,30,86,84,222,237,152,54,121,137,0,68,7,136,136,113,15,25,100,101,47,181,215,233,233,109,91,235,77,134,86,213,171,254,66,221,116,241,167,152,76,121,234,113,225,123,50,236,193,180,29,63,84,45,137,42,164,82,217,82,171,80,159,215,70,178,124,177,219,203,174,138,65,105,137,50,146,159,60,89,172,189,201,152,101,12,23,203,134,207,47,149,8,14,223,253,159,178,46,48,169,0,14,101,29,130,49,156,204,66,140,119,48,216,11,70,38,101,46,75,118,168,22,12,60,100,129,130,224,141,144,232,114,149,46,168,79,127,97,155,165,150,114,125,217,82,155,254,35,170,15,92,97,43,158,239,69,199,222,8,170,164,78,124,18,244,64,255,148,146,158,19,112,9,193,63,190,82,180,94,150,40,181,150,150,179,207,24,183,16,110,223,3,103,171,252,248,81,35,216,1739150204015,/dev/cu.usbmodem14124201
183,149,130,28,39,104,18,143,43,145,90,167,129,190,125,95,74,75,142,159,26,172,200,228,201,236,224,99,223,220,6,173,156,58,44,25,190,97,251,183,224,122,171,137,38,4,78,13,123,223,199,75,82,9,107,181,29,201,124,86,20,150,199,155,85,89,172,18,87,214,25,165,221,143,102,24,61,79,112,214,89,85,212,67,227,55,246,27,222,120,126,53,202,131,11,129,222,144,31,220,167,247,56,213,163,11,96,191,222,8,0,37,204,180,134,60,160,126,170,107,211,176,167,161,129,249,244,83,17,58,0,179,227,148,249,198,187,168,56,213,0,173,52,154,43,29,137,196,7,67,68,192,245,139,55,147,31,193,52,248,241,97,13,159,4,15,13,62,74,235,136,78,248,172,193,103,185,143,164,108,241,79,238,122,141,135,84,101,117,19,216,44,26,98,48,147,12,241,45,42,206,222,70,136,255,74,102,174,134,5,198,149,20,251,30,136,132,98,119,184,3,147,31,30,79,56,130,143,174,252,111,58,95,234,132,112,141,181,222,240,102,14,223,141,255,29,248,240,135,111,1739150204016,QBYTE | alfie
105,0,231,111,122,226,170,102,8,211,229,156,64,36,145,128,152,16,20,166,33,126,142,209,210,29,219,18,99,164,92,224,21,131,11,16,114,153,214,70,8,14,203,211,62,124,34,39,121,29,21,141,136,233,31,78,69,238,126,179,237,34,32,213,244,171,3,17,252,68,57,153,187,179,205,5,136,213,139,200,82,53,27,6,14,252,51,133,54,131,99,60,157,197,71,73,125,138,86,69,161,63,216,58,12,61,0,246,5,56,190,211,246,72,237,63,111,168,206,147,78,149,95,61,3,150,240,208,200,116,172,142,159,184,224,150,214,200,56,215,144,14,17,237,252,152,165,209,60,83,62,67,113,87,155,130,84,203,213,53,28,109,0,169,215,29,76,190,6,41,250,102,138,31,22,44,19,216,212,156,155,251,198,18,119,164,31,34,9,156,187,179,12,157,31,52,32,212,94,146,51,255,50,116,162,120,16,179,9,29,166,94,157,177,79,99,254,171,90,35,195,215,51,229,71,136,80,107,171,123,20,70,54,184,167,147,59,168,56,102,240,232,221,84,74,220,240,206,221,210,1739150205289,/dev/cu.usbmodem1413101
97,69,47,11,235,118,47,91,25,69,116,78,176,255,13,133,91,104,176,94,147,16,54,211,97,224,61,156,40,158,24,173,226,57,192,82,201,132,171,27,86,86,159,18,201,115,195,66,36,173,197,191,96,146,234,251,105,30,41,115,111,111,71,252,145,208,230,28,14,82,108,25,181,203,43,223,240,48,197,53,240,220,73,19,208,44,153,61,222,173,89,202,43,172,167,148,225,163,119,49,73,209,201,130,187,39,107,31,42,197,38,9,139,61,126,182,199,5,48,75,144,34,200,48,181,100,75,3,92,11,34,50,9,222,79,64,178,252,41,246,221,210,141,195,52,165,240,251,119,72,196,83,63,255,221,26,20,100,131,228,219,91,218,109,214,124,131,236,208,104,142,250,198,207,252,248,94,67,190,45,132,147,19,6,157,165,21,34,0,72,137,12,232,220,193,127,134,69,246,9,53,63,202,194,212,113,215,132,215,134,225,75,52,237,240,157,249,245,252,224,201,227,113,87,60,87,44,30,77,170,139,82,101,71,203,143,55,238,123,62,227,85,164,16,77,243,100,55,75,26,1739150205290,/dev/cu.usbmodem1413401
85,218,117,215,163,27,44,19,124,234,153,42,138,194,116,130,41,41,94,71,110,19,58,226,151,254,54,118,245,99,161,49,143,194,125,219,106,7,231,194,159,50,251,50,180,126,183,226,111,26,185,217,174,230,64,135,226,215,118,71,209,251,54,101,42,148,242,28,10,138,79,170,153,38,185,133,198,98,16,84,10,189,78,98,9,229,212,174,16,88,66,94,118,170,45,244,106,216,8,187,250,132,233,25,255,40,139,220,39,92,123,53,233,221,69,87,200,193,226,254,249,233,94,117,113,60,96,208,165,127,218,170,79,11,80,232,191,198,59,228,51,125,73,10,31,28,200,252,74,69,162,153,155,43,17,198,49,42,215,3,187,53,91,63,222,225,243,158,52,78,6,248,253,75,100,97,11,85,225,19,89,203,178,3,178,152,19,123,124,72,165,215,6,197,212,214,124,72,100,134,104,18,219,192,110,188,156,76,121,140,23,114,57,49,71,224,16,140,229,48,184,76,141,232,122,75,135,60,180,94,206,249,152,218,1,231,106,253,237,130,115,78,250,52,140,230,165,237,13,34,1739150205291,/dev/cu.usbmodem1413201
51,148,201,150,40,104,44,12,218,161,57,61,5,139,142,27,59,217,174,14,166,191,63,162,207,127,63,94,139,115,103,112,192,84,205,124,123,96,92,43,183,107,80,224,156,178,8,148,219,30,48,37,238,104,162,95,34,163,33,84,51,21,34,92,79,180,8,76,128,16,245,17,182,65,243,169,234,164,146,183,81,210,154,159,83,168,9,77,22,72,26,191,133,255,181,104,170,3,54,64,37,199,24,153,141,179,169,144,173,166,225,160,173,64,224,134,221,70,44,0,244,79,244,60,175,94,242,161,40,238,195,152,100,222,58,133,106,80,63,152,88,192,241,25,69,13,44,200,175,232,113,119,190,244,104,73,109,206,223,176,110,80,147,54,246,242,32,61,208,142,183,28,200,216,146,224,174,126,18,11,205,243,157,175,80,184,120,95,113,207,59,234,71,145,110,49,199,129,255,174,152,172,77,16,168,197,210,97,96,66,10,31,155,92,208,228,17,184,148,106,207,132,97,134,8,159,12,156,52,87,116,11,104,214,127,243,223,100,97,176,124,239,44,8,13,121,106,107,60,157,1739150205291,/dev/cu.usbmodem14124101
241,159,95,217,54,254,60,100,116,225,172,168,64,121,142,100,166,148,51,120,42,67,250,75,253,134,22,63,184,7,127,192,23,236,54,79,182,156,55,117,6,245,119,89,236,164,83,51,175,63,212,91,105,119,36,194,157,193,145,127,157,2,152,15,91,6,97,109,230,173,88,93,237,153,158,82,8,160,53,96,204,5,215,230,200,28,77,94,154,68,182,126,125,124,154,3,126,38,156,197,229,25,71,71,131,255,58,147,41,247,81,39,48,41,17,174,170,230,166,111,121,80,176,164,123,169,227,95,251,112,2,143,252,169,59,89,103,67,165,160,187,40,205,78,9,117,89,114,243,69,247,5,140,202,200,132,29,5,7,228,148,111,43,121,163,180,225,180,175,73,205,36,164,214,121,62,46,29,161,199,42,85,144,131,45,22,162,220,20,4,64,95,205,172,158,140,88,117,57,205,171,59,79,241,23,138,153,57,43,59,77,103,20,154,40,131,127,240,146,214,215,134,6,112,29,60,156,94,77,9,43,164,5,158,215,207,69,124,176,215,60,174,26,69,101,134,30,153,6,40,1739150205292,/dev/cu.usbmodem1413301
65,3,104,105,90,180,91,142,248,198,158,165,45,108,123,13,71,21,208,231,44,188,181,239,60,20,9,84,64,168,178,11,95,165,190,14,67,192,173,164,108,146,162,183,190,9,225,54,163,253,228,66,134,118,54,124,167,53,208,157,55,54,93,175,128,102,188,13,64,198,132,81,249,236,70,33,16,243,236,111,57,143,235,86,123,215,251,216,214,29,3,231,119,80,242,75,209,235,50,144,29,30,211,57,88,4,179,79,135,83,166,61,241,226,80,113,196,56,94,27,20,66,88,243,155,177,99,37,9,87,228,117,174,237,111,28,59,35,219,142,206,186,63,241,217,46,35,63,128,183,160,65,207,161,56,11,200,42,15,209,116,242,199,81,21,232,244,101,86,52,143,153,96,46,89,125,233,14,9,136,147,246,184,117,252,82,9,213,243,139,6,40,10,39,75,74,6,29,155,8,165,155,230,228,26,114,83,140,108,192,156,106,20,158,226,16,205,210,213,172,66,36,222,106,56,15,176,206,177,153,225,144,20,205,130,114,16,236,199,14,254,62,147,220,164,126,137,145,220,202,1739150205292,/dev/cu.usbmodem14124401
247,23,137,222,50,171,128,16,222,100,71,98,49,179,37,220,18,162,79,124,94,79,109,46,153,30,30,121,59,24,141,204,41,105,64,50,59,202,16,6,233,137,29,207,242,230,216,105,237,139,96,3,211,25,191,118,123,80,172,58,242,104,12,96,107,113,218,136,100,38,199,8,149,18,246,98,76,232,125,246,1,99,10,197,160,189,212,39,233,210,199,94,239,31,124,197,25,9,255,23,107,211,78,9,182,74,85,234,242,139,178,62,152,34,55,201,105,125,185,253,47,241,255,241,152,65,205,57,133,140,230,155,57,180,86,177,203,164,44,107,236,64,13,63,136,239,73,162,146,212,203,248,191,242,23,56,152,33,94,232,212,98,174,230,125,90,58,155,240,73,33,66,229,133,151,105,135,125,209,121,144,207,125,60,50,29,25,83,135,165,54,207,37,189,169,245,49,155,154,168,12,78,24,224,114,54,16,40,130,154,14,156,67,172,143,30,34,253,196,250,114,75,28,141,127,227,108,189,73,110,231,5,95,18,176,245,176,122,35,230,81,119,139,63,199,81,226,195,246,51,1739150205293,/dev/cu.usbmodem14124301
129,25,58,33,194,48,161,41,72,40,172,229,189,73,144,223,113,78,92,5,236,210,60,167,69,85,69,22,40,178,60,199,73,228,87,188,187,98,8,26,211,81,69,61,138,92,77,22,99,154,214,90,125,139,77,112,105,126,76,72,29,90,98,192,128,34,124,50,82,53,69,177,32,241,139,35,135,102,139,144,11,128,100,133,34,186,98,177,243,255,19,166,60,127,204,179,41,23,130,85,12,7,158,96,147,136,33,189,244,110,3,125,169,103,238,128,116,86,112,105,128,213,230,228,209,174,134,224,136,216,114,126,185,105,111,132,58,102,108,111,200,244,49,168,103,198,12,88,17,140,199,197,149,120,92,126,236,120,238,13,173,109,96,95,229,6,12,231,162,119,99,51,201,191,115,62,71,168,215,174,217,70,148,38,8,48,36,28,70,32,23,210,232,124,107,106,244,78,134,41,233,58,202,69,36,94,111,247,176,235,126,102,255,14,179,139,84,113,9,3,186,93,78,86,60,59,114,241,165,82,154,143,193,167,13,14,203,9,56,216,240,12,185,29,216,122,118,199,166,125,1739150205293,/dev/cu.usbmodem14124201
168,153,240,106,134,54,195,241,173,182,232,79,158,125,38,246,83,229,164,87,206,160,163,111,246,165,171,162,222,47,254,204,144,232,228,42,223,142,68,121,38,190,114,15,245,212,121,105,107,103,223,142,233,102,247,213,196,94,161,67,37,165,216,16,48,104,100,135,232,244,177,142,128,137,9,196,135,254,227,119,6,239,212,24,181,81,119,75,184,74,3,118,156,112,160,127,195,33,204,152,168,126,164,47,59,184,180,46,13,70,68,22,201,102,174,206,206,223,1,198,17,39,204,6,193,103,226,1,230,157,229,145,111,42,168,203,28,0,43,119,119,71,234,21,173,94,142,169,94,28,114,135,2,150,132,222,189,61,230,178,139,193,48,92,7,114,63,92,153,194,197,180,145,129,216,65,239,118,55,49,123,122,59,84,227,72,247,98,34,89,203,232,175,95,115,245,134,229,141,247,29,170,21,214,235,224,60,112,178,223,251,143,183,151,222,252,194,196,93,26,32,72,36,29,111,224,197,9,118,116,146,88,44,21,250,78,151,60,163,141,127,247,20,195,88,99,88,115,45,219,1739150205294,QBYTE | low-scoring
74,198,164,100,251,70,126,93,212,1,187,134,106,19,164,20,62,95,239,98,54,113,231,213,33,236,214,129,223,219,240,0,162,59,210,114,190,143,81,12,233,29,14,93,246,17,195,126,78,226,139,14,161,183,184,66,99,255,150,52,22,161,19,216,98,157,138,200,97,234,217,57,189,51,176,242,83,132,62,16,3,202,113,253,86,174,97,0,12,94,117,94,101,194,101,152,161,74,66,244,123,58,73,24,161,72,99,132,252,96,255,207,72,66,217,43,215,159,19,127,235,250,237,24,80,62,61,30,72,223,160,172,110,20,66,101,85,104,94,55,83,148,132,200,150,171,108,190,66,155,6,32,146,7,13,245,46,194,24,188,26,238,15,180,65,172,72,189,214,97,0,107,90,16,104,196,126,116,124,21,50,241,150,190,205,118,100,178,124,218,118,172,96,157,31,22,55,36,141,56,10,31,236,239,226,198,0,70,50,186,5,144,76,231,125,4,72,175,182,134,159,54,232,37,99,18,47,254,37,210,79,18,213,21,40,78,188,138,190,1,228,245,218,61,6,106,64,91,209,149,1739150206367,/dev/cu.usbmodem1413101
192,101,201,229,50,207,186,81,104,147,78,126,26,40,33,147,134,143,113,169,152,38,73,7,92,120,13,30,249,72,116,127,68,154,126,49,70,60,40,99,255,227,46,148,142,105,83,145,168,132,236,23,4,86,215,235,26,106,142,28,43,44,239,102,238,132,150,132,93,224,214,22,214,150,214,180,173,210,201,33,142,181,62,143,15,162,215,146,76,245,107,42,199,43,69,144,168,48,181,126,254,26,224,225,14,60,90,105,251,119,40,224,156,126,212,255,88,128,135,252,229,181,64,157,173,212,131,167,105,236,48,39,225,36,98,14,78,177,202,56,131,128,166,79,119,188,137,102,112,61,194,242,248,67,24,141,100,196,15,132,194,223,186,209,230,209,33,192,220,118,159,138,154,146,36,221,100,248,109,211,200,254,155,26,161,58,153,155,201,146,166,69,27,23,127,225,168,88,190,237,135,66,160,141,222,63,54,20,217,116,80,53,73,93,77,61,21,39,70,68,89,144,68,213,11,148,38,63,223,114,142,6,211,56,199,3,188,127,111,128,224,52,27,85,29,147,116,184,139,103,1739150206367,/dev/cu.usbmodem1413401
70,95,108,170,49,165,217,53,188,136,156,51,146,166,247,158,158,204,14,57,78,166,57,182,4,11,75,92,9,226,167,158,35,8,195,83,76,148,240,246,13,229,109,230,185,221,68,1,237,99,17,225,0,8,186,179,31,46,101,35,169,88,178,168,145,192,32,242,12,229,245,118,241,219,127,196,216,203,17,153,91,132,88,112,163,103,173,32,124,101,176,156,217,17,11,168,64,245,35,244,124,208,209,147,19,2,156,7,207,112,16,75,174,21,11,93,93,229,200,247,159,178,197,32,177,103,195,56,74,137,213,129,31,157,54,243,120,94,55,155,177,220,143,2,9,205,214,239,191,55,103,78,196,48,79,190,228,179,216,49,176,35,77,53,93,118,135,253,87,30,102,46,33,144,58,35,230,233,23,162,2,134,143,27,171,113,214,22,121,157,187,159,126,83,142,219,97,253,116,37,35,51,111,243,69,112,5,148,6,19,91,192,113,227,46,4,36,139,138,180,91,200,84,220,178,253,176,171,170,171,17,8,191,252,80,104,20,98,17,79,18,238,7,180,202,24,147,167,198,74,1739150206368,/dev/cu.usbmodem1413201
90,103,245,251,76,187,53,182,56,152,172,145,94,32,138,167,100,168,92,214,61,144,0,208,221,3,219,149,247,119,35,177,97,251,144,44,245,110,132,185,178,235,234,28,180,160,129,64,146,104,90,4,236,240,205,244,36,97,29,224,196,241,199,220,41,156,31,117,183,13,119,135,26,29,218,135,163,239,214,170,171,22,35,172,31,156,102,153,138,17,152,254,101,163,77,144,224,141,9,133,253,239,6,51,238,159,165,183,123,199,118,240,122,183,94,236,184,152,110,130,68,203,206,47,62,151,223,165,203,12,203,138,15,150,254,174,52,73,134,219,209,201,55,52,250,253,198,32,17,25,235,206,90,129,193,174,105,79,241,172,161,209,28,16,141,93,24,127,8,225,147,161,184,72,240,51,108,111,237,147,129,240,60,205,110,143,48,183,118,204,40,20,204,209,162,185,188,252,204,66,100,146,10,199,110,172,67,34,202,129,177,183,117,191,42,159,245,52,19,248,184,244,40,208,157,128,250,248,57,201,43,125,70,139,147,67,71,188,216,92,48,157,164,129,2,55,89,193,86,161,1739150206368,/dev/cu.usbmodem14124101
134,112,178,248,162,250,133,67,241,100,100,128,239,13,111,15,127,44,185,236,171,126,3,77,36,223,9,35,175,168,105,172,160,182,123,195,86,79,144,187,234,137,106,127,84,128,251,233,84,41,214,241,222,94,152,156,74,196,220,8,213,229,53,143,75,198,153,79,154,32,231,59,136,241,15,207,218,186,201,197,186,201,20,63,33,9,34,35,57,219,51,23,127,236,7,152,163,117,71,80,51,230,112,111,22,184,117,15,5,172,135,19,183,56,62,22,207,252,85,173,57,235,23,62,43,216,172,199,255,233,219,210,241,12,228,104,141,46,177,123,80,229,55,53,58,221,231,236,162,116,98,197,12,45,110,123,252,152,205,103,198,216,92,43,157,243,104,234,176,122,63,7,208,155,102,150,171,73,247,56,250,139,0,45,221,163,137,92,5,223,16,29,70,167,124,130,84,41,148,2,193,249,30,254,97,16,9,106,114,122,187,220,29,172,8,39,219,13,229,218,82,34,230,197,132,93,52,168,111,91,150,146,121,145,207,64,75,213,138,122,186,241,103,62,143,196,182,237,174,211,1739150206369,/dev/cu.usbmodem1413301
220,47,137,198,42,46,72,255,148,228,198,84,150,11,7,92,100,229,137,178,161,6,252,51,36,62,144,82,208,151,229,41,175,174,141,111,149,72,208,164,91,186,128,234,240,60,78,145,70,118,249,2,229,190,183,21,106,96,92,143,161,88,104,25,122,15,185,101,101,108,33,196,144,218,129,253,41,251,103,23,36,218,3,67,35,111,215,206,197,215,240,217,188,161,42,71,218,152,205,211,188,31,252,91,105,156,235,231,1,108,209,162,234,44,211,146,222,234,30,140,219,53,7,165,6,112,4,205,242,14,44,180,69,159,82,183,78,56,44,70,102,5,167,147,114,160,200,226,4,7,19,112,141,167,185,92,138,195,155,200,134,250,243,238,214,18,91,7,120,195,87,236,34,202,244,160,194,237,9,232,7,65,76,178,234,136,194,118,179,1,199,145,194,98,6,42,180,82,202,222,0,193,245,34,239,106,104,47,163,135,36,181,188,4,127,120,205,219,46,48,39,137,189,135,198,41,24,92,55,194,185,132,162,174,5,199,96,144,200,129,163,149,131,158,4,54,209,167,150,234,1739150206369,/dev/cu.usbmodem14124401
212,65,85,209,68,237,162,68,254,250,81,106,144,227,49,170,17,179,160,27,220,182,82,6,165,101,138,251,158,114,139,46,152,207,95,186,248,211,15,132,149,225,89,10,150,177,146,132,13,214,164,159,11,201,103,100,231,150,235,233,65,215,36,164,220,248,222,21,255,245,235,68,227,217,65,67,85,204,22,145,144,77,5,239,52,7,253,190,22,116,51,236,107,79,167,245,25,13,61,67,19,155,233,68,181,78,102,99,56,19,122,252,252,19,246,94,222,196,102,127,19,181,209,53,54,84,125,129,118,206,193,133,116,64,217,222,100,125,240,52,230,4,133,132,18,208,119,214,160,105,99,165,80,17,56,193,161,63,152,231,124,158,46,95,231,199,128,55,15,43,217,104,82,26,243,210,252,8,224,254,165,24,30,23,196,31,98,87,177,69,209,95,107,62,156,153,24,118,14,246,41,165,42,167,40,93,231,132,30,236,223,81,234,57,2,236,41,47,5,10,115,179,21,99,244,170,95,44,115,218,195,143,139,181,237,91,15,53,76,142,195,172,174,188,200,55,96,85,128,58,1739150206370,/dev/cu.usbmodem14124301
115,125,10,95,247,199,111,139,204,113,67,149,221,200,115,125,198,110,136,4,118,150,122,83,4,142,171,109,102,5,66,250,10,170,24,33,175,26,224,39,55,89,13,59,30,231,255,188,240,71,114,43,47,25,254,61,34,161,138,229,211,215,2,196,105,193,223,79,33,208,112,130,131,147,72,122,171,176,228,73,253,227,117,5,203,241,79,244,64,178,186,158,124,3,119,245,127,60,245,36,174,63,251,13,120,95,6,249,71,49,7,131,35,243,183,58,234,126,151,161,85,83,230,151,14,92,253,13,251,11,249,0,129,98,98,252,102,75,85,39,213,128,198,216,170,212,78,134,162,158,48,9,4,167,162,22,226,3,155,224,226,72,48,141,38,207,196,10,56,183,243,156,250,64,90,14,236,1,139,29,245,137,159,3,25,56,203,196,105,162,16,140,185,235,14,89,241,14,104,164,26,69,228,35,127,98,28,173,10,233,82,115,234,245,54,83,228,213,228,161,24,110,210,155,175,52,144,172,218,40,192,192,94,21,109,120,135,145,248,211,89,223,163,20,58,197,78,251,253,182,1739150206370,/dev/cu.usbmodem14124201
107,248,144,96,143,105,40,252,111,137,117,113,136,144,210,58,142,160,212,101,125,57,64,159,5,150,243,177,95,78,69,1,57,47,78,11,213,135,162,156,186,123,25,151,89,239,141,238,118,163,213,187,86,41,174,62,167,73,129,96,182,153,242,60,176,181,2,187,166,139,208,231,248,2,68,14,136,79,108,8,142,80,83,56,24,103,58,140,28,21,124,170,202,90,155,239,182,222,159,31,54,66,224,36,224,220,254,47,200,66,154,90,130,106,244,133,79,206,136,9,113,14,129,179,103,186,138,162,32,148,65,99,222,138,229,203,150,238,29,97,181,101,73,75,226,94,227,73,56,12,106,75,33,201,214,152,242,157,107,13,23,55,85,87,253,191,129,47,170,205,40,113,3,81,189,227,233,167,126,196,212,34,115,249,67,190,249,49,212,32,85,61,159,24,164,253,75,126,179,60,56,36,12,14,206,96,234,136,226,164,173,153,160,130,119,66,87,27,67,207,59,236,76,70,94,17,160,230,152,169,215,56,241,197,102,194,240,202,238,52,165,165,139,85,170,214,183,97,143,172,1739150206371,QBYTE | comendador
35,1,137,86,75,69,46,106,28,138,11,139,115,21,147,245,238,46,136,168,83,173,185,219,46,233,35,163,213,35,46,255,20,54,36,159,114,154,90,135,204,150,127,21,112,136,2,44,163,158,155,144,91,49,249,12,136,180,111,76,37,133,41,53,138,214,54,28,2,194,130,166,234,163,241,157,196,189,231,28,186,98,240,174,67,133,220,66,96,248,8,89,223,30,128,154,154,148,162,233,222,13,90,87,236,1,24,243,197,87,15,0,232,222,28,112,54,111,249,87,39,100,146,213,23,233,152,29,47,188,43,14,76,110,77,91,60,163,251,34,79,183,255,152,131,37,54,33,232,19,219,101,58,48,209,232,7,28,158,210,171,181,245,158,50,247,191,134,132,56,111,91,99,52,10,114,85,23,27,74,65,65,159,148,192,91,160,68,40,59,47,85,196,136,167,188,28,171,252,95,210,61,165,197,49,170,10,187,164,233,23,251,70,146,199,217,175,131,71,185,215,26,242,40,101,218,138,81,180,152,128,128,52,66,207,46,66,193,185,0,255,179,112,110,1,58,58,112,232,6,1739150207444,/dev/cu.usbmodem1413101
47,37,227,240,35,87,93,72,32,237,111,193,153,164,205,163,152,207,36,220,9,94,229,236,225,93,134,37,88,71,166,129,241,87,243,89,253,232,112,10,160,28,15,56,202,221,143,7,37,21,243,112,196,163,65,60,45,26,144,246,47,11,49,125,209,74,176,190,208,125,1,97,82,109,112,226,173,24,50,144,175,239,29,133,173,220,14,212,181,146,168,30,109,184,191,80,78,100,105,171,145,100,137,80,136,10,2,245,38,136,169,198,6,212,36,54,119,119,173,71,64,115,253,133,248,35,125,14,244,146,47,86,88,120,73,23,3,13,6,119,33,38,149,13,213,102,158,81,41,193,65,217,127,128,100,164,223,69,45,103,139,239,21,17,31,0,167,222,26,137,250,251,97,211,182,118,178,97,192,89,79,58,45,195,6,224,155,12,185,219,189,180,69,211,231,53,103,50,186,180,27,173,201,144,170,147,234,41,97,68,132,122,17,151,216,231,10,138,55,224,114,167,15,177,254,60,58,33,7,122,91,234,31,245,58,173,219,184,53,147,118,2,17,139,87,11,51,181,84,237,1739150207445,/dev/cu.usbmodem1413401
72,121,26,27,249,52,163,24,252,80,14,236,184,197,24,106,117,36,199,115,5,124,28,127,85,67,118,114,88,33,15,209,42,162,202,15,141,76,81,246,106,242,137,206,104,198,32,160,103,56,128,83,41,166,160,136,205,172,25,205,213,97,190,177,113,131,45,213,203,186,83,70,143,180,236,41,8,132,179,123,105,214,207,136,133,218,244,88,149,168,24,199,221,253,30,220,39,8,117,157,56,227,76,69,179,131,141,57,56,81,110,158,5,189,97,31,42,144,146,17,21,69,163,21,253,249,102,127,51,61,28,184,54,78,165,249,40,55,223,97,34,49,149,113,84,178,73,74,160,171,237,140,210,89,210,85,98,144,212,140,237,124,253,202,128,173,17,192,205,180,31,159,247,20,213,77,10,22,52,49,9,141,180,220,0,132,68,189,28,210,200,55,235,23,38,159,127,61,253,19,174,114,210,123,233,219,202,66,217,93,181,173,237,101,8,193,0,82,252,225,75,249,123,125,31,202,18,59,138,210,21,138,102,233,253,90,93,140,127,165,164,46,81,202,37,196,144,151,189,85,1739150207445,/dev/cu.usbmodem1413201
84,91,120,130,154,110,95,152,215,152,65,5,147,99,189,194,181,255,22,177,187,45,13,255,21,149,52,247,45,223,227,230,18,54,159,122,145,218,211,183,62,151,54,220,242,173,122,74,12,6,214,9,13,117,123,59,142,162,143,23,247,57,88,172,88,138,157,142,201,33,69,16,179,239,229,202,61,216,69,15,13,169,214,235,90,80,223,137,5,119,95,170,151,43,169,0,81,169,132,102,156,152,14,201,27,18,2,199,231,146,147,139,108,156,46,31,171,235,240,186,253,37,89,78,50,218,93,213,73,40,189,174,209,240,251,215,108,60,91,153,37,191,173,140,20,220,120,15,209,113,21,153,133,194,21,155,105,131,188,77,164,135,99,53,58,105,184,112,181,54,24,35,130,180,148,110,125,123,102,100,60,2,129,30,184,169,164,13,153,77,184,201,192,171,38,164,216,83,104,105,96,134,185,158,14,220,50,28,116,77,224,133,150,148,231,219,101,149,193,0,247,82,45,48,187,28,218,40,16,247,58,62,98,183,209,133,224,124,174,5,152,225,184,72,107,68,14,155,121,174,1739150207446,/dev/cu.usbmodem14124101
17,205,127,244,92,120,104,67,164,191,1,199,128,185,133,213,182,226,231,115,11,121,201,72,168,97,113,179,238,136,236,149,10,113,83,21,217,160,128,106,97,101,67,153,142,224,147,159,156,132,187,68,225,83,253,43,142,144,112,219,141,188,72,233,92,148,230,183,223,207,12,27,112,72,141,238,102,173,244,136,176,170,87,23,113,105,43,116,171,125,128,185,128,155,94,158,102,4,211,22,89,148,35,105,15,30,81,231,153,140,114,196,18,14,147,165,161,71,218,234,249,202,41,133,115,107,120,112,180,119,206,134,96,183,219,165,206,106,4,29,112,28,20,189,144,158,196,23,164,100,224,4,215,156,255,116,193,102,11,75,30,172,62,109,232,131,200,29,93,241,126,59,101,231,26,99,250,64,185,245,42,185,72,172,186,93,191,191,10,84,115,224,161,33,73,222,42,105,23,94,125,2,129,28,84,42,240,17,254,124,112,76,203,117,14,49,10,159,93,82,87,63,176,9,10,68,143,134,168,158,187,195,69,44,96,155,154,98,48,218,117,68,77,199,38,68,103,56,39,182,1739150207446,/dev/cu.usbmodem1413301
103,247,101,192,92,172,7,85,125,159,122,200,149,233,60,177,69,42,193,202,252,89,189,149,203,151,175,101,134,151,58,72,68,183,239,105,132,90,165,133,37,225,170,97,158,172,111,118,167,245,191,45,153,139,172,37,121,17,191,112,107,69,87,122,16,81,3,72,214,118,171,42,29,28,252,148,194,199,89,113,229,89,130,200,48,159,215,37,36,45,89,242,94,236,192,6,253,80,94,34,229,107,122,139,149,176,203,126,106,226,114,201,5,64,247,195,225,194,209,85,164,18,175,0,128,248,241,225,157,109,253,188,126,35,216,194,253,134,211,10,86,209,230,104,97,98,67,173,77,167,13,68,74,69,139,82,222,22,161,211,0,67,64,8,202,97,133,87,57,72,126,216,12,141,238,238,177,238,235,237,69,151,193,67,31,10,205,4,87,92,2,254,212,65,117,22,238,182,253,171,201,214,140,170,220,59,44,135,99,183,201,43,11,183,69,247,178,86,110,217,173,108,14,57,146,25,248,201,173,0,32,248,245,217,199,102,202,100,210,250,21,172,188,182,132,181,191,21,166,234,1739150207447,/dev/cu.usbmodem14124401
221,86,121,113,83,105,125,97,114,171,40,162,198,60,240,19,186,169,116,249,195,49,27,7,143,174,166,127,191,89,155,255,228,88,44,241,37,68,249,215,238,204,23,164,97,97,219,177,79,112,100,234,199,225,202,37,206,29,204,92,209,78,154,181,143,39,23,28,199,88,181,56,207,34,252,81,144,59,190,59,193,225,225,27,83,129,125,64,111,134,151,52,91,12,97,188,185,110,244,181,20,236,199,186,126,17,175,124,93,30,66,106,37,73,41,72,143,98,95,105,192,88,91,223,237,222,223,25,217,187,74,82,110,122,137,68,31,245,53,186,185,170,58,46,145,156,61,136,246,3,46,219,70,253,52,70,123,239,12,104,147,243,52,48,26,147,142,206,67,97,185,129,126,36,109,17,26,161,8,162,67,240,206,198,196,108,40,18,56,49,51,118,189,15,70,106,218,162,193,167,225,123,149,110,110,40,67,179,75,120,146,164,75,155,202,152,2,121,14,32,147,5,8,248,66,213,27,37,255,63,218,47,177,120,168,10,212,51,159,18,58,182,23,98,33,8,172,23,2,76,1739150207448,/dev/cu.usbmodem14124301
246,73,16,7,47,99,172,181,35,250,218,152,155,107,127,232,206,120,72,81,177,134,76,53,155,143,122,52,29,243,207,186,114,122,134,199,10,186,15,38,148,45,27,74,209,209,129,9,211,236,156,211,244,219,98,114,181,144,129,207,182,142,21,232,146,133,114,123,127,130,103,169,200,223,52,81,114,171,193,175,170,54,200,211,48,126,37,241,206,228,62,97,65,88,231,219,153,169,186,29,123,153,137,68,135,21,218,231,253,110,24,68,89,188,2,197,48,142,232,207,14,114,14,230,155,16,19,222,190,240,2,97,48,210,47,129,98,51,212,133,164,77,117,244,50,182,27,209,192,44,116,29,115,17,71,37,65,161,15,221,134,131,48,217,178,166,80,96,101,48,128,176,122,175,172,242,62,248,39,85,77,139,234,116,118,185,200,151,161,135,88,240,56,12,28,42,228,233,20,134,222,239,194,247,210,242,79,193,145,150,219,253,21,106,8,246,187,14,197,12,163,152,88,42,50,53,158,124,3,219,129,37,117,184,20,244,237,77,151,161,205,153,209,40,243,131,59,75,106,200,1739150207448,/dev/cu.usbmodem14124201
77,35,123,125,119,150,49,96,159,222,162,150,137,16,205,97,49,35,103,167,97,53,110,88,248,181,229,158,50,47,230,209,5,17,148,249,225,224,123,210,6,138,42,41,128,194,113,144,74,88,194,234,240,163,154,218,106,172,235,88,169,239,110,155,35,242,182,97,97,71,224,49,238,60,49,230,26,3,241,149,79,214,8,95,19,218,93,167,107,135,151,52,60,83,144,233,25,194,249,37,56,152,134,151,175,48,122,250,111,2,1,240,236,144,56,173,63,10,138,162,28,133,70,183,165,180,155,239,239,106,222,71,179,148,255,192,53,143,79,133,82,53,239,103,68,251,56,214,111,228,213,47,186,30,117,199,246,116,114,89,98,62,4,252,29,228,34,12,164,219,171,206,26,166,200,73,255,236,244,169,90,161,42,200,105,20,73,198,208,193,248,135,90,132,38,58,38,99,236,69,140,36,93,159,72,245,200,40,47,152,54,151,178,199,121,140,193,112,181,31,211,216,69,54,215,141,138,117,208,189,52,239,91,220,194,95,77,241,183,160,34,185,191,92,104,203,216,184,145,200,1739150207449,QBYTE | blockhouse
37,154,73,101,36,8,219,216,197,40,157,132,158,147,52,246,94,87,159,203,231,210,177,35,201,214,162,29,217,189,198,142,181,69,202,17,137,91,98,215,9,153,150,217,48,48,172,47,79,14,230,15,114,193,188,118,230,158,7,237,135,164,120,195,94,176,251,10,237,243,206,62,53,131,223,114,106,102,202,41,229,110,134,235,141,223,169,21,171,186,170,196,82,83,52,99,227,25,139,107,22,209,158,99,74,100,143,61,65,55,23,8,102,153,220,53,220,48,143,250,235,40,116,8,5,38,157,223,133,199,198,11,176,186,110,209,83,153,164,87,77,41,113,28,0,133,152,182,159,178,177,246,52,84,251,132,108,163,58,41,64,70,14,165,223,240,118,69,139,238,217,45,129,23,164,223,7,124,15,181,123,221,209,204,81,71,99,101,56,20,91,81,206,51,70,133,9,88,204,57,81,45,217,210,21,50,53,99,40,134,146,228,74,130,176,195,118,77,250,105,154,217,99,211,178,102,153,74,145,95,201,70,32,28,59,59,154,172,176,1,215,156,124,1,143,132,191,174,99,55,1739150208519,/dev/cu.usbmodem1413101
161,58,89,56,244,198,223,100,207,144,147,118,171,202,139,166,171,239,244,9,241,214,199,22,125,119,239,236,65,113,132,229,14,36,74,178,195,141,13,86,121,244,138,216,145,182,66,116,176,26,56,65,244,125,251,148,18,225,158,219,47,24,234,112,173,253,118,152,60,251,223,208,84,214,244,244,246,117,239,161,56,246,144,96,187,197,30,9,77,161,182,110,160,37,247,105,74,90,147,77,80,28,217,161,52,48,234,187,192,69,166,55,169,106,44,100,3,180,228,9,40,113,124,79,54,100,80,139,199,8,1,208,255,154,239,90,24,102,215,58,155,246,103,41,186,132,100,69,112,49,23,96,138,111,54,95,255,124,51,233,152,131,24,93,231,212,255,19,109,7,116,71,4,53,201,9,94,124,253,156,16,206,111,122,222,42,249,153,113,64,153,162,232,206,210,206,155,29,91,19,73,29,192,81,55,208,130,28,223,145,114,183,120,179,21,86,17,162,216,98,65,199,224,162,12,165,30,224,16,95,156,151,165,180,150,127,180,40,142,73,219,66,229,215,75,251,120,142,253,186,1739150208520,/dev/cu.usbmodem1413401
144,54,184,118,45,5,195,205,49,60,3,139,195,87,106,84,86,111,217,124,210,74,100,159,244,57,183,130,33,243,47,148,136,99,179,51,99,228,231,249,238,18,48,203,32,208,133,189,191,215,200,140,88,26,79,98,208,51,45,64,75,5,44,13,75,109,221,211,121,131,169,50,25,21,35,156,65,10,42,157,59,38,8,213,99,140,23,100,7,114,226,30,215,201,99,54,206,137,64,24,186,219,240,52,49,46,93,154,163,229,121,153,64,166,80,220,195,223,239,98,221,222,5,167,212,158,176,3,81,13,68,63,91,224,35,11,30,180,230,18,210,146,88,233,250,239,152,37,171,18,196,230,156,181,161,69,0,149,232,225,226,213,130,138,183,153,248,42,34,72,42,129,109,213,132,120,142,138,33,140,22,47,86,12,178,116,139,93,248,37,209,61,103,149,23,204,129,26,175,244,14,66,138,152,31,136,245,70,59,245,7,194,6,94,125,146,1,35,47,156,9,74,244,112,195,203,115,20,168,212,192,72,117,105,251,113,72,33,184,91,77,218,151,2,79,71,34,10,200,142,1739150208520,/dev/cu.usbmodem1413201
147,235,184,29,248,111,53,230,238,26,85,19,112,150,226,27,159,38,212,74,120,193,207,145,249,164,234,119,105,18,183,141,159,43,2,149,141,186,0,111,204,246,148,208,138,142,98,105,48,5,98,212,36,121,58,87,24,112,229,108,181,241,52,54,212,252,127,160,168,72,32,153,183,240,126,255,142,66,252,232,254,79,94,182,136,54,3,188,195,113,18,232,42,118,176,24,136,95,32,187,243,37,68,157,157,102,125,19,45,4,196,208,76,154,1,44,12,201,24,160,120,141,39,138,125,247,38,206,250,239,44,174,221,86,178,37,20,70,222,171,171,128,220,22,151,128,127,195,220,30,187,215,186,205,163,86,212,162,18,34,152,62,139,31,208,47,60,245,83,168,15,18,26,190,92,112,241,141,49,146,216,251,107,96,233,24,25,213,72,43,44,84,201,68,109,50,205,95,32,46,182,4,77,144,247,19,3,188,1,121,128,247,213,68,6,10,169,203,148,2,172,105,178,68,29,246,47,97,103,50,14,1,177,111,237,154,37,91,241,18,103,28,237,179,74,189,156,80,203,68,1739150208521,/dev/cu.usbmodem14124101
95,179,198,172,133,236,17,239,235,252,104,100,52,188,187,126,34,108,13,214,38,123,100,31,239,196,14,34,212,5,107,106,252,224,125,217,148,9,217,19,64,221,5,220,132,94,250,110,232,108,70,84,15,161,39,19,58,170,169,108,236,159,165,192,50,127,181,85,148,87,88,40,9,48,235,85,164,165,218,133,188,34,25,201,131,178,213,128,197,144,115,71,90,245,40,17,194,153,44,117,8,99,41,113,200,74,83,125,102,57,179,82,219,59,60,93,108,191,58,127,63,172,140,73,61,138,92,237,166,173,127,193,241,147,48,134,4,23,236,178,176,185,120,151,132,222,136,242,54,163,41,122,126,74,235,165,142,149,131,127,110,250,159,176,36,162,40,160,198,79,136,45,156,4,250,163,63,53,85,144,20,250,120,74,130,28,30,56,240,252,57,83,166,197,173,114,2,202,143,63,10,181,200,150,19,204,208,124,123,128,67,82,37,94,109,192,70,87,165,132,235,101,157,142,92,255,40,3,66,221,94,21,14,59,85,230,113,113,21,206,121,120,144,86,249,139,144,178,201,232,1739150208521,/dev/cu.usbmodem1413301
192,173,83,70,13,159,53,70,129,175,66,217,48,28,189,102,117,200,94,12,171,45,33,156,122,64,58,210,177,145,88,240,5,44,73,222,160,186,132,56,35,215,213,212,105,170,84,172,243,18,37,231,229,149,132,234,116,209,45,115,247,40,213,156,103,98,203,213,171,32,47,116,202,129,238,19,211,101,21,69,187,125,122,91,68,177,250,111,17,186,126,160,57,92,197,234,164,214,25,0,145,175,166,200,84,83,117,91,207,2,68,244,237,28,221,157,107,89,97,232,232,31,1,127,234,208,143,119,106,175,80,41,248,204,118,40,149,5,205,228,157,142,247,22,139,234,96,49,189,209,192,25,98,217,233,104,182,35,120,239,238,132,185,169,61,138,200,101,76,224,62,4,31,215,225,159,156,213,103,183,198,176,180,113,222,177,146,78,215,132,228,217,65,74,205,0,10,82,196,166,68,58,227,122,80,112,83,28,80,84,47,144,3,60,232,254,215,72,198,11,203,191,104,13,121,228,180,177,232,108,0,156,37,129,252,252,29,9,232,19,158,62,217,62,79,19,19,230,95,151,1739150208522,/dev/cu.usbmodem14124401
178,191,47,232,129,103,53,176,3,150,8,129,37,92,95,47,64,222,183,111,77,247,29,103,216,28,192,148,12,10,83,2,80,232,194,93,76,54,200,201,162,143,240,43,137,126,223,172,188,139,49,75,58,213,23,191,4,156,15,202,153,248,215,253,159,159,0,221,124,226,155,10,150,191,213,34,90,33,217,98,86,123,228,232,158,126,186,122,18,141,78,177,146,222,246,181,119,53,230,246,204,136,36,1,220,48,73,46,208,237,13,132,24,74,144,214,228,4,54,90,196,242,84,228,111,224,179,99,135,216,207,145,15,6,195,124,64,53,224,208,246,73,80,192,69,248,143,111,188,114,111,10,237,18,70,203,104,7,249,45,35,42,213,60,178,21,178,217,172,99,51,116,123,38,208,215,135,192,60,228,194,40,254,239,197,45,245,224,25,157,48,102,168,234,118,212,13,192,16,147,183,174,115,236,152,209,232,38,216,106,127,227,183,35,57,188,92,109,222,229,82,72,79,252,189,160,149,30,60,11,57,86,25,51,85,62,32,235,180,54,165,64,59,13,93,134,176,131,74,95,1739150208522,/dev/cu.usbmodem14124301
28,32,64,236,56,125,84,205,168,252,201,144,167,182,85,116,242,122,227,42,103,114,225,156,63,17,80,90,198,156,79,130,75,19,138,228,193,82,14,85,23,124,67,241,183,179,140,176,42,144,254,34,105,192,253,100,97,213,200,234,113,242,242,211,104,137,81,167,164,116,252,237,209,198,123,120,169,38,225,22,70,188,116,164,26,61,181,133,22,111,164,193,251,254,41,54,2,156,228,40,100,35,153,68,54,14,233,142,167,4,196,131,51,226,178,252,56,203,112,181,251,26,36,132,18,80,91,165,209,250,137,183,236,140,220,16,92,154,35,21,151,157,203,77,131,78,35,70,75,229,164,153,210,22,0,66,215,120,249,87,198,172,58,29,115,64,103,203,95,18,242,69,168,37,243,97,111,154,65,82,4,232,115,198,202,135,91,196,68,168,40,117,139,89,201,215,58,177,150,60,69,63,131,98,78,212,36,111,246,30,129,131,163,187,23,224,114,224,153,185,140,69,167,12,15,155,119,208,159,192,161,185,247,195,3,147,126,35,239,160,20,189,28,180,25,241,67,199,57,138,1739150208523,/dev/cu.usbmodem14124201
182,252,234,216,52,205,183,67,20,167,179,198,0,210,59,92,217,241,97,107,27,92,100,67,203,181,180,58,127,47,245,104,78,30,77,187,29,95,19,160,132,112,219,200,216,225,244,81,253,163,216,204,67,254,123,245,23,14,18,37,165,245,223,250,206,215,0,27,231,34,136,254,75,120,221,249,215,156,4,73,15,105,179,54,158,224,131,212,242,208,11,203,5,64,34,92,252,115,79,46,62,84,193,151,164,59,195,137,209,65,50,215,222,64,98,75,203,187,129,73,142,81,215,60,48,193,96,197,115,13,198,132,35,67,73,103,204,176,169,71,227,46,134,198,30,236,95,255,228,106,251,87,187,212,139,140,192,33,8,233,199,214,214,85,135,239,120,94,238,215,255,225,162,153,141,84,109,189,173,166,177,77,194,200,135,6,42,38,131,23,250,3,76,16,49,196,225,233,213,198,28,104,5,233,95,192,14,172,200,59,245,196,211,209,117,111,112,149,189,70,128,234,216,54,247,222,165,163,71,156,93,254,132,228,68,24,113,78,209,74,112,163,141,182,51,106,9,106,120,237,1739150208523,QBYTE | noninterference
27,145,45,72,205,151,189,112,160,82,33,37,57,59,255,238,101,69,165,148,90,10,27,244,105,155,70,24,149,82,154,163,174,174,255,21,129,233,154,108,248,110,39,157,15,27,10,7,223,187,237,242,84,44,226,230,32,242,209,59,39,126,102,137,231,50,93,255,32,52,3,243,177,51,122,128,33,100,205,53,117,122,18,57,97,51,235,0,55,11,124,113,173,129,88,94,223,175,163,152,162,103,48,168,123,90,99,234,12,111,237,106,253,119,214,211,69,86,255,124,64,87,115,71,26,248,147,119,68,230,61,129,23,88,29,11,92,25,204,138,72,91,142,141,198,20,32,148,70,65,214,191,88,244,14,66,71,210,119,21,112,143,223,145,108,74,98,114,23,232,208,114,84,89,39,12,47,71,106,91,5,245,247,75,252,40,46,136,8,186,111,11,164,50,80,181,76,234,58,36,175,63,169,249,201,187,236,182,134,132,81,237,6,230,170,55,101,216,143,187,226,178,48,118,142,123,46,219,38,195,7,64,164,126,247,173,129,232,103,129,105,225,196,81,233,234,98,112,110,133,1739150209594,/dev/cu.usbmodem1413101
78,248,58,189,65,75,220,11,64,223,60,64,189,189,206,55,152,246,49,141,84,206,176,69,217,63,139,111,3,172,117,166,134,43,171,31,35,227,28,179,212,205,210,168,69,189,212,109,29,129,210,163,178,26,242,217,136,180,12,216,139,183,216,119,9,251,4,43,49,23,102,87,205,216,20,146,45,56,72,49,141,244,186,217,55,155,117,109,47,59,19,166,88,163,0,197,20,241,112,253,25,160,6,51,125,22,184,209,58,123,20,96,115,250,223,198,210,193,192,215,64,58,65,114,13,80,13,59,126,41,151,3,170,226,73,68,91,73,41,229,125,154,83,169,93,95,221,79,38,236,155,174,241,206,20,226,76,112,172,79,72,74,97,54,242,163,45,138,44,212,137,129,231,2,76,192,220,248,163,245,80,159,238,254,230,79,186,93,232,183,238,89,221,135,196,248,136,81,249,228,77,36,250,147,148,181,150,160,169,228,115,14,77,79,98,191,229,233,174,191,54,117,19,35,40,164,55,121,122,25,96,148,20,255,197,26,184,145,211,227,59,173,165,163,233,200,144,173,36,10,1739150209595,/dev/cu.usbmodem1413401
251,9,40,244,232,118,234,236,96,201,20,247,181,237,137,50,171,226,58,46,168,243,49,140,74,159,95,81,157,131,131,145,16,182,184,46,54,5,64,149,112,126,128,7,168,11,26,220,67,11,213,158,8,81,116,114,153,51,203,20,104,99,105,142,172,64,34,43,186,4,184,18,244,234,180,199,201,68,158,4,178,224,25,113,90,214,224,238,245,168,206,118,235,149,178,112,149,116,243,162,46,119,161,203,89,232,215,41,227,15,210,82,64,178,185,176,158,50,106,195,241,201,45,34,14,92,235,11,136,187,226,167,145,167,130,179,236,154,75,17,155,55,72,38,127,174,253,103,195,195,86,16,178,117,27,80,204,60,172,136,217,220,108,1,79,59,191,104,76,95,165,254,79,77,210,11,27,167,114,84,226,204,92,108,130,29,59,76,154,155,13,117,58,244,20,149,87,119,90,24,70,152,142,187,86,111,124,31,223,67,63,83,108,148,97,150,139,218,213,211,135,205,132,138,193,210,161,142,246,113,248,87,216,143,177,84,208,23,89,230,246,185,28,149,204,254,132,153,159,189,1739150209595,/dev/cu.usbmodem1413201
137,173,230,145,19,230,157,171,209,63,99,210,233,213,163,55,234,32,181,46,168,73,26,99,166,198,87,56,153,62,51,76,88,61,234,62,11,123,0,11,112,223,207,205,174,81,132,157,74,140,197,247,156,218,202,154,207,126,77,45,12,53,4,20,153,13,52,180,193,97,59,247,101,51,24,140,214,251,15,52,192,200,37,176,231,15,112,124,213,252,45,81,158,122,204,92,131,41,145,249,188,40,5,71,134,138,193,164,195,11,167,233,63,234,180,199,99,71,103,130,129,5,211,11,152,120,254,137,153,18,101,85,42,154,233,137,169,144,216,53,135,111,207,72,211,128,42,251,242,140,124,254,4,80,51,245,157,217,0,58,120,118,146,207,164,156,81,215,97,244,103,214,38,78,2,79,149,223,186,242,230,218,255,14,223,133,62,30,150,213,154,202,13,51,247,167,149,28,175,36,249,228,37,116,204,157,29,161,239,161,119,127,24,147,28,191,86,161,157,199,253,252,96,99,138,197,54,132,174,132,29,63,60,32,225,112,118,186,255,80,61,71,80,159,54,100,114,41,102,236,1739150209596,/dev/cu.usbmodem14124101
142,167,62,44,24,147,94,241,92,147,34,19,255,175,37,11,39,254,43,248,102,13,204,157,58,22,75,28,121,171,240,40,22,138,123,101,75,69,236,116,133,98,250,150,204,63,233,168,191,67,68,188,169,157,110,244,32,197,226,181,102,196,226,13,30,18,175,138,68,138,26,145,72,237,203,230,194,119,91,96,240,172,76,231,174,8,241,182,84,65,88,87,223,75,245,161,125,136,187,23,92,26,232,115,51,83,89,172,237,94,201,106,113,140,178,66,95,37,101,110,38,6,204,62,5,191,155,48,69,99,95,65,53,36,5,76,59,227,162,244,5,112,72,179,99,157,104,180,227,103,238,109,127,216,129,52,74,170,237,231,23,34,189,92,176,243,107,134,201,131,11,186,168,203,196,113,153,203,253,172,123,193,37,254,148,231,23,128,226,163,130,94,98,153,216,152,133,100,184,4,242,147,183,136,152,6,200,189,221,86,118,7,211,90,57,35,101,220,170,201,193,174,87,17,48,67,130,58,83,132,139,159,35,175,74,187,172,214,95,221,207,72,239,235,138,117,114,177,161,8,1739150209596,/dev/cu.usbmodem1413301
92,242,238,177,55,42,45,156,119,43,164,85,39,63,206,145,159,93,253,20,35,15,169,95,165,58,135,35,44,255,154,78,123,191,223,120,93,250,109,206,68,241,239,70,121,86,87,103,161,233,2,43,205,15,82,182,224,91,171,39,154,20,199,117,95,232,12,108,123,123,191,41,60,41,37,34,169,79,175,139,171,154,154,227,21,245,41,220,191,33,1,167,60,79,74,166,111,154,94,81,102,0,118,74,191,39,194,59,20,3,164,171,241,165,52,52,229,231,174,89,235,238,69,168,210,29,169,9,146,98,243,71,207,237,16,65,105,97,250,195,54,99,240,226,38,142,193,193,5,206,103,216,49,169,169,133,104,40,217,209,88,164,115,184,209,202,115,205,140,112,25,54,123,166,80,151,126,110,92,129,207,177,254,58,2,54,243,161,130,196,202,178,6,223,173,162,79,74,180,44,82,174,154,30,79,240,139,213,214,251,214,189,247,30,166,78,167,199,0,11,229,247,204,32,7,205,164,179,214,174,104,168,18,72,96,66,123,38,211,69,150,120,1,112,136,48,75,250,98,45,1739150209597,/dev/cu.usbmodem14124401
248,53,60,232,44,243,109,244,153,132,63,150,50,150,190,115,156,98,187,223,236,11,121,165,67,4,156,12,236,125,15,119,161,113,57,56,140,89,232,111,57,9,41,154,139,176,157,0,39,186,234,2,142,200,199,80,108,44,84,244,195,255,63,223,169,190,107,237,202,171,209,56,255,180,11,56,133,252,156,214,177,137,168,230,10,207,227,248,133,34,235,209,69,226,183,208,206,228,88,168,158,144,200,34,179,14,56,216,207,179,56,121,27,138,9,125,20,81,246,160,46,184,5,83,182,186,195,240,142,238,164,121,125,41,129,1,192,129,234,186,116,26,225,78,237,13,192,219,62,29,61,10,81,29,114,254,222,83,138,176,103,163,45,205,233,26,23,40,252,209,138,15,135,119,174,202,153,77,112,205,200,34,190,245,119,117,79,191,26,251,228,183,183,55,6,150,246,49,112,0,56,245,23,247,159,236,146,158,17,76,217,214,28,30,75,172,39,196,198,157,84,229,55,202,39,132,15,165,192,3,126,48,60,247,49,232,115,180,5,23,212,2,101,244,182,63,168,252,61,163,1739150209597,/dev/cu.usbmodem14124301
106,178,101,236,54,16,167,34,183,48,58,16,42,98,197,156,6,7,154,18,88,198,40,166,99,14,237,77,71,133,57,171,108,46,221,45,162,92,5,201,236,254,112,120,149,97,110,120,148,148,1,122,9,173,155,82,15,195,185,201,105,187,26,214,127,45,124,62,165,204,160,85,113,126,68,97,140,177,74,101,193,254,237,183,150,144,48,233,38,189,197,16,110,167,39,70,156,217,246,42,46,123,47,54,223,215,51,0,47,162,147,226,88,118,82,222,85,117,146,193,65,163,18,105,186,68,110,79,145,40,212,150,196,225,102,185,161,74,101,176,232,179,115,107,198,208,59,131,183,113,197,20,173,216,209,112,85,183,118,102,247,92,150,95,250,59,176,77,219,130,24,241,143,194,36,181,76,216,215,124,108,108,69,95,234,134,21,99,229,171,28,228,217,48,13,38,140,231,60,160,176,190,238,232,197,57,232,82,216,133,195,234,24,29,222,31,234,234,229,31,24,3,13,214,5,120,61,150,160,39,121,195,185,42,136,192,156,130,75,100,190,161,213,44,81,28,203,108,52,30,1739150209598,/dev/cu.usbmodem14124201
103,31,80,9,66,22,175,135,84,119,233,128,24,218,139,169,158,183,236,56,255,177,180,159,227,219,120,96,108,239,3,98,192,100,70,18,167,206,170,93,56,102,246,205,231,68,13,156,102,57,130,215,145,74,206,151,93,122,255,117,158,11,211,21,76,237,251,126,58,208,50,148,23,60,99,196,113,150,54,108,161,231,7,116,204,211,5,132,112,155,251,193,72,140,9,38,157,44,250,250,163,105,235,58,57,131,93,249,15,92,74,235,50,0,217,183,145,4,157,188,210,82,82,176,90,208,20,72,227,161,241,153,69,134,205,192,113,19,161,118,134,35,112,62,89,171,120,106,62,39,22,84,173,171,185,58,243,33,191,8,70,22,53,31,7,86,30,105,116,55,27,169,1,128,165,17,79,247,7,148,65,66,154,185,76,221,47,122,115,116,166,82,68,51,9,245,182,40,118,116,117,17,44,44,74,223,34,12,221,230,208,73,31,233,191,127,82,127,224,80,198,73,102,145,248,186,154,18,225,33,102,120,224,20,241,66,167,18,208,63,170,33,115,187,31,222,94,182,121,70,1739150209599,QBYTE | sinologists
168,21,27,213,60,40,27,4,199,40,14,244,73,241,224,23,88,34,117,61,63,24,185,12,93,159,151,248,43,130,200,210,40,230,83,212,251,134,171,211,243,201,232,225,72,175,77,215,9,210,255,153,210,238,76,219,49,169,246,201,111,51,32,255,89,238,131,63,75,127,104,87,55,65,35,88,64,232,131,42,149,105,168,90,85,159,252,202,13,230,4,50,227,11,194,195,0,37,102,105,50,188,79,165,167,195,244,140,139,201,62,182,121,83,79,81,71,28,165,1,189,220,231,223,48,86,57,225,74,58,94,151,150,56,36,157,137,201,89,41,240,246,107,172,22,146,190,174,251,148,169,78,125,57,219,24,217,110,226,177,149,34,47,55,68,250,211,54,202,255,195,206,9,244,227,151,234,76,107,129,23,236,227,201,3,154,217,0,37,29,255,186,203,83,134,22,112,2,146,22,100,234,73,212,198,233,41,243,121,74,159,200,229,34,69,97,62,83,84,183,193,130,148,139,222,71,196,210,173,28,86,67,162,34,92,10,225,153,135,23,242,142,42,18,47,148,46,15,43,243,1739150210668,/dev/cu.usbmodem1413101
61,168,156,10,174,8,225,16,58,166,12,111,171,99,215,117,242,87,194,216,203,10,204,61,241,199,45,188,94,99,65,229,233,80,194,101,44,41,238,33,30,228,170,238,183,212,142,104,233,53,131,135,162,151,4,179,53,128,37,244,145,225,152,20,12,227,105,32,172,238,72,188,163,129,189,55,250,178,222,99,114,85,95,83,60,35,24,59,202,223,73,163,129,173,229,193,156,10,79,214,71,73,209,219,174,6,45,28,217,55,189,175,231,136,145,20,84,34,108,101,105,28,4,32,35,124,131,146,102,170,194,63,244,85,39,9,71,118,127,105,163,126,46,226,235,226,100,201,99,190,7,17,252,49,154,27,30,68,195,150,23,88,186,123,190,42,208,59,70,247,115,52,20,210,160,78,118,174,186,14,38,86,52,32,208,2,45,165,98,238,56,98,56,202,188,182,1,229,55,57,126,91,98,15,205,226,154,169,239,177,229,245,59,203,190,245,13,55,228,126,237,156,16,247,62,255,134,54,30,12,218,216,62,168,107,122,83,25,222,74,4,116,145,95,111,248,50,36,153,160,1739150210669,/dev/cu.usbmodem1413401
136,156,202,197,192,37,135,242,173,245,242,246,33,162,66,84,179,8,66,9,53,247,95,2,110,232,153,81,147,11,166,142,118,136,63,138,26,40,126,168,76,25,212,19,247,246,238,200,21,169,107,138,57,50,119,22,123,59,245,6,198,37,243,180,68,247,222,66,238,188,203,83,183,168,57,190,232,121,180,11,177,200,246,44,58,220,51,26,94,224,38,232,149,218,213,137,216,194,250,138,111,145,207,90,62,134,102,57,237,211,129,136,30,239,141,62,55,40,105,189,125,163,85,208,160,199,224,199,3,42,219,75,146,229,12,186,226,55,56,211,150,77,134,162,103,126,46,251,205,172,98,216,231,41,155,191,142,66,183,110,38,218,170,182,20,101,219,66,211,5,152,192,169,30,239,57,25,65,148,168,6,165,139,176,221,7,18,141,19,150,36,33,151,109,31,124,10,12,101,30,67,71,75,12,89,83,236,35,55,246,81,244,155,232,74,79,57,172,167,221,33,0,124,212,67,22,63,69,149,185,51,114,170,66,14,56,64,146,217,158,57,43,59,248,29,128,149,233,18,91,1739150210669,/dev/cu.usbmodem1413201
206,30,72,3,24,140,236,11,66,63,164,187,208,84,139,182,13,232,155,121,124,8,177,56,20,99,184,130,199,194,185,35,99,122,212,89,136,35,237,19,141,157,220,210,76,21,255,57,163,67,64,125,111,12,27,109,61,255,248,69,198,202,35,7,117,216,138,53,236,26,37,104,234,250,247,250,156,109,147,130,116,44,39,254,216,116,179,91,58,144,70,79,76,91,215,136,120,84,92,137,255,94,243,228,237,29,123,118,108,59,194,249,195,116,177,55,225,213,193,82,223,215,88,59,176,78,200,77,248,169,23,82,194,25,72,18,115,197,112,208,172,116,240,176,151,181,110,89,149,225,81,222,212,209,24,20,242,7,9,127,98,133,5,115,31,24,181,167,231,150,252,1,76,64,59,217,228,150,187,108,23,193,92,50,49,84,51,34,252,12,255,221,255,132,239,134,147,164,97,58,206,37,254,210,117,85,98,108,143,71,157,116,143,34,72,253,70,32,171,244,140,170,0,165,94,154,221,130,165,77,25,109,97,235,164,159,234,73,139,140,213,77,203,114,76,246,117,3,219,193,1739150210670,/dev/cu.usbmodem14124101
127,71,92,174,213,111,114,45,185,246,236,202,168,136,75,94,59,83,177,49,157,73,199,46,88,5,60,6,59,60,57,252,76,246,233,93,80,114,139,78,198,237,4,149,192,39,248,187,104,218,169,75,177,230,110,225,58,154,5,166,94,12,171,170,251,25,130,102,2,153,220,213,224,113,10,113,91,32,42,0,114,70,6,107,188,91,25,251,94,135,233,117,152,162,136,166,165,80,254,238,39,155,215,149,129,18,78,37,169,46,26,74,113,29,90,98,202,64,201,170,178,43,202,191,59,207,211,134,171,242,61,105,168,14,228,85,203,114,224,175,229,164,231,239,193,111,226,235,219,136,234,230,60,83,48,227,132,82,213,5,191,88,238,215,205,11,162,99,83,158,82,94,180,146,11,185,72,138,1,195,225,144,130,38,57,31,249,190,152,209,114,137,248,172,129,111,58,98,48,117,217,179,58,96,209,81,237,173,84,95,22,10,72,185,160,82,186,128,36,78,189,146,7,234,132,198,153,234,60,188,60,232,228,216,104,174,155,192,122,136,70,166,233,36,70,169,12,128,110,130,1739150210670,/dev/cu.usbmodem1413301
96,47,6,109,156,165,183,123,33,160,153,121,34,200,62,78,102,125,215,135,8,113,238,216,66,114,131,44,165,253,188,226,123,3,212,212,51,73,167,15,13,204,84,33,21,8,227,211,140,0,250,160,11,187,21,162,223,179,227,122,170,173,3,52,77,94,168,73,169,235,242,159,48,161,86,215,120,24,179,135,255,82,39,248,87,43,101,84,242,134,147,197,175,43,209,203,178,170,51,246,76,197,47,74,164,47,40,35,0,252,97,197,196,180,128,228,37,57,85,196,105,101,171,106,204,61,113,63,181,35,2,140,212,165,254,96,189,99,95,164,108,39,169,163,36,34,99,32,195,148,172,248,210,126,100,180,148,25,175,65,22,141,133,122,193,30,104,132,169,37,187,114,2,123,254,167,104,121,94,242,62,18,40,32,125,156,120,178,193,236,10,242,252,215,18,7,234,28,211,169,17,74,189,12,135,102,141,227,19,205,100,9,20,32,225,35,140,71,245,129,247,194,207,206,144,6,102,101,253,245,125,8,161,39,45,217,183,118,62,127,224,148,117,91,77,70,142,221,219,60,1739150210671,/dev/cu.usbmodem14124401
40,250,223,188,138,80,43,67,239,37,98,167,16,50,94,153,165,177,222,249,244,162,89,66,141,45,91,17,83,11,99,215,217,58,197,255,117,207,251,224,148,246,180,210,136,149,112,7,93,139,37,149,172,105,205,68,128,141,191,172,171,50,22,100,40,72,63,108,82,126,154,68,24,156,231,152,73,123,146,212,59,180,193,171,70,234,105,106,144,135,55,124,142,108,179,136,83,54,117,232,187,219,122,32,58,71,57,227,116,206,139,225,174,225,66,69,149,179,32,164,103,180,245,140,98,31,141,213,210,228,241,206,106,168,255,215,3,114,34,80,229,146,151,4,116,133,12,117,137,114,32,47,161,81,36,61,95,84,163,33,20,74,56,37,94,71,255,240,99,64,223,204,229,218,66,90,75,165,137,11,27,86,90,107,61,81,174,23,88,166,137,150,49,43,123,201,184,38,19,190,52,162,168,7,68,246,5,215,125,81,4,70,8,116,6,63,243,250,174,127,174,57,223,121,219,63,84,187,94,12,186,21,25,62,183,118,67,166,250,157,143,21,126,162,232,159,34,108,114,90,1739150210671,/dev/cu.usbmodem14124301
88,66,192,101,11,195,186,65,148,83,107,245,249,100,105,233,195,230,155,116,213,224,84,190,91,231,191,40,230,105,9,90,131,198,47,139,94,118,201,248,78,241,14,155,65,2,105,158,24,70,239,189,23,66,76,180,65,113,117,113,230,83,115,132,171,131,253,105,155,145,236,193,41,239,235,152,46,248,44,216,79,119,42,158,198,215,36,79,207,219,159,92,245,53,38,133,127,63,105,148,92,102,131,147,45,17,221,98,126,158,107,63,67,182,65,182,129,209,134,50,100,228,254,145,125,61,133,187,146,26,65,226,172,50,194,207,199,183,219,19,76,67,228,192,169,66,36,180,86,109,116,67,196,42,104,215,94,71,40,155,70,175,50,105,92,175,1,74,146,185,68,42,39,255,65,173,168,84,107,137,240,101,205,100,113,159,211,62,104,129,8,169,196,46,134,132,128,215,7,27,28,106,119,109,129,169,98,118,245,206,175,200,146,143,56,188,117,225,46,80,40,58,225,0,107,129,39,201,96,173,184,213,148,99,93,157,249,195,38,109,239,209,119,207,124,235,79,75,252,89,1739150210672,/dev/cu.usbmodem14124201
188,239,64,3,130,208,197,185,241,100,40,55,112,114,188,224,47,236,77,174,9,151,191,1,26,110,192,132,10,139,121,9,185,77,173,159,13,38,200,16,61,143,160,51,88,32,208,191,247,26,206,42,39,49,222,160,102,56,242,127,71,253,165,38,81,174,86,66,135,170,150,31,40,49,0,141,138,245,93,75,219,15,236,125,224,89,85,58,80,20,255,166,247,247,233,99,7,74,94,216,105,217,163,172,232,53,70,88,112,148,91,57,27,190,59,57,62,216,91,115,174,170,132,220,235,115,56,46,137,60,223,120,136,160,96,17,237,153,40,11,73,227,14,212,53,49,51,207,7,100,143,43,57,166,218,21,170,55,110,200,61,21,91,104,255,80,89,181,179,217,166,241,140,180,97,208,162,55,67,248,20,111,61,98,55,134,41,47,193,115,229,96,106,14,164,127,0,192,86,114,119,226,198,3,180,101,58,250,225,71,111,48,12,65,134,212,252,52,237,0,77,231,14,80,89,74,44,222,124,12,229,164,159,129,50,75,142,136,147,72,220,106,222,213,142,129,19,187,64,116,1739150210673,QBYTE | salmons
168,29,247,28,238,242,67,125,49,212,209,77,208,13,62,95,179,44,140,38,95,201,5,99,20,129,152,58,244,82,139,101,194,207,56,122,214,164,233,176,15,59,186,156,108,125,228,115,158,151,176,179,158,249,23,153,128,74,205,158,149,103,211,129,206,22,26,240,187,45,98,184,59,40,168,26,32,140,140,96,91,111,190,228,4,112,10,111,191,190,134,98,120,44,205,186,162,222,107,47,122,58,5,58,125,152,107,27,69,45,243,0,167,235,240,142,197,220,26,52,241,76,216,8,214,245,227,164,25,184,240,161,218,196,31,102,247,247,117,196,183,41,177,32,132,188,142,177,164,233,141,196,91,199,78,101,80,91,239,81,125,2,179,250,189,121,41,91,97,184,195,194,164,130,188,62,142,42,33,238,84,174,236,19,94,76,52,135,59,65,31,234,23,18,53,241,110,220,97,197,161,246,197,210,220,238,150,252,255,244,30,192,239,120,40,96,221,227,153,20,2,154,135,171,119,157,103,188,62,20,204,146,98,186,29,143,80,138,99,57,173,210,95,155,188,9,194,58,202,71,1739150211949,/dev/cu.usbmodem1413101
78,197,55,104,17,231,177,100,28,71,222,116,131,37,253,43,160,88,13,225,210,133,173,212,105,194,104,51,189,42,96,183,107,45,72,71,118,113,246,209,215,7,127,179,193,131,43,248,66,159,36,66,144,13,170,61,224,185,143,254,62,169,37,14,185,76,76,40,45,111,72,193,16,54,23,183,229,197,201,190,26,155,220,36,65,154,11,135,233,33,28,25,19,54,126,236,232,197,250,243,207,60,69,235,233,8,96,173,212,182,161,159,138,237,196,250,157,68,69,128,101,143,55,145,142,186,142,171,125,58,195,116,60,177,201,188,12,33,82,171,188,52,179,56,254,105,208,156,107,209,142,187,159,45,225,93,186,92,187,143,123,94,223,252,192,218,166,173,111,96,206,102,203,49,93,204,120,167,224,19,61,87,78,4,3,149,16,79,116,73,156,96,222,248,36,180,46,138,206,13,7,164,52,167,148,65,128,98,122,181,242,215,186,233,42,117,12,16,164,210,47,109,73,40,229,100,53,32,144,66,122,114,64,164,38,32,217,17,232,147,106,48,60,118,17,141,125,222,246,49,1739150211950,/dev/cu.usbmodem1413401
33,151,160,148,42,76,143,24,241,59,34,183,142,84,104,4,252,61,62,182,145,117,150,114,226,148,69,221,151,65,239,249,131,218,167,245,62,142,117,248,125,166,12,134,110,164,228,223,141,234,237,111,101,57,119,202,50,56,219,12,12,177,210,89,39,196,217,45,87,0,212,33,203,97,125,35,90,145,52,225,171,255,50,40,37,158,20,194,5,29,61,43,232,145,68,56,175,79,221,114,191,118,52,36,145,33,60,110,184,221,29,19,73,20,127,254,59,57,117,227,211,11,218,189,128,187,229,83,204,118,91,117,61,118,145,51,218,88,211,176,132,153,158,222,57,233,231,225,225,89,255,50,90,143,72,180,15,235,75,79,17,236,82,89,66,98,90,247,50,46,196,102,159,162,21,192,5,234,0,101,161,35,181,85,154,236,205,128,151,158,77,185,86,171,14,20,236,154,21,103,166,93,7,88,153,60,96,193,105,231,49,133,89,160,9,44,68,43,71,10,184,101,42,116,58,121,225,243,245,97,208,140,245,179,122,83,130,203,76,103,11,203,195,194,34,79,93,249,73,101,1739150211950,/dev/cu.usbmodem1413201
135,120,216,172,233,253,200,78,191,114,212,110,237,242,246,254,8,35,138,68,19,107,80,144,90,133,106,89,55,51,138,254,113,249,51,246,251,158,98,203,34,152,66,9,242,232,53,129,247,149,106,99,202,199,80,122,167,48,26,234,156,209,68,110,148,72,8,94,204,101,35,35,37,173,207,6,49,171,238,160,116,184,179,160,208,157,222,168,248,20,74,61,143,68,63,57,238,203,252,23,200,0,188,114,160,186,221,205,105,57,150,239,108,243,82,167,137,98,189,133,132,163,230,236,241,184,32,247,11,31,80,165,53,132,150,205,60,232,45,97,146,231,21,18,141,137,15,115,5,251,154,116,4,125,97,123,79,202,165,144,26,145,110,96,0,206,7,82,162,139,234,198,107,126,148,127,146,171,213,217,8,151,178,53,226,250,208,117,250,178,252,119,185,238,146,30,5,168,8,233,94,57,231,146,148,98,107,33,166,29,155,69,92,89,245,16,214,181,144,209,92,51,234,75,21,76,100,29,69,237,218,130,206,212,189,150,214,130,58,248,197,110,50,242,216,244,216,171,42,71,1739150211951,/dev/cu.usbmodem14124101
2,26,16,8,158,196,182,206,237,132,212,241,118,228,114,230,254,193,243,67,116,106,181,114,91,28,188,108,223,149,147,248,69,159,172,196,204,185,251,3,235,188,20,50,191,205,238,152,151,215,195,57,90,164,252,204,166,129,162,18,22,198,90,141,181,194,87,33,221,183,178,75,7,1,25,198,173,255,132,34,69,17,161,164,231,93,190,194,146,117,245,9,242,208,50,55,109,150,42,161,226,167,73,186,134,68,254,90,88,193,184,185,249,122,148,196,200,99,170,50,14,123,70,95,251,181,147,220,14,64,156,117,209,4,65,183,237,40,244,131,76,171,138,226,174,63,28,214,175,166,205,44,100,77,27,255,136,41,228,69,48,51,236,75,206,221,44,184,118,165,150,74,81,191,124,32,136,171,239,244,88,38,169,77,61,162,18,0,67,104,199,95,11,129,146,100,237,58,10,70,33,203,5,64,17,229,38,93,129,152,202,147,112,74,186,229,150,41,166,79,197,111,250,98,59,198,219,73,57,145,78,13,179,250,39,196,146,114,251,209,96,226,162,240,125,49,21,5,239,25,1739150211951,/dev/cu.usbmodem1413301
116,191,117,243,91,157,33,58,130,242,246,26,197,239,39,119,211,207,108,67,72,57,211,148,31,103,112,216,207,180,191,178,144,133,34,140,100,110,34,146,83,194,17,242,119,12,132,244,117,143,29,27,196,51,121,205,103,172,157,203,151,70,188,108,244,30,101,252,74,100,102,71,147,109,160,59,204,250,174,86,73,221,57,102,46,99,183,130,208,69,168,235,164,226,107,60,155,193,112,141,226,114,61,153,73,213,92,23,138,38,130,211,19,130,183,240,215,188,22,11,237,159,198,4,4,222,75,101,108,48,31,102,112,134,219,212,233,170,181,247,251,125,212,147,116,9,228,206,43,72,251,252,239,136,44,61,130,116,188,48,199,213,95,221,137,129,52,151,219,2,196,244,44,166,76,103,96,223,59,221,110,119,235,178,4,89,19,128,244,84,191,140,3,73,128,195,244,135,115,4,112,106,92,234,195,41,87,127,107,55,63,166,198,50,99,193,238,205,217,31,251,113,228,47,220,184,22,152,89,39,239,2,70,125,166,165,140,89,199,130,116,129,75,152,89,215,43,89,192,80,1739150211952,/dev/cu.usbmodem14124401
30,33,144,3,237,143,97,153,167,117,172,104,164,23,72,152,209,189,115,239,254,232,196,25,218,237,12,58,145,142,9,229,148,56,99,160,133,51,169,241,88,146,41,154,70,179,195,71,77,221,9,251,147,94,185,129,210,24,108,205,161,27,22,166,63,157,247,208,242,84,162,11,86,204,83,97,37,164,18,7,121,212,174,152,25,134,71,38,119,90,54,53,2,165,9,75,248,74,26,152,95,206,172,126,50,216,80,146,90,153,194,140,169,185,193,197,168,119,79,25,77,210,76,144,238,72,6,158,14,3,154,154,11,101,18,51,181,67,247,127,61,75,88,8,162,47,156,16,195,90,217,97,48,160,52,8,56,29,168,150,7,157,105,61,211,110,200,247,161,149,221,140,33,82,217,14,206,34,178,216,47,158,193,214,78,208,197,144,255,95,132,154,146,30,99,7,122,116,175,122,207,6,4,82,91,223,205,210,30,245,144,217,33,98,97,139,85,140,181,206,178,144,141,71,193,230,238,54,15,107,198,216,252,134,192,116,230,61,6,91,151,146,7,184,236,145,198,162,207,36,1739150211952,/dev/cu.usbmodem14124301
70,159,18,6,97,244,194,52,19,225,136,222,243,41,46,176,224,142,66,190,218,23,218,122,127,228,253,1,237,112,78,227,172,234,78,61,107,4,17,75,197,54,6,86,132,53,95,108,42,234,10,218,106,109,246,216,59,89,233,254,167,18,38,64,41,103,46,48,124,101,87,156,239,232,54,130,64,253,18,75,193,231,147,80,13,211,144,201,107,113,226,45,5,14,80,111,63,106,187,139,204,60,115,168,163,153,38,120,195,25,221,225,21,8,52,177,128,39,24,151,69,254,27,137,171,34,33,192,248,27,207,52,231,71,211,54,125,140,20,212,75,157,232,165,68,5,0,181,179,190,165,185,53,103,133,207,111,27,231,55,23,73,144,136,226,190,125,59,253,209,46,53,20,223,172,216,110,125,203,25,66,13,78,150,216,191,40,135,233,13,1,195,24,164,210,20,151,125,231,228,124,88,79,211,226,245,98,108,199,146,196,85,2,81,187,66,238,170,190,235,252,237,39,4,22,199,175,154,196,87,141,114,125,81,243,69,188,75,195,49,85,192,179,14,111,200,43,75,58,250,1739150211953,/dev/cu.usbmodem14124201
110,44,95,178,117,134,129,22,184,56,255,189,212,187,110,55,251,87,155,100,23,254,22,208,36,32,226,2,133,213,229,153,182,9,71,235,35,37,105,121,162,216,161,172,59,245,232,146,35,24,206,254,198,174,80,76,221,151,57,108,188,39,182,191,147,240,108,150,20,197,252,224,232,154,209,150,170,47,181,167,42,76,70,66,109,130,21,45,245,141,100,151,93,86,200,120,58,232,75,134,81,87,99,114,251,219,62,178,11,24,252,100,94,168,207,109,221,76,124,101,40,163,4,138,147,77,87,76,55,131,238,184,163,39,138,66,209,43,123,97,220,99,103,8,242,169,210,2,223,144,44,49,20,26,0,242,247,125,173,213,234,19,26,28,73,131,127,176,111,158,130,3,211,251,37,220,41,231,185,169,155,143,104,200,138,91,213,170,131,74,207,206,164,221,46,251,93,208,131,154,188,201,3,148,46,23,195,226,121,115,231,110,197,35,253,196,128,175,158,104,185,194,186,178,141,147,91,15,181,80,86,75,109,41,78,58,153,143,4,12,223,118,207,3,240,128,233,3,133,195,1739150211954,QBYTE | opry
229,8,20,210,134,187,225,248,249,171,67,204,223,115,29,254,78,55,42,2,120,149,92,2,147,59,211,104,74,44,73,101,243,156,123,248,172,209,207,67,3,128,215,158,35,238,72,216,223,172,134,43,32,90,114,155,227,192,17,198,14,40,189,9,75,196,40,163,87,218,213,210,78,228,186,98,101,18,199,245,246,162,177,71,251,161,127,200,56,100,161,9,235,93,6,144,249,83,59,87,2,172,238,109,89,92,215,23,207,61,140,45,160,223,142,193,55,90,32,131,133,193,84,168,71,115,58,218,12,105,144,29,74,89,187,86,165,166,64,61,201,70,46,249,238,186,44,23,40,200,175,159,160,154,185,102,241,37,64,70,133,155,76,113,204,81,217,94,75,54,129,199,21,12,219,41,226,68,66,38,161,0,192,157,231,111,172,182,231,57,53,246,49,230,143,219,158,102,62,161,114,73,175,1,229,98,153,213,32,92,147,2,112,184,47,207,90,147,205,2,46,22,217,120,120,156,7,205,204,34,199,173,13,123,189,123,115,189,236,7,122,120,112,212,53,211,44,47,155,189,1739150213028,/dev/cu.usbmodem1413101
187,80,137,94,184,189,117,229,231,51,199,124,112,154,197,130,71,134,82,100,17,112,168,105,23,12,48,70,218,193,28,123,46,179,151,188,175,196,224,29,55,118,234,244,184,34,86,52,241,105,227,187,59,121,41,208,203,243,240,22,202,111,88,254,201,212,29,34,233,40,227,106,160,64,162,141,1,86,219,99,255,99,169,253,90,170,116,220,51,54,135,111,1,235,21,19,143,136,104,171,81,0,200,253,223,96,85,140,68,187,26,185,95,111,64,131,57,139,253,26,164,204,192,178,105,124,2,105,92,207,189,130,215,228,175,103,67,34,95,6,202,209,138,199,251,90,215,237,192,160,234,113,133,121,85,46,120,60,91,80,16,31,91,55,80,218,94,27,10,70,16,188,204,171,119,50,166,112,6,26,50,177,210,250,246,25,206,168,38,138,79,162,240,244,75,205,92,99,224,193,249,12,88,86,234,242,177,123,71,8,22,60,96,18,157,210,64,254,192,224,87,248,4,224,51,186,15,51,182,149,234,52,122,210,157,107,176,186,9,68,66,80,49,111,107,222,213,64,116,187,1739150213028,/dev/cu.usbmodem1413401
221,121,59,17,56,180,183,66,130,203,1,187,93,97,158,36,90,144,158,251,6,179,221,219,125,93,191,105,10,240,67,219,243,9,236,236,223,114,178,89,101,87,175,229,119,33,33,122,9,118,72,27,186,150,184,33,18,135,93,238,63,253,31,48,107,169,14,31,57,68,233,236,112,185,79,158,170,42,141,228,183,84,51,234,129,159,105,143,222,190,178,231,53,241,115,207,226,87,120,35,126,236,57,131,62,36,32,148,91,224,95,51,137,252,159,124,5,236,82,2,225,1,238,154,22,122,83,160,140,76,55,167,30,230,156,123,100,183,247,198,8,255,15,52,160,117,211,129,3,13,200,144,28,126,85,159,175,25,85,73,200,64,21,18,214,209,161,11,198,198,208,125,106,66,251,26,155,212,18,148,41,115,188,166,18,112,37,153,118,149,110,202,131,183,80,177,62,178,246,116,235,74,143,57,83,89,43,62,7,94,86,78,82,155,255,36,99,221,245,11,104,36,226,49,10,23,58,57,204,171,97,42,99,97,68,248,233,7,171,6,42,27,244,123,142,23,44,50,126,117,1739150213029,/dev/cu.usbmodem1413201
14,80,237,228,53,50,228,238,183,235,241,167,100,232,133,147,81,254,111,241,46,65,71,195,5,189,203,233,109,45,23,225,147,13,158,141,86,99,13,24,229,76,194,84,40,91,124,193,190,16,41,160,234,223,13,136,133,73,40,221,193,193,65,205,232,99,214,251,87,133,124,32,245,3,120,53,101,133,166,216,39,251,186,160,210,113,185,163,14,103,127,237,233,146,119,72,110,123,22,15,148,85,237,205,25,112,11,159,120,144,200,126,151,111,32,196,70,210,53,177,221,215,183,171,147,2,1,201,172,17,183,224,94,159,169,208,207,102,180,232,151,172,56,252,82,221,82,120,218,47,32,94,239,133,41,69,61,181,82,86,188,210,41,58,31,132,11,205,169,13,155,186,115,38,68,205,200,0,17,26,1,180,118,205,156,244,2,180,120,2,174,31,191,9,49,103,20,80,156,215,170,207,4,3,182,99,244,118,162,51,181,16,252,198,24,112,185,201,123,118,216,15,64,235,246,104,107,134,202,132,206,131,206,95,107,42,121,149,9,250,245,156,133,94,0,217,76,54,124,42,1739150213030,/dev/cu.usbmodem14124101
144,17,234,205,173,144,76,133,217,242,237,119,168,112,173,153,112,206,255,98,74,252,122,249,230,198,131,251,34,35,22,205,133,174,122,157,1,167,6,15,139,54,7,94,236,234,77,170,226,33,29,127,61,73,100,121,242,91,69,104,68,251,190,217,70,98,98,138,206,244,137,98,247,12,230,96,228,88,109,98,222,171,189,113,26,91,87,26,116,153,159,174,227,27,5,84,95,182,1,104,153,173,248,142,67,41,161,56,121,117,87,227,71,115,212,201,41,167,77,102,64,174,69,0,219,36,253,22,83,163,27,252,151,241,110,1,228,41,142,28,245,202,222,216,143,157,88,243,249,62,29,201,70,5,211,216,85,244,155,234,24,38,134,73,42,254,196,201,237,60,164,9,87,63,196,237,249,0,181,42,43,141,157,68,50,164,136,214,88,125,101,238,15,61,50,161,31,86,206,208,128,253,39,36,36,17,93,3,225,217,64,187,232,243,135,210,83,213,245,153,232,116,48,90,110,165,175,74,125,176,151,5,173,255,88,232,229,7,32,157,52,75,45,90,173,14,72,99,117,176,1739150213030,/dev/cu.usbmodem1413301
189,50,136,149,44,212,87,143,199,25,107,245,84,234,76,135,42,43,52,39,120,180,128,2,192,23,220,237,185,184,20,201,28,109,131,41,16,35,31,79,100,35,86,149,85,244,184,24,130,36,195,25,107,218,191,251,192,133,56,248,16,147,231,251,109,95,221,103,153,251,71,138,87,109,36,5,21,244,128,121,26,28,9,128,119,214,166,183,192,141,138,73,175,79,190,54,220,119,146,110,207,215,193,41,227,173,129,212,81,170,60,253,222,39,41,25,186,244,104,151,186,175,151,61,16,186,6,7,218,75,18,51,23,4,11,138,132,145,163,214,214,139,70,30,125,181,120,189,19,101,218,18,220,106,211,125,194,54,56,250,106,62,230,137,186,25,131,60,216,48,128,163,172,181,240,181,62,238,19,118,232,104,106,109,169,120,212,83,247,52,4,159,122,99,47,33,236,166,139,195,81,43,250,63,198,71,158,50,184,232,171,123,101,180,148,245,126,39,25,148,0,67,25,42,137,159,201,25,137,72,62,224,67,155,101,0,14,192,108,65,237,100,55,143,252,116,202,197,149,36,1739150213031,/dev/cu.usbmodem14124401
171,140,77,58,109,46,11,84,172,152,179,243,245,49,107,141,248,229,196,78,50,205,85,170,125,28,146,84,200,12,193,103,234,60,56,3,21,219,189,238,0,32,241,212,208,52,226,197,155,236,111,199,160,159,96,155,154,65,96,171,68,235,223,46,211,26,60,72,187,6,226,2,120,116,215,216,49,25,166,201,229,103,226,110,125,184,101,98,247,151,226,162,72,210,207,253,205,23,121,117,93,174,180,123,53,143,228,131,187,73,220,190,150,253,155,47,6,29,143,9,81,25,106,241,159,100,59,93,219,99,87,60,168,188,213,83,192,181,172,144,207,217,102,92,133,174,138,222,216,53,84,64,211,29,23,93,172,19,163,151,123,14,226,240,89,114,68,184,17,71,71,199,74,172,24,203,197,29,158,202,30,214,132,30,30,86,1,50,141,251,128,113,137,197,52,55,85,103,37,46,164,186,147,209,70,143,161,120,50,192,114,78,69,191,145,146,241,103,123,176,213,251,253,201,122,227,33,6,56,177,140,46,133,28,148,41,57,184,114,171,190,115,139,104,197,28,106,121,120,240,1739150213031,/dev/cu.usbmodem14124301
102,56,176,1,252,136,183,179,113,194,124,158,93,213,112,210,92,211,184,93,232,47,69,64,31,123,151,192,77,6,239,192,198,48,181,170,180,36,182,151,243,255,169,75,243,73,179,18,216,42,1,139,101,207,34,226,8,110,178,231,147,19,146,124,139,98,5,36,1,175,80,121,37,49,172,116,156,227,86,226,245,149,92,34,9,189,178,134,192,61,175,118,125,153,135,193,178,118,59,169,93,194,181,11,175,147,192,96,32,84,137,171,123,215,69,253,23,201,0,167,23,63,11,153,179,178,113,9,235,94,152,77,87,143,96,76,251,211,38,233,214,220,68,76,143,187,217,104,234,87,66,70,251,162,226,111,90,207,87,70,253,137,67,94,179,21,146,148,15,212,98,83,50,201,181,209,93,222,22,32,28,36,112,104,180,128,89,44,93,100,88,176,114,130,32,22,59,172,97,243,85,27,113,141,194,69,207,249,163,179,20,128,162,208,4,90,101,87,41,189,32,184,77,120,218,252,244,103,74,253,36,98,76,191,141,251,252,206,15,2,226,44,64,80,247,166,55,137,40,49,1739150213032,/dev/cu.usbmodem14124201
109,230,212,26,35,98,96,92,232,9,61,67,194,30,57,138,252,12,62,58,169,189,132,98,184,97,205,44,233,161,45,135,8,228,234,56,58,127,130,38,168,39,89,143,94,213,231,50,186,96,180,1,216,169,119,25,31,12,59,63,185,235,175,122,114,159,107,228,61,149,223,231,150,58,150,141,247,189,42,154,77,43,155,77,235,109,253,113,88,53,179,95,79,202,228,90,6,87,236,10,239,3,202,9,155,240,173,159,27,52,63,210,149,93,82,248,207,104,16,117,161,252,126,126,76,63,219,159,201,46,107,102,162,2,241,14,22,139,251,166,166,128,41,32,31,117,9,251,233,115,124,253,100,200,101,5,122,171,75,200,21,137,234,0,47,94,188,90,5,36,219,130,67,44,138,142,72,205,105,4,122,97,219,83,174,248,65,168,176,242,3,49,115,181,172,97,117,220,181,13,234,183,67,42,140,54,90,86,10,123,235,110,212,223,211,166,121,187,61,159,212,177,230,131,240,124,234,115,250,44,131,153,253,80,43,248,125,36,118,202,98,223,225,115,179,3,70,61,93,12,1739150213033,QBYTE | ryker
color change,-0.160356,3,72,153,140,1.317146
253,63,41,75,128,254,95,178,22,9,59,125,244,121,197,39,47,188,55,148,61,249,117,238,75,174,144,28,79,58,224,3,37,206,108,111,129,0,44,66,227,71,216,153,225,49,29,93,144,72,131,121,105,111,245,1,107,175,167,32,128,98,166,133,156,62,184,234,155,161,21,175,14,237,14,7,144,89,136,109,209,248,93,160,175,139,250,68,193,78,195,226,197,208,157,38,90,217,95,68,225,136,136,70,81,82,9,217,136,133,118,219,58,4,219,195,202,183,166,40,93,32,175,167,101,43,70,26,14,222,193,185,49,20,132,74,132,154,119,151,67,34,242,107,42,137,35,67,49,21,78,48,2,84,50,54,66,147,78,149,48,254,232,190,149,127,159,43,6,222,38,5,21,231,230,197,116,105,158,106,223,186,171,229,82,151,180,29,6,4,253,75,115,162,250,96,77,202,211,72,50,198,72,188,56,230,10,56,57,43,49,134,138,176,254,44,173,61,211,94,94,131,207,89,234,164,73,247,106,66,187,111,82,149,198,81,4,182,8,184,90,160,141,119,181,249,118,63,93,166,1739150214285,/dev/cu.usbmodem1413101
8,111,202,211,125,245,183,222,55,89,9,185,27,192,23,221,45,249,94,126,251,63,191,42,107,99,33,66,165,249,184,210,177,79,140,205,119,199,179,92,119,227,110,27,9,110,123,164,225,137,209,226,198,110,133,81,249,40,10,59,169,237,209,42,119,4,29,12,73,232,216,153,58,62,123,51,228,13,239,178,148,161,171,228,236,111,228,150,234,105,54,32,88,65,34,68,129,232,77,184,112,97,49,200,42,247,138,188,243,117,80,57,125,68,248,205,19,111,86,190,87,141,148,124,159,239,159,171,135,45,182,185,15,143,74,18,39,36,107,140,44,122,197,82,214,240,226,117,164,189,114,7,217,173,13,169,243,105,251,188,182,3,122,37,148,224,149,241,6,23,56,105,185,199,163,147,114,71,244,78,123,113,203,192,218,108,129,151,47,178,90,248,139,1,244,171,145,31,169,4,22,15,108,239,220,119,175,135,84,125,23,41,75,112,114,21,134,82,237,66,124,123,141,188,182,191,231,188,161,123,137,133,209,189,207,222,45,83,239,149,122,154,133,49,144,47,180,58,9,207,1739150214286,/dev/cu.usbmodem1413401
213,23,96,227,91,141,116,44,60,52,58,20,212,180,200,214,215,230,82,178,248,246,192,147,219,140,240,116,199,197,20,228,209,84,5,207,205,117,162,85,133,20,100,97,218,166,38,228,155,99,93,97,201,83,243,250,236,150,118,237,110,165,1,39,201,142,142,117,66,37,46,198,79,1,177,101,246,217,210,252,191,44,249,30,20,198,13,127,247,55,141,97,86,4,60,111,96,222,254,8,117,13,193,60,239,75,219,129,186,123,106,84,49,104,235,151,109,212,110,118,88,179,154,88,186,222,43,150,93,125,217,147,43,207,227,167,248,191,176,63,175,88,9,1,237,11,192,194,243,247,230,75,226,189,27,7,84,14,113,155,155,182,43,40,71,14,239,199,209,232,155,80,184,159,248,3,238,210,39,134,98,41,76,17,125,22,93,68,29,127,123,212,73,38,193,54,246,66,126,166,53,157,1,64,199,160,166,205,102,53,46,253,170,15,102,64,206,228,176,187,74,84,12,190,165,19,202,131,113,127,100,11,65,146,191,48,51,157,117,111,229,198,32,87,9,237,205,211,99,20,1739150214286,/dev/cu.usbmodem1413201
171,205,101,54,94,232,251,58,153,170,238,26,236,126,52,121,6,9,196,241,229,95,129,118,188,116,150,212,214,185,124,73,181,113,69,176,153,64,27,16,92,245,79,91,131,196,236,111,178,60,199,13,255,57,25,9,176,168,141,54,222,167,177,88,73,133,173,95,246,206,247,153,186,224,219,108,12,210,130,246,133,98,40,156,172,93,71,161,184,77,131,106,122,202,47,253,59,133,17,5,151,43,197,169,138,3,77,32,239,37,69,28,63,54,50,159,72,128,68,110,204,65,39,246,108,75,170,76,143,145,62,213,219,206,254,196,202,56,34,46,100,179,108,70,198,51,240,195,52,51,149,238,162,8,215,40,209,219,236,142,151,128,31,11,28,236,27,239,225,243,182,110,191,6,42,81,161,231,153,28,245,2,6,62,184,202,34,124,197,194,252,60,37,102,15,206,166,8,160,166,6,194,50,23,49,113,164,223,58,243,88,26,139,35,62,188,124,31,224,214,4,48,94,90,27,162,44,5,153,73,245,207,208,166,214,105,254,22,5,153,148,75,53,142,150,168,138,181,235,46,1739150214287,/dev/cu.usbmodem14124101
36,81,78,137,18,128,107,195,25,9,146,156,25,154,104,116,139,29,60,169,47,187,46,66,197,245,70,98,246,64,24,99,63,64,248,211,118,20,238,254,8,150,179,234,30,157,180,98,100,86,172,31,120,0,228,43,38,174,161,183,234,236,112,123,241,72,118,117,89,108,118,174,230,236,105,141,122,90,196,32,17,21,224,0,179,75,135,56,160,129,171,106,251,76,245,175,134,3,190,24,218,23,227,125,186,15,127,23,200,219,245,17,124,234,155,76,211,131,195,172,219,120,72,243,169,196,9,190,21,11,97,12,76,218,21,204,12,208,89,143,88,242,252,186,172,3,161,158,59,192,164,166,13,19,126,130,27,34,106,147,47,55,158,226,130,130,248,164,14,190,76,99,144,55,27,16,170,149,28,116,56,166,212,233,135,190,151,254,90,120,26,18,3,23,80,148,36,19,29,246,201,53,250,97,120,74,130,149,231,99,207,179,4,235,50,28,177,130,34,112,222,10,119,230,219,161,74,93,190,63,208,210,82,64,161,126,189,40,62,228,219,44,138,174,5,71,229,141,87,175,1739150214287,/dev/cu.usbmodem1413301
191,136,145,83,205,168,50,42,1,250,65,177,252,122,111,17,45,87,154,92,212,252,57,8,33,110,33,152,138,78,43,161,40,151,33,240,12,137,74,218,253,17,226,127,28,195,54,211,15,216,79,253,85,85,221,111,98,8,213,101,179,72,149,97,130,197,158,41,39,10,240,43,231,108,248,225,181,134,1,220,102,203,112,69,68,187,237,98,183,182,155,96,169,153,187,231,121,211,7,144,130,103,27,170,67,248,163,244,135,109,65,95,34,93,137,23,106,178,228,146,122,31,79,96,102,196,155,110,112,43,23,220,73,92,211,45,42,92,212,67,73,26,76,5,131,3,106,114,8,120,39,61,147,140,12,66,169,208,191,2,204,208,199,152,168,226,206,194,128,136,43,61,163,244,37,30,106,143,57,98,247,59,184,185,6,14,69,13,84,61,132,61,7,62,191,104,167,161,116,98,222,2,96,139,231,74,8,101,8,101,85,141,120,119,86,105,17,135,193,23,107,210,77,193,222,144,121,149,151,49,96,97,75,236,92,178,48,193,237,133,129,48,23,192,115,18,204,62,32,46,1739150214288,/dev/cu.usbmodem14124401
73,34,35,152,142,86,30,32,216,178,59,122,100,135,172,178,205,149,180,115,223,144,247,114,146,118,13,254,110,32,69,109,68,148,233,111,11,61,124,41,244,169,233,198,221,143,138,144,124,225,218,193,119,235,219,65,141,235,148,245,48,67,0,52,244,94,194,161,81,223,20,167,240,7,232,94,223,216,131,255,98,91,121,186,41,163,174,94,252,53,137,84,71,128,111,177,42,63,207,116,90,189,77,36,96,237,169,153,122,210,61,137,252,159,225,44,212,183,171,27,225,118,220,121,193,19,106,135,182,146,163,98,155,231,196,92,93,251,11,101,215,105,79,2,101,223,229,240,33,130,180,189,249,21,18,180,18,55,125,176,3,55,242,225,143,112,148,244,230,6,199,195,118,129,61,156,146,246,165,60,222,111,170,112,186,62,205,152,99,34,22,173,188,171,33,27,122,105,169,129,55,180,129,40,199,226,129,90,44,15,209,16,46,188,228,3,210,208,236,39,31,61,80,68,224,226,57,13,169,52,2,246,138,217,119,198,240,41,27,57,26,157,218,197,241,196,113,1,212,87,1739150214288,/dev/cu.usbmodem14124301
86,251,27,189,215,2,11,154,185,137,8,193,241,84,213,102,168,172,151,239,206,250,113,107,237,213,169,57,189,99,118,23,50,173,185,228,48,2,251,40,40,201,12,187,33,122,196,42,126,28,90,16,225,82,21,48,31,205,95,165,129,78,139,136,127,219,204,196,188,108,172,138,243,93,38,133,209,84,61,224,239,96,169,205,11,241,98,37,76,209,5,108,240,2,234,22,100,133,82,171,149,253,80,164,15,178,239,38,206,39,14,89,157,20,247,106,152,81,158,228,41,108,245,70,202,149,240,230,195,2,204,20,134,62,76,252,60,41,91,2,104,25,190,179,44,144,183,206,119,122,169,116,10,171,250,209,25,44,174,233,150,157,208,38,153,58,53,164,22,148,224,102,12,92,42,156,35,147,89,67,69,171,253,69,100,84,172,153,171,249,13,1,106,77,244,246,246,252,240,236,184,255,235,202,165,203,31,63,153,45,55,240,83,54,209,217,195,251,245,65,131,40,225,3,217,102,96,194,251,18,223,75,39,15,173,146,142,238,240,178,66,162,78,199,155,114,87,71,210,166,1739150214288,/dev/cu.usbmodem14124201
15,138,1,178,126,18,43,41,253,6,6,92,167,64,80,228,16,217,122,192,49,66,26,114,220,13,20,195,84,242,48,196,145,74,41,117,227,80,5,126,100,162,41,80,79,150,96,121,49,237,171,196,34,135,109,150,24,57,233,66,113,36,169,118,147,57,96,245,245,119,42,193,195,232,64,138,79,15,76,54,133,242,103,244,46,221,242,45,195,142,71,251,84,8,103,31,49,0,217,166,228,255,88,76,136,69,143,152,213,237,142,52,118,34,254,27,9,91,200,79,247,34,168,217,232,215,80,218,75,175,137,224,214,197,157,122,214,103,83,161,10,43,19,112,177,14,104,229,55,44,209,192,246,109,105,21,141,198,46,244,252,134,221,5,102,87,105,196,78,118,115,169,226,167,190,10,56,100,13,215,103,185,17,111,18,253,249,64,55,149,165,216,70,44,250,34,131,184,148,181,143,234,231,12,239,105,179,56,107,180,44,150,225,250,133,106,40,186,148,112,69,81,155,97,222,31,34,202,88,39,206,32,166,102,71,78,23,64,175,49,83,148,20,243,166,112,138,150,173,35,1739150214289,QBYTE | barbell
98,157,185,173,36,43,48,21,73,144,251,33,160,247,64,224,231,178,111,67,79,157,120,64,105,18,76,212,214,9,70,23,6,56,125,129,255,128,209,113,4,192,61,186,223,253,136,213,11,27,230,228,237,182,247,167,152,250,21,122,210,199,13,25,84,43,150,88,79,225,156,242,2,191,63,70,181,166,165,63,9,224,89,252,81,158,176,190,152,141,121,121,77,148,57,236,119,4,84,95,23,3,30,218,137,208,15,28,185,134,135,83,119,201,8,219,54,163,46,116,228,186,154,163,61,89,153,129,209,45,196,177,22,206,212,147,194,250,115,183,218,201,98,200,28,150,86,95,117,179,200,160,192,72,50,33,114,127,148,34,241,59,83,1,138,26,65,224,43,26,69,145,236,7,169,13,166,248,235,162,59,98,217,192,114,31,252,18,150,98,110,15,199,11,27,108,219,7,22,232,0,3,176,224,148,126,53,8,4,74,202,193,115,154,6,160,216,139,249,79,207,214,196,222,215,156,96,206,140,18,215,164,145,204,66,193,167,98,176,7,133,17,237,224,74,236,104,241,250,215,1739150215361,/dev/cu.usbmodem1413101
162,157,143,12,67,199,137,156,59,171,92,139,101,217,232,37,4,80,90,14,125,200,5,162,100,109,230,140,112,3,180,206,22,74,83,234,251,84,235,167,199,138,251,5,85,97,99,58,151,153,7,93,50,133,31,197,211,215,19,78,102,186,153,150,194,54,27,76,247,143,9,107,20,243,104,37,208,169,87,179,15,147,64,149,84,58,204,11,71,55,153,6,33,183,24,202,220,110,250,8,217,116,87,20,35,248,58,100,175,245,222,49,114,154,147,6,29,43,71,113,47,169,212,103,13,67,154,3,208,235,155,113,77,171,116,226,3,239,79,241,92,20,107,147,36,38,131,99,233,22,203,237,163,77,36,227,147,203,138,195,186,195,42,141,233,245,243,70,13,101,7,112,122,165,58,183,236,251,169,203,134,15,154,76,12,133,130,137,160,148,185,207,3,235,137,195,214,228,247,44,169,33,113,45,124,153,55,233,212,224,190,48,79,125,137,49,227,27,251,159,122,108,112,63,214,161,40,0,235,154,35,190,2,208,59,38,126,247,211,161,140,89,159,103,146,183,44,197,1,239,1739150215361,/dev/cu.usbmodem1413401
72,176,234,166,193,177,114,91,184,155,219,70,179,157,119,60,108,136,171,133,117,5,93,3,171,26,132,205,76,30,139,212,166,75,74,219,214,230,100,83,206,38,103,115,54,222,195,29,69,13,167,119,27,100,196,34,30,213,4,109,153,188,177,6,71,182,62,190,170,61,132,156,62,197,48,250,76,234,106,114,11,58,140,119,31,36,99,13,83,143,37,237,123,46,243,24,163,138,92,11,14,25,108,182,33,124,148,211,240,224,116,154,233,18,199,3,219,250,48,7,59,184,83,106,67,78,129,169,111,26,255,135,109,249,238,196,1,4,218,39,255,46,211,241,55,29,116,148,182,248,96,104,192,63,75,59,112,136,105,22,75,142,45,224,152,252,28,123,3,245,230,222,4,110,109,188,235,88,187,31,37,89,185,107,106,170,144,115,172,194,152,90,124,227,166,182,223,10,24,164,66,146,109,16,5,212,198,61,1,210,46,150,139,62,90,158,206,228,31,53,6,240,123,1,32,126,3,28,111,25,121,223,28,10,207,218,13,17,128,240,169,197,178,176,225,6,213,45,81,221,1739150215362,/dev/cu.usbmodem1413201
231,145,164,48,166,68,140,202,125,102,249,64,230,203,225,98,177,6,232,124,155,13,135,34,164,230,211,223,233,216,115,210,52,161,84,249,146,15,123,242,73,51,13,164,223,111,229,197,121,120,19,51,205,202,255,120,9,4,9,59,50,240,123,101,207,5,53,120,96,108,197,41,65,54,233,16,15,97,70,198,52,29,61,99,3,157,55,2,143,180,45,103,100,28,157,195,180,96,25,28,237,196,128,39,36,161,201,201,86,10,242,143,87,122,179,155,83,80,239,13,186,59,104,64,203,189,105,159,27,166,242,143,96,111,53,46,87,106,67,88,90,99,238,3,0,60,44,134,211,165,132,132,46,221,86,242,178,84,26,157,241,66,202,142,75,97,70,26,1,222,95,124,187,193,82,167,120,242,232,166,157,15,10,207,127,42,57,167,31,109,92,188,4,106,2,39,111,145,18,155,211,221,210,158,121,224,89,211,161,9,137,241,73,168,124,191,119,249,111,19,198,198,111,121,67,200,233,217,66,250,189,204,151,45,209,168,206,178,10,145,170,222,198,140,15,67,208,185,236,14,1739150215362,/dev/cu.usbmodem14124101
85,27,138,176,31,7,130,39,153,233,10,156,135,96,85,249,31,79,83,253,72,139,102,182,129,177,201,5,164,103,52,13,190,71,51,119,239,149,3,145,66,85,212,147,125,211,62,196,210,39,166,191,35,183,146,104,241,77,247,86,182,69,95,176,164,113,84,49,224,207,171,7,178,0,65,184,133,120,193,117,174,143,157,160,102,72,255,146,135,179,56,233,209,131,14,225,235,119,113,223,204,2,179,52,231,174,31,13,201,164,230,118,164,86,210,72,13,155,109,46,149,101,69,64,13,166,191,15,147,150,105,251,48,79,4,230,18,54,239,203,5,51,40,56,225,171,167,247,5,46,81,109,194,78,101,123,119,117,215,161,234,208,52,199,247,161,87,176,160,62,149,208,248,117,149,213,221,133,39,178,70,25,51,123,96,66,34,242,139,39,56,10,11,81,156,245,148,228,107,116,87,106,191,3,23,15,127,63,50,135,165,218,250,223,17,157,129,79,239,71,32,23,143,26,5,245,102,115,11,208,227,178,147,206,93,6,174,207,214,85,157,164,133,189,162,127,37,60,248,201,1739150215363,/dev/cu.usbmodem1413301
101,14,87,114,232,78,70,70,189,115,29,130,98,152,136,5,79,52,67,223,55,71,246,236,89,240,187,224,175,232,121,139,45,25,189,60,129,57,40,38,45,201,67,121,151,150,179,33,30,196,251,109,133,129,190,139,119,39,192,32,64,175,26,8,68,16,250,69,194,233,146,220,38,188,235,152,79,247,87,90,142,96,237,227,45,101,128,61,142,21,16,83,118,131,72,222,158,98,166,100,166,230,161,70,21,27,134,39,35,49,59,55,65,16,208,1,203,227,165,228,240,179,159,63,57,172,32,222,199,108,75,74,127,70,11,131,243,37,189,171,179,155,253,18,111,193,143,103,193,51,239,221,225,158,20,173,5,149,27,167,86,24,104,112,78,189,99,96,251,139,151,76,183,57,162,119,163,17,164,165,93,35,206,71,231,132,69,170,217,63,151,167,164,46,84,88,58,105,89,67,215,146,162,49,105,148,35,140,130,119,83,38,189,45,31,216,171,67,121,81,212,53,114,231,13,22,118,17,209,165,2,198,180,174,65,142,132,162,179,197,159,212,65,251,58,45,250,241,167,75,1739150215363,/dev/cu.usbmodem14124401
50,235,197,231,206,11,85,140,216,209,132,149,50,81,148,64,25,161,208,24,19,111,76,106,17,204,75,137,23,115,48,137,43,169,133,123,199,188,124,110,205,193,26,114,187,221,134,58,47,2,22,211,107,57,242,226,142,90,149,23,155,62,11,3,54,31,241,114,82,139,23,134,1,52,201,50,222,7,156,144,31,139,205,228,109,186,193,52,70,230,54,248,194,79,214,180,216,15,162,53,156,37,166,98,156,227,43,215,102,234,117,1,211,212,239,95,230,151,143,101,120,211,116,243,78,88,125,136,108,216,188,128,141,213,21,190,205,65,198,151,90,222,85,174,67,225,237,176,49,142,175,57,127,17,75,8,197,241,192,217,85,27,179,136,0,46,41,35,77,227,235,218,202,190,176,144,45,110,120,12,235,188,197,8,71,118,57,148,69,205,220,245,75,146,245,153,74,31,210,34,238,220,251,155,70,152,63,7,132,180,181,98,224,5,63,22,213,162,157,127,123,92,215,77,212,239,50,209,75,253,122,111,108,143,216,176,208,163,85,78,161,129,175,108,251,187,188,156,125,1,1739150215364,/dev/cu.usbmodem14124301
123,236,102,229,41,225,157,243,224,24,126,73,254,66,156,255,247,52,1,187,136,30,202,133,77,120,143,253,96,120,211,226,19,193,177,1,226,34,86,21,22,118,193,142,175,232,232,215,115,49,67,155,201,159,8,153,42,79,90,20,110,241,254,134,15,250,223,114,83,121,50,48,33,84,56,80,160,184,53,223,235,125,51,235,7,3,53,189,158,198,105,135,218,79,18,225,189,148,115,135,194,123,166,50,46,242,232,57,80,129,99,206,253,200,18,83,40,124,247,178,198,172,131,254,85,61,146,198,118,247,123,138,130,69,207,145,88,146,76,172,204,155,114,54,133,42,115,130,171,134,224,107,48,63,227,139,105,200,29,174,2,232,154,120,68,21,162,120,134,213,173,103,21,165,170,151,60,71,158,218,70,49,217,45,49,253,3,239,146,222,127,235,71,49,19,1,130,60,93,73,84,199,124,93,129,81,144,220,72,125,41,85,49,123,253,108,242,17,82,221,58,21,156,70,172,66,183,216,126,246,121,17,11,30,63,235,144,225,131,174,71,11,22,48,80,247,153,159,220,120,1739150215364,/dev/cu.usbmodem14124201
22,51,6,247,16,186,75,6,171,149,104,110,185,147,235,216,128,130,183,53,56,224,177,118,134,118,75,219,127,72,164,50,41,174,138,120,11,15,36,187,240,116,224,126,157,93,46,63,48,39,93,103,13,13,5,160,126,131,243,23,28,20,238,209,199,42,6,166,81,235,200,65,221,99,213,203,146,180,225,88,237,77,38,49,56,137,163,156,210,7,159,48,204,17,205,151,172,14,237,73,25,16,183,125,239,81,50,166,108,103,20,249,112,97,16,0,171,177,6,18,145,57,88,156,151,134,155,43,59,175,183,115,22,106,174,209,227,187,125,98,3,125,198,27,71,48,59,140,167,237,22,67,225,25,210,94,253,177,124,27,26,15,235,165,77,85,87,76,180,215,191,98,185,90,129,4,182,20,116,17,179,140,17,49,154,87,138,108,0,82,31,149,31,181,24,11,219,214,86,167,2,142,228,183,45,129,110,103,12,72,185,93,104,253,101,143,143,50,43,66,192,231,22,111,18,197,55,96,165,21,210,3,88,202,156,70,112,25,90,183,238,169,123,161,5,0,187,110,184,16,1739150215365,QBYTE | mmhh
222,68,172,68,137,104,156,10,186,242,73,32,226,13,62,167,52,13,205,167,185,210,222,94,222,250,0,7,147,47,82,192,115,188,169,14,175,70,36,65,203,64,8,149,79,112,222,69,92,109,189,81,64,39,251,3,115,106,176,164,181,200,235,45,177,65,181,140,158,78,21,69,235,184,192,224,4,154,243,23,144,221,224,72,188,156,167,159,67,56,251,207,46,247,104,224,12,152,178,245,201,23,94,240,120,108,204,94,189,152,195,204,58,93,177,100,243,208,150,32,66,192,239,70,169,227,96,150,33,229,169,177,105,66,250,114,237,51,122,100,234,164,41,16,10,92,34,116,133,26,93,228,148,121,241,229,55,122,39,205,231,252,255,61,64,146,12,145,165,186,72,219,93,188,5,21,1,75,74,177,199,38,29,62,242,153,125,129,122,76,160,134,47,149,74,140,189,140,143,172,129,87,42,63,224,202,35,214,111,184,172,158,154,227,41,208,50,111,12,23,198,137,219,112,184,142,241,48,53,198,143,51,20,242,169,247,184,103,220,197,13,76,190,95,86,85,163,37,73,130,1739150216436,/dev/cu.usbmodem1413101
68,253,200,197,130,152,220,235,140,30,37,134,132,138,240,134,230,230,208,138,219,238,3,246,8,65,49,23,88,148,38,45,46,37,94,215,65,185,214,144,68,1,112,146,227,9,96,184,247,24,45,246,101,213,191,69,56,183,63,168,83,169,55,123,228,209,222,105,165,186,254,65,16,61,80,10,250,156,210,118,118,3,136,117,230,241,24,73,36,50,126,43,159,83,131,131,234,136,32,85,125,240,232,159,143,0,3,115,32,116,185,42,58,76,51,92,35,183,75,56,24,165,93,35,113,239,80,179,102,240,85,47,57,125,49,135,104,99,143,58,108,218,52,90,147,10,88,55,197,112,20,148,30,184,113,178,173,206,141,199,139,78,109,201,133,102,239,203,219,254,171,190,38,126,246,242,156,66,157,208,220,217,220,101,79,46,14,149,139,212,216,224,209,187,41,39,109,64,12,200,106,99,247,108,234,97,55,232,118,86,178,177,57,132,122,105,240,185,19,217,234,192,145,168,170,196,108,237,182,39,133,67,86,56,160,194,33,84,75,164,103,49,68,185,132,196,97,199,173,103,1739150216436,/dev/cu.usbmodem1413401
88,226,226,181,26,249,253,140,73,61,252,109,234,141,175,237,132,56,209,80,76,234,242,236,142,187,36,246,64,70,229,101,70,83,40,45,171,9,78,51,2,101,130,158,195,245,237,21,250,164,102,112,190,187,87,59,96,12,147,142,143,3,210,128,17,75,0,34,231,32,113,224,32,175,6,121,150,134,16,0,170,218,32,213,37,149,15,252,148,206,74,143,128,123,127,59,85,108,3,112,63,139,94,98,49,231,161,39,221,97,174,45,208,170,219,14,245,26,63,131,170,15,116,119,42,126,197,197,109,155,103,195,185,132,158,29,228,88,151,244,151,255,64,160,238,121,170,244,234,248,34,51,71,231,253,209,80,34,203,173,205,226,222,103,178,239,59,160,76,223,208,57,208,207,23,184,148,111,240,110,126,159,153,23,2,8,64,221,228,134,11,136,37,66,29,31,107,210,250,54,56,30,26,209,202,3,157,5,140,95,117,15,34,33,133,62,16,49,76,3,80,180,63,125,60,56,74,129,237,103,245,37,253,8,251,61,106,171,251,213,101,85,68,62,132,252,249,151,14,128,1739150216437,/dev/cu.usbmodem1413201
2,205,64,243,165,36,145,63,26,38,56,237,82,52,152,205,218,135,68,152,245,29,232,66,118,69,99,206,14,131,192,192,88,166,175,12,149,152,214,249,140,68,106,116,169,54,255,137,206,112,62,149,118,154,138,141,244,183,51,209,235,178,40,10,53,71,159,196,177,63,232,73,243,144,213,29,97,98,153,233,49,155,41,67,213,199,248,254,60,145,202,216,166,240,32,182,19,253,182,251,84,18,249,199,66,103,93,200,65,36,0,3,141,30,12,213,145,102,157,76,91,110,154,61,10,164,89,233,46,80,7,229,109,222,22,26,205,138,216,253,127,42,80,234,200,92,221,60,134,31,106,78,43,0,42,9,68,230,60,210,105,248,120,128,28,98,6,249,127,249,143,15,136,218,2,173,152,83,250,218,208,227,204,166,182,155,140,190,153,88,127,218,5,168,32,65,171,59,113,100,147,78,187,85,201,71,227,206,162,135,156,203,213,138,31,234,130,77,119,37,191,40,63,107,154,165,195,83,65,156,209,70,105,79,244,172,63,8,133,194,124,79,19,31,191,164,79,169,160,102,1739150216437,/dev/cu.usbmodem14124101
121,68,111,166,138,239,180,13,231,85,99,13,39,214,148,234,155,175,126,36,227,111,171,226,26,206,26,107,141,126,130,120,0,21,198,33,161,147,86,104,242,77,59,202,49,90,249,31,99,105,188,201,90,5,40,146,31,228,247,167,182,49,65,63,219,151,183,101,237,56,205,176,204,21,238,114,145,244,119,160,207,187,49,159,57,251,233,108,149,72,172,149,91,175,183,128,102,119,232,61,155,56,222,202,251,148,74,146,250,21,17,122,67,150,38,78,39,163,56,181,124,113,26,46,33,55,214,132,123,68,67,231,255,175,248,141,116,78,169,8,144,161,100,131,169,43,161,185,103,122,226,7,100,201,217,208,226,200,206,29,234,132,248,188,162,96,232,167,164,253,189,160,80,73,55,130,144,127,156,164,37,7,136,21,110,222,255,153,57,195,94,125,133,183,253,232,231,194,36,170,11,213,70,213,202,208,38,225,0,10,250,246,126,37,82,171,4,102,20,227,40,182,109,173,33,73,78,216,160,146,133,34,215,214,64,193,175,223,35,28,12,135,223,93,251,183,83,22,208,132,1739150216438,/dev/cu.usbmodem1413301
34,1,76,204,41,155,171,9,89,39,246,217,115,63,4,179,213,197,169,11,97,246,242,241,52,29,177,148,91,149,134,159,20,251,149,113,67,85,225,119,227,230,122,74,72,159,81,41,17,51,49,185,171,161,100,144,246,152,195,18,142,70,218,65,121,36,185,125,81,94,187,152,236,180,231,144,108,58,246,233,77,39,50,218,122,17,107,150,99,240,186,193,155,8,203,101,236,194,157,126,27,239,98,76,178,154,141,11,206,156,89,174,10,147,168,0,84,121,33,119,181,144,255,154,179,140,171,165,134,68,227,33,119,231,37,27,57,23,255,40,141,61,216,12,193,233,233,104,188,51,209,79,92,214,225,22,244,58,51,246,42,136,218,97,101,254,242,118,58,106,106,101,193,129,205,160,80,221,32,75,189,180,1,155,135,135,96,87,80,20,66,82,219,74,120,173,43,43,242,105,188,185,218,244,200,68,141,219,60,168,238,226,225,24,236,173,120,75,204,120,239,126,75,232,181,196,104,181,51,9,69,11,50,86,106,54,98,168,238,195,231,70,90,121,196,241,69,9,165,99,1739150216438,/dev/cu.usbmodem14124401
243,177,85,159,157,210,170,64,241,96,82,213,111,77,147,52,190,84,242,84,193,205,161,156,174,121,53,138,75,69,91,196,99,168,174,169,84,4,217,7,222,53,35,89,8,159,186,99,242,25,202,122,141,142,39,130,163,122,217,158,29,140,232,223,27,125,143,254,69,50,191,156,167,226,149,120,179,229,56,136,62,239,247,181,7,15,46,16,25,105,136,229,123,164,45,88,89,112,203,131,96,71,177,15,248,214,86,167,0,41,165,234,0,90,164,4,235,82,27,141,16,184,103,24,240,63,169,186,11,13,223,66,101,88,146,134,226,179,152,74,105,43,85,49,61,48,50,216,91,225,32,227,112,43,177,225,5,42,238,158,177,46,179,104,113,144,173,178,151,221,200,105,82,18,7,252,67,92,22,42,30,113,125,135,62,23,216,20,233,163,212,51,7,75,248,122,58,184,148,50,12,83,160,254,206,32,181,22,193,116,68,154,75,128,10,208,237,238,192,97,81,25,60,81,253,14,111,180,203,149,100,132,122,204,132,6,44,102,79,171,81,67,211,205,145,165,79,100,144,153,1739150216439,/dev/cu.usbmodem14124301
50,61,154,130,207,204,194,181,142,226,223,224,45,110,136,33,237,167,2,42,4,128,221,12,7,207,73,27,100,176,23,128,100,8,184,173,105,139,141,251,23,46,225,206,89,200,255,117,92,29,147,236,196,3,229,227,68,74,201,132,128,123,140,143,133,0,238,36,181,234,210,83,108,140,222,68,175,181,67,121,169,12,146,61,42,76,155,239,165,42,57,0,184,178,5,140,13,173,154,225,149,204,24,226,142,92,132,55,138,80,124,42,184,2,213,124,27,244,228,205,4,134,158,115,68,139,116,5,2,73,136,175,207,227,185,213,4,6,165,105,101,251,142,166,97,26,182,11,88,125,51,171,27,77,221,196,10,138,4,43,226,54,210,97,70,13,166,206,165,172,138,141,160,206,37,97,83,178,184,135,242,91,23,95,213,7,244,184,255,29,19,170,48,249,64,246,57,124,157,9,151,13,148,97,108,94,196,235,97,174,154,60,124,100,121,222,243,86,173,6,80,49,144,118,13,241,75,39,193,184,92,176,153,251,184,174,128,105,28,137,190,51,253,245,138,168,244,67,243,103,1739150216439,/dev/cu.usbmodem14124201
90,95,42,176,69,71,91,163,164,7,176,199,200,244,114,77,145,205,175,180,156,31,226,133,169,32,161,70,124,96,25,235,80,34,53,172,15,39,137,248,217,208,19,250,238,40,65,65,67,255,28,164,85,250,23,147,209,42,11,252,39,80,217,242,77,82,155,193,33,85,105,74,195,117,1,80,232,124,82,48,104,224,7,102,196,150,127,209,133,174,162,2,148,158,224,223,126,233,3,10,170,34,4,161,187,104,38,203,191,89,69,220,172,248,170,213,55,103,153,85,118,219,64,240,222,217,12,151,240,154,107,147,166,150,181,55,7,110,209,84,127,231,106,24,139,155,193,137,244,88,33,13,181,95,3,108,151,34,74,43,91,188,119,199,155,122,207,174,225,132,41,114,64,195,62,77,65,121,207,151,193,26,119,188,11,109,12,21,243,47,215,130,183,139,99,60,223,8,215,206,108,86,212,105,169,5,176,50,171,78,61,89,252,21,4,101,50,63,145,20,5,53,192,172,208,165,22,241,182,172,214,14,208,58,16,251,173,232,119,139,119,214,6,219,205,130,217,228,92,26,1739150216440,QBYTE | stooped
90,111,108,192,59,75,170,249,166,137,156,62,175,51,47,141,206,86,152,71,69,136,166,23,241,163,129,76,115,8,78,37,45,134,214,190,173,42,236,57,183,171,237,215,244,177,182,181,5,251,221,110,118,171,175,128,18,160,241,52,60,12,140,175,149,48,214,95,173,91,95,253,39,254,163,240,56,165,27,143,128,187,253,171,210,142,87,187,220,223,167,89,177,71,52,247,144,85,233,48,94,44,37,182,82,185,212,212,87,112,96,6,223,132,236,245,0,8,207,206,97,215,83,187,235,143,149,65,255,222,155,85,53,192,29,171,121,199,57,247,30,22,29,240,191,162,182,134,79,167,164,91,70,116,131,76,71,170,115,51,227,125,25,111,201,218,76,202,216,61,214,158,175,220,203,247,15,249,167,88,123,177,218,133,58,71,60,3,99,117,8,203,67,13,118,1,219,8,176,87,89,43,238,26,141,160,104,101,100,37,1,147,155,62,148,255,192,36,98,95,88,81,89,227,30,208,70,41,114,92,175,224,80,40,62,60,238,137,100,33,0,143,48,183,131,216,191,253,215,241,1739150217512,/dev/cu.usbmodem1413101
190,126,101,232,178,238,232,152,75,185,172,42,125,126,8,5,16,192,87,251,255,222,232,107,87,123,154,137,201,33,51,34,35,61,5,193,104,119,135,178,79,29,167,69,27,165,126,186,95,37,241,34,97,90,223,242,204,224,116,70,113,189,253,118,157,55,246,96,89,34,219,29,72,12,123,103,30,51,15,214,164,68,70,138,113,87,96,28,160,123,249,50,230,167,142,165,18,253,186,93,213,195,173,200,179,246,12,171,239,173,73,204,63,142,97,182,58,93,97,65,105,25,0,77,30,105,82,132,179,8,52,143,170,222,69,36,167,233,39,194,248,6,89,112,195,78,140,199,16,62,221,93,174,113,101,175,255,215,231,136,145,72,162,38,185,237,233,207,195,190,176,44,49,117,196,184,165,3,96,6,90,186,182,18,110,247,47,218,101,109,66,111,250,191,99,177,138,194,123,42,231,207,174,157,66,170,142,191,104,188,193,92,123,131,44,104,135,103,11,204,74,141,47,207,2,32,94,157,179,29,87,94,196,176,76,198,196,124,202,191,246,180,131,163,42,121,174,80,4,93,1739150217512,/dev/cu.usbmodem1413401
60,82,239,46,41,63,223,45,53,17,80,151,4,141,250,116,14,58,115,54,76,171,114,184,235,55,177,4,37,66,160,25,48,43,191,143,51,204,242,75,111,12,169,138,181,67,134,230,192,232,214,189,98,228,207,158,236,232,50,247,118,192,120,95,64,132,197,221,22,169,17,89,94,17,69,138,8,197,124,17,51,101,90,45,175,84,2,246,249,232,18,95,159,190,34,254,78,239,14,23,1,225,200,40,60,80,246,128,11,242,41,226,241,188,105,159,68,247,55,169,147,82,225,50,6,168,172,181,204,205,63,124,194,61,6,191,246,200,135,38,234,49,71,109,7,116,83,119,80,63,39,111,9,67,215,128,19,9,39,77,46,170,15,90,172,252,58,81,47,122,201,134,186,44,243,165,177,139,19,125,60,134,144,110,150,87,4,149,163,21,225,61,133,235,221,143,61,215,76,99,141,85,41,156,51,141,146,57,46,241,36,156,229,192,113,9,61,226,72,162,173,120,201,68,228,113,206,157,213,207,40,185,93,141,77,218,230,159,248,93,199,68,147,156,226,254,139,73,184,211,1739150217513,/dev/cu.usbmodem1413201
109,210,25,88,8,97,182,85,82,0,170,66,74,27,148,238,79,182,41,215,206,76,132,85,33,245,158,243,144,143,2,67,220,189,99,20,246,89,220,53,241,67,214,184,38,92,174,110,60,127,212,210,91,193,147,216,223,75,246,45,57,216,240,52,194,46,103,126,21,139,32,156,55,12,187,15,96,196,99,235,205,22,94,83,6,66,172,182,89,40,87,232,176,193,229,79,245,107,111,193,45,227,14,212,61,242,211,236,87,206,39,61,189,235,16,139,234,232,221,224,158,173,91,255,62,173,175,7,44,83,76,156,161,19,246,95,208,190,114,149,50,245,17,244,231,158,157,175,182,95,118,170,141,83,197,98,44,91,124,142,113,140,235,72,229,100,157,112,129,82,36,27,175,32,197,136,54,59,87,246,32,230,5,250,231,178,82,195,211,140,64,150,47,157,247,57,104,147,51,193,164,248,150,9,250,195,120,114,13,169,181,64,8,253,234,161,9,76,13,97,69,214,239,56,120,49,39,183,112,51,214,206,254,240,166,47,13,177,119,163,62,168,34,134,80,191,105,161,243,122,1739150217514,/dev/cu.usbmodem14124101
251,135,122,71,140,128,240,93,187,240,101,122,117,47,182,0,185,198,247,149,132,195,221,236,109,123,246,146,113,153,161,139,98,127,193,237,117,70,108,76,56,194,149,164,2,218,38,132,145,228,31,184,50,0,35,93,162,165,224,230,195,77,116,196,85,132,12,13,37,116,80,91,116,41,223,123,211,185,165,208,234,222,136,31,65,201,113,243,61,17,107,17,92,213,34,20,3,231,10,116,222,17,167,248,169,93,143,156,53,232,198,136,59,0,22,184,207,62,23,93,131,177,184,87,213,8,69,148,210,226,86,5,90,180,51,145,94,120,148,197,240,253,127,220,205,216,156,181,240,228,221,123,174,10,50,197,170,145,252,155,34,76,33,113,239,161,135,60,103,104,123,181,72,48,173,244,1,118,31,17,3,163,122,164,184,188,166,106,213,229,25,17,1,89,141,76,13,228,134,208,170,252,119,153,10,1,255,160,162,24,1,93,152,228,52,41,17,102,246,92,18,41,14,179,85,67,17,138,210,194,213,144,244,46,83,74,249,190,65,33,161,195,243,55,67,0,239,52,219,199,1739150217514,/dev/cu.usbmodem1413301
223,252,35,125,24,241,200,59,66,133,198,128,42,234,223,244,89,46,185,19,181,213,122,250,249,190,210,143,46,166,245,146,66,91,108,111,215,98,238,147,199,234,180,132,61,60,98,200,78,100,49,139,21,90,254,169,79,237,5,165,86,235,120,194,207,89,114,246,87,68,117,176,140,167,200,117,148,63,23,233,136,176,156,90,204,199,113,245,32,104,86,143,113,12,224,53,252,252,149,87,121,147,227,88,101,204,214,120,117,102,16,109,229,241,204,151,30,10,177,223,6,142,231,54,228,230,208,146,114,146,156,135,125,236,93,185,148,61,248,29,229,153,245,24,213,108,236,191,133,200,145,53,206,131,124,221,117,165,164,136,204,206,74,69,143,235,23,25,139,243,152,243,46,53,133,51,220,102,161,113,161,165,198,47,249,34,102,171,180,75,229,89,134,118,63,197,113,2,111,135,56,6,225,36,205,90,208,250,11,163,85,182,213,78,51,118,17,141,127,251,86,220,246,2,206,94,180,198,188,221,135,20,219,54,253,138,15,119,224,126,99,72,181,197,3,211,220,152,190,91,1739150217515,/dev/cu.usbmodem14124401
21,243,215,202,40,31,66,0,175,72,240,117,142,223,90,42,163,172,234,130,147,248,234,10,215,220,30,142,242,132,122,152,126,90,200,3,70,13,169,38,65,91,200,152,188,110,149,39,146,222,43,48,204,5,122,15,216,119,193,106,131,94,178,124,208,148,112,64,87,36,17,7,59,154,99,240,180,191,123,4,200,91,27,224,181,79,164,136,20,74,250,150,26,237,225,109,124,126,175,37,245,78,151,242,244,159,161,97,248,121,137,206,11,242,108,69,56,27,198,148,33,81,218,3,114,238,235,35,23,51,28,68,59,224,188,111,240,32,239,15,172,26,135,54,140,99,114,4,250,2,247,55,148,201,48,113,39,254,224,212,52,214,214,191,170,75,79,183,7,211,53,235,217,223,166,102,1,25,94,189,195,189,53,155,112,209,144,74,69,122,30,93,102,226,198,241,242,196,88,141,231,249,85,167,226,182,223,198,224,120,64,50,82,23,201,188,207,73,36,252,203,131,74,28,164,222,116,62,1,191,129,37,235,25,126,109,62,46,104,33,247,136,38,207,43,199,206,26,32,148,1739150217515,/dev/cu.usbmodem14124301
249,227,39,23,34,40,53,81,184,44,73,237,192,179,153,78,184,195,249,66,58,214,30,52,31,221,242,226,195,124,109,142,49,174,158,161,242,163,215,29,84,15,190,112,156,143,173,185,160,130,58,101,229,108,171,58,217,120,189,72,110,136,232,172,178,50,146,201,62,182,114,92,144,75,192,48,122,86,38,136,142,78,42,125,232,22,22,134,181,188,163,17,0,94,64,170,239,241,189,213,72,198,244,54,77,18,74,221,112,55,103,103,248,187,200,75,204,18,153,36,13,194,83,67,223,66,171,76,217,186,238,241,10,61,48,140,41,77,99,169,25,49,253,246,220,34,41,107,137,114,180,149,100,136,4,47,103,94,216,234,241,246,64,88,31,94,85,153,7,201,55,182,68,131,179,130,110,189,132,251,179,81,15,106,241,18,170,183,221,233,127,69,117,25,136,255,208,108,178,152,235,245,17,174,226,85,237,224,45,11,13,147,198,194,222,89,47,69,102,61,86,2,16,166,134,162,190,48,240,210,221,189,194,50,115,136,220,151,187,180,86,164,130,78,199,250,36,220,143,15,1739150217516,/dev/cu.usbmodem14124201
125,250,86,185,54,189,100,46,100,48,208,163,141,114,227,130,100,157,200,27,160,137,235,185,48,222,252,67,97,35,156,82,141,253,244,196,22,66,185,17,140,133,98,104,99,12,156,85,75,149,17,69,32,231,32,245,1,164,216,201,122,217,175,100,114,214,30,238,236,249,243,149,85,176,146,220,199,248,228,22,254,247,154,135,218,152,43,239,96,235,127,197,79,245,30,5,85,184,191,104,189,231,105,230,149,241,79,75,44,33,31,89,129,229,138,118,177,119,189,244,172,157,63,26,81,161,17,30,194,177,228,13,234,181,74,164,235,112,11,248,158,155,226,29,212,243,223,252,191,165,39,47,252,221,142,71,24,187,175,85,6,177,162,136,236,240,136,47,89,42,106,52,112,252,4,65,159,254,231,243,239,129,127,121,229,8,191,179,143,188,118,95,135,16,195,129,90,192,183,157,9,191,45,166,193,252,17,237,75,9,72,89,212,255,51,133,147,10,231,54,35,6,242,91,57,209,158,220,251,207,8,213,49,214,58,42,213,171,83,170,108,112,224,125,183,14,42,47,82,2,1739150217516,QBYTE | gojira
rotation
157,192,111,142,120,153,247,12,28,251,115,72,244,81,62,156,17,43,219,102,121,9,199,241,39,65,225,191,103,237,108,3,25,154,157,150,56,19,243,110,52,146,20,48,69,35,82,229,254,26,8,207,218,112,222,206,137,86,178,75,238,106,47,117,213,58,6,142,218,100,128,150,145,243,139,100,219,225,89,18,139,255,114,24,203,61,51,233,1,122,203,250,49,136,130,150,199,28,17,125,0,89,217,83,221,218,83,29,42,53,52,15,68,4,151,254,110,83,163,3,222,255,150,95,205,69,251,230,102,116,145,144,241,20,204,252,229,244,121,154,62,172,71,65,221,128,226,214,63,240,173,245,228,33,40,144,241,54,25,239,184,31,63,242,8,98,179,60,130,208,57,233,69,78,127,121,111,119,212,44,130,14,109,5,28,28,154,18,132,152,0,65,35,123,29,59,193,231,134,124,59,248,216,213,114,120,154,136,181,20,246,151,170,112,16,145,228,36,228,187,216,75,20,176,22,165,251,179,215,120,185,159,245,77,150,227,141,34,203,35,242,39,169,166,206,43,131,112,157,189,1739150218587,/dev/cu.usbmodem1413101
104,59,86,91,173,239,252,79,240,199,142,92,97,95,5,48,167,25,243,205,11,221,92,42,58,244,10,40,50,175,247,125,73,247,102,74,15,195,77,209,115,100,65,94,83,251,212,192,3,207,98,82,157,1,15,153,241,42,136,207,26,14,165,248,215,186,163,146,155,64,160,65,95,75,136,59,173,79,198,43,176,177,192,0,114,243,126,51,41,35,172,60,239,186,0,214,135,232,248,163,86,132,244,240,148,254,205,89,222,28,150,38,176,197,55,2,24,5,152,33,106,114,64,208,8,123,143,232,6,110,59,109,109,71,160,234,128,113,79,174,61,196,180,23,107,221,163,156,23,133,190,176,216,182,109,83,123,207,211,178,63,86,252,113,183,134,94,252,193,64,186,187,224,0,184,72,206,143,89,44,138,195,184,33,115,84,48,253,19,125,122,20,175,220,204,86,135,239,63,22,145,135,5,16,124,57,54,240,151,175,151,1,232,59,184,120,32,52,135,6,110,208,59,107,253,192,225,44,56,174,244,220,73,92,151,219,38,197,242,66,175,32,255,129,161,15,105,143,88,119,1739150218588,/dev/cu.usbmodem1413401
197,227,197,84,128,13,17,22,96,37,191,217,160,195,11,65,92,216,207,105,46,223,17,77,210,4,155,34,26,228,56,101,82,160,51,232,129,44,111,195,171,196,186,208,166,125,247,112,70,11,149,68,163,138,194,143,60,114,40,93,38,67,236,52,19,102,81,223,231,171,223,148,62,83,214,241,8,246,157,1,33,47,15,211,127,229,150,45,18,193,194,136,46,209,133,40,67,36,155,163,225,91,148,179,244,42,209,180,215,91,10,203,212,244,134,131,91,182,206,209,113,42,145,35,238,188,203,169,163,82,76,180,74,26,112,77,221,230,47,73,213,104,201,112,159,5,159,136,135,73,227,178,196,98,17,61,105,97,171,213,237,1,96,1,142,14,1,20,108,63,126,30,23,45,128,115,6,75,236,203,114,240,5,75,34,61,206,88,188,94,85,197,104,85,39,78,93,16,168,64,114,165,114,222,62,207,249,174,207,216,169,29,57,95,86,179,210,150,116,134,154,98,141,238,110,165,205,53,223,214,230,153,171,203,141,115,90,47,195,77,239,131,30,198,146,135,223,48,117,174,1739150218588,/dev/cu.usbmodem1413201
0,43,217,15,16,148,19,13,6,128,42,130,212,115,250,200,54,131,250,160,157,1,188,185,252,15,98,28,54,251,136,193,246,100,34,5,236,2,117,215,254,198,238,21,224,63,62,171,160,107,156,45,126,134,212,121,182,13,233,232,23,96,190,12,193,130,85,226,70,249,178,147,59,178,212,46,114,29,78,2,52,79,2,224,161,81,134,30,188,250,29,188,170,37,155,78,112,50,72,121,107,93,222,203,90,174,51,27,55,21,156,210,70,70,30,158,225,52,185,31,229,2,67,42,229,51,147,127,128,177,6,59,222,157,215,124,158,146,114,4,178,52,188,80,166,24,32,203,174,245,184,181,135,80,83,2,97,34,17,88,109,135,47,13,126,54,77,0,81,95,181,5,115,58,223,72,176,123,83,2,105,145,112,194,77,137,24,218,150,160,162,163,0,138,19,95,34,230,43,120,52,212,95,212,99,215,201,19,77,169,87,92,114,167,0,228,39,197,195,111,33,214,176,104,163,224,129,20,36,65,67,91,51,165,155,206,36,0,237,213,200,49,136,52,171,133,197,51,154,197,1739150218589,/dev/cu.usbmodem14124101
148,38,119,111,32,100,201,160,99,194,172,37,210,163,59,54,211,249,179,36,92,227,65,232,13,122,112,93,253,129,155,5,115,103,51,153,56,127,114,85,5,144,75,38,198,84,58,108,89,85,92,73,116,71,229,75,165,248,141,117,209,213,225,238,5,182,153,84,41,74,20,179,255,142,210,115,187,143,99,144,111,206,107,138,72,32,49,66,218,77,202,121,193,189,224,123,127,241,14,68,124,30,134,228,244,200,70,169,76,218,150,41,115,149,37,101,254,90,171,120,83,161,131,162,50,129,203,10,95,178,74,45,114,106,135,226,220,4,53,78,133,43,139,249,49,162,251,160,253,55,174,2,221,224,219,244,95,125,224,88,152,97,21,42,208,171,34,240,35,116,29,24,173,241,95,36,51,125,128,214,130,60,88,61,228,23,25,217,62,247,105,211,125,156,125,51,89,34,231,153,138,94,216,207,228,215,22,4,35,174,213,125,42,229,219,229,231,139,155,254,175,86,168,186,75,141,161,136,13,146,184,10,21,155,80,76,135,109,217,93,37,229,86,123,223,144,100,22,157,215,1739150218589,/dev/cu.usbmodem1413301
169,200,59,63,101,125,17,89,132,113,239,100,9,169,91,197,59,134,142,211,81,189,67,96,215,167,174,181,177,19,235,63,78,254,142,238,251,103,47,77,33,168,92,58,143,8,215,95,195,232,230,24,160,35,35,73,75,23,156,123,110,193,174,181,83,34,139,249,146,102,41,89,197,55,18,123,113,111,140,181,84,0,219,128,41,254,94,93,17,254,143,138,47,203,176,143,177,193,146,192,119,26,17,236,250,105,77,53,57,67,8,53,82,234,117,151,67,58,121,144,110,141,133,116,121,19,133,229,150,232,124,236,113,81,12,147,58,66,145,83,87,16,38,164,5,170,22,114,222,106,105,252,84,21,59,27,174,209,88,235,107,87,15,163,242,111,235,164,93,134,197,52,32,145,252,137,206,76,72,132,239,113,243,147,130,249,193,190,101,201,171,207,0,53,163,186,139,151,62,71,179,139,172,174,39,10,12,27,57,44,208,232,59,7,156,60,147,186,73,66,160,107,168,152,196,133,106,24,219,100,198,149,62,243,134,175,156,144,187,205,125,126,249,186,204,120,103,132,115,31,1739150218590,/dev/cu.usbmodem14124401
237,21,166,96,110,99,0,165,201,119,191,103,159,131,190,90,38,110,247,135,35,63,180,220,43,98,175,78,99,23,184,244,172,25,148,208,32,48,49,143,12,74,47,238,92,120,253,108,58,96,160,133,20,79,18,66,249,195,147,164,142,162,245,77,24,130,234,181,155,69,218,186,159,73,170,22,189,250,75,194,140,103,181,93,99,95,158,43,115,50,228,58,70,120,52,9,75,219,106,60,140,253,83,57,42,253,158,25,91,82,70,204,91,178,106,24,11,17,246,169,9,152,173,238,93,78,142,244,73,96,126,163,88,55,252,72,80,99,120,162,71,158,21,120,178,128,214,233,162,205,236,217,236,123,8,176,86,139,60,163,222,103,31,158,131,249,103,50,29,244,131,212,203,21,53,55,103,101,167,11,204,105,127,89,158,250,121,7,56,95,17,226,88,203,136,47,135,185,90,151,211,246,59,41,183,48,81,154,59,34,198,80,17,63,41,85,225,206,30,107,15,23,123,139,124,18,166,40,45,108,194,165,184,160,47,89,131,185,10,184,68,187,212,11,58,65,236,235,133,152,1739150218590,/dev/cu.usbmodem14124301
8,91,166,61,31,137,187,145,61,135,30,45,195,158,105,187,177,28,172,229,37,54,72,34,41,59,161,0,10,29,20,131,19,69,217,115,81,178,195,98,240,188,187,204,60,81,53,210,217,135,206,119,82,234,146,7,64,173,101,25,38,225,160,22,42,116,8,228,181,198,60,121,77,205,53,194,59,18,86,0,131,70,181,112,161,181,13,189,150,91,233,172,75,67,34,73,33,199,161,222,170,44,5,102,112,105,235,154,153,139,129,210,43,22,139,220,1,84,221,52,218,186,229,177,89,53,96,153,31,164,192,15,233,60,24,236,32,151,206,12,37,142,71,108,123,91,46,53,250,47,130,192,172,218,153,111,239,17,22,63,250,56,3,117,75,176,24,148,223,208,61,161,161,163,52,151,7,12,117,190,69,154,159,36,17,0,69,105,226,230,79,42,54,154,201,52,16,6,102,57,123,196,165,219,208,130,177,51,242,218,36,236,226,84,160,165,49,194,206,167,175,197,150,116,112,55,218,186,222,98,50,121,4,227,196,16,1,167,202,236,14,118,188,192,50,206,81,221,29,148,1739150218591,/dev/cu.usbmodem14124201
232,147,105,131,113,28,106,149,153,218,138,68,102,169,125,55,163,100,123,247,202,93,200,89,235,58,194,15,92,197,247,151,118,108,26,229,232,100,11,94,202,58,130,149,121,239,106,115,98,239,183,87,8,188,129,230,165,130,28,130,210,16,194,181,180,6,81,221,117,217,150,249,35,100,94,92,64,77,190,221,26,193,15,12,196,78,161,96,168,184,240,151,185,139,218,146,215,206,109,98,241,14,166,140,179,149,2,244,163,39,109,50,55,168,137,215,123,241,181,153,206,171,74,15,129,88,140,90,220,103,104,31,186,228,164,242,176,67,121,202,212,31,121,63,114,147,235,7,122,118,225,165,182,241,118,204,202,140,226,255,208,166,138,237,165,81,23,38,194,38,46,16,38,143,58,7,138,144,40,46,247,18,235,126,233,232,152,100,60,156,17,231,247,128,122,238,124,244,223,34,125,233,26,92,247,54,102,115,115,176,120,254,235,58,48,151,149,126,214,36,162,192,255,128,165,13,225,188,49,185,102,194,179,84,42,47,76,43,181,61,104,227,7,223,77,65,78,88,92,101,1739150218591,QBYTE | hallstrom
217,69,70,100,107,94,24,74,34,110,48,236,31,118,143,169,31,115,61,202,188,244,27,152,146,90,190,143,191,45,165,145,121,54,55,74,222,113,121,88,21,95,155,147,0,2,18,179,154,171,17,190,19,101,26,30,67,12,219,87,230,207,100,235,230,88,234,218,40,7,15,243,8,106,238,163,134,97,120,64,105,60,142,24,85,245,173,81,140,182,222,142,81,27,40,235,94,53,133,102,191,91,6,83,105,161,4,26,247,248,161,202,185,46,91,106,53,101,136,87,73,137,229,174,94,240,109,48,116,139,164,58,30,112,75,41,35,174,213,158,85,224,66,194,182,65,195,227,174,131,52,151,94,28,231,136,13,153,180,178,192,162,86,103,124,0,154,91,48,102,141,131,128,184,202,75,187,110,123,222,108,172,162,5,102,90,16,229,73,2,222,156,15,74,93,3,174,185,168,161,123,241,82,161,116,231,214,118,6,252,198,16,3,148,169,102,245,247,25,88,252,146,199,72,139,95,222,72,190,165,156,203,214,249,165,112,175,105,89,78,0,164,7,20,30,89,209,90,162,74,1739150219664,/dev/cu.usbmodem1413101
3,5,101,194,209,183,83,119,189,206,211,126,40,215,119,209,200,197,132,138,220,133,27,211,43,121,209,94,97,229,25,127,26,14,20,152,186,107,146,119,118,68,96,74,39,24,58,88,99,245,220,19,122,68,149,30,230,74,42,127,159,28,252,81,201,53,241,26,236,166,32,184,174,161,115,78,111,130,118,50,139,6,170,43,203,98,165,5,210,148,53,71,13,127,126,220,250,238,9,173,47,111,182,87,186,90,34,173,66,12,187,253,159,152,46,141,220,34,128,55,2,170,214,91,85,53,167,167,140,189,211,243,49,157,154,58,120,92,60,137,199,20,0,249,16,140,143,172,32,140,239,56,216,40,103,19,9,98,19,34,174,61,77,55,218,238,216,229,50,194,43,127,31,185,224,160,13,107,35,11,191,190,63,130,68,113,181,17,54,173,122,245,44,17,221,129,57,63,147,204,133,52,209,52,7,212,206,253,241,200,105,87,54,51,226,176,14,236,32,46,128,175,141,39,71,77,66,40,199,121,170,246,171,58,228,178,19,241,74,33,82,151,207,102,19,110,142,158,7,128,1739150219665,/dev/cu.usbmodem1413401
47,157,106,29,227,108,83,246,192,42,206,246,187,5,134,165,178,14,64,87,19,43,243,155,65,112,141,168,94,74,255,249,6,91,82,51,178,254,199,163,135,156,150,98,247,21,94,80,221,17,106,139,255,57,173,69,251,145,143,90,13,161,215,229,125,72,181,9,147,226,204,73,98,94,239,164,166,54,248,192,25,180,69,147,170,90,57,149,79,112,5,96,78,214,165,39,199,54,163,188,144,253,255,153,247,35,127,6,171,182,194,190,216,103,137,13,180,56,75,36,250,170,66,56,104,94,211,92,213,93,136,231,71,116,3,3,56,180,239,24,31,246,100,123,85,141,70,216,170,57,9,73,3,16,12,34,40,72,150,224,231,106,2,188,108,55,40,251,199,121,127,223,126,78,246,10,155,162,212,74,204,47,232,190,238,203,142,162,204,132,81,144,196,113,165,181,120,79,23,14,34,169,224,82,198,20,0,135,84,238,164,96,64,181,140,124,185,103,84,16,204,7,98,132,37,8,197,83,87,181,249,24,229,145,14,83,70,131,42,133,35,83,119,145,68,36,175,124,210,12,1739150219665,/dev/cu.usbmodem1413201
123,99,35,204,245,164,102,55,117,3,96,129,253,184,247,242,186,36,68,66,162,170,197,118,16,183,125,187,88,232,6,237,157,120,160,35,72,209,87,122,34,55,142,193,207,192,177,9,162,197,165,255,94,115,177,36,10,91,111,164,108,164,178,234,85,1,39,171,137,159,170,63,136,37,243,70,91,115,62,253,37,44,188,24,192,47,115,234,19,205,235,107,227,110,223,193,137,194,250,164,70,181,35,87,174,27,50,21,116,171,99,89,94,206,200,31,146,200,204,178,151,42,132,125,160,121,87,130,23,181,50,182,238,207,192,153,199,133,244,241,78,194,132,160,232,70,40,123,129,6,4,152,177,49,18,120,88,248,118,241,120,109,5,11,60,15,200,173,181,68,37,179,110,121,193,82,243,42,215,36,126,225,35,157,58,24,192,115,155,99,5,168,99,154,111,198,87,218,144,33,133,242,252,161,8,56,251,176,83,160,172,53,153,89,254,217,84,202,220,34,233,119,13,167,5,242,245,28,90,132,187,15,182,204,186,194,53,109,220,0,154,251,58,176,156,141,120,31,86,73,1739150219666,/dev/cu.usbmodem14124101
103,33,67,239,140,70,161,162,33,42,65,225,252,83,40,90,167,15,232,41,43,31,142,111,159,73,226,83,227,188,126,206,226,174,28,23,136,25,254,144,138,223,229,162,114,217,1,60,171,161,96,221,151,129,105,85,163,60,36,96,231,209,216,93,243,233,18,46,144,229,106,72,109,92,107,48,247,39,3,33,93,185,118,0,224,166,192,130,250,197,195,49,89,102,33,73,94,202,22,20,56,10,107,72,206,239,212,209,216,24,127,55,53,35,251,88,146,126,135,15,123,7,8,204,76,36,56,212,254,50,142,115,236,159,26,251,199,31,39,99,172,68,199,222,0,203,9,203,172,170,81,138,12,96,82,193,188,141,163,191,164,80,86,96,145,152,229,135,61,160,20,233,254,219,230,7,95,110,182,215,38,253,6,180,131,77,249,246,39,67,178,138,231,222,177,121,50,120,67,192,234,235,25,94,248,139,187,202,45,61,179,232,103,30,2,142,187,109,68,137,184,228,158,209,240,99,243,112,231,58,193,252,59,143,224,155,53,85,54,178,10,246,242,229,124,251,41,34,119,71,1739150219666,/dev/cu.usbmodem1413301
117,178,67,248,165,115,89,194,4,243,210,223,142,93,181,208,16,9,4,102,8,222,155,64,100,104,235,103,147,141,0,112,246,187,93,22,252,78,127,37,38,210,217,254,209,233,238,221,97,147,145,234,219,179,160,27,12,43,124,17,82,225,123,106,100,189,40,151,92,134,221,112,87,114,111,54,212,200,225,223,110,106,78,8,242,47,134,116,231,33,197,130,42,25,108,119,205,71,74,81,45,198,218,35,101,217,249,179,43,63,178,70,178,20,192,249,98,127,240,101,193,169,33,89,92,107,43,79,225,97,228,120,32,102,184,103,239,26,164,166,209,238,120,29,250,154,154,3,190,169,63,11,187,184,240,112,129,92,75,125,165,137,28,175,59,214,133,39,244,74,75,207,227,109,142,111,236,88,162,139,160,143,50,68,200,176,63,64,77,56,34,214,82,80,28,113,28,46,64,16,65,216,8,224,223,248,226,110,218,233,57,108,1,254,65,235,158,14,187,12,49,110,240,147,11,94,47,173,130,49,15,67,234,80,158,175,92,61,146,106,43,67,242,64,179,103,45,254,225,224,1739150219667,/dev/cu.usbmodem14124401
255,57,144,71,75,31,214,79,143,107,234,107,133,57,186,82,67,227,247,148,57,140,46,5,239,208,149,200,104,110,143,22,127,95,228,77,115,113,172,24,11,210,34,91,84,3,14,180,14,247,39,232,189,88,249,166,74,4,83,133,76,92,214,55,200,168,160,212,245,118,252,150,68,132,185,147,168,70,177,10,9,30,61,131,60,0,90,192,146,15,235,29,27,55,136,4,16,59,250,163,85,227,181,206,162,112,242,4,0,234,206,140,35,57,14,253,253,152,139,98,207,222,39,192,35,38,81,33,24,194,69,128,196,72,173,183,179,237,229,65,170,143,138,188,100,105,128,56,187,131,255,198,205,177,32,67,171,28,246,45,151,206,46,146,28,29,252,40,205,229,244,95,105,95,151,25,139,187,211,155,210,74,49,187,36,151,197,158,140,202,197,175,0,52,117,130,184,42,184,17,189,21,245,80,201,98,1,101,89,203,92,121,98,68,42,249,105,255,168,140,9,154,59,158,51,165,116,181,176,126,161,194,6,131,51,96,208,44,74,94,72,154,20,217,253,254,135,25,180,95,1739150219667,/dev/cu.usbmodem14124301
209,6,210,23,226,166,246,152,90,249,251,8,26,31,128,86,151,157,240,248,53,239,93,222,152,193,206,67,246,254,72,178,126,182,92,173,32,64,153,134,169,84,108,62,134,103,114,45,198,100,147,46,106,17,159,143,107,221,120,230,61,38,74,204,52,194,81,20,194,10,153,66,154,54,22,93,231,149,218,211,86,209,122,110,40,0,105,124,34,40,194,142,55,235,99,195,171,203,55,165,137,193,132,193,91,147,157,67,23,23,222,114,82,28,203,53,210,149,174,101,119,193,29,92,22,6,94,242,99,143,220,19,148,255,74,233,130,200,103,199,232,121,226,210,112,49,189,119,178,138,81,181,30,93,28,160,9,12,174,18,8,170,120,228,124,64,129,164,225,242,47,228,193,249,208,130,143,91,121,138,249,102,35,71,167,58,190,234,20,228,41,190,222,21,232,240,205,76,5,163,71,170,185,221,62,249,153,202,51,115,217,39,37,91,146,72,141,242,59,8,134,45,249,31,146,183,12,116,67,230,229,86,41,200,35,32,115,130,225,89,33,100,32,153,27,47,231,125,28,55,1739150219668,/dev/cu.usbmodem14124201
178,18,40,48,44,173,166,75,218,194,207,184,156,52,46,161,188,228,86,118,254,82,80,82,100,212,205,125,54,203,252,224,237,231,40,35,185,83,207,221,200,59,145,67,110,155,84,202,132,43,71,40,83,16,60,6,218,66,98,196,220,156,194,121,108,26,66,27,37,195,155,209,168,44,42,199,120,154,65,104,178,190,162,93,242,107,55,97,175,92,42,226,174,127,138,40,194,82,68,144,143,146,236,174,216,22,41,129,142,51,102,95,86,13,202,156,16,187,221,155,36,18,230,185,230,141,82,1,94,192,62,0,26,24,87,75,189,227,243,189,252,156,117,77,245,15,140,107,190,58,22,140,80,33,0,147,235,138,247,124,111,37,0,94,60,197,191,196,149,100,120,13,58,38,50,64,105,91,229,246,204,130,112,168,62,168,86,231,218,29,140,28,239,31,122,139,227,35,2,32,8,18,194,85,109,247,34,183,109,22,168,200,205,180,194,167,215,216,221,69,95,112,137,143,182,199,8,51,226,126,254,1,208,10,155,39,5,176,234,53,163,208,177,182,252,211,236,31,31,64,1739150219669,QBYTE | ototoxicity
64,168,165,223,75,155,82,234,41,72,18,228,28,162,172,1,24,181,132,43,136,163,172,149,122,8,101,176,72,2,244,123,63,10,57,249,199,236,238,230,105,52,29,165,202,137,28,45,140,79,138,239,43,253,44,189,97,172,224,62,156,104,23,175,237,27,156,208,149,123,16,42,44,144,141,199,54,106,1,206,72,121,158,183,227,11,243,207,12,137,78,109,180,97,45,121,54,138,199,174,233,13,185,236,65,216,74,193,43,142,109,32,207,49,133,10,165,103,7,122,9,32,19,27,102,35,145,102,10,136,51,43,209,103,129,245,226,47,8,232,43,204,117,28,1,141,187,162,231,248,141,41,13,222,216,189,53,81,189,149,200,44,83,33,92,202,4,188,188,194,177,199,210,120,90,44,249,65,18,95,36,213,175,114,213,186,36,94,92,110,144,245,181,53,162,105,114,220,68,207,13,118,211,232,193,164,74,214,219,186,14,245,202,17,184,3,129,63,205,144,78,147,250,198,225,42,156,1,106,119,31,37,43,10,98,116,43,0,134,132,134,245,83,216,8,128,232,198,50,97,1739150220740,/dev/cu.usbmodem1413101
65,192,128,96,8,195,55,50,48,166,11,107,38,11,119,120,15,42,51,23,207,52,14,108,163,49,37,25,15,195,48,155,8,229,82,150,154,145,67,83,22,194,47,123,108,182,55,114,242,64,125,74,200,10,113,88,15,66,159,151,178,26,166,236,219,11,114,182,201,93,238,204,116,106,60,189,186,70,34,155,32,0,79,79,121,12,143,240,62,126,39,25,170,227,237,139,172,125,254,209,94,189,233,227,59,131,8,28,89,68,99,224,112,86,19,44,189,139,208,82,245,72,107,68,111,87,43,57,157,159,14,85,124,1,32,146,128,173,6,99,136,158,132,254,228,126,26,59,74,225,111,209,78,34,160,74,242,107,128,63,17,178,106,47,135,146,185,214,206,185,104,140,37,187,234,213,36,111,171,26,215,110,78,41,63,212,118,72,250,49,8,233,159,57,227,157,164,82,43,66,167,95,221,101,110,242,14,74,204,183,211,29,70,252,233,129,87,24,136,229,122,33,24,145,234,74,26,252,91,242,158,151,100,203,26,67,36,171,23,8,178,175,145,228,86,156,180,108,115,56,1739150220740,/dev/cu.usbmodem1413401
104,68,196,188,241,73,160,27,124,126,89,229,225,208,48,169,3,152,76,254,247,88,45,143,42,221,176,172,44,43,129,98,63,175,61,93,0,170,100,94,126,7,183,6,65,252,4,3,220,201,184,233,198,234,9,50,219,143,228,51,73,145,52,128,173,5,43,27,27,119,205,25,248,139,241,140,87,205,125,245,127,67,26,166,35,177,126,134,158,32,48,2,238,229,224,94,100,42,108,178,8,5,215,171,111,200,144,245,77,80,36,106,231,199,222,151,203,73,208,187,199,15,234,82,91,87,58,168,202,97,182,131,198,43,120,182,136,189,162,180,8,154,231,210,94,185,227,182,129,176,169,4,143,79,110,149,189,221,218,81,28,82,78,82,130,209,187,5,42,30,106,73,202,204,40,208,25,203,7,43,61,59,74,64,254,98,47,223,1,198,250,56,65,206,230,219,14,197,142,236,190,184,168,105,123,14,76,41,128,125,254,0,122,200,155,71,182,165,193,225,185,26,235,62,35,22,253,100,77,103,23,68,9,215,206,38,229,131,152,188,42,254,133,217,234,52,128,46,169,126,1739150220741,/dev/cu.usbmodem1413201
232,197,160,241,180,206,36,138,95,226,216,109,160,232,158,46,226,130,48,28,218,169,137,214,11,6,144,217,195,33,136,162,189,203,238,128,70,211,26,136,212,200,117,243,94,4,155,170,159,164,103,35,126,59,194,199,228,19,236,161,41,75,245,67,158,18,207,131,56,184,17,62,89,231,179,135,127,85,27,70,247,18,113,247,11,131,172,143,81,22,101,10,152,210,196,45,164,161,97,71,36,58,99,52,164,145,202,247,25,74,123,184,22,214,234,113,146,141,181,196,76,129,180,124,54,95,245,145,229,22,155,96,156,95,79,63,113,32,88,70,16,240,109,0,111,197,181,124,111,28,83,238,203,195,232,11,71,107,73,96,153,37,51,0,126,170,105,207,58,215,32,139,207,94,40,180,211,17,104,86,136,144,120,235,234,97,190,181,122,15,249,178,138,133,56,212,3,4,177,65,22,250,148,63,109,175,157,200,223,104,154,43,184,106,193,21,87,4,109,138,80,223,47,79,9,221,55,60,115,228,245,52,232,130,135,146,252,165,148,188,87,230,16,226,13,243,155,22,235,254,1739150220742,/dev/cu.usbmodem14124101
208,167,29,166,235,159,155,153,157,96,217,226,167,143,169,35,48,125,39,27,10,134,96,68,199,54,98,169,118,133,2,171,99,144,105,157,188,230,215,234,118,135,166,76,172,238,33,29,51,235,73,170,246,105,148,139,169,114,251,32,54,175,45,209,239,82,190,162,51,140,2,58,54,103,46,189,199,124,227,59,199,111,240,202,42,173,13,187,165,56,211,124,106,204,93,32,113,62,139,182,7,179,244,134,249,138,232,249,203,4,246,77,195,106,40,25,113,248,233,206,89,39,66,59,54,226,94,175,250,252,9,74,23,103,38,41,112,84,187,202,254,253,176,111,73,71,54,158,131,191,231,134,122,112,132,98,142,74,130,99,86,97,25,173,52,30,212,156,8,156,136,161,25,198,117,33,161,206,201,61,182,163,186,248,191,121,162,146,105,28,54,110,246,8,159,34,184,161,196,143,227,94,139,222,76,75,201,137,95,78,206,209,41,160,201,49,79,251,35,79,192,49,153,124,23,12,70,25,126,197,39,49,159,254,242,146,108,138,229,175,234,67,253,7,68,94,218,246,206,119,1739150220742,/dev/cu.usbmodem1413301
130,58,3,206,252,35,193,206,203,213,127,216,228,226,157,3,158,9,90,125,64,62,181,187,72,47,9,191,138,1,155,248,198,45,74,170,168,235,147,28,168,196,86,109,176,133,5,51,104,3,153,252,28,51,52,217,78,99,3,91,212,6,32,241,226,51,191,51,136,116,94,72,229,100,152,59,120,244,95,238,38,23,178,239,254,88,24,105,19,204,103,64,180,13,136,240,79,230,186,158,31,72,161,127,79,125,222,133,197,106,81,118,210,111,196,115,241,237,215,28,107,188,97,234,106,154,54,244,225,118,32,200,162,240,180,12,162,199,106,83,25,3,16,225,93,11,190,58,250,236,128,198,8,4,143,97,110,72,149,140,162,62,186,159,157,84,63,156,113,85,57,247,1,98,113,129,214,204,150,149,44,174,94,164,139,195,5,202,10,196,202,48,95,120,175,99,235,32,177,43,239,109,65,195,60,255,126,89,11,202,153,114,239,250,103,10,122,100,71,45,237,25,161,97,107,108,204,172,104,179,81,39,97,230,239,245,232,2,91,233,66,151,147,196,100,70,229,15,7,83,1739150220743,/dev/cu.usbmodem14124401
134,221,123,221,165,194,163,231,240,100,135,222,166,60,24,201,238,125,44,43,226,77,164,165,240,171,8,238,10,192,123,189,211,218,204,43,61,173,119,221,219,231,184,55,245,142,215,215,126,116,185,115,219,15,81,88,127,183,49,235,68,61,232,228,98,32,151,207,124,189,201,82,144,230,18,7,182,91,237,150,49,31,41,238,54,151,198,11,201,212,243,169,126,223,178,168,163,159,113,101,42,243,239,241,121,122,253,243,219,185,42,219,120,126,140,237,21,160,19,84,214,240,12,201,165,238,156,41,98,183,138,185,200,46,175,193,147,237,53,11,152,153,57,102,108,53,188,185,14,243,56,184,117,238,162,173,66,251,91,60,143,225,52,168,118,19,248,21,26,33,242,229,45,112,118,29,111,104,7,145,51,71,188,223,176,222,201,95,215,228,74,32,35,11,75,160,39,195,137,45,125,96,159,37,216,68,86,200,46,254,105,191,108,55,234,69,13,90,25,119,255,134,47,114,25,150,71,216,216,216,246,132,44,136,163,4,212,93,191,238,242,94,150,155,106,124,123,178,214,123,1739150220743,/dev/cu.usbmodem14124301
217,82,187,183,71,5,195,245,24,202,175,163,234,243,233,213,115,192,119,14,168,80,145,102,189,25,137,90,227,217,114,124,144,91,18,33,253,20,134,123,92,129,74,127,5,198,117,177,40,23,215,126,238,26,146,33,118,130,82,224,180,45,200,141,132,40,30,82,124,249,168,67,144,151,124,232,212,118,248,240,101,50,216,18,101,239,168,81,105,10,175,244,192,229,96,102,116,103,209,225,226,210,2,122,231,220,223,237,225,220,174,185,169,75,243,55,90,199,15,190,12,140,78,53,29,37,40,93,230,21,247,101,150,169,42,96,218,136,174,171,27,166,124,59,73,116,139,13,159,94,20,140,155,34,147,227,97,214,125,89,167,31,26,201,122,88,79,248,74,2,81,213,169,209,2,40,96,38,191,33,107,111,176,129,48,226,70,102,131,97,189,102,9,124,152,128,177,41,122,82,64,63,73,228,102,69,160,140,1,176,174,73,253,133,216,211,147,67,109,247,234,113,127,48,106,89,219,26,2,160,201,17,0,138,243,64,191,144,97,40,146,95,78,175,254,25,150,209,34,246,1739150220744,/dev/cu.usbmodem14124201
140,251,159,240,243,164,219,12,132,105,22,64,116,51,176,194,197,76,237,157,106,195,230,156,58,73,138,126,189,86,93,178,83,183,69,143,207,176,102,51,140,28,242,66,85,228,50,190,48,233,150,52,132,105,245,59,191,86,236,75,92,17,93,201,238,110,130,242,196,85,31,162,42,228,43,24,121,17,236,85,85,125,9,112,53,184,213,190,235,235,212,29,8,78,227,159,179,92,165,38,75,85,92,226,153,83,12,189,18,219,114,75,142,70,49,112,142,90,144,111,159,1,71,92,128,207,169,73,39,72,68,195,28,2,129,106,0,233,190,64,223,249,158,227,229,130,72,67,171,75,83,102,155,200,196,36,254,163,159,17,128,72,201,15,130,34,51,77,75,88,129,239,110,84,192,8,111,184,49,32,132,53,59,242,74,235,235,29,234,203,144,142,98,64,124,154,30,36,214,251,51,7,46,7,119,66,212,233,51,210,41,150,25,167,151,125,156,0,249,252,229,168,78,121,46,4,90,210,195,8,42,65,124,142,124,160,249,200,253,12,129,151,225,240,13,166,149,8,62,112,1739150220744,QBYTE | ranganathan
112,73,211,55,189,163,14,225,28,180,160,37,165,80,241,130,3,225,76,1,233,132,121,77,81,208,2,243,182,110,240,85,175,150,160,80,79,201,236,243,169,170,0,75,166,154,199,103,153,84,254,153,91,208,6,67,176,127,198,138,105,147,15,165,111,123,11,110,181,40,69,66,251,88,102,180,42,180,161,248,189,108,39,140,43,226,97,26,69,218,206,67,107,230,130,166,117,192,218,249,80,97,12,236,253,23,216,53,30,128,221,227,74,203,173,53,136,211,155,246,117,160,83,156,142,162,26,97,72,214,82,225,148,229,12,168,166,30,152,127,115,64,232,24,26,250,91,16,90,151,98,28,89,226,67,147,0,174,149,213,37,238,241,38,27,144,85,213,246,129,202,46,26,169,123,173,243,40,151,132,163,103,29,218,149,220,14,233,232,249,161,7,118,240,113,159,30,139,209,2,54,131,62,55,150,201,130,218,19,212,122,135,53,198,168,142,214,92,160,69,185,250,151,72,62,21,40,214,181,157,151,143,26,30,2,98,77,220,104,254,75,32,249,235,194,104,246,24,165,217,1739150221813,/dev/cu.usbmodem1413101
246,250,156,190,190,120,36,150,101,229,100,45,239,204,71,7,149,25,244,174,58,98,248,6,243,220,21,194,218,102,7,88,184,251,176,118,212,227,66,146,226,70,215,201,215,12,82,0,137,198,56,45,7,167,76,129,194,225,180,118,184,43,192,47,82,132,227,20,134,230,155,115,192,85,60,135,39,40,124,22,84,84,109,66,170,17,106,49,156,167,40,121,208,246,100,195,117,57,126,163,66,42,145,119,175,231,141,83,158,91,80,251,161,250,150,113,153,137,89,24,94,186,140,33,9,85,212,33,92,12,96,170,17,227,85,240,107,121,60,89,183,40,213,209,120,194,251,182,135,200,238,126,186,6,84,71,75,18,111,39,129,164,18,249,54,237,228,194,118,152,19,36,167,135,175,88,54,210,241,144,195,9,141,183,215,191,115,187,155,172,96,246,18,11,80,126,192,241,135,245,215,133,207,179,147,125,151,241,96,19,186,222,252,27,251,135,203,44,18,221,58,155,172,7,174,105,185,217,239,191,71,32,220,40,247,126,156,79,35,150,79,73,207,91,217,152,207,135,190,193,1739150221813,/dev/cu.usbmodem1413401
83,229,241,247,44,108,237,26,59,204,3,228,52,97,168,230,37,142,12,124,254,232,221,106,187,166,125,11,127,87,48,248,214,241,102,245,140,195,87,9,41,108,204,76,145,245,24,239,36,169,197,198,167,253,97,32,47,195,190,203,30,23,181,86,116,46,27,139,244,107,115,66,127,49,202,150,205,171,88,139,32,122,226,80,169,49,78,119,64,3,9,168,27,180,66,129,125,8,161,195,218,176,245,50,118,53,246,230,249,227,224,154,178,254,35,62,234,173,202,134,122,39,233,214,39,231,152,159,219,30,180,127,138,91,38,51,178,88,114,0,123,155,118,219,31,8,237,141,15,74,131,42,197,46,132,152,25,21,88,212,92,175,235,2,175,203,149,42,56,124,21,190,230,200,72,239,133,22,184,107,111,221,187,175,172,185,137,37,17,179,255,21,254,184,203,86,161,205,195,186,250,131,178,53,57,32,182,149,15,73,179,175,197,248,123,117,172,196,199,224,143,103,119,202,116,212,30,83,59,249,215,104,116,189,57,144,25,252,232,183,39,42,163,141,67,162,112,93,18,187,1739150221814,/dev/cu.usbmodem1413201
206,237,226,119,48,175,160,169,88,28,4,192,187,231,93,8,217,154,96,87,46,181,119,89,186,204,25,232,27,210,103,67,0,9,88,89,219,58,183,3,106,4,93,157,3,138,147,78,126,144,17,63,47,245,49,197,5,94,40,36,150,28,87,203,58,16,142,159,55,133,154,150,40,75,15,159,14,110,60,237,74,59,254,99,114,81,165,128,199,118,148,88,11,150,247,166,1,205,21,184,237,197,110,154,206,35,159,103,101,180,91,206,189,78,9,215,88,109,114,189,13,55,78,161,153,75,84,218,79,83,99,37,160,177,1,1,43,174,121,97,223,168,98,117,138,19,122,83,6,181,239,124,92,139,128,35,228,109,147,216,223,100,174,126,210,172,148,210,41,4,52,15,176,158,103,69,184,2,212,186,94,232,151,191,44,27,145,250,201,234,39,133,39,174,45,136,28,54,9,146,66,124,15,0,244,138,227,201,72,200,52,113,79,143,207,13,171,243,215,196,43,125,122,132,83,94,150,77,0,44,39,113,101,123,37,167,179,170,187,213,92,130,21,165,230,194,220,0,88,119,1739150221814,/dev/cu.usbmodem14124101
190,63,32,134,59,246,106,162,243,204,225,184,2,86,8,226,152,175,133,119,59,17,11,159,17,217,185,203,83,26,186,51,235,244,70,83,135,121,195,17,52,211,85,247,83,139,172,121,187,55,152,80,77,24,59,40,96,215,77,206,60,66,1,80,32,152,126,46,20,127,23,42,72,203,38,114,115,207,41,250,248,248,89,71,193,23,117,12,181,44,123,7,211,230,108,45,211,160,253,28,208,120,117,237,62,255,119,192,106,184,176,96,79,102,197,220,0,147,65,61,30,76,139,128,116,131,87,230,178,183,204,0,85,214,249,204,128,244,248,203,132,224,186,230,144,150,120,241,157,179,69,121,152,10,27,151,236,104,195,165,114,205,203,10,122,150,42,122,206,22,145,243,97,205,54,135,150,159,141,136,125,122,130,238,62,133,111,37,69,230,224,57,122,31,52,64,155,199,194,138,136,212,144,249,128,134,122,83,182,178,200,245,4,18,160,21,243,221,132,66,93,6,195,92,120,242,234,249,227,35,77,119,134,162,60,48,55,96,59,148,98,81,252,3,192,220,203,212,254,181,1739150221815,/dev/cu.usbmodem1413301
133,194,207,221,217,230,38,149,39,161,124,30,107,127,6,47,77,167,33,138,70,15,183,204,92,124,152,10,229,231,68,139,37,246,242,172,160,102,123,93,48,95,115,130,85,238,143,202,238,75,196,18,235,246,14,67,230,221,24,141,32,16,210,112,130,60,214,151,146,90,9,164,152,62,39,103,132,80,23,145,27,206,171,213,90,239,50,61,203,190,213,215,52,228,122,90,135,217,177,10,206,192,79,158,84,13,146,177,137,203,157,70,175,34,67,240,6,161,87,62,137,247,72,149,194,164,181,0,219,16,39,47,165,143,136,151,172,117,185,118,209,26,108,131,80,39,82,122,24,246,82,2,227,124,230,128,30,232,168,106,55,187,232,254,70,200,81,235,154,1,204,96,120,190,6,140,8,9,168,72,26,6,118,144,81,68,187,65,35,233,81,203,114,99,169,54,122,160,233,93,144,183,154,190,100,168,177,59,159,189,212,117,1,116,244,45,159,69,255,70,0,167,247,227,243,188,14,252,245,119,123,251,234,227,130,236,168,193,94,207,179,128,37,40,142,179,124,197,155,94,1739150221815,/dev/cu.usbmodem14124401
180,204,223,153,155,92,235,39,239,189,13,74,59,157,193,59,16,30,240,83,41,23,142,237,29,33,66,78,15,21,23,167,218,57,49,158,208,96,143,222,11,93,223,238,158,89,9,90,217,196,50,195,92,132,18,222,197,96,241,28,199,80,84,69,86,127,72,230,70,228,139,119,248,27,243,39,93,103,140,235,155,11,117,150,31,7,255,71,116,116,24,255,58,196,108,204,227,65,47,85,208,164,131,21,153,116,26,173,27,156,124,48,177,180,132,178,67,82,2,254,121,35,137,236,134,181,21,214,187,110,6,177,18,71,208,144,179,152,138,118,191,47,1,142,2,161,186,63,14,18,127,49,3,224,128,201,90,155,10,172,25,144,248,25,201,245,18,49,18,208,80,182,109,218,235,213,150,211,56,38,205,196,242,62,249,207,32,229,120,17,180,164,97,182,103,225,192,72,6,65,80,48,106,142,144,150,1,43,20,184,100,141,89,150,113,75,36,28,193,98,18,242,255,91,225,52,154,217,187,5,179,96,37,168,255,52,59,164,57,19,154,189,196,95,192,41,10,237,32,205,1739150221816,/dev/cu.usbmodem14124301
181,141,136,191,236,221,48,89,201,13,208,61,255,87,53,0,74,62,78,151,129,171,77,2,102,155,191,10,222,241,226,154,40,202,37,59,30,32,247,194,236,167,86,22,147,35,95,237,212,175,42,4,185,61,85,196,220,158,139,135,79,137,214,24,224,230,231,94,153,28,104,223,75,157,73,217,240,7,42,58,43,178,184,230,29,247,153,127,188,137,185,165,205,108,165,42,192,29,84,82,201,203,71,124,129,5,229,146,161,19,196,11,207,88,60,129,237,170,109,156,29,205,245,188,34,145,35,9,100,229,23,56,228,78,30,77,211,254,104,31,180,158,131,126,204,145,175,220,217,38,146,54,123,30,232,6,182,187,164,127,102,23,58,227,143,185,135,82,38,128,213,191,199,240,131,80,143,7,254,156,15,149,41,170,199,122,91,195,28,106,33,24,120,135,213,48,44,74,188,191,30,172,88,105,68,53,116,158,73,119,210,165,210,163,42,214,245,136,19,204,211,219,33,40,25,83,247,128,209,175,127,119,193,66,197,169,245,123,81,72,115,98,38,182,18,115,29,48,188,195,1739150221816,/dev/cu.usbmodem14124201
33,7,228,116,138,137,240,141,232,92,131,253,104,249,185,157,229,196,206,189,214,25,84,196,149,121,175,87,111,148,171,51,253,100,142,208,37,140,142,59,235,242,233,222,232,246,107,194,18,188,86,200,151,40,104,86,199,247,203,203,205,56,124,106,103,252,122,111,169,253,202,195,15,4,36,209,148,166,33,50,208,246,105,31,195,155,193,213,232,103,116,64,187,152,140,211,11,25,39,48,34,233,248,41,152,101,38,169,69,112,163,81,122,41,47,178,11,80,3,180,175,95,199,143,43,88,214,60,54,187,31,183,169,188,193,236,24,118,12,147,62,16,125,242,249,162,8,16,134,209,26,72,121,201,134,183,168,100,244,226,29,112,71,173,42,8,94,29,241,38,32,33,88,33,163,209,127,172,233,191,244,118,147,151,147,181,202,207,169,120,61,47,172,160,232,152,110,228,13,246,15,6,116,17,248,147,254,170,64,134,237,47,205,249,232,212,167,75,11,22,187,243,220,205,196,223,144,77,29,9,218,45,95,91,109,106,42,187,21,10,71,207,187,90,34,165,53,14,168,49,1739150221817,QBYTE | drys
231,153,230,20,144,44,15,0,34,33,99,196,183,228,101,10,242,73,223,68,199,164,54,175,117,181,196,240,248,126,103,69,130,80,36,62,21,53,178,242,234,196,244,102,46,7,125,77,233,33,153,54,226,46,131,182,127,92,128,77,24,168,53,90,88,169,61,99,90,196,211,158,205,200,161,134,214,243,52,254,253,194,177,52,42,30,201,27,192,141,208,42,179,110,224,27,5,208,20,173,131,100,136,81,36,110,228,194,109,56,115,153,229,105,188,157,138,223,19,45,146,32,227,76,43,78,84,216,177,166,228,206,174,202,21,32,106,6,55,100,184,115,233,106,127,173,151,40,164,193,250,232,70,36,255,185,11,185,6,212,237,202,185,55,23,3,121,127,187,192,174,9,157,249,12,74,228,89,216,105,104,126,101,150,139,76,163,61,126,104,43,43,67,212,243,159,211,59,200,24,29,137,4,80,101,201,82,62,158,79,184,17,255,39,195,135,49,31,174,212,28,232,186,55,160,56,11,207,126,249,91,213,168,98,77,131,71,128,243,206,219,248,7,30,175,70,143,51,138,136,1739150222886,/dev/cu.usbmodem1413101
123,196,179,22,166,123,131,209,154,94,241,47,181,56,203,133,41,198,210,11,136,244,151,204,173,72,89,64,146,143,94,246,253,209,32,224,39,144,47,254,153,25,180,21,88,165,49,141,140,146,243,241,160,205,161,102,3,146,63,19,194,108,139,251,31,69,120,57,223,254,79,186,142,84,8,88,239,162,0,148,235,240,100,122,113,55,6,196,186,53,123,169,154,189,216,71,102,221,108,184,199,71,144,10,158,178,168,111,233,158,71,189,95,41,77,137,162,248,202,214,121,84,236,140,60,160,8,29,247,165,212,172,91,16,224,194,44,85,2,119,133,174,179,47,52,204,126,188,220,153,46,200,199,160,157,170,46,139,151,86,82,172,46,7,201,6,206,208,215,79,162,25,120,67,178,253,108,45,121,168,141,80,210,40,73,236,16,18,111,210,147,122,67,61,225,130,146,14,74,6,19,9,108,98,56,93,119,119,153,239,34,55,231,109,85,222,51,28,71,116,211,86,15,89,153,54,11,228,103,76,246,166,3,101,142,94,43,30,39,26,150,63,233,117,113,197,128,116,244,110,1739150222887,/dev/cu.usbmodem1413401
252,86,195,193,207,29,85,235,62,94,254,95,38,213,169,139,246,21,208,241,4,152,33,214,141,211,124,108,118,0,175,239,254,91,184,99,18,152,18,25,64,189,158,170,225,223,173,203,56,161,76,185,136,163,213,221,33,123,28,8,27,147,74,246,243,205,107,49,246,234,156,92,224,97,137,145,36,187,160,169,118,61,30,57,39,83,89,249,112,46,24,172,72,229,211,32,233,143,64,48,23,97,66,122,66,30,210,62,28,204,157,62,207,120,17,231,231,35,22,77,24,91,43,178,118,133,108,209,208,150,123,162,61,35,51,199,207,230,140,147,77,195,209,3,62,80,30,122,80,169,81,228,243,173,69,175,216,156,180,166,4,139,227,105,226,185,164,146,201,182,8,114,173,13,214,177,142,79,214,57,16,243,13,177,232,29,147,250,102,57,90,143,209,237,204,169,212,135,131,172,50,238,247,204,218,254,72,168,4,83,248,150,131,194,182,120,56,94,147,38,107,6,65,96,136,22,14,194,161,143,10,120,7,32,115,43,155,72,150,74,35,54,165,77,141,93,123,181,16,241,1739150222887,/dev/cu.usbmodem1413201
42,213,89,146,193,246,36,149,36,33,248,128,74,81,110,35,249,231,21,15,17,48,214,244,74,249,170,2,60,103,21,246,13,23,100,130,246,109,82,11,22,6,59,86,31,179,145,93,228,63,185,180,233,165,112,71,19,49,26,117,158,191,222,137,38,221,251,180,113,101,137,106,82,238,186,172,232,23,170,211,8,44,183,106,134,1,71,218,247,118,23,176,225,161,173,109,132,222,83,248,115,142,89,147,50,158,232,218,230,40,101,173,28,23,200,192,147,70,98,158,30,183,202,130,69,154,69,25,87,128,222,255,71,160,171,62,130,212,170,110,7,179,113,132,142,146,246,191,151,192,247,99,163,195,238,163,166,237,73,100,246,227,91,210,62,48,11,223,153,226,8,192,67,29,14,123,131,194,27,241,120,74,102,84,114,222,45,101,50,135,38,42,34,6,131,221,124,175,55,113,90,154,55,197,160,79,29,249,41,96,164,80,194,163,252,126,122,35,255,146,13,173,185,40,244,208,196,89,24,168,80,157,25,129,225,74,1,28,215,71,231,73,216,196,126,118,126,56,222,78,1739150222888,/dev/cu.usbmodem14124101
50,187,1,209,73,57,215,186,218,100,127,42,78,11,36,214,42,121,177,3,77,141,23,139,186,207,148,54,66,30,202,43,43,134,83,158,213,241,31,203,52,38,237,182,33,154,53,78,227,242,194,162,129,41,90,43,222,123,150,159,12,56,229,8,50,174,38,45,226,198,142,24,170,200,119,73,121,236,15,97,144,170,42,214,177,38,172,204,3,41,131,138,6,57,90,250,24,80,158,175,2,226,45,222,147,6,168,71,156,77,130,25,192,183,242,0,25,115,92,58,87,28,21,159,241,81,185,111,186,155,8,187,246,215,96,59,184,102,202,243,218,237,220,149,156,117,222,127,145,250,73,159,129,157,161,208,9,156,192,8,49,220,227,75,5,0,254,199,243,195,213,205,195,129,64,127,166,30,211,186,161,185,167,135,71,81,196,176,81,187,180,53,64,249,25,18,108,108,118,111,149,123,133,144,32,142,255,116,79,181,0,246,119,114,166,38,151,229,111,75,118,189,225,0,199,102,99,94,79,89,221,5,133,58,92,145,213,101,155,214,11,212,105,109,19,85,49,123,73,23,1739150222888,/dev/cu.usbmodem1413301
222,114,77,141,140,49,166,225,110,160,158,174,82,191,193,126,85,38,17,170,162,216,246,103,174,154,25,21,53,60,122,153,252,143,77,25,146,110,245,49,65,65,6,123,28,6,115,116,43,105,2,201,171,134,243,132,184,122,60,128,228,4,249,175,226,158,77,149,48,181,208,22,208,187,214,57,118,99,98,38,49,172,164,37,184,163,213,233,181,235,137,197,16,101,214,250,67,245,120,70,205,89,219,135,135,160,121,139,73,107,10,190,7,244,50,71,135,215,69,233,196,9,14,79,237,192,214,190,80,187,197,17,140,16,158,160,102,49,126,22,234,40,141,218,119,115,202,109,174,21,238,214,34,89,234,84,85,51,234,183,135,186,135,104,221,154,241,209,83,160,209,247,2,77,57,3,181,112,53,169,33,230,22,240,242,137,165,56,186,236,122,206,104,14,122,153,43,70,3,83,9,233,34,239,204,119,196,70,46,222,87,34,87,253,48,165,119,135,126,127,17,0,17,230,232,113,49,148,127,56,57,150,160,29,31,250,50,104,38,206,229,242,22,30,143,240,192,20,63,67,1739150222889,/dev/cu.usbmodem14124401
142,7,52,22,212,242,18,174,101,193,183,180,1,34,26,22,206,145,91,45,74,172,218,70,249,107,175,202,103,102,203,231,40,126,238,216,84,168,83,28,74,178,58,30,203,2,149,212,178,9,173,17,200,116,48,118,147,163,121,125,153,86,182,122,138,33,172,68,168,18,136,212,233,50,155,241,38,150,127,169,255,71,58,211,138,132,231,252,105,4,195,161,204,166,13,80,23,7,133,120,98,162,162,26,163,15,54,114,11,232,216,4,241,110,14,128,10,17,54,90,97,240,77,209,31,192,30,83,71,58,80,115,211,141,23,232,48,187,9,214,154,137,5,218,34,136,98,102,2,152,49,16,99,116,251,229,237,125,136,61,243,209,73,184,146,115,234,183,59,86,136,167,75,148,189,116,103,163,200,109,9,144,120,76,123,249,163,130,31,189,204,120,207,78,50,1,31,102,61,44,155,212,211,179,68,9,113,63,16,214,139,154,69,153,48,80,162,91,253,203,199,1,107,150,165,205,158,159,41,15,170,121,65,151,39,185,246,128,179,252,37,108,10,0,61,218,62,233,238,200,1739150222889,/dev/cu.usbmodem14124301
170,12,193,234,3,117,254,244,76,225,118,229,183,12,228,234,225,81,114,92,1,237,100,110,165,30,187,140,84,127,6,64,207,144,210,2,192,236,66,253,197,7,52,89,183,70,16,228,9,238,53,189,141,168,9,255,59,88,235,212,85,84,78,52,139,221,127,45,177,215,44,221,90,208,226,114,82,255,165,245,14,81,132,3,103,252,81,67,98,98,183,79,126,206,30,154,96,29,168,61,11,132,5,21,251,244,161,75,245,194,189,77,192,144,89,57,151,80,77,242,192,178,113,233,236,121,92,41,125,45,184,86,179,172,254,200,170,78,173,98,169,100,177,45,161,51,56,150,106,245,55,247,193,212,10,138,23,127,149,18,231,50,239,147,119,49,136,18,14,202,4,13,93,16,26,55,226,3,250,60,246,86,171,93,132,135,182,90,191,156,70,27,95,133,77,177,218,64,61,104,70,132,53,215,73,247,158,74,16,189,215,242,102,197,168,119,72,159,235,154,51,222,217,206,82,87,72,33,20,118,248,70,250,75,144,23,28,114,75,14,11,16,206,108,239,119,158,47,205,3,1739150222890,/dev/cu.usbmodem14124201
130,28,118,241,42,51,96,174,63,228,180,225,196,194,114,115,132,226,65,105,254,236,9,133,87,247,210,187,100,173,254,191,188,42,250,98,5,139,38,5,223,180,0,5,201,22,179,92,202,81,199,13,76,150,23,108,128,126,129,149,123,214,206,55,67,48,109,14,201,3,115,21,56,130,66,16,142,27,137,11,56,51,76,62,30,134,30,102,64,68,218,62,36,163,217,219,34,227,160,113,134,81,82,228,134,1,48,188,85,78,33,89,159,146,191,205,95,167,207,83,223,207,201,24,203,217,88,166,17,34,176,176,149,191,122,160,79,195,3,191,116,133,31,122,147,30,79,179,232,179,211,9,208,142,115,244,253,238,91,208,239,139,237,131,63,84,117,81,169,36,132,50,220,226,184,66,19,55,184,75,242,14,190,61,18,197,121,224,14,114,128,108,75,62,65,82,107,17,67,187,39,54,233,32,198,34,164,95,75,147,205,92,90,248,210,251,74,216,130,113,58,119,15,152,157,69,78,196,173,138,65,58,43,93,165,121,251,53,208,51,73,226,40,253,99,160,91,99,229,198,1739150222891,QBYTE | invigorate
171,67,79,180,223,128,127,232,10,190,213,141,2,205,19,220,187,188,237,2,87,193,156,212,244,190,79,98,9,240,249,122,3,103,14,235,242,126,137,125,3,175,73,45,190,74,249,120,2,1,97,164,145,157,145,93,198,121,100,251,82,216,233,170,30,70,220,167,102,133,229,193,140,20,7,246,102,21,36,79,62,71,155,156,67,47,244,177,98,90,189,233,168,180,70,71,82,27,225,170,168,3,249,207,206,26,47,46,75,125,216,48,241,115,229,131,36,133,71,120,128,36,242,66,118,131,182,206,70,28,122,87,0,163,67,73,114,127,126,207,236,79,98,156,185,116,15,30,226,134,242,14,70,212,212,62,127,138,49,41,55,147,210,87,196,176,116,79,180,37,236,108,252,169,247,213,157,116,87,33,231,42,150,87,128,149,48,242,243,181,3,97,44,96,20,130,106,213,124,164,128,76,13,87,164,5,96,18,195,106,190,80,62,63,37,230,218,135,47,173,144,177,112,176,223,201,107,246,213,19,116,252,149,236,31,80,71,120,117,128,159,5,228,3,195,139,112,52,228,0,1739150223959,/dev/cu.usbmodem1413101
98,89,168,130,124,28,144,205,36,61,13,84,144,184,143,175,106,248,119,16,182,126,84,236,97,82,80,37,49,125,128,129,50,33,245,7,200,197,65,130,176,221,39,66,126,221,69,117,122,183,95,32,171,39,245,100,138,192,2,87,88,226,222,121,112,109,115,241,206,129,220,176,20,209,222,241,196,224,183,34,79,149,120,13,242,208,6,93,218,109,208,41,169,62,16,169,189,22,128,77,197,230,25,74,74,173,245,195,156,209,40,57,175,175,71,68,9,195,184,214,74,189,82,78,31,212,247,26,84,3,210,141,208,135,253,39,167,242,103,211,189,70,179,46,46,116,136,248,17,224,120,154,222,33,199,121,150,30,241,198,138,206,100,88,228,53,90,225,128,77,6,186,167,114,207,172,197,19,214,187,92,214,43,44,220,110,78,240,22,37,152,115,0,190,121,46,242,215,239,50,163,175,196,49,141,150,94,103,118,213,144,67,91,98,72,99,46,180,111,229,6,139,125,206,207,111,195,87,188,0,128,193,27,52,226,45,21,23,136,187,198,164,45,0,125,179,146,216,133,165,1739150223959,/dev/cu.usbmodem1413401
134,169,89,255,66,91,49,200,85,91,18,106,192,233,199,192,52,178,53,52,175,171,209,58,152,16,147,230,26,105,204,249,176,22,7,26,162,173,216,67,134,46,2,200,64,10,121,19,47,33,79,166,121,197,126,118,210,122,225,244,168,95,58,4,88,62,230,77,130,106,8,204,98,86,95,101,212,128,55,133,239,211,249,181,70,188,128,173,114,54,14,9,71,186,81,222,121,121,5,179,21,203,247,60,39,197,206,185,171,233,97,96,220,239,51,208,151,164,207,152,87,40,179,160,108,236,168,179,88,231,95,236,118,234,121,154,11,171,75,33,206,194,150,247,147,134,17,98,179,38,95,65,179,45,129,111,165,12,56,198,48,176,229,168,174,193,122,112,24,226,99,125,248,4,239,5,130,172,42,12,189,156,163,57,29,38,121,121,97,230,67,138,67,150,239,31,111,247,140,133,225,242,40,99,226,0,73,45,104,131,82,111,33,70,155,245,204,166,55,193,191,174,82,32,232,238,27,79,61,80,87,130,37,46,143,210,178,216,93,173,140,38,131,218,182,31,229,179,149,99,1739150223960,/dev/cu.usbmodem1413201
81,30,189,190,60,133,103,67,96,199,126,163,104,242,5,241,174,189,26,156,209,170,184,215,28,108,187,124,184,142,58,183,239,230,235,171,18,181,12,55,0,233,77,143,82,113,4,19,52,33,147,34,251,16,59,10,94,203,120,67,61,201,212,211,181,168,235,197,132,71,177,216,194,31,75,57,41,183,116,18,25,18,243,149,177,47,53,223,193,34,155,93,104,201,205,56,198,208,131,98,48,247,157,6,27,96,155,38,25,123,235,202,51,214,251,253,118,11,75,121,80,226,92,212,248,108,29,140,173,2,230,164,76,255,35,203,224,30,117,194,180,231,35,110,137,182,51,95,80,92,53,239,204,64,60,50,83,234,70,34,138,246,76,204,148,84,174,73,63,25,41,71,28,222,67,48,132,254,83,117,222,168,15,50,173,89,175,0,80,158,181,184,179,248,213,255,82,59,171,19,70,9,143,47,180,32,49,92,117,230,118,80,95,95,63,106,170,230,108,205,8,117,30,18,95,205,49,7,253,168,77,136,181,112,119,214,202,152,248,129,175,105,18,253,74,104,174,92,188,104,1739150223960,/dev/cu.usbmodem14124101
61,218,188,188,0,254,220,193,234,99,201,2,99,248,134,90,126,31,99,255,161,14,182,240,56,221,3,208,198,61,209,150,166,226,143,195,218,138,254,128,242,91,169,57,45,23,84,157,34,105,172,122,179,138,109,106,155,183,135,215,1,21,98,16,74,144,132,123,218,155,201,215,158,247,93,216,93,61,150,26,14,11,208,160,95,255,154,233,50,5,26,205,37,96,204,123,133,240,126,77,170,196,29,96,229,158,224,134,131,250,197,218,32,119,114,46,36,163,68,146,248,13,164,144,192,52,163,118,78,89,214,212,246,80,5,234,25,126,192,109,90,5,194,98,44,133,182,242,112,159,209,252,212,37,3,120,93,22,77,17,72,121,215,168,116,187,93,5,85,78,37,37,82,206,161,200,35,118,58,209,229,89,202,137,2,205,253,2,1,144,111,35,202,207,135,131,53,35,25,183,143,30,4,155,72,228,155,61,240,245,109,180,185,22,81,99,193,116,230,1,160,97,217,178,70,185,116,214,200,55,31,41,151,130,96,221,44,67,117,247,30,135,36,155,215,199,241,124,96,53,1739150223961,/dev/cu.usbmodem1413301
104,97,173,174,251,71,216,99,41,27,145,82,194,65,137,183,130,108,215,6,201,93,130,225,208,144,100,122,177,36,75,247,4,105,202,206,65,14,139,53,215,151,95,16,201,216,110,168,170,184,115,71,58,222,44,177,175,86,69,118,1,37,130,152,4,159,36,135,45,254,62,190,107,18,227,11,184,73,132,89,236,28,100,220,22,150,2,65,40,255,10,232,212,30,247,249,82,89,238,37,247,182,192,16,253,83,180,178,57,70,86,238,231,160,61,102,178,13,153,63,75,205,187,117,234,60,61,87,28,36,164,61,255,81,82,132,75,96,220,68,51,176,184,146,193,22,199,75,174,225,139,196,66,149,5,45,132,54,26,104,134,152,186,219,32,199,86,244,237,120,161,170,63,57,12,110,76,188,159,22,223,152,50,20,72,123,168,212,157,109,140,17,7,153,220,122,125,4,153,9,133,236,28,208,101,160,99,51,243,122,189,74,64,197,17,235,216,223,88,215,47,211,131,162,86,240,84,237,158,110,253,133,109,34,198,135,230,13,167,245,71,50,161,86,170,228,247,242,137,80,1739150223961,/dev/cu.usbmodem14124401
177,121,143,197,191,129,105,68,230,98,68,128,41,58,143,83,0,194,240,141,189,97,168,191,134,29,234,3,240,180,232,68,108,121,29,191,175,131,249,66,10,143,48,68,171,98,213,50,120,32,211,82,2,63,237,110,150,113,194,229,110,11,164,17,226,185,233,115,33,254,244,236,146,254,69,249,45,148,177,157,34,190,169,50,33,10,164,28,4,104,216,150,71,119,238,10,113,117,168,231,42,157,75,164,40,185,214,211,112,161,149,88,13,143,107,66,14,96,167,95,11,237,245,48,179,102,224,39,45,151,182,45,236,4,253,147,30,59,217,120,57,248,110,48,177,221,190,135,90,79,18,74,9,37,253,109,239,195,234,103,139,82,159,185,41,217,225,213,177,45,50,34,251,30,252,160,91,240,60,71,145,109,95,92,97,38,170,22,62,27,154,223,35,102,131,10,42,243,172,82,244,206,77,244,232,79,107,154,145,186,151,130,111,181,100,155,247,189,13,191,231,194,9,108,191,83,86,26,39,200,248,124,128,1,12,150,194,27,128,0,13,128,90,161,125,114,67,217,111,113,1739150223962,/dev/cu.usbmodem14124301
127,154,110,101,122,64,226,151,247,4,232,63,106,236,58,34,121,56,236,92,43,83,131,55,35,240,113,60,227,95,80,105,116,239,145,57,101,78,71,167,13,107,164,89,25,16,84,4,6,7,27,246,136,38,199,37,166,20,200,123,127,32,19,234,40,41,67,248,82,140,32,7,106,143,140,168,238,64,109,137,233,237,183,184,22,106,199,111,141,70,165,85,133,64,71,194,126,109,246,17,88,193,134,43,144,166,216,108,139,56,80,62,46,1,50,147,54,185,0,72,25,35,191,155,78,37,167,55,25,102,97,162,10,92,105,15,147,36,201,5,212,73,177,145,229,135,106,53,120,186,145,125,185,28,139,132,133,99,231,163,160,249,239,33,87,142,36,36,107,182,215,119,136,8,22,225,44,22,179,211,200,237,49,109,73,134,174,122,86,56,47,173,2,83,67,203,133,196,121,113,150,175,4,50,150,72,82,209,116,27,174,228,128,248,110,250,223,214,220,75,120,55,186,102,149,238,104,97,64,72,232,98,120,90,174,47,162,236,7,127,107,27,111,162,48,255,100,229,24,38,1739150223963,/dev/cu.usbmodem14124201
133,245,243,197,227,58,54,223,201,1,64,255,216,1,228,222,206,194,29,146,97,223,190,76,92,48,203,72,254,152,173,249,212,171,222,214,219,234,215,219,23,157,67,28,132,81,122,14,149,64,245,153,187,34,74,213,196,140,55,36,142,183,142,119,7,34,168,169,42,62,163,231,53,24,186,217,121,98,30,173,174,87,67,71,56,101,188,69,152,247,149,114,29,176,88,66,136,21,41,168,103,247,154,64,24,192,213,249,36,27,44,241,85,188,124,115,98,158,1,245,108,93,26,54,42,156,45,218,129,118,180,244,5,104,39,205,225,57,43,171,175,40,193,122,52,249,0,208,236,151,57,53,193,17,222,166,172,242,228,182,226,81,2,128,48,59,52,151,113,62,193,54,161,224,211,171,70,25,210,176,187,137,135,220,142,146,249,193,32,54,59,96,48,211,204,116,66,222,225,157,236,139,63,167,44,240,135,65,78,244,227,180,13,218,131,243,163,179,116,102,49,166,168,86,157,113,156,169,152,50,28,133,28,125,1,154,128,150,13,106,69,192,232,234,114,225,136,177,214,156,1739150223963,QBYTE | padgett
97,159,121,141,198,140,44,88,102,74,123,91,169,2,165,24,47,196,57,253,120,90,20,150,221,109,169,50,13,182,168,133,242,177,58,131,139,162,187,63,190,61,169,42,76,210,218,191,246,252,135,63,179,253,87,28,151,72,2,48,128,12,84,214,229,168,187,248,174,15,204,115,224,222,66,92,98,86,14,88,27,131,204,72,77,130,165,82,189,54,41,196,194,91,69,177,131,184,244,52,206,184,58,145,51,132,57,85,214,71,178,197,148,162,159,15,51,2,226,73,126,39,65,29,2,91,196,176,79,150,243,177,16,177,55,47,57,196,235,186,225,13,234,47,206,164,141,128,61,19,248,209,100,142,190,26,36,168,45,41,242,21,60,24,212,54,173,56,196,119,102,103,206,223,186,152,18,137,238,130,105,148,186,6,252,120,204,83,229,237,81,20,153,102,172,189,86,136,85,109,54,40,74,46,112,222,138,8,178,211,113,40,233,182,73,24,127,19,97,101,109,119,114,248,3,135,220,45,184,183,251,47,227,119,162,80,254,155,245,226,173,129,125,219,253,88,86,234,154,78,1739150225031,/dev/cu.usbmodem1413101
234,183,91,67,20,109,151,173,213,10,114,243,210,220,170,253,106,138,172,225,182,213,240,106,80,135,134,231,36,44,6,29,9,230,180,241,47,225,56,203,215,216,117,7,181,182,119,145,133,243,212,233,35,254,131,205,240,219,74,47,162,17,199,166,227,196,101,147,76,11,56,254,100,27,150,226,2,180,120,137,211,43,59,19,131,167,244,94,143,44,32,11,92,255,183,111,108,144,143,184,36,201,83,177,193,92,86,88,220,87,232,129,4,189,236,194,190,139,179,15,18,124,224,84,149,216,215,249,126,250,221,243,196,83,130,124,33,179,121,254,163,211,176,143,130,68,160,103,124,245,97,42,26,133,5,54,25,109,83,255,220,163,38,136,83,10,197,23,57,100,103,44,152,78,16,131,230,162,147,14,22,239,210,51,25,43,240,53,216,231,82,207,121,93,208,194,197,5,16,237,110,54,1,124,179,252,48,149,162,84,163,225,100,89,224,78,251,71,30,37,169,113,122,6,146,60,196,187,51,50,59,189,146,66,213,254,107,192,105,41,147,77,137,92,193,105,61,247,138,90,1739150225031,/dev/cu.usbmodem1413401
1,180,58,233,106,85,91,39,237,66,165,173,26,7,57,21,195,22,219,229,28,253,164,95,99,103,132,227,5,28,122,135,183,242,8,239,184,59,160,161,206,84,109,187,197,188,166,170,99,183,16,98,228,149,255,173,43,12,92,89,13,96,47,87,109,103,104,129,156,207,245,85,162,71,141,223,229,32,247,212,7,58,170,248,14,162,11,241,67,252,0,67,70,144,77,204,111,10,59,187,121,157,179,7,232,204,27,68,137,95,14,60,170,30,79,165,211,132,111,160,179,213,170,88,136,136,246,6,253,22,22,236,92,188,250,130,208,146,65,217,224,177,206,189,119,137,174,72,222,79,130,204,50,140,26,132,75,31,71,8,132,199,155,96,64,190,243,228,76,58,169,147,133,226,239,245,249,172,131,117,201,104,96,234,137,159,158,229,239,246,40,118,131,55,74,111,64,38,78,48,241,252,163,66,208,127,155,133,86,50,234,104,106,247,43,187,247,204,247,10,57,222,121,85,83,31,164,76,88,77,63,64,131,226,75,1,23,22,190,88,57,57,77,50,80,19,54,77,101,19,1739150225032,/dev/cu.usbmodem1413201
105,210,210,29,221,174,132,39,111,243,33,175,171,48,200,9,25,45,24,93,219,6,102,168,127,109,42,14,93,143,133,173,246,218,136,215,67,202,37,151,21,74,216,135,149,221,239,139,21,43,148,33,22,74,70,216,146,71,5,23,119,31,173,65,154,32,133,166,45,17,45,248,47,62,64,190,77,232,22,21,109,162,153,73,144,17,244,234,102,150,54,106,160,97,82,215,12,71,117,192,25,58,6,39,80,206,6,75,8,50,11,57,238,89,161,18,143,87,61,46,50,79,99,79,175,233,200,125,123,175,195,202,251,58,11,158,89,192,218,118,239,172,238,187,87,184,145,92,111,143,69,249,55,190,70,206,46,45,196,186,42,14,85,195,161,78,213,255,51,161,166,208,180,144,42,236,151,254,204,203,118,239,228,20,12,36,77,234,175,139,227,164,223,247,106,252,250,196,167,164,123,172,254,140,114,50,2,70,140,58,210,121,23,67,20,217,9,142,42,53,206,137,226,144,43,226,246,185,143,41,200,141,232,126,88,66,184,37,241,134,46,39,214,188,3,204,5,195,13,20,1739150225032,/dev/cu.usbmodem14124101
197,238,148,151,190,132,114,126,54,1,64,7,47,155,177,127,84,25,45,125,120,142,249,57,72,227,147,253,86,13,26,49,215,18,148,35,138,45,67,42,30,15,228,30,51,138,160,233,58,70,95,46,162,24,150,218,82,116,197,177,11,12,76,71,36,51,126,229,75,240,22,192,20,65,116,188,172,244,207,241,170,90,94,245,149,20,62,137,179,34,236,44,212,55,52,57,132,24,248,31,180,170,209,144,124,35,3,109,127,116,204,75,152,241,111,66,154,28,100,229,88,30,189,228,204,187,34,19,250,177,183,205,248,177,133,99,169,14,86,31,40,198,236,49,24,237,117,223,175,62,76,85,223,204,168,61,159,34,27,114,149,87,130,28,176,53,193,157,102,239,59,144,203,255,107,44,81,219,41,229,28,238,120,12,231,130,173,41,255,195,185,209,128,8,37,137,55,33,169,62,205,139,183,56,20,218,171,103,96,217,126,142,185,241,73,138,49,30,243,91,37,155,145,154,90,105,80,189,212,221,204,160,249,125,60,246,146,101,252,115,169,163,22,159,110,51,255,16,73,217,1739150225033,/dev/cu.usbmodem1413301
134,196,230,247,55,132,238,161,82,50,3,13,154,229,69,120,243,32,82,231,194,189,160,185,109,53,27,224,251,182,244,116,250,212,152,60,32,4,132,92,84,166,134,183,4,151,102,40,64,218,197,32,195,133,33,175,230,162,187,80,172,5,253,155,131,67,217,146,167,68,227,127,129,164,133,190,87,207,26,36,122,8,138,110,248,115,152,7,188,174,2,120,49,35,251,61,200,121,138,199,112,72,83,160,181,55,155,91,128,68,134,153,133,72,72,196,29,50,25,102,111,224,242,181,2,23,122,215,166,42,126,182,177,124,112,115,162,36,248,126,50,209,161,179,87,228,142,45,232,135,99,143,164,204,156,121,65,139,218,151,105,32,240,183,205,176,38,126,133,90,118,48,210,61,239,229,197,2,101,1,254,233,76,177,122,123,101,121,189,179,183,121,217,112,49,135,94,193,168,143,251,214,169,29,81,177,179,112,210,120,160,124,207,60,150,226,183,33,212,76,188,18,23,77,10,43,136,27,0,128,214,154,110,133,152,127,124,112,83,215,251,236,14,173,162,150,246,179,41,167,1739150225033,/dev/cu.usbmodem14124401
238,190,49,213,195,243,87,54,144,179,173,41,156,219,62,153,102,218,150,136,5,35,67,172,233,132,163,37,203,219,14,131,57,177,72,250,97,81,119,1,235,90,96,156,19,221,223,59,82,84,59,61,30,26,17,69,95,43,49,184,184,194,65,209,255,233,95,130,53,221,105,46,130,211,100,80,101,53,244,245,223,46,159,149,163,110,178,126,246,122,188,17,188,120,66,155,23,133,171,189,153,198,223,73,167,221,22,95,139,6,160,101,59,6,100,2,107,69,124,93,138,184,82,33,91,198,230,31,54,187,148,192,218,2,120,71,218,45,194,128,137,220,111,22,35,129,87,134,50,71,86,107,220,210,187,96,195,160,189,231,143,168,172,71,30,106,16,189,34,50,220,18,4,84,110,179,139,25,44,122,150,169,203,41,59,12,189,188,185,193,93,96,88,213,92,131,109,31,220,213,230,219,244,6,134,244,142,97,152,131,153,116,13,64,209,154,43,36,3,11,247,79,22,82,123,55,57,143,212,70,194,96,234,152,42,162,83,96,18,238,143,175,248,116,223,46,50,162,173,92,1739150225034,/dev/cu.usbmodem14124301
245,116,53,137,234,101,252,44,30,46,17,182,97,119,11,102,8,17,0,74,80,162,98,86,150,142,117,129,13,223,41,49,175,73,47,35,239,236,55,12,160,240,173,58,97,106,165,90,93,87,34,250,48,230,227,191,134,98,89,113,201,77,83,89,223,73,205,235,144,69,60,6,2,1,52,26,78,34,24,199,179,181,104,54,97,89,49,148,32,147,147,8,144,220,198,150,171,217,242,42,99,106,229,136,208,100,22,106,126,232,162,235,184,83,251,114,205,170,43,178,190,56,227,3,36,97,212,191,105,234,80,21,221,64,191,158,30,210,249,50,77,118,58,228,4,11,18,200,68,149,7,213,25,77,177,227,98,115,192,11,233,0,161,255,20,232,113,146,9,101,47,250,97,100,50,157,14,171,0,60,196,4,39,40,52,255,203,248,82,214,59,246,236,192,92,157,149,226,66,122,231,204,193,84,39,53,108,2,119,152,107,205,235,242,126,181,204,117,76,212,87,40,72,29,138,187,0,81,163,106,191,121,87,10,151,130,77,195,51,100,109,37,204,13,144,250,228,130,171,44,1739150225034,/dev/cu.usbmodem14124201
187,174,188,6,197,140,83,48,219,95,114,63,130,59,63,1,86,135,191,252,230,198,94,113,203,60,223,129,26,182,152,69,1,65,101,140,123,38,129,185,179,248,198,30,236,175,88,175,112,12,84,92,45,189,40,43,179,71,7,121,142,228,178,50,118,251,6,82,26,246,140,183,28,139,184,151,24,6,174,247,30,249,231,210,255,198,139,115,206,21,254,171,177,229,166,204,124,88,30,184,180,152,100,241,244,119,234,1,129,163,23,29,74,180,37,140,240,155,41,164,238,191,150,45,1,233,71,86,180,31,246,202,61,235,118,134,94,240,156,56,147,126,98,214,4,82,172,79,193,77,32,170,197,166,217,161,39,141,65,109,26,160,171,32,17,203,200,248,74,106,176,64,27,17,183,229,139,18,82,144,112,86,52,119,242,226,81,125,212,16,160,55,81,150,72,252,184,114,51,10,229,4,61,235,133,197,217,42,151,53,198,147,96,36,230,115,27,120,202,183,10,191,75,163,72,136,171,27,255,144,80,124,48,195,125,68,202,222,93,59,153,23,67,66,236,159,135,16,30,29,1739150225035,QBYTE | galpagos
71,153,212,45,233,74,120,244,214,255,44,206,69,11,148,185,251,24,145,29,219,27,187,228,168,250,55,101,161,178,106,184,231,162,55,37,120,24,44,30,138,82,46,179,239,9,25,91,250,19,96,206,213,233,24,236,172,237,210,62,129,9,115,45,38,160,154,234,109,110,197,176,148,0,123,85,54,136,254,167,45,66,39,226,188,151,244,64,83,99,218,44,174,250,62,182,60,25,63,182,179,183,202,224,252,79,214,150,142,51,166,47,218,10,246,105,61,221,50,223,123,182,222,241,63,168,156,134,166,6,31,6,233,230,95,129,6,87,102,162,131,61,68,175,12,112,245,175,12,164,207,231,94,97,118,115,77,201,194,57,254,240,18,106,43,125,0,64,164,143,32,174,211,177,239,139,75,160,218,17,9,87,76,35,71,161,230,255,132,193,134,155,162,237,183,51,80,176,55,39,134,14,159,129,251,135,36,238,2,218,21,76,208,146,33,149,37,247,230,38,28,206,101,29,204,241,128,250,52,186,172,48,206,124,178,88,99,175,196,100,89,221,213,234,24,237,222,25,177,78,1739150226106,/dev/cu.usbmodem1413101
164,50,4,165,223,172,202,64,51,78,170,232,108,114,96,200,144,113,184,2,26,55,226,0,151,43,189,207,110,101,206,187,211,74,180,120,12,23,44,28,107,140,173,232,43,124,97,40,237,28,174,62,56,209,179,198,228,10,188,123,111,138,142,88,72,254,207,35,155,237,125,33,89,178,239,131,57,182,202,122,8,65,217,16,130,45,101,89,87,228,214,91,18,253,37,57,24,249,242,230,164,159,204,172,232,248,93,188,167,151,91,27,16,117,161,99,149,23,246,11,243,204,155,132,110,40,69,172,156,181,170,169,57,57,87,161,105,162,174,82,2,225,196,41,35,104,19,235,153,79,166,111,47,20,14,2,188,79,235,244,68,81,41,43,201,72,18,218,27,85,58,191,92,23,116,215,192,112,40,115,76,42,63,201,88,134,57,16,158,101,28,42,192,148,164,125,126,44,151,52,187,248,135,103,67,234,229,200,98,194,52,218,184,165,21,90,37,92,212,34,55,3,141,130,100,82,88,33,184,92,168,209,40,69,224,16,93,3,7,77,166,66,145,12,245,211,56,247,64,12,1739150226107,/dev/cu.usbmodem1413401
113,201,59,99,75,244,185,99,20,33,187,54,115,32,172,244,61,42,15,238,139,79,171,43,223,197,75,172,247,124,170,71,67,215,62,27,98,191,15,81,33,15,183,197,183,201,134,240,134,145,239,130,2,43,110,94,96,28,207,106,206,199,30,144,83,94,236,107,218,24,17,101,123,76,95,48,250,230,139,145,105,76,150,148,186,125,94,16,200,19,238,132,253,19,204,66,118,84,242,226,138,253,78,140,220,208,18,150,224,167,186,32,230,169,218,24,109,118,155,135,181,251,156,185,46,39,191,95,213,51,142,185,135,166,11,109,154,63,230,23,128,173,161,111,138,114,212,255,215,66,98,132,140,118,163,31,7,95,144,206,207,234,186,80,1,172,160,167,173,233,250,161,196,48,21,78,211,64,95,51,254,100,90,91,168,160,115,245,8,105,97,229,22,25,118,28,130,19,8,178,196,213,90,42,38,198,25,216,250,212,169,117,165,211,64,175,21,93,37,28,232,220,217,250,239,41,21,86,240,234,233,8,186,12,215,132,112,163,140,72,209,91,188,119,170,230,209,230,66,73,1739150226108,/dev/cu.usbmodem1413201
190,74,144,10,89,32,6,185,62,47,150,159,214,241,152,200,65,248,89,18,69,207,253,35,94,45,172,129,8,12,15,235,0,179,206,53,227,17,222,4,53,249,240,77,125,49,198,127,238,115,47,168,120,133,209,130,68,252,61,70,222,151,34,120,194,110,224,13,38,115,247,127,23,11,218,198,111,217,216,59,192,251,136,41,245,169,73,208,250,122,255,132,133,182,237,47,154,223,248,8,42,179,199,238,215,150,199,128,41,5,14,163,155,69,147,126,47,211,226,62,5,101,41,168,117,142,125,159,70,15,96,211,65,75,183,234,128,168,59,124,148,225,218,227,192,51,162,155,255,163,249,144,72,81,20,141,74,26,63,228,184,113,3,41,241,164,32,238,64,77,246,135,43,232,174,234,71,191,91,49,235,67,215,159,204,12,228,238,58,65,249,90,131,237,106,54,253,151,65,233,138,116,150,222,250,117,21,91,97,129,58,227,231,244,193,144,149,218,81,156,5,70,15,105,62,189,49,199,53,153,188,34,241,160,65,134,254,131,146,83,156,241,254,12,38,248,30,173,174,254,1739150226108,/dev/cu.usbmodem14124101
138,50,202,132,26,136,218,33,128,145,157,101,84,25,184,127,135,222,125,108,237,211,151,24,230,164,88,215,218,246,102,21,241,175,138,207,100,247,146,140,29,9,115,194,27,176,72,71,53,114,50,170,74,38,57,18,60,44,233,21,215,65,85,151,141,78,81,163,114,133,65,0,92,13,37,172,155,107,252,190,27,180,235,203,147,106,67,173,95,12,100,161,56,125,85,153,36,3,58,149,115,107,219,106,191,124,207,224,148,12,117,134,37,215,231,47,169,122,149,128,221,1,56,16,62,152,12,70,24,52,172,111,242,195,56,61,175,197,152,249,233,98,204,225,155,160,117,159,243,105,172,67,134,242,130,90,192,220,26,163,116,109,223,76,123,213,28,89,128,234,243,71,107,155,171,37,172,15,139,91,168,109,170,80,238,237,133,204,59,46,142,154,84,38,76,35,245,51,7,66,254,168,22,193,147,204,166,13,190,196,14,47,228,251,146,208,101,72,134,80,85,91,194,40,240,217,200,147,82,203,208,213,198,182,55,10,161,181,92,235,43,234,127,127,55,45,36,192,199,0,1739150226109,/dev/cu.usbmodem1413301
80,98,219,210,94,98,208,220,172,178,209,148,65,41,203,114,103,249,175,218,199,86,148,215,113,226,172,139,85,191,156,114,80,175,18,219,254,189,121,184,80,182,123,176,129,222,98,30,48,242,223,85,171,126,168,88,183,138,89,197,241,131,80,236,127,40,244,143,4,224,171,231,48,245,143,213,48,132,92,80,15,20,33,203,85,187,90,147,65,244,122,14,211,136,55,97,147,57,53,67,51,81,74,19,132,78,80,179,71,72,221,98,100,151,128,212,158,12,199,54,69,63,157,181,72,83,136,75,170,142,41,148,121,41,121,240,200,177,234,183,248,33,152,182,230,159,107,252,123,85,33,181,238,196,19,34,220,91,55,122,157,53,242,59,221,56,232,19,211,11,42,79,214,11,14,27,79,41,13,41,163,243,212,221,142,186,33,238,227,240,193,220,126,42,60,176,254,236,19,153,74,139,141,138,235,117,167,101,170,100,128,121,32,159,167,210,96,117,68,183,114,27,142,164,226,73,221,200,227,70,86,27,162,152,254,47,87,179,137,221,64,180,212,231,209,202,61,210,99,98,1739150226109,/dev/cu.usbmodem14124401
244,173,68,83,217,177,2,235,211,63,127,204,143,195,253,163,209,112,232,181,107,174,128,100,37,164,76,75,239,160,16,136,37,0,82,166,45,144,25,18,169,114,184,98,39,231,165,183,9,123,103,222,239,6,166,191,6,229,91,61,183,175,214,52,71,60,234,91,147,224,143,198,61,48,128,51,119,246,171,112,248,120,114,207,119,92,8,170,171,51,20,190,115,175,226,137,189,153,196,112,189,88,85,159,45,31,214,186,215,155,250,101,70,29,137,14,197,67,254,55,107,75,38,150,97,194,66,61,221,247,190,90,180,108,84,146,158,61,216,171,108,119,228,114,177,102,29,187,207,74,31,244,222,242,209,129,111,191,216,84,249,155,43,191,41,177,176,253,32,27,149,143,117,188,104,24,250,190,229,190,140,199,75,184,83,191,60,99,124,47,198,95,53,141,179,134,40,205,61,71,201,18,8,38,199,76,114,140,35,156,234,48,78,66,65,226,111,231,127,224,213,205,226,27,159,217,251,167,88,87,215,95,159,101,136,42,84,38,12,238,113,32,235,230,144,227,161,63,252,251,1739150226110,/dev/cu.usbmodem14124301
177,91,210,111,132,100,182,181,217,116,107,184,241,235,130,98,32,237,103,190,136,203,21,244,172,100,91,18,197,104,11,64,73,69,17,47,199,96,220,135,25,77,8,206,125,201,212,127,167,50,132,145,250,226,129,128,75,244,216,199,81,167,124,172,247,104,44,59,168,236,14,93,129,231,238,157,246,13,33,216,28,113,1,123,120,14,13,212,217,246,84,104,56,101,18,29,131,150,210,123,229,112,16,208,8,216,70,241,173,12,57,89,69,181,131,238,231,231,1,236,251,158,77,144,245,55,53,146,193,202,43,224,32,162,228,125,101,228,255,56,210,44,68,161,72,120,101,122,213,65,129,62,94,26,92,4,91,46,151,227,171,162,16,64,130,240,50,10,48,201,8,73,194,231,182,13,105,182,147,43,46,175,30,247,37,174,190,83,244,231,95,49,173,165,88,171,133,107,57,111,10,100,64,26,171,254,136,170,51,175,209,161,39,156,254,41,24,41,192,134,148,43,215,92,112,30,0,142,61,171,145,156,170,251,108,140,22,54,224,213,232,193,159,185,234,129,34,167,110,62,1739150226110,/dev/cu.usbmodem14124201
179,142,252,139,61,13,179,205,233,215,243,10,231,176,204,129,6,1,34,94,198,76,153,179,160,191,142,130,149,38,224,0,186,201,168,238,133,27,255,246,8,168,124,13,206,205,99,109,212,36,0,106,99,42,162,131,170,176,175,67,62,25,110,126,189,92,58,227,71,129,53,247,113,218,213,247,176,21,77,49,124,29,89,251,184,237,154,153,90,211,67,14,100,157,168,142,65,94,222,103,175,116,91,24,1,4,81,36,73,213,34,111,245,123,115,119,255,189,16,0,48,15,62,199,232,23,232,72,7,8,75,132,9,22,69,133,233,207,64,70,58,136,15,142,225,120,246,130,47,61,225,160,93,140,211,30,148,213,228,137,118,91,148,176,31,145,228,110,17,77,82,249,106,181,91,211,111,1,6,135,249,172,213,236,109,205,110,230,120,154,212,38,69,169,148,218,247,97,249,187,4,2,7,101,112,213,54,235,255,222,7,199,135,170,63,57,242,223,59,5,160,241,71,199,132,96,18,56,157,228,145,198,252,37,233,201,4,154,228,63,64,138,217,90,253,165,179,47,43,82,1739150226111,QBYTE | technology-intensive
238,183,74,239,1,132,135,175,192,145,20,85,241,157,33,99,22,68,236,100,100,155,161,193,138,74,78,214,241,47,151,46,243,245,61,38,5,5,63,88,55,39,117,153,3,224,16,91,167,46,185,96,213,55,175,75,137,7,154,131,108,78,157,115,159,24,156,32,232,58,52,138,83,76,33,197,87,93,48,119,127,21,119,226,146,89,101,56,124,59,253,181,149,220,102,40,40,122,120,57,33,131,70,210,21,96,230,241,155,34,187,255,225,151,35,40,251,208,204,92,190,245,147,89,96,28,37,215,252,130,80,219,110,206,79,6,40,81,143,188,205,6,101,181,125,35,91,198,39,146,59,26,123,195,152,203,69,98,13,174,195,207,141,72,15,62,0,62,165,97,119,241,127,217,222,65,65,240,179,165,190,209,118,215,208,101,124,25,108,154,218,139,105,163,35,227,244,174,162,148,47,245,95,234,0,11,156,189,200,74,28,96,250,190,155,132,140,193,14,22,61,0,47,69,138,81,188,179,19,198,60,118,93,167,234,122,171,140,184,206,185,170,159,14,29,132,178,22,243,96,1739150227184,/dev/cu.usbmodem1413101
92,53,156,52,242,133,242,24,220,225,55,151,167,111,83,53,229,253,125,129,136,125,206,204,204,219,252,165,238,41,130,84,17,88,221,49,5,109,5,179,134,93,28,244,45,21,222,69,150,242,17,247,14,193,99,4,218,102,47,4,102,136,32,235,250,57,58,6,235,85,190,47,59,182,5,119,46,135,9,164,59,28,20,140,102,16,17,25,18,159,243,124,8,255,108,182,65,229,73,92,14,167,230,103,186,101,77,73,234,102,228,145,245,48,214,188,55,49,20,40,50,179,211,207,97,106,87,119,49,208,17,148,186,122,103,66,20,174,225,65,66,196,154,10,222,179,238,19,148,114,87,172,120,99,197,237,12,85,51,149,218,199,5,226,21,252,173,237,209,127,208,204,160,122,50,174,7,169,254,36,159,33,156,218,129,24,121,32,111,175,118,239,170,117,184,46,100,88,41,73,161,30,246,160,96,77,150,61,127,161,238,165,36,214,34,10,110,22,36,146,160,51,115,21,203,147,8,63,110,43,111,222,105,172,38,202,155,44,130,202,205,238,55,216,4,17,25,52,11,53,1739150227184,/dev/cu.usbmodem1413401
59,218,124,219,31,203,158,19,246,4,119,114,141,164,197,77,10,5,144,247,160,209,65,190,118,9,230,166,143,193,142,167,213,247,104,160,212,210,123,19,211,207,25,206,67,93,86,29,134,102,133,180,239,102,172,169,62,238,80,138,109,214,216,152,223,243,216,191,148,87,114,208,181,175,134,194,181,255,209,171,140,30,137,165,121,59,88,251,193,167,174,230,87,78,12,117,11,81,27,7,210,142,171,59,52,195,104,243,16,71,100,3,209,121,87,33,242,69,97,11,224,49,142,164,63,20,12,220,133,126,74,210,57,67,95,28,69,94,96,200,218,219,84,146,139,246,255,29,235,223,176,31,123,179,112,60,100,14,80,154,180,95,59,79,132,138,177,241,231,19,223,96,191,19,42,240,220,97,53,207,219,59,197,118,161,32,41,1,229,167,120,100,114,254,37,148,78,132,110,47,208,72,159,43,10,234,169,188,140,214,19,136,143,11,94,177,242,32,39,37,10,80,97,24,161,68,80,68,107,24,68,58,82,33,143,77,132,239,225,96,32,17,211,104,41,20,218,120,202,63,1739150227185,/dev/cu.usbmodem1413201
217,180,6,231,180,247,118,123,205,213,254,231,253,175,16,228,83,24,223,7,98,195,95,86,174,253,9,147,14,119,42,114,85,90,232,215,200,250,164,115,37,100,120,56,20,170,171,120,134,188,42,124,254,202,211,36,63,82,113,224,213,224,190,137,79,105,122,60,134,5,73,208,179,183,70,12,8,4,73,128,129,25,176,35,174,88,185,72,81,127,8,208,157,194,19,177,162,156,116,151,126,42,162,236,220,8,113,7,97,143,92,148,164,124,108,22,59,133,50,199,182,154,201,242,130,181,85,107,136,188,67,138,82,115,194,170,174,245,122,229,29,83,41,174,12,124,137,224,86,119,240,237,194,46,189,168,141,160,218,196,64,19,172,109,171,88,190,0,94,162,173,183,227,237,31,34,45,64,83,233,234,144,201,33,0,241,8,47,221,44,172,141,224,188,118,125,40,183,219,124,51,24,104,161,215,144,95,70,84,94,13,107,110,192,169,63,170,2,96,27,245,97,24,45,174,193,148,128,33,14,207,47,98,36,95,177,184,152,162,156,231,224,215,108,32,6,42,78,191,173,1739150227185,/dev/cu.usbmodem14124101
222,244,172,25,229,164,120,115,249,240,80,29,72,40,182,152,175,80,67,149,249,214,126,100,124,69,3,250,226,31,5,85,87,253,15,224,99,237,44,78,49,248,104,122,166,236,89,102,32,54,234,232,217,148,237,175,234,247,117,164,251,73,25,76,240,79,219,132,140,171,97,79,16,201,222,20,78,137,54,11,94,22,70,213,197,105,247,197,71,202,17,46,16,96,195,191,49,72,159,143,190,24,19,146,128,147,29,224,8,9,249,92,186,76,16,15,64,146,160,21,109,56,115,154,28,57,104,66,160,111,35,181,27,32,10,209,41,155,255,176,101,166,120,193,219,168,13,185,154,109,138,217,183,251,244,198,223,64,92,31,48,134,185,212,235,233,193,174,253,106,181,207,157,219,67,216,142,190,141,34,227,65,178,196,128,66,156,33,102,115,213,237,243,108,114,51,109,213,97,174,71,178,167,98,85,86,116,194,169,40,47,136,145,119,165,68,202,23,143,36,71,124,48,244,69,209,25,54,163,69,64,76,91,77,88,26,52,21,117,137,141,38,250,244,124,222,17,250,141,10,1739150227186,/dev/cu.usbmodem1413301
85,58,10,218,57,126,104,97,6,73,229,56,204,75,203,69,117,182,144,233,255,176,179,41,109,218,50,161,120,210,81,112,94,112,18,209,168,184,103,169,158,154,2,105,142,119,208,108,29,131,222,89,146,167,222,164,132,140,97,112,104,145,184,129,86,5,147,200,8,160,54,81,148,51,13,246,130,86,151,223,51,219,132,57,183,198,220,177,205,236,73,82,239,246,234,19,64,182,161,19,21,170,42,137,124,10,178,148,75,72,9,164,224,161,9,97,40,61,35,232,9,254,50,68,215,206,237,111,241,238,121,234,104,59,164,122,46,163,208,216,97,227,0,41,76,0,58,18,180,111,36,55,73,66,215,212,158,25,190,75,102,162,217,21,58,38,104,241,156,79,221,159,41,129,222,75,97,65,184,211,201,169,46,174,22,8,36,41,72,243,32,74,125,28,90,125,113,222,209,189,84,30,215,214,169,131,50,251,136,57,144,59,28,111,133,88,119,223,140,186,49,130,110,125,163,133,137,230,169,165,90,73,150,150,201,153,195,14,215,44,14,188,184,142,89,142,134,229,92,14,1739150227186,/dev/cu.usbmodem14124401
183,6,69,86,67,88,99,51,251,107,239,33,113,195,227,177,65,197,10,227,233,54,53,117,153,52,99,38,161,123,14,169,54,97,28,36,205,118,186,49,100,91,136,0,220,247,225,65,13,233,14,91,236,224,163,138,180,238,216,61,5,10,251,78,255,200,223,225,59,97,27,241,20,58,251,171,50,97,186,237,13,71,118,190,225,135,84,14,140,115,89,120,65,205,168,49,102,26,252,57,214,30,249,132,229,7,223,222,247,47,235,131,138,108,173,171,184,184,41,196,251,167,179,203,245,3,57,122,181,205,40,197,152,228,59,140,74,239,135,2,134,224,89,226,23,150,46,8,52,57,253,142,241,52,249,119,32,162,174,175,133,28,197,108,29,144,89,180,47,202,51,34,213,55,170,216,117,205,21,46,128,11,214,79,206,248,200,250,196,114,183,175,81,46,4,168,200,174,250,150,188,168,210,94,32,117,23,214,2,24,35,108,232,121,29,221,1,180,179,224,39,27,157,160,48,140,156,88,35,212,183,228,248,190,238,130,11,76,86,170,171,101,33,47,50,173,36,129,150,159,1739150227187,/dev/cu.usbmodem14124301
123,192,233,237,25,107,149,84,10,21,249,105,144,73,251,49,223,205,141,38,94,197,201,174,148,57,246,241,152,242,224,42,121,94,94,135,19,244,79,188,146,190,174,103,141,156,24,61,24,154,143,247,126,89,26,15,50,134,140,113,213,86,202,94,9,2,20,203,210,97,245,81,32,106,7,36,13,17,199,229,182,94,61,176,112,9,0,164,113,156,225,251,62,236,160,130,10,90,85,23,112,135,194,169,132,109,151,245,174,31,233,174,158,233,72,44,164,216,33,159,194,10,105,158,19,136,146,86,74,177,244,241,58,98,149,207,173,131,232,233,235,145,145,175,230,81,235,171,75,34,182,129,92,86,11,178,86,244,6,229,157,55,198,130,238,149,40,5,120,115,231,32,55,230,178,154,176,14,206,209,84,205,58,238,10,102,91,120,130,118,253,96,25,51,151,194,194,166,48,83,81,20,170,24,34,203,101,117,155,160,56,183,211,250,249,7,34,7,207,23,54,115,135,17,146,0,125,197,187,155,78,65,98,84,182,126,251,150,189,173,83,148,209,243,77,48,249,112,196,141,1739150227188,/dev/cu.usbmodem14124201
23,228,166,159,222,212,123,170,41,102,9,58,67,16,194,162,238,74,138,172,159,97,64,115,130,247,249,202,61,244,11,9,36,178,63,242,9,151,91,225,30,86,68,239,0,242,67,13,25,192,178,66,19,208,57,76,186,206,212,117,241,116,75,84,165,59,135,195,124,54,8,27,222,72,203,17,55,142,125,36,159,218,211,10,192,11,234,76,137,181,72,0,215,24,52,69,221,236,201,71,142,171,171,84,218,61,85,19,26,253,149,44,47,202,50,74,113,238,0,30,135,134,156,75,145,171,5,22,110,109,206,124,110,25,181,26,55,0,52,83,33,126,50,38,66,117,49,32,95,81,201,165,233,230,65,101,151,150,254,123,163,75,124,167,23,218,122,204,251,51,105,184,213,214,92,236,157,68,197,169,238,117,150,145,162,120,15,157,83,58,199,229,151,249,115,0,224,198,68,88,147,171,86,50,67,87,200,224,215,202,72,78,137,56,138,198,36,142,18,211,5,148,97,93,10,159,1,5,165,84,59,29,83,63,213,51,11,22,48,90,200,222,30,116,74,74,17,250,14,209,1739150227188,QBYTE | rohm
231,50,222,189,34,131,250,9,197,227,112,3,44,208,58,172,216,7,9,143,120,172,95,184,136,232,75,60,254,181,30,247,73,95,161,71,216,129,174,16,141,224,130,60,89,196,78,215,53,29,167,125,179,231,73,103,209,181,166,188,233,139,234,177,235,78,105,96,88,85,83,212,57,184,215,65,132,204,116,228,131,144,127,53,111,102,230,57,187,43,150,44,249,126,18,214,158,115,164,84,52,246,146,161,34,234,196,248,85,241,8,246,191,172,235,167,185,34,220,196,127,110,76,27,41,45,109,184,89,255,244,125,112,172,152,128,102,218,122,119,97,160,185,217,203,207,20,208,127,140,2,17,106,223,229,11,121,228,184,122,77,236,142,27,28,135,96,214,27,83,236,190,255,121,69,190,179,164,154,122,121,138,231,146,211,135,185,188,241,250,7,131,65,138,58,178,39,72,223,98,240,252,37,30,66,191,143,217,194,228,253,100,131,165,238,184,128,36,150,14,11,115,192,184,68,158,165,186,233,191,219,32,80,158,49,251,50,168,96,30,196,247,201,219,72,242,203,251,155,200,1739150228259,/dev/cu.usbmodem1413101
5,18,220,32,157,19,237,89,174,101,195,190,213,74,205,161,151,244,109,152,178,216,220,155,93,164,103,126,22,60,174,45,126,44,177,23,19,158,177,17,182,106,93,203,235,50,94,29,24,79,123,59,216,21,21,155,15,137,231,251,231,4,101,156,65,40,184,41,37,228,60,108,192,218,130,243,36,198,74,216,92,8,75,249,139,175,7,79,51,236,175,148,23,216,43,196,119,92,107,52,65,195,153,167,63,175,235,79,97,0,55,132,59,0,127,18,106,223,203,150,98,104,146,151,69,165,231,6,120,11,55,41,158,64,242,27,183,81,101,163,47,18,241,135,240,102,76,231,70,56,69,27,30,132,111,88,95,50,37,31,230,197,132,242,51,126,123,165,83,27,37,135,216,236,88,64,121,8,180,249,46,14,85,152,11,148,131,88,207,128,115,159,122,80,62,40,143,133,133,250,43,216,61,11,75,13,199,142,137,194,208,20,237,79,138,1,10,177,39,235,245,183,83,15,78,51,230,216,102,234,104,16,165,139,251,238,24,132,83,190,115,250,82,139,179,181,227,248,93,25,1739150228260,/dev/cu.usbmodem1413401
233,121,76,66,223,163,30,76,99,123,251,159,205,71,2,16,50,94,159,60,68,117,47,206,159,127,108,41,166,18,7,33,234,252,137,126,224,136,169,194,134,116,114,165,51,30,81,109,247,195,249,159,65,190,212,153,204,76,132,189,90,20,45,4,96,171,164,77,57,172,224,42,203,38,212,242,205,91,17,103,88,61,70,10,105,192,205,110,6,52,24,158,238,63,208,138,5,66,217,50,133,136,14,118,234,158,141,157,163,144,32,213,147,99,24,70,158,25,118,241,30,125,173,196,220,249,189,109,52,122,160,236,212,170,11,202,67,71,246,175,207,94,43,205,76,232,152,22,46,46,182,241,12,152,114,191,78,162,168,79,86,175,85,111,199,59,43,9,160,49,222,140,243,251,182,178,104,137,63,163,202,158,194,110,109,24,104,235,106,241,60,191,128,230,13,54,198,45,81,217,176,218,228,139,173,14,154,193,81,145,100,241,18,33,187,60,104,29,80,102,178,127,61,137,214,65,16,247,232,150,196,209,255,172,96,64,228,133,115,164,3,150,200,120,67,157,112,66,96,216,1739150228260,/dev/cu.usbmodem1413201
240,161,125,164,178,166,20,111,210,20,254,140,28,170,40,38,137,58,79,61,59,44,152,234,81,92,96,140,207,180,26,156,129,56,116,116,214,228,233,144,154,170,208,132,33,210,126,5,63,18,148,146,225,15,195,14,27,184,15,129,241,59,167,1,147,146,214,231,89,146,100,248,106,141,72,191,223,51,13,182,89,84,61,207,106,166,179,7,39,205,113,24,46,36,56,227,94,53,233,209,215,21,211,164,51,230,100,132,170,89,112,30,219,207,32,208,234,82,218,98,113,157,94,101,137,182,127,40,165,174,53,215,220,36,168,117,196,11,57,148,130,1,57,188,73,221,37,157,140,1,45,133,122,90,121,252,13,250,218,48,119,9,56,94,79,36,114,149,1,228,41,159,7,212,187,114,69,15,181,32,219,239,165,38,78,106,39,8,32,18,180,3,185,199,205,145,122,114,218,83,220,27,152,76,85,119,149,76,201,74,47,253,243,43,87,113,245,158,80,253,91,185,212,56,203,15,130,16,49,72,17,4,44,28,113,87,15,55,61,217,137,168,28,8,169,91,228,42,176,214,1739150228261,/dev/cu.usbmodem14124101
124,220,134,233,181,134,120,150,159,182,252,110,166,32,160,255,168,29,54,138,55,58,232,122,112,8,127,246,43,211,70,140,156,174,233,197,184,30,135,112,85,207,17,154,230,74,250,249,150,138,139,95,18,84,179,144,236,60,65,28,148,98,71,128,14,204,67,118,190,53,118,131,170,135,49,11,207,126,84,163,18,30,7,148,233,161,215,38,65,73,40,152,119,235,180,199,206,95,252,37,252,220,16,213,24,130,121,24,168,215,145,167,106,183,10,98,56,181,92,60,161,195,135,105,167,5,55,42,3,97,143,138,249,36,150,50,135,54,125,74,153,175,189,42,67,107,4,24,189,244,183,244,140,189,93,50,83,226,169,18,220,21,127,194,114,180,149,57,14,132,46,197,180,70,27,183,94,218,252,202,112,206,104,139,105,219,138,45,60,31,182,111,222,124,255,176,3,83,135,68,188,74,162,136,197,143,144,184,67,167,5,217,237,158,214,163,189,180,21,37,225,153,169,12,78,39,8,162,150,117,242,77,57,142,4,113,214,119,76,88,254,148,162,226,26,114,220,185,225,53,1739150228261,/dev/cu.usbmodem1413301
240,210,199,166,177,186,202,194,159,230,204,95,62,204,49,101,147,80,60,153,205,56,10,247,164,58,22,23,179,241,149,100,160,248,68,132,85,191,62,117,193,209,247,83,17,255,117,42,221,21,194,202,120,221,250,76,129,126,146,108,132,255,249,201,238,239,186,178,12,122,34,212,124,224,164,57,119,24,101,121,163,21,212,194,81,239,235,167,20,237,57,244,105,64,186,251,202,16,79,132,26,230,224,182,118,18,239,121,141,18,52,214,155,102,239,125,2,217,174,17,12,164,221,71,241,168,218,125,211,85,32,90,208,151,185,251,70,249,176,82,17,151,65,91,231,14,219,22,150,232,112,106,79,240,219,160,244,248,213,20,224,252,71,114,95,160,4,104,108,176,195,4,184,162,116,160,21,15,89,78,96,128,236,165,110,169,167,201,25,204,163,174,129,31,211,236,127,68,170,70,232,176,102,95,160,206,227,254,0,170,228,63,181,239,71,128,237,14,45,8,154,179,2,218,67,30,57,96,220,231,194,187,55,85,22,24,247,79,233,30,125,220,131,93,162,53,32,219,23,23,1739150228262,/dev/cu.usbmodem14124401
170,219,105,137,90,133,232,165,52,4,43,37,139,8,63,154,174,228,106,131,72,51,224,85,44,224,200,195,211,27,165,255,101,203,67,20,148,69,214,123,123,120,168,48,165,56,146,75,130,228,92,11,6,0,130,142,239,133,62,173,8,111,84,110,92,198,107,237,36,176,57,39,74,131,183,231,70,193,175,250,201,255,62,248,17,146,181,185,106,187,105,166,195,192,159,216,105,219,147,200,193,95,175,37,230,85,199,87,137,206,223,255,251,118,185,23,238,213,68,178,104,204,156,22,250,97,134,177,43,159,73,126,12,65,83,233,209,17,11,0,239,114,203,252,167,218,175,90,205,43,96,248,83,13,255,146,24,213,132,254,171,252,144,107,69,227,18,35,202,9,27,96,69,55,129,25,247,99,43,113,31,189,224,175,110,61,126,145,96,78,69,183,29,105,212,57,7,249,122,214,190,21,138,190,107,0,218,84,101,168,48,203,81,117,53,186,45,189,168,169,125,56,202,55,218,91,160,0,194,151,203,148,145,167,126,169,136,99,231,242,137,60,79,15,59,250,58,227,242,63,1739150228262,/dev/cu.usbmodem14124301
39,171,162,169,130,120,163,83,62,191,108,164,8,137,59,159,94,248,96,223,168,103,38,177,118,54,129,212,87,244,241,34,211,183,79,29,166,231,122,54,133,147,69,165,67,204,28,64,248,67,53,152,64,3,78,237,41,146,206,228,221,31,157,114,164,124,166,145,64,70,180,7,94,91,173,119,150,254,160,203,176,138,223,101,51,112,220,126,68,163,64,102,199,111,32,162,12,251,10,52,161,69,2,73,134,184,243,154,116,101,94,108,223,129,110,213,93,236,155,225,214,138,43,93,146,7,120,64,20,101,185,237,216,237,250,69,214,130,131,18,198,228,187,234,25,97,96,126,202,222,34,249,194,231,47,174,203,75,44,114,237,220,100,233,99,136,22,148,43,80,57,160,193,10,192,6,252,227,192,192,51,42,193,72,165,151,44,55,230,145,135,128,28,227,173,53,159,230,140,219,116,180,211,42,98,71,174,44,3,153,137,139,1,252,86,236,39,238,127,228,55,199,169,30,23,44,113,219,219,154,65,169,197,215,202,102,136,112,8,198,192,192,4,1,188,177,119,52,97,99,1739150228263,/dev/cu.usbmodem14124201
250,134,185,20,14,84,228,209,208,2,193,30,51,26,72,164,63,198,180,89,175,123,16,110,149,139,0,17,157,226,42,82,214,157,76,18,34,112,74,27,77,161,118,138,177,123,62,122,212,187,145,77,231,201,206,212,162,157,233,66,96,77,114,125,65,198,151,91,203,54,50,29,154,118,70,93,218,59,28,6,22,143,125,194,125,3,202,89,210,130,104,146,52,185,96,61,211,55,213,222,161,136,139,219,202,64,100,2,229,86,75,91,25,38,158,254,46,227,150,191,97,199,192,72,7,12,91,93,95,238,9,44,27,125,79,65,144,155,149,229,162,67,214,72,36,66,245,150,183,114,89,225,80,62,215,190,17,10,59,144,240,70,171,234,172,153,215,9,106,240,241,43,91,99,62,54,167,127,234,53,122,44,112,139,55,185,10,69,215,149,43,86,92,18,145,109,240,154,10,29,41,190,249,145,157,205,64,228,246,193,62,218,135,24,122,129,77,255,94,30,38,215,178,249,215,173,49,156,5,20,220,46,124,14,125,164,224,181,55,175,247,135,37,145,46,141,13,222,115,161,1739150228264,QBYTE | kerouac
254,162,67,141,125,178,145,19,44,160,162,125,6,33,18,230,180,210,112,126,148,95,170,62,241,182,82,221,129,128,140,119,199,51,152,4,188,246,240,89,183,218,166,237,94,215,69,47,37,230,57,12,9,79,132,89,139,18,224,24,76,111,134,171,150,52,17,137,187,89,35,210,32,100,16,143,138,82,232,111,241,247,51,20,183,62,54,207,6,117,134,80,162,228,5,92,212,68,13,34,158,231,32,190,142,87,115,75,116,65,191,56,185,62,92,245,122,29,210,29,250,200,219,17,116,120,72,94,98,136,170,34,194,71,35,202,60,218,39,80,75,111,251,169,184,183,188,42,37,151,123,52,145,176,59,63,211,109,100,75,50,18,212,122,252,234,238,65,82,103,61,223,112,35,75,94,42,231,220,118,206,137,75,153,220,69,137,245,231,164,31,66,218,248,28,146,3,208,91,39,81,59,76,80,45,52,253,72,13,188,248,179,231,124,234,253,227,210,15,141,168,166,203,166,232,131,232,153,142,78,135,150,27,245,244,31,8,21,53,146,53,222,237,237,164,157,211,121,193,153,1739150229336,/dev/cu.usbmodem1413101
254,179,214,143,144,186,255,99,205,78,32,243,169,220,180,31,121,207,6,165,84,48,56,3,240,188,200,96,127,2,173,95,125,36,103,141,151,105,194,144,151,9,97,26,81,171,104,147,223,248,244,70,121,206,104,139,34,56,76,194,216,221,62,13,80,174,17,3,195,52,13,74,34,176,62,208,93,98,148,131,126,45,182,20,40,148,245,185,70,169,208,52,54,184,8,79,35,60,240,7,238,152,55,44,168,40,217,221,134,93,23,17,169,236,49,166,145,103,127,30,182,166,149,162,207,205,177,235,124,120,78,19,64,54,170,144,31,224,209,42,57,187,38,234,39,199,116,93,159,8,88,226,38,139,172,0,38,68,254,150,50,128,119,45,109,189,111,56,1,33,203,56,6,12,71,96,27,26,118,27,228,54,252,126,248,57,229,212,185,30,216,157,105,178,190,137,180,207,120,130,97,143,116,212,177,111,164,177,101,62,173,30,69,126,211,143,226,89,119,104,99,13,6,167,62,147,116,110,77,74,218,159,11,110,191,250,16,66,211,248,183,207,213,28,215,46,42,32,8,226,1739150229336,/dev/cu.usbmodem1413401
138,15,243,202,5,241,84,21,2,153,37,186,81,29,7,120,106,175,69,9,255,143,32,22,177,156,157,176,186,4,214,96,152,197,153,44,111,60,135,63,78,47,36,188,168,204,151,56,132,204,210,95,207,173,186,169,93,228,86,92,5,125,143,12,151,44,38,116,37,145,24,204,203,253,172,155,115,223,51,41,245,52,90,55,127,218,142,225,252,78,110,189,1,78,72,220,127,214,75,143,201,247,72,28,168,115,65,117,235,156,190,62,88,213,190,67,58,208,203,63,142,45,86,186,253,151,113,35,250,242,41,246,69,97,200,142,215,135,79,85,181,59,126,46,31,194,137,27,146,123,142,37,124,223,140,239,32,69,63,12,158,136,145,118,69,60,52,230,27,119,228,225,212,185,185,6,112,162,204,224,224,7,240,6,210,98,25,59,92,190,9,225,42,66,223,86,226,108,217,40,255,141,8,173,16,60,238,238,132,81,166,124,120,96,46,108,244,213,55,141,199,217,205,10,5,217,42,12,62,64,237,61,194,215,249,224,127,232,55,87,250,18,48,52,230,162,80,121,199,234,1739150229337,/dev/cu.usbmodem1413201
225,200,150,157,11,242,139,234,113,205,128,133,65,36,24,66,154,182,97,67,102,93,88,13,179,65,47,169,79,0,157,117,79,241,41,64,172,214,111,21,210,239,159,142,201,225,98,187,110,138,127,177,140,22,92,117,2,79,248,10,251,228,146,0,5,230,71,80,234,20,210,130,20,248,186,229,98,145,201,4,46,56,11,81,77,34,220,193,191,217,169,168,2,114,12,160,83,211,105,94,220,192,130,114,108,155,240,146,67,19,13,7,12,66,222,2,198,112,138,22,70,185,70,85,205,205,159,93,235,20,81,165,111,74,118,246,156,9,132,182,124,255,124,74,164,254,230,60,12,121,161,104,144,24,233,126,205,176,102,228,186,13,17,184,138,205,108,153,239,63,133,208,171,196,34,29,247,200,192,114,251,162,112,205,237,73,80,58,183,72,5,43,205,100,240,63,32,63,80,242,146,183,179,17,214,89,215,2,35,227,5,58,76,151,52,204,10,221,62,105,123,107,156,3,128,36,24,146,185,132,230,77,22,179,201,134,48,130,216,68,106,86,98,114,185,11,10,170,162,110,1739150229337,/dev/cu.usbmodem14124101
97,125,78,236,21,57,46,239,16,199,235,26,0,240,194,103,195,151,148,230,16,231,229,57,130,179,32,112,3,16,83,66,220,13,44,123,246,103,66,72,138,128,51,4,207,109,135,79,199,250,27,250,8,207,6,1,182,245,132,179,102,127,124,28,182,170,195,220,103,190,129,89,16,200,38,167,210,155,161,116,15,49,79,215,181,49,30,166,150,101,40,107,84,27,62,52,73,22,125,252,181,40,13,75,171,47,107,139,26,187,48,138,238,33,238,24,27,73,140,53,209,11,163,243,127,133,224,20,121,164,46,139,94,237,144,151,160,164,170,208,49,150,13,254,9,219,71,152,76,177,231,135,180,43,94,119,212,214,79,88,244,179,37,55,11,195,58,133,125,180,201,178,115,115,99,202,245,60,239,9,214,179,128,198,219,205,101,102,72,92,116,130,226,99,244,179,62,230,115,216,163,8,53,143,205,64,124,191,240,14,235,87,89,208,124,235,32,19,39,61,73,35,95,192,118,40,240,2,44,159,79,16,14,208,164,47,228,140,32,165,119,87,137,85,139,177,91,95,162,244,1739150229337,/dev/cu.usbmodem1413301
120,147,84,14,25,85,91,34,67,119,104,128,163,119,95,71,214,235,47,233,75,131,217,190,255,3,72,176,152,12,222,125,174,160,25,56,15,246,40,49,167,112,75,108,228,97,141,189,21,162,121,185,31,101,158,198,63,163,153,237,247,221,174,141,188,3,52,183,184,231,224,228,215,114,153,184,145,120,116,217,145,57,245,83,55,212,68,60,139,230,90,149,224,112,60,243,7,185,1,202,254,205,125,63,123,58,111,114,214,55,210,49,151,88,224,152,22,59,118,187,60,112,67,242,227,99,217,182,55,205,246,22,167,171,173,209,178,171,179,105,8,81,6,27,34,146,4,244,163,244,29,25,79,37,208,5,122,231,166,131,227,174,194,127,229,174,125,183,125,44,106,72,19,252,58,199,34,187,79,184,234,162,46,216,8,140,46,197,44,68,99,227,126,56,137,233,84,240,83,145,67,112,159,81,250,48,180,64,0,124,17,182,171,191,153,197,154,38,184,174,57,249,213,204,165,110,216,181,186,232,55,76,41,92,117,36,133,141,7,123,233,220,2,55,31,129,19,159,29,124,1739150229338,/dev/cu.usbmodem14124401
101,255,0,113,19,29,140,89,17,65,106,94,15,154,202,71,177,196,4,80,150,82,251,102,28,157,254,148,224,223,228,139,142,54,244,249,239,248,229,10,189,221,248,86,128,113,97,1,254,81,157,217,141,40,178,1,110,97,145,146,234,213,26,152,64,77,67,242,236,163,195,87,210,169,20,241,169,90,123,35,31,96,85,175,127,58,149,236,226,228,69,142,168,191,17,152,43,166,201,162,140,143,46,243,43,192,29,176,35,90,144,164,233,253,57,253,218,99,183,32,63,140,210,97,34,210,72,186,193,153,203,59,38,153,247,17,162,212,148,227,117,149,100,199,242,13,5,253,113,185,158,134,168,14,9,165,193,92,176,235,112,216,143,10,131,254,240,174,239,147,94,21,56,128,28,8,9,40,168,16,231,194,55,15,67,164,162,234,209,160,118,247,154,119,201,170,147,207,63,122,74,160,112,238,184,147,164,224,228,179,141,101,127,100,38,118,176,222,7,47,175,216,179,253,14,166,146,204,44,101,169,181,6,37,73,195,157,207,174,227,89,176,171,90,173,140,160,195,145,80,1739150229339,/dev/cu.usbmodem14124301
167,66,198,86,145,164,236,167,5,135,102,216,170,84,51,119,106,1,29,172,79,163,195,192,137,238,174,219,184,211,74,164,23,143,43,234,13,14,193,24,169,10,28,13,91,88,91,186,2,124,224,250,55,129,54,98,179,107,245,177,180,70,58,32,195,160,21,134,101,36,166,82,178,150,45,96,2,173,78,215,110,41,210,40,169,8,83,83,48,107,252,107,93,113,36,79,155,170,247,238,139,99,250,117,183,213,214,94,31,9,40,216,194,202,206,232,0,27,1,114,182,94,49,131,230,103,33,180,187,166,145,126,27,237,127,73,151,222,226,225,203,236,229,175,100,160,215,188,253,247,204,172,207,210,51,166,201,171,191,11,6,255,210,101,154,171,113,229,26,222,113,115,211,16,12,254,24,198,101,186,201,218,154,182,129,145,224,99,169,33,41,169,47,206,36,213,87,34,2,53,8,75,164,192,224,113,67,243,196,239,109,180,57,220,255,42,194,54,114,102,167,98,97,178,158,94,93,115,126,209,88,234,70,127,161,176,178,22,209,158,103,13,38,249,227,240,132,4,180,36,1739150229339,/dev/cu.usbmodem14124201
176,133,44,144,109,222,164,188,213,204,168,173,185,141,221,211,243,189,240,98,219,40,238,7,235,20,16,43,200,150,73,45,134,55,165,181,243,18,148,136,133,52,224,246,158,116,232,118,62,45,127,196,158,57,22,170,162,221,123,241,165,26,87,131,221,20,192,177,225,54,224,110,122,84,190,175,46,106,102,152,187,151,233,101,249,133,13,115,204,71,90,106,214,197,126,127,37,222,157,142,41,65,121,14,174,151,212,102,170,76,65,215,22,11,244,135,192,208,160,246,224,83,93,191,211,188,71,103,59,64,30,186,108,104,130,60,79,177,82,34,60,174,85,170,153,168,54,125,71,150,164,47,199,46,70,223,190,26,37,14,69,45,153,190,169,158,31,127,82,219,27,74,130,77,222,222,112,254,203,228,35,19,52,139,10,35,44,10,169,213,131,42,125,142,29,87,219,183,183,121,255,29,253,200,53,172,79,249,31,30,236,219,34,34,31,160,55,94,155,219,15,121,196,75,16,83,73,97,128,3,223,122,163,41,66,251,25,229,81,218,178,99,108,118,246,86,207,141,54,3,1739150229340,QBYTE | nokia
color change,0.059737,3,44,100,190,2.510185
211,207,30,104,106,61,145,197,157,43,68,131,144,139,171,248,177,69,171,114,113,176,91,91,152,87,148,21,12,86,57,31,110,127,161,59,38,6,109,229,60,254,140,70,75,113,159,82,36,180,232,241,33,232,237,4,98,134,107,116,76,216,93,137,159,62,54,165,182,44,176,198,40,88,226,171,96,20,124,144,116,164,82,124,19,132,91,119,51,79,249,38,9,30,131,107,169,10,67,134,104,147,114,31,105,137,217,243,219,235,51,1,101,40,200,77,21,249,73,57,114,59,217,152,157,250,66,221,14,217,186,25,2,205,204,68,83,76,132,166,159,203,197,130,139,119,29,182,186,84,163,168,208,128,121,209,190,14,77,55,48,23,239,216,97,202,228,51,81,109,78,124,74,223,252,38,159,151,148,230,199,13,1,45,218,9,219,78,18,215,153,229,162,214,95,66,21,61,46,43,247,222,204,230,7,202,55,170,49,201,22,245,138,186,174,143,219,37,111,177,119,237,124,17,250,245,39,253,18,88,124,121,168,202,234,148,110,45,77,33,232,129,210,60,254,214,82,52,16,202,1739150230585,/dev/cu.usbmodem1413101
40,37,39,32,132,160,55,67,154,23,140,14,38,29,187,225,154,127,239,118,205,140,47,108,159,148,142,23,80,135,121,183,204,160,168,32,169,9,234,45,16,113,74,64,242,90,147,181,34,219,98,81,183,28,55,185,102,239,92,99,236,131,164,129,237,155,132,40,38,16,157,51,241,193,133,9,171,45,108,190,111,138,6,197,155,43,206,234,209,69,175,80,36,166,232,117,243,212,40,46,158,231,178,93,102,86,173,223,27,228,63,116,98,245,82,172,227,65,25,233,84,246,47,21,9,74,194,217,63,16,48,116,82,41,104,152,83,12,235,118,248,12,85,82,115,235,70,95,223,65,79,216,91,110,64,106,60,94,154,75,161,141,9,73,19,134,33,231,217,65,36,12,197,199,99,187,147,63,141,167,169,139,42,244,70,26,47,108,176,178,234,0,123,42,101,34,246,96,76,196,125,132,180,59,222,213,165,17,19,204,176,138,159,40,32,229,193,42,9,71,171,148,197,56,236,117,153,28,86,252,53,200,126,242,55,104,19,148,198,14,67,223,34,138,132,75,26,62,10,81,1739150230585,/dev/cu.usbmodem1413401
44,140,245,114,75,58,245,229,254,181,117,123,217,41,47,141,79,53,10,12,228,140,235,10,24,212,164,132,34,31,70,236,114,150,42,96,251,115,215,71,165,186,24,2,122,106,218,77,65,96,9,220,178,222,49,247,39,252,28,198,173,229,224,154,10,121,168,25,149,80,36,233,227,216,74,112,226,176,27,75,113,182,68,115,248,27,123,108,217,123,59,233,154,75,49,119,171,134,7,54,123,219,120,113,211,91,202,202,37,60,160,85,34,143,57,81,155,141,158,51,120,103,195,214,30,70,172,27,142,151,102,215,80,37,230,237,199,126,17,178,241,164,118,246,211,59,188,40,144,12,68,101,129,177,167,84,218,51,201,229,167,124,247,45,225,106,141,18,214,190,196,33,196,131,47,126,175,10,144,87,118,212,95,177,163,230,237,126,108,131,149,227,132,51,22,53,164,133,26,180,27,195,172,217,165,30,253,26,186,75,222,233,56,54,139,245,69,123,246,110,186,138,107,211,74,65,24,137,191,152,64,14,72,68,22,97,209,12,104,156,58,83,255,85,153,16,106,173,227,51,1739150230586,/dev/cu.usbmodem1413201
208,233,61,35,243,106,98,158,84,228,127,10,204,237,58,82,231,191,43,209,183,34,178,137,100,66,62,212,247,14,226,10,37,163,243,225,99,81,171,158,128,9,2,183,145,159,234,154,238,114,38,1,69,74,76,175,239,129,208,39,4,212,218,212,110,75,213,99,38,234,55,139,173,36,199,54,136,91,14,96,18,235,57,244,93,76,240,231,140,150,241,238,219,84,48,232,19,94,166,184,147,59,118,2,12,102,46,154,194,148,200,240,78,117,113,87,117,45,66,207,147,131,30,143,10,189,47,210,248,34,111,182,162,149,217,132,82,57,22,84,37,38,123,7,240,42,108,126,235,135,198,87,7,241,130,177,214,151,249,17,8,244,0,214,23,164,219,234,157,53,145,109,4,180,114,208,81,209,81,202,117,108,252,131,129,62,210,95,29,60,145,146,9,5,237,59,224,224,105,18,169,248,93,100,180,26,26,7,8,247,255,249,23,160,199,107,199,21,187,206,230,29,54,66,114,206,223,6,197,254,117,231,130,37,14,63,15,194,130,225,188,254,145,30,19,213,199,138,132,231,1739150230586,/dev/cu.usbmodem14124101
231,120,205,17,174,240,229,19,64,166,192,123,212,53,122,176,84,73,108,42,203,1,111,164,81,121,255,13,149,63,139,221,44,16,62,192,113,156,49,85,186,92,138,16,190,47,210,28,12,152,57,167,91,232,213,188,29,231,4,120,31,188,140,243,178,123,4,0,167,182,182,217,119,131,129,195,69,137,41,106,158,124,105,32,213,239,164,87,109,5,5,56,220,127,37,166,120,7,197,223,188,70,245,211,170,130,188,133,12,176,76,244,13,178,41,170,194,48,191,41,249,21,100,237,208,214,142,160,26,97,247,9,153,135,167,178,107,141,122,102,175,153,235,154,54,92,208,127,236,177,228,212,166,235,127,243,176,31,184,223,133,53,91,156,252,67,174,32,221,75,91,214,70,30,65,64,55,39,34,192,30,243,77,45,4,104,1,235,42,25,111,43,47,133,221,138,101,77,150,246,24,169,185,84,141,1,196,174,83,86,254,86,235,18,35,72,142,92,26,140,89,126,74,250,26,92,166,151,193,244,199,23,236,5,201,156,112,132,61,151,42,120,177,182,212,88,194,38,191,99,1739150230587,/dev/cu.usbmodem1413301
148,161,96,182,5,8,5,0,231,139,88,6,28,123,121,97,234,82,223,128,248,43,115,163,229,26,89,187,115,30,45,127,68,234,204,178,56,21,243,166,100,210,157,166,95,44,119,4,246,211,11,173,77,105,32,106,90,236,28,114,234,47,7,70,190,45,249,16,129,192,99,177,153,166,213,107,155,118,124,159,96,120,108,148,55,13,172,23,99,11,168,35,184,70,123,168,200,237,142,128,125,87,200,246,112,57,218,28,71,167,162,70,81,194,55,25,126,247,253,36,151,68,142,230,209,197,190,148,224,19,214,238,28,255,174,123,182,117,199,102,178,220,18,151,245,100,180,102,206,110,210,72,34,245,59,211,243,72,191,83,3,209,5,116,51,117,14,241,205,72,155,188,235,136,116,184,198,140,253,89,207,187,157,234,40,79,223,84,54,108,160,38,145,226,196,183,99,39,14,136,236,109,251,225,221,143,173,251,93,135,38,174,74,92,216,209,209,101,116,67,183,77,121,53,60,10,136,125,3,123,110,185,47,77,123,58,118,195,114,100,194,28,152,11,239,247,230,151,111,14,1739150230587,/dev/cu.usbmodem14124401
144,72,43,204,240,168,250,140,254,155,181,254,30,14,202,234,8,112,177,73,105,130,101,187,67,13,12,137,112,73,7,199,21,142,83,221,40,199,237,73,25,176,228,251,114,96,51,119,164,56,78,143,185,232,217,214,237,207,86,19,147,200,185,183,156,255,65,189,165,3,175,99,83,112,80,110,67,110,231,80,192,152,177,178,190,161,115,13,83,1,255,126,173,24,216,8,91,134,147,174,232,146,97,193,212,197,101,242,112,10,230,8,223,149,61,38,11,53,174,44,70,63,69,158,120,17,249,73,58,28,214,255,148,181,17,77,113,24,216,151,108,239,121,62,206,178,208,203,31,31,160,166,123,5,36,128,68,140,238,135,213,140,221,16,251,197,116,171,192,150,250,246,251,102,30,233,22,112,86,156,202,120,69,127,180,15,8,11,148,39,247,219,196,77,35,71,196,107,50,5,173,111,252,135,36,208,81,28,194,66,123,223,110,233,121,44,175,204,237,203,24,167,96,133,234,0,40,184,158,216,214,41,233,215,11,245,92,20,123,217,183,111,151,12,222,155,191,237,100,103,1739150230588,/dev/cu.usbmodem14124301
100,196,135,143,230,140,140,53,110,145,118,204,175,41,123,56,216,11,146,57,243,232,93,169,199,76,233,216,91,117,112,217,24,213,153,162,52,75,182,66,120,131,62,175,20,139,230,177,178,211,106,247,194,42,217,167,119,113,182,169,20,130,223,229,135,83,174,247,97,248,112,33,156,177,181,171,34,43,106,1,190,160,45,52,8,39,72,234,26,30,216,15,57,136,189,188,208,139,206,78,123,21,81,35,87,176,141,156,49,170,75,161,212,80,54,6,101,22,237,247,254,30,104,54,211,131,11,243,17,159,159,250,194,141,168,200,181,17,236,243,226,183,78,171,102,122,141,21,155,72,81,50,35,107,8,59,62,96,58,149,108,254,252,177,25,242,110,59,246,88,69,56,169,208,218,101,61,65,192,92,149,216,196,175,177,193,51,103,91,88,92,172,221,165,23,198,202,62,35,169,125,185,231,126,66,136,249,47,179,94,50,19,58,139,31,51,23,239,44,16,54,35,21,114,163,211,66,27,35,178,140,5,208,91,183,88,2,116,17,172,85,228,202,31,213,18,9,190,112,253,1739150230588,/dev/cu.usbmodem14124201
128,218,240,253,235,17,167,87,154,74,153,179,218,59,183,197,237,208,245,3,70,210,9,161,75,119,195,181,68,221,53,242,144,75,232,151,66,40,98,233,182,129,17,81,213,54,76,238,69,221,179,15,12,35,82,66,17,161,3,70,123,179,46,161,1,109,221,173,193,11,52,189,182,129,91,137,30,104,221,161,248,79,176,12,121,156,45,177,240,246,22,27,156,14,81,59,217,225,220,153,76,2,195,246,137,44,30,139,45,16,39,203,60,146,199,116,202,252,141,250,27,89,236,119,42,202,193,67,150,141,235,238,113,20,43,249,140,246,225,82,32,88,83,185,176,125,178,120,184,22,169,74,209,222,116,197,183,79,52,22,1,132,110,35,169,131,41,109,229,106,64,152,176,15,51,71,40,233,145,133,227,214,217,252,151,34,46,208,0,208,19,238,243,69,236,210,175,7,152,155,28,115,208,44,254,205,180,192,239,116,22,91,207,40,95,114,127,123,132,66,64,89,162,128,65,138,61,39,65,39,143,218,230,157,203,169,251,80,68,212,39,28,234,83,192,126,119,207,185,184,1739150230589,QBYTE | fluxes
205,8,117,178,169,251,253,255,160,186,20,114,146,10,50,103,140,13,109,18,110,191,246,29,235,66,19,112,78,23,76,124,192,141,183,38,122,53,241,226,22,206,77,232,182,189,188,4,218,217,250,18,165,230,48,115,84,16,42,181,209,148,73,32,119,159,219,67,85,21,90,7,78,249,83,71,9,129,58,255,27,247,211,238,109,9,168,134,92,83,84,240,201,121,232,199,212,24,211,21,112,176,86,61,167,112,166,185,59,240,24,160,249,239,222,183,238,203,228,10,148,123,204,219,90,0,169,5,203,31,162,242,238,145,41,92,113,83,46,90,170,93,156,9,191,139,84,195,60,0,167,208,115,237,201,253,147,47,110,216,22,63,117,179,236,225,163,192,66,253,149,23,146,148,8,48,182,22,140,80,178,246,97,252,223,241,54,238,251,37,178,255,36,169,141,179,237,20,221,18,98,171,41,54,239,139,208,118,19,137,61,246,226,168,187,255,237,72,42,79,86,184,111,113,177,248,123,126,193,48,58,86,164,208,210,66,216,35,205,173,131,148,42,94,0,93,188,38,59,211,1739150231659,/dev/cu.usbmodem1413101
96,70,96,239,45,40,88,221,40,121,96,89,213,236,43,9,75,115,108,23,240,193,216,95,171,207,104,8,5,19,109,212,35,99,202,14,137,154,67,160,160,149,150,200,179,99,205,212,94,45,169,174,179,31,249,216,36,128,206,155,244,236,87,5,99,5,243,3,44,168,187,153,210,156,94,239,96,227,39,171,50,235,103,225,240,125,99,146,78,87,191,64,69,64,53,64,57,164,161,160,147,223,150,105,155,22,119,70,152,197,225,40,88,146,90,40,168,169,18,218,46,96,176,15,206,47,65,235,61,222,160,32,7,133,189,233,220,39,151,222,177,228,32,215,43,137,241,126,23,30,180,140,20,176,134,247,232,238,174,166,80,243,93,4,66,221,93,232,99,241,237,112,81,78,186,142,29,62,224,176,50,102,127,107,223,22,75,238,153,56,64,112,87,186,128,6,154,222,127,92,242,29,220,242,120,217,110,139,119,219,188,210,57,151,64,199,55,233,179,144,2,65,52,126,154,169,116,153,51,154,176,243,52,148,108,229,119,239,22,118,163,246,72,27,19,79,123,63,174,82,1739150231660,/dev/cu.usbmodem1413401
28,157,152,219,101,133,10,253,16,58,121,7,26,65,119,148,163,52,33,154,152,106,134,35,97,44,134,27,135,130,235,76,192,254,129,123,189,95,207,147,87,20,115,255,72,37,142,159,211,119,89,102,209,26,91,72,157,154,206,73,173,128,19,101,116,244,250,107,113,161,211,219,36,51,36,201,68,164,66,255,41,135,12,250,47,227,210,247,52,49,10,136,227,175,29,168,255,39,113,137,99,116,129,68,67,211,55,225,94,201,9,123,49,221,100,163,217,251,30,200,198,169,48,195,68,63,226,177,223,105,91,68,51,129,239,15,116,110,125,140,28,10,68,210,126,169,101,197,193,227,196,29,105,93,49,249,160,29,184,22,215,70,76,187,171,186,198,234,243,193,133,174,115,241,111,185,29,72,124,174,244,41,42,67,2,71,218,125,77,175,90,207,240,153,252,134,26,8,212,188,211,196,238,43,146,167,176,154,56,75,233,176,217,38,71,43,241,101,166,19,42,101,49,147,154,74,70,79,174,251,234,205,7,13,242,138,74,35,36,9,45,30,91,105,146,40,51,44,69,230,1739150231660,/dev/cu.usbmodem1413201
31,235,224,183,180,73,67,122,182,18,18,211,177,203,33,49,0,61,249,99,80,95,8,137,211,17,207,123,194,62,137,223,78,64,159,235,15,44,94,115,48,89,53,42,195,51,151,35,92,51,178,38,221,23,135,4,77,179,5,141,121,27,145,141,63,4,50,183,221,20,237,11,75,146,197,194,154,231,55,41,44,122,99,49,144,137,209,12,141,41,205,252,241,86,213,83,37,247,70,252,192,220,184,214,147,215,143,219,159,3,0,239,9,96,147,39,148,201,168,63,67,148,68,216,181,204,38,21,36,236,175,164,117,23,212,45,207,28,34,205,122,212,243,80,117,208,200,233,243,144,24,232,57,15,66,209,12,115,31,224,230,59,190,93,65,123,228,20,79,225,171,117,115,39,110,214,139,45,255,41,185,14,185,228,192,104,230,119,190,5,224,56,36,93,246,47,197,208,242,22,200,94,178,70,40,253,155,167,203,203,129,102,176,37,255,112,149,215,103,69,11,3,99,244,178,182,48,212,219,118,172,104,100,215,99,190,227,226,58,130,51,232,89,180,80,74,126,52,150,43,1739150231661,/dev/cu.usbmodem14124101
230,122,206,46,38,52,67,90,218,15,5,210,32,251,212,160,248,84,151,208,188,57,120,99,244,151,55,30,224,141,113,143,184,59,33,116,138,114,13,51,136,229,73,190,84,10,215,74,36,77,20,218,151,235,54,22,103,155,121,147,43,199,22,94,3,11,149,200,252,136,35,78,133,221,252,84,185,75,77,158,9,74,94,83,15,188,177,77,64,32,216,40,252,47,103,9,2,153,123,8,85,146,225,217,252,133,80,157,146,194,206,94,121,52,36,117,27,26,227,116,159,156,38,54,192,23,228,220,77,56,77,124,3,229,197,251,232,64,166,143,61,138,188,182,166,209,1,67,47,46,7,196,47,45,103,199,170,75,70,33,77,204,247,23,158,139,93,88,69,94,169,136,220,8,35,217,161,8,101,92,223,24,234,239,86,18,20,101,118,251,203,138,172,10,62,167,178,74,230,8,170,223,124,144,185,106,47,136,165,16,248,176,50,121,77,179,19,176,80,219,9,24,127,98,168,254,229,42,43,167,157,234,10,90,18,26,187,133,212,119,204,4,53,80,151,186,40,72,142,237,1739150231661,/dev/cu.usbmodem1413301
197,35,231,128,191,59,94,41,95,157,244,132,68,129,148,243,138,66,106,36,88,137,7,138,15,131,134,214,12,141,79,157,96,148,240,109,205,220,158,98,20,187,42,233,117,255,250,192,94,228,151,171,66,228,129,235,213,22,91,191,59,109,71,54,97,178,121,64,241,109,45,30,250,108,179,189,176,35,132,221,220,138,67,238,255,175,5,74,152,167,134,7,196,55,130,173,36,18,208,103,13,56,2,76,43,158,123,251,197,24,72,228,199,26,166,181,212,26,191,218,164,185,209,186,210,165,34,207,158,159,59,246,118,49,58,45,211,75,217,17,54,238,195,162,243,165,94,189,123,188,238,203,53,204,184,222,59,199,236,209,36,62,90,14,69,134,127,237,83,162,59,52,131,7,240,176,80,221,161,146,238,225,180,96,149,234,89,180,40,179,28,201,250,228,160,30,252,210,68,92,32,225,48,16,60,27,95,0,62,254,77,114,37,5,108,93,58,238,115,180,124,206,165,155,138,211,1,98,235,103,51,181,184,221,205,158,40,156,85,106,204,111,149,158,158,216,57,15,227,229,1739150231662,/dev/cu.usbmodem14124401
121,170,158,99,106,161,57,215,247,209,203,28,88,117,219,126,54,233,151,33,112,144,201,148,110,244,9,188,51,244,183,72,141,194,67,40,173,154,172,21,131,40,92,191,246,12,240,39,180,3,69,20,59,87,186,153,51,135,217,242,196,132,75,124,172,77,229,237,52,168,66,117,22,41,248,227,70,99,106,111,240,140,93,230,34,138,145,12,252,127,7,149,171,72,169,81,175,43,94,229,242,12,107,29,161,50,3,81,190,222,167,180,13,227,153,23,114,101,2,239,226,198,15,111,192,201,232,210,225,159,152,232,221,124,74,56,13,22,63,80,172,189,218,20,174,204,217,66,98,18,145,66,206,111,236,13,108,225,10,246,53,48,250,122,87,108,22,255,161,171,124,176,33,18,26,98,175,163,107,149,34,223,101,77,182,132,114,251,196,135,15,78,20,96,67,8,146,220,106,87,174,120,239,156,170,163,101,197,122,238,171,194,148,41,30,106,34,43,111,118,179,57,76,152,231,12,158,43,103,80,175,81,135,167,71,27,65,89,51,172,104,244,218,233,3,235,213,81,147,62,1739150231662,/dev/cu.usbmodem14124301
93,248,59,229,236,199,234,244,3,222,239,178,242,101,243,203,103,111,189,99,73,106,14,125,91,167,25,113,83,255,113,245,213,168,104,231,233,71,71,71,242,138,81,108,178,104,80,150,13,200,246,28,105,151,61,181,193,85,100,230,205,102,128,8,230,156,108,72,170,223,217,212,217,104,145,12,156,108,70,247,180,135,223,6,121,78,15,1,108,166,130,92,4,179,116,8,89,136,231,138,160,82,97,193,186,209,51,93,250,213,162,18,129,219,49,78,49,47,165,190,153,31,203,227,244,217,128,71,52,45,200,139,177,66,79,149,146,248,95,223,103,19,79,66,254,167,124,144,188,14,161,213,167,225,220,173,125,249,21,94,55,50,134,68,149,193,255,144,112,56,214,149,140,37,72,146,156,111,141,135,235,101,166,187,90,88,94,43,243,14,219,138,116,113,69,96,156,177,111,124,14,91,27,73,122,134,197,254,127,114,103,226,111,228,217,246,160,107,250,126,118,106,233,4,184,194,143,100,231,44,111,103,51,15,103,145,82,151,11,38,47,110,174,123,181,206,170,13,44,234,1739150231663,/dev/cu.usbmodem14124201
169,51,225,25,74,118,34,245,95,118,202,7,34,6,39,45,71,231,14,74,139,1,24,232,60,247,147,29,130,179,187,148,237,149,153,110,66,175,91,161,60,234,243,113,235,89,229,87,200,210,136,133,157,59,37,54,224,230,176,210,232,171,6,209,119,2,133,177,70,154,74,191,67,52,202,165,100,70,141,89,189,42,68,153,137,201,226,229,227,66,247,34,9,35,45,129,231,68,87,192,74,51,16,143,32,154,114,175,113,46,115,0,171,214,89,130,135,26,187,216,127,218,59,207,67,126,130,204,11,81,208,219,182,104,85,236,178,227,249,212,189,173,225,30,154,100,242,189,147,227,22,49,68,96,211,155,87,59,210,208,28,65,11,118,93,93,23,12,90,67,110,37,49,52,50,72,255,84,205,187,53,244,16,73,237,236,32,11,248,118,75,255,145,40,159,205,232,231,35,155,161,49,17,252,120,92,69,115,9,160,144,16,94,141,165,17,21,13,238,238,197,26,118,13,126,78,140,123,199,155,162,105,245,177,208,157,134,218,124,199,121,101,180,196,110,55,228,26,148,144,1739150231664,QBYTE | lightning-rod
48,0,188,70,208,107,139,90,136,155,32,182,211,203,179,3,150,84,12,242,91,167,186,218,117,53,177,171,227,13,134,51,217,202,227,83,72,146,84,68,210,253,229,155,111,64,121,141,135,70,254,99,1,189,62,143,56,224,67,19,155,230,118,28,187,61,30,72,124,183,222,90,126,211,41,155,194,255,144,176,47,57,43,95,234,64,235,234,59,25,40,4,112,18,228,138,30,103,215,13,16,220,72,173,169,102,215,218,211,103,240,131,95,247,156,83,49,57,142,183,0,172,70,123,247,152,237,33,28,27,158,44,119,1,150,250,112,30,120,237,144,141,40,197,153,98,88,89,8,195,255,203,8,27,117,215,73,245,167,225,233,46,44,47,231,193,87,0,208,210,149,53,23,94,186,164,200,255,151,7,254,254,54,12,32,255,158,52,38,240,218,86,155,55,112,207,80,11,35,250,97,60,85,176,207,189,6,11,117,151,101,250,204,85,113,24,175,188,186,227,255,201,189,186,252,185,236,62,136,41,181,116,1,69,86,144,238,0,52,198,199,7,67,115,97,34,235,16,174,211,1739150232735,/dev/cu.usbmodem1413101
211,74,213,64,144,49,147,156,130,59,249,33,69,53,17,147,48,131,147,232,237,178,69,115,123,159,135,212,45,109,43,194,60,65,223,77,17,98,101,63,253,29,149,173,233,184,248,86,176,67,81,241,225,120,17,209,50,95,207,243,53,64,158,24,101,231,73,128,79,37,97,154,94,104,35,108,21,234,10,101,179,20,218,213,121,32,164,197,68,69,242,136,40,177,165,98,181,6,96,175,240,213,118,219,3,99,82,232,18,139,182,166,236,41,184,150,200,15,75,196,186,56,167,50,100,163,240,28,211,56,159,114,120,7,107,236,2,244,78,146,47,104,203,110,121,216,59,59,45,12,151,137,85,177,190,112,248,80,203,113,149,54,82,75,126,29,127,16,173,83,36,185,156,32,247,201,119,90,184,37,4,179,149,127,197,20,235,130,132,111,233,214,29,135,190,199,197,120,4,185,90,58,218,58,13,76,16,38,176,123,133,27,140,48,185,179,177,137,96,155,29,41,11,118,24,207,244,133,106,215,77,151,122,193,206,240,159,57,19,86,255,15,143,71,14,131,32,85,123,53,1739150232735,/dev/cu.usbmodem1413401
68,85,89,13,243,0,14,155,123,190,9,226,240,216,171,200,45,180,32,86,46,123,183,245,189,169,13,53,129,24,44,221,106,120,133,111,31,5,47,211,44,84,40,235,232,225,131,85,195,142,158,169,9,88,116,56,12,193,117,173,27,177,150,44,207,166,47,50,155,103,128,204,86,210,137,114,241,198,44,74,189,128,190,134,11,117,104,230,44,104,48,163,71,71,145,196,187,38,85,195,38,191,29,250,2,147,31,28,248,221,74,80,156,88,235,45,246,93,159,173,92,154,175,46,80,177,167,82,99,125,232,214,49,236,145,10,137,28,124,54,177,179,131,5,242,22,243,170,181,112,93,226,17,183,121,100,65,90,175,121,250,203,149,148,236,254,103,136,48,159,135,186,18,210,158,9,251,165,163,163,109,85,113,133,206,182,6,99,255,25,128,79,202,166,2,74,243,160,173,71,63,195,36,154,105,3,195,190,26,242,251,230,103,7,186,36,236,198,202,13,20,8,16,20,120,18,47,166,129,136,18,59,236,47,209,146,222,107,92,197,101,211,157,42,26,229,106,49,238,0,1739150232736,/dev/cu.usbmodem1413201
234,254,138,64,119,59,221,201,117,124,201,178,250,120,204,1,139,37,54,3,241,46,211,137,120,120,56,17,165,168,43,58,142,232,251,230,73,120,182,147,154,114,193,226,44,2,174,224,189,22,240,147,240,181,231,174,214,152,181,232,73,105,196,191,151,15,197,28,36,87,182,40,152,173,201,5,246,58,146,55,66,0,212,255,24,50,17,76,11,23,242,148,1,138,143,37,210,196,99,68,198,18,225,200,122,187,202,64,53,169,25,65,213,60,47,192,99,252,241,88,222,69,168,22,233,239,148,69,112,148,133,6,156,173,154,231,155,224,213,119,26,154,164,91,193,87,193,252,0,251,0,115,243,59,138,86,137,199,54,168,143,21,166,50,117,192,112,213,231,116,81,71,238,172,7,187,203,212,0,107,173,188,73,154,88,234,101,109,253,201,172,108,68,154,195,40,123,218,121,0,149,89,151,218,218,248,8,46,215,121,187,246,250,120,233,161,157,220,174,10,183,170,247,223,174,158,15,45,235,83,15,163,148,100,185,124,252,253,94,94,47,16,86,16,252,219,77,4,204,53,1739150232736,/dev/cu.usbmodem14124101
26,239,214,202,189,59,6,241,95,239,68,239,166,37,152,51,67,73,174,175,36,45,239,5,36,184,149,179,197,238,211,152,46,83,170,244,26,195,90,38,247,93,244,158,78,29,122,96,212,128,35,63,114,200,50,222,126,9,54,247,236,79,38,187,181,254,23,229,122,128,75,233,75,73,222,145,91,84,53,66,237,101,14,143,75,233,100,71,32,162,6,236,228,146,212,66,44,231,3,197,183,127,87,10,213,183,123,40,50,75,183,135,203,138,151,251,104,228,156,207,150,69,40,50,134,189,56,231,77,28,146,25,180,206,3,75,32,123,46,66,177,11,225,118,190,209,145,82,240,79,176,253,220,29,19,237,85,232,187,93,11,133,132,191,226,132,175,31,133,61,34,140,6,222,212,115,152,95,31,234,159,166,248,95,116,4,109,50,154,240,110,173,132,138,212,192,226,11,32,56,4,63,104,89,142,122,165,210,169,36,211,88,246,246,3,10,66,163,49,148,25,93,11,93,60,36,19,144,134,143,88,46,6,128,80,43,48,187,170,78,28,187,60,193,3,237,221,131,212,174,1739150232737,/dev/cu.usbmodem1413301
35,125,154,107,193,88,222,174,216,70,133,146,43,147,247,45,208,140,46,100,99,98,54,196,248,222,249,75,169,13,188,236,37,35,43,149,188,114,225,190,194,117,115,83,146,32,208,87,19,185,178,134,157,31,26,247,162,116,174,111,85,126,222,89,101,83,216,166,113,54,180,127,218,238,207,200,8,220,249,31,100,17,172,72,205,168,30,17,123,241,187,32,19,81,121,39,253,141,158,147,251,12,197,223,19,151,164,56,236,61,193,206,133,7,85,166,203,116,112,89,31,253,54,101,137,66,92,56,232,108,240,202,38,60,152,123,212,235,175,218,30,213,233,145,250,12,239,67,222,160,211,237,91,163,180,174,155,12,139,39,205,202,123,10,102,41,166,188,249,159,195,46,221,57,112,23,27,144,100,174,20,45,4,96,255,198,238,159,255,105,125,67,244,8,58,214,244,52,254,170,169,37,89,73,102,163,253,177,113,112,122,255,29,128,11,219,179,199,22,98,175,50,127,118,126,177,225,67,66,32,28,5,98,12,124,208,72,244,108,114,178,252,5,96,93,227,156,203,168,147,1739150232737,/dev/cu.usbmodem14124401
204,154,44,206,206,196,186,136,81,96,93,192,207,252,226,201,125,20,214,1,50,228,190,186,107,180,104,70,23,61,226,192,195,190,27,80,114,60,18,44,174,124,39,54,174,13,208,215,219,239,115,238,61,192,201,56,0,46,30,90,203,185,169,102,111,175,224,46,225,186,233,72,120,218,240,58,72,111,72,18,82,177,85,52,64,32,244,243,220,207,136,141,146,41,19,148,170,107,12,220,211,184,61,243,205,60,238,96,21,133,178,70,114,125,101,209,182,120,5,139,224,18,154,88,239,221,252,149,49,105,136,132,29,33,166,206,172,35,53,133,105,100,190,134,226,107,168,180,67,146,185,2,182,121,1,212,131,242,215,75,97,69,253,160,50,149,86,136,1,57,110,100,125,133,117,25,130,22,17,73,40,164,150,174,81,92,49,226,216,6,195,7,41,241,61,167,74,35,230,1,244,129,123,249,91,53,212,17,124,247,116,87,91,41,175,206,85,40,217,234,195,125,208,102,225,237,120,11,148,255,253,156,229,22,197,218,2,233,194,24,37,118,187,80,14,207,104,90,151,241,1739150232738,/dev/cu.usbmodem14124301
36,159,186,10,113,37,138,230,75,132,197,138,123,223,30,105,80,221,158,163,180,177,67,49,125,26,167,41,130,210,74,50,57,80,33,64,125,180,124,1,177,188,65,237,10,194,44,252,61,126,154,190,17,182,58,168,248,182,180,171,212,13,11,76,54,152,57,232,117,227,3,14,222,2,151,153,19,80,163,16,92,43,195,172,116,234,53,86,55,189,72,166,207,191,148,64,231,22,233,59,108,208,186,243,136,189,234,185,94,245,236,128,56,153,164,192,204,200,47,95,85,34,66,36,227,73,11,247,81,46,183,190,76,250,197,89,13,13,67,91,151,183,178,169,235,202,154,183,227,110,198,223,34,61,54,124,220,18,124,167,49,225,43,137,247,192,31,79,138,238,146,189,55,85,224,7,34,218,51,169,246,42,15,92,90,64,251,231,17,141,140,97,70,5,12,61,66,98,123,146,228,246,72,207,202,126,62,172,46,244,110,102,127,183,49,33,177,86,64,170,116,166,187,64,205,30,53,118,136,214,67,211,204,197,69,59,59,242,76,221,156,251,173,137,192,178,116,247,216,53,1739150232738,/dev/cu.usbmodem14124201
156,118,96,46,7,227,35,165,153,47,64,240,165,203,86,231,190,74,65,38,168,90,191,159,1,179,160,204,19,220,109,144,240,133,249,230,166,180,125,142,179,46,120,41,58,233,250,114,104,53,185,65,218,137,103,113,244,3,126,204,90,251,224,95,15,233,171,99,19,77,156,244,217,187,60,122,216,94,3,247,228,67,175,172,50,172,141,118,232,2,101,92,180,59,117,184,94,148,249,148,243,191,215,145,81,140,139,167,153,158,61,187,254,211,227,100,181,183,109,196,4,195,32,90,41,14,189,151,25,253,49,103,97,110,14,92,53,168,104,120,69,193,192,61,158,135,29,38,30,87,41,30,172,220,168,126,232,60,110,215,159,45,100,94,65,26,127,41,93,31,122,10,230,55,229,165,172,215,213,78,111,161,254,161,243,105,95,16,12,93,67,43,23,250,208,230,3,119,176,5,44,241,62,236,8,152,111,99,130,48,19,103,18,242,13,16,122,53,0,201,64,246,78,10,92,156,135,158,80,163,31,31,78,144,92,148,18,251,109,242,101,1,40,118,25,236,177,149,196,42,1739150232739,QBYTE | lesar
25,39,149,16,162,112,14,187,184,75,202,52,34,176,196,66,141,66,234,32,54,5,11,254,230,14,170,147,169,27,154,157,25,29,122,63,164,57,226,151,128,206,70,93,237,206,159,20,195,211,131,94,148,230,130,193,203,28,235,102,123,176,176,95,26,152,36,131,213,89,113,55,134,206,125,21,201,210,161,114,9,160,53,162,138,241,51,112,136,216,69,161,149,226,97,75,199,106,143,138,181,225,128,209,224,11,53,50,144,242,29,178,43,63,74,132,52,159,40,202,166,60,23,231,207,78,168,165,5,229,0,75,116,177,202,199,155,76,37,27,148,3,15,11,41,70,54,47,241,22,171,184,142,227,54,221,23,220,141,208,89,59,99,211,219,160,56,137,55,18,171,198,76,205,154,189,6,99,192,51,141,99,142,173,226,172,187,121,245,142,242,187,217,167,202,107,126,157,246,216,128,244,8,244,125,123,110,145,184,60,139,19,114,45,43,255,123,178,152,76,73,238,105,176,40,165,105,166,37,0,70,87,174,114,244,242,98,21,117,118,120,206,70,7,204,202,191,56,106,104,1739150233811,/dev/cu.usbmodem1413101
132,40,169,116,0,252,222,30,63,21,194,200,131,33,167,122,135,47,242,119,147,103,237,220,69,128,207,222,108,79,243,85,98,206,9,18,194,169,58,126,182,84,175,159,161,158,22,244,147,194,252,72,170,45,120,177,207,138,26,219,75,54,253,138,54,119,200,72,213,194,29,68,18,5,212,218,249,99,204,170,28,118,241,129,186,51,115,190,188,211,255,230,236,76,197,241,131,226,106,143,108,170,19,44,241,183,143,195,174,111,81,90,24,193,173,116,147,225,11,231,218,17,75,187,254,135,31,195,37,24,79,87,227,156,179,59,213,151,89,79,208,249,72,123,111,205,127,187,59,18,94,86,148,192,170,190,227,254,243,157,217,71,246,234,170,181,138,22,248,230,128,117,114,151,111,195,253,138,176,109,65,217,211,78,49,194,226,60,155,3,205,149,121,248,145,63,28,222,190,17,42,140,22,25,55,239,87,178,175,54,16,44,34,232,115,115,45,81,158,167,53,139,1,18,15,76,96,203,49,226,96,172,192,38,187,232,79,133,146,15,215,206,125,142,148,201,192,165,26,15,1739150233811,/dev/cu.usbmodem1413401
249,250,29,179,145,237,168,152,122,109,28,16,202,63,81,171,154,233,192,200,182,141,168,197,56,45,186,169,220,45,77,65,220,92,27,65,245,80,147,227,232,171,58,164,19,169,106,54,133,223,192,4,25,5,59,189,20,151,223,156,86,82,180,248,87,210,5,86,27,200,94,151,103,8,152,245,134,247,167,88,144,213,17,138,120,150,157,243,210,200,235,24,67,129,203,137,221,167,6,187,108,92,199,208,89,217,24,59,99,28,37,143,4,98,194,5,229,30,21,219,206,82,208,188,210,62,46,28,115,69,87,173,92,83,110,143,233,178,172,187,144,231,204,101,197,84,202,87,70,208,240,66,18,108,143,253,168,162,18,20,17,178,77,16,203,211,66,47,45,76,255,151,249,158,245,95,175,100,79,150,107,151,143,21,186,79,13,191,156,144,32,38,92,104,217,114,148,131,127,138,226,101,118,238,53,108,83,16,192,2,44,110,76,37,248,61,119,165,78,255,133,84,70,42,205,249,10,252,167,229,180,202,121,187,202,203,117,197,71,139,211,190,246,68,0,119,138,154,80,10,1739150233812,/dev/cu.usbmodem1413201
84,42,96,99,191,0,158,211,51,232,251,48,231,133,22,90,237,202,194,41,137,250,49,155,150,0,153,76,46,178,81,149,248,135,148,255,21,41,1,38,197,238,29,16,207,139,152,92,49,30,80,205,97,243,102,242,6,62,7,207,55,31,66,128,69,67,84,34,193,88,248,154,110,210,195,222,35,42,38,221,38,132,35,169,9,248,147,91,203,138,17,176,2,58,1,185,110,59,149,104,133,72,231,112,30,123,245,169,203,208,13,177,181,59,178,122,43,178,98,55,154,130,150,188,108,1,250,52,242,129,219,73,174,239,203,102,225,155,73,99,110,12,25,12,221,80,216,56,94,232,94,136,97,106,223,95,119,209,183,6,152,244,84,167,111,163,133,230,64,238,12,112,102,64,91,185,2,33,92,253,211,207,144,210,1,12,215,78,170,227,156,46,121,114,243,233,86,159,55,125,169,251,215,173,21,181,244,189,105,150,104,58,216,130,180,209,31,215,238,230,160,28,65,62,129,63,35,222,71,181,246,4,121,27,240,211,95,230,132,55,86,183,62,0,44,41,141,22,238,121,1739150233813,/dev/cu.usbmodem14124101
0,136,59,84,129,236,242,137,17,172,21,157,7,134,110,63,57,41,62,204,193,168,208,87,52,5,203,88,33,121,245,46,83,203,221,40,110,203,122,99,210,50,26,174,210,79,106,234,156,166,160,43,223,142,6,50,82,42,27,135,219,214,253,14,162,48,148,167,238,214,239,176,100,163,230,159,255,192,251,196,233,112,159,39,123,250,202,106,99,43,32,219,16,158,129,2,28,129,100,11,23,121,70,121,202,176,207,130,3,212,39,129,122,237,255,5,163,48,231,251,98,30,17,80,221,233,36,111,220,112,41,105,44,185,203,128,218,233,175,26,2,27,164,97,236,40,31,188,29,64,221,165,244,37,70,25,234,212,56,72,142,107,110,36,161,111,213,29,35,86,79,45,69,99,191,62,79,15,234,216,232,76,124,92,156,220,127,86,93,153,152,79,100,158,96,240,186,178,59,162,235,255,159,95,204,184,244,188,95,44,99,129,131,118,231,40,102,234,46,237,20,198,139,54,184,195,236,230,15,58,17,143,207,14,20,4,190,247,193,226,173,21,122,203,126,30,47,118,215,194,1739150233813,/dev/cu.usbmodem1413301
185,36,107,0,167,97,44,90,231,108,82,248,65,96,187,124,213,24,206,176,195,185,117,122,66,208,212,6,193,16,165,28,234,55,90,144,81,2,111,211,163,58,103,141,151,219,74,0,158,23,119,62,78,71,196,254,192,82,206,99,59,229,99,190,121,116,52,122,181,57,54,248,160,75,57,176,89,177,217,163,245,134,252,185,173,236,127,241,154,93,226,113,243,198,81,94,28,247,59,115,208,202,250,135,100,142,85,73,78,85,243,234,2,95,41,192,82,39,93,239,252,234,25,69,230,97,153,188,159,170,125,71,103,106,126,85,90,101,104,134,65,119,241,75,7,202,115,63,153,224,91,149,187,86,65,192,233,202,58,35,43,224,45,89,196,19,50,209,112,153,132,53,27,236,45,169,193,156,64,80,148,0,79,86,103,26,152,12,44,233,85,155,35,114,6,225,59,86,89,181,197,87,91,8,4,17,192,188,152,122,30,194,161,134,87,9,58,211,167,151,6,205,54,44,168,27,0,176,75,237,225,203,87,88,203,247,144,40,112,136,154,44,211,225,144,64,99,249,66,134,1739150233814,/dev/cu.usbmodem14124401
1,210,119,139,108,190,216,102,177,137,43,66,61,27,196,188,89,13,10,243,63,59,6,187,181,109,21,80,114,1,198,34,19,68,59,155,91,4,251,60,202,38,12,181,162,12,43,204,12,85,3,239,1,243,255,94,135,147,115,84,34,197,94,20,122,62,13,124,99,73,118,20,170,151,32,1,141,110,139,215,220,207,210,174,202,132,131,78,83,219,201,183,96,204,140,139,38,150,114,173,6,218,61,44,91,112,149,249,92,86,170,176,32,78,41,64,18,134,196,230,40,168,214,61,59,154,196,168,246,166,254,199,213,237,98,206,224,49,239,21,187,41,82,162,72,58,81,147,101,36,31,214,172,23,112,121,131,219,145,113,122,204,205,107,41,144,180,111,252,97,43,236,155,190,85,201,205,3,250,130,213,94,176,51,6,237,48,119,124,217,102,207,35,245,190,48,32,12,218,181,217,146,5,235,129,95,142,93,136,85,67,100,228,29,65,2,29,202,234,87,253,117,60,148,155,243,38,169,227,228,204,160,24,77,179,62,5,151,65,193,178,2,91,6,132,184,88,153,112,126,1739150233815,/dev/cu.usbmodem14124301
135,102,88,202,121,107,45,63,173,212,249,244,207,23,192,246,190,95,35,112,134,29,85,157,242,66,33,115,127,54,59,213,101,148,19,49,48,220,36,254,122,171,147,248,100,233,159,100,12,114,244,240,126,93,220,141,83,30,232,229,166,208,91,251,222,129,170,213,123,88,76,8,24,18,133,222,62,121,61,68,207,246,143,241,18,242,116,80,252,202,72,212,238,203,182,159,117,127,207,17,191,8,166,72,26,245,182,111,190,213,215,202,39,186,37,184,221,124,93,194,237,234,60,57,166,31,163,221,11,225,169,142,199,227,119,41,223,220,49,9,29,47,107,203,79,48,207,237,174,47,190,254,88,233,168,69,132,200,246,147,180,228,228,188,196,13,242,10,243,241,232,99,106,199,33,153,123,235,116,27,153,189,36,8,55,161,95,138,62,152,93,89,5,38,177,119,102,158,2,78,144,210,51,80,97,151,232,8,47,94,251,128,53,153,215,22,252,156,66,24,176,14,248,135,142,30,69,13,159,27,197,5,82,176,215,229,78,242,196,93,110,231,163,100,23,135,210,58,70,196,1739150233815,/dev/cu.usbmodem14124201
15,199,62,161,191,57,205,100,36,70,122,15,56,193,245,192,118,45,195,73,33,34,137,119,60,89,109,213,218,149,216,217,144,36,83,129,210,248,128,94,218,90,44,24,19,3,239,200,230,70,207,213,168,90,70,32,80,202,103,187,53,237,32,242,65,133,186,203,153,245,41,42,235,124,136,20,128,10,120,169,172,72,200,193,79,204,12,227,123,46,3,38,85,74,132,194,164,139,148,18,78,62,148,199,185,165,238,62,57,83,205,199,253,225,77,178,87,63,119,241,115,75,248,77,41,251,185,232,31,164,192,159,60,76,124,39,249,147,128,12,95,123,254,90,178,103,169,6,157,151,124,60,210,168,19,36,47,92,190,214,98,153,230,36,93,132,212,255,254,9,208,195,14,114,189,95,110,215,71,36,68,77,229,21,162,167,11,19,107,207,117,100,228,122,24,153,103,41,186,210,134,14,77,66,66,44,204,219,222,195,26,204,55,22,50,85,131,254,135,199,6,93,22,191,110,26,175,189,204,154,157,212,188,95,206,42,98,9,16,51,193,213,162,133,9,60,190,61,109,234,1739150233816,QBYTE | nca
102,189,188,54,135,216,29,200,168,45,157,79,1,186,63,77,48,248,32,198,71,33,149,239,222,33,201,206,138,214,72,53,210,93,203,228,26,226,206,140,72,146,175,255,47,240,217,219,130,241,182,122,72,140,201,205,28,224,187,8,20,51,177,157,123,199,109,68,16,43,129,255,101,32,149,181,201,163,214,168,107,113,237,4,89,213,50,253,137,217,6,0,87,78,237,100,218,209,56,128,27,120,167,106,179,159,135,112,86,222,86,205,67,123,238,95,195,198,176,201,78,200,142,217,231,12,63,144,33,187,102,190,93,150,157,219,216,187,234,230,117,200,236,81,165,246,42,169,97,10,93,125,153,214,85,153,151,94,129,70,240,197,17,224,131,197,224,175,74,64,211,142,115,239,62,150,9,34,128,248,42,168,33,150,147,178,39,154,109,161,208,224,91,19,205,65,2,106,36,217,98,54,61,1,13,57,168,101,62,233,174,207,236,57,25,102,129,204,91,221,18,80,137,72,169,122,201,33,80,106,23,203,44,132,72,208,226,72,194,66,93,202,227,110,94,43,228,169,77,26,1739150234889,/dev/cu.usbmodem1413101
255,29,181,27,232,252,252,182,228,217,81,86,144,227,204,227,68,142,128,49,108,234,181,57,155,248,145,152,91,91,202,116,164,217,78,178,38,179,171,5,63,28,138,171,132,123,37,0,3,206,130,10,45,87,209,123,185,201,202,30,227,234,113,237,28,253,253,245,164,163,86,33,161,106,172,167,153,207,168,65,185,199,151,146,56,94,55,182,236,100,187,40,193,122,150,14,196,106,252,246,174,203,219,153,82,33,26,39,39,204,171,87,159,248,5,68,77,213,57,232,113,154,112,152,65,20,185,249,173,33,243,216,219,8,111,89,193,136,41,6,106,84,254,155,195,130,172,209,129,200,151,162,210,128,183,49,216,10,235,255,163,159,228,45,234,225,8,141,38,239,155,26,222,53,141,67,122,139,61,168,195,177,179,90,120,114,24,70,105,227,1,187,104,73,50,93,149,147,122,241,8,232,111,239,67,187,114,108,25,155,228,169,126,232,70,126,65,43,93,175,106,216,198,184,39,78,210,193,50,122,74,74,218,127,159,46,24,71,9,207,140,77,12,42,188,8,85,37,223,159,1739150234889,/dev/cu.usbmodem1413401
253,111,131,248,209,144,236,205,198,27,195,217,169,52,94,50,41,16,95,70,211,56,59,109,73,28,52,140,9,165,0,129,47,181,146,178,63,244,188,227,224,218,154,88,238,160,21,56,151,54,35,146,204,67,115,71,129,202,35,48,56,1,215,71,193,181,88,43,135,221,55,247,207,218,189,230,5,159,113,234,213,123,144,133,39,215,22,247,182,58,201,19,139,168,155,64,79,205,28,106,106,219,79,55,46,52,133,129,91,60,148,132,159,132,13,180,118,25,26,250,57,204,207,120,105,95,245,111,162,2,21,81,193,94,222,48,34,247,157,240,74,10,227,225,98,254,225,154,109,233,20,62,130,133,201,212,29,83,162,110,73,58,201,236,123,145,124,148,175,148,5,221,216,73,223,21,254,88,249,55,147,133,218,56,17,159,131,101,185,183,161,222,249,153,218,61,251,203,243,18,38,203,3,82,187,221,131,116,50,91,63,184,253,229,144,17,62,59,165,210,81,206,134,248,153,29,234,201,144,100,233,0,137,115,14,226,185,139,169,240,133,47,96,44,24,173,100,101,153,62,1739150234890,/dev/cu.usbmodem1413201
237,105,98,14,55,118,78,234,81,85,35,248,242,59,158,160,98,143,250,153,235,71,175,174,39,98,23,133,248,203,74,117,116,18,60,246,178,10,232,73,144,231,125,87,118,218,18,148,69,159,83,81,66,50,187,242,32,224,30,110,117,71,243,154,171,176,144,104,71,101,230,11,139,151,3,132,56,56,4,136,162,85,143,90,180,78,80,61,46,237,118,202,14,23,133,60,8,15,140,104,140,49,234,49,184,119,28,56,140,249,116,146,129,250,1,100,253,24,156,195,111,211,173,173,83,197,179,70,202,4,173,3,83,41,171,196,29,121,232,206,7,168,175,85,172,2,60,139,96,228,84,11,7,7,187,78,33,30,150,188,228,100,223,159,237,234,34,85,231,194,225,179,154,238,131,177,87,189,197,96,163,103,251,247,129,239,185,214,16,111,186,237,233,16,46,114,88,149,80,181,117,38,179,198,157,65,77,171,179,0,204,116,229,82,239,114,140,35,152,38,57,59,228,225,235,231,181,241,203,226,129,177,143,249,190,47,94,203,143,150,228,246,34,200,96,17,9,110,89,142,1739150234890,/dev/cu.usbmodem14124101
42,179,165,41,25,242,219,162,208,229,71,103,245,158,40,147,23,14,235,235,199,188,81,57,59,121,173,27,194,120,246,151,67,29,109,99,28,228,126,188,16,5,104,100,213,128,49,66,212,154,230,187,178,18,200,131,178,225,106,18,121,92,203,61,183,98,135,190,57,41,124,0,122,240,92,73,92,52,254,101,131,230,92,100,60,76,23,161,140,49,147,6,69,114,248,28,99,88,85,183,55,233,193,75,51,35,134,57,119,180,160,152,233,168,221,115,165,175,63,30,253,42,46,2,3,118,200,153,4,224,241,229,36,34,43,229,51,192,34,206,29,66,201,98,130,103,92,30,77,30,120,240,22,91,215,240,101,20,34,42,227,40,167,214,232,11,137,219,124,209,99,248,101,2,85,243,42,214,157,86,72,235,93,220,33,210,162,20,30,85,105,216,79,145,77,178,241,241,89,60,215,75,133,114,121,184,36,254,116,61,174,178,173,72,153,98,92,162,22,69,245,88,209,134,196,2,137,187,182,155,133,225,20,55,8,201,65,78,237,131,73,129,220,141,24,174,240,51,32,242,1739150234891,/dev/cu.usbmodem1413301
84,185,14,164,101,100,139,80,160,106,4,236,101,125,65,135,131,106,203,249,248,7,213,158,89,73,27,52,45,102,84,101,148,225,179,160,236,121,116,40,11,160,210,31,128,191,167,24,39,210,203,182,33,166,207,44,127,23,3,98,198,128,54,146,77,80,152,126,121,61,0,214,72,142,57,141,45,14,171,141,135,169,128,79,168,184,50,106,51,219,138,32,231,248,33,98,78,64,206,88,90,186,140,110,45,217,103,232,117,100,128,249,178,132,221,68,126,151,90,124,201,50,232,84,13,225,49,130,87,216,25,109,165,162,25,52,21,115,189,245,182,35,246,208,247,199,245,80,4,22,13,105,55,76,237,74,95,91,33,229,124,144,143,153,18,1,235,218,0,6,75,29,136,113,250,160,169,157,160,231,114,201,93,143,0,237,167,160,152,212,221,154,20,222,7,110,241,185,156,13,44,195,173,194,7,132,193,8,193,138,116,249,212,229,188,7,135,166,212,49,1,232,54,178,186,245,85,12,66,89,81,107,119,198,205,35,245,142,238,107,88,71,135,131,249,90,151,8,98,54,1739150234891,/dev/cu.usbmodem14124401
120,244,178,214,250,50,208,151,68,115,143,63,183,59,23,108,85,10,47,11,171,93,111,202,135,86,166,11,118,136,219,190,57,117,229,142,109,214,254,226,169,228,253,252,61,109,197,172,202,42,44,63,49,237,20,43,229,196,1,129,18,111,137,232,100,184,202,65,127,36,206,60,144,120,181,99,183,172,128,202,217,44,174,34,45,89,100,190,81,115,233,40,128,211,140,0,102,204,43,94,182,150,213,173,47,27,180,255,122,241,6,182,70,70,215,202,198,73,92,70,222,195,119,34,194,156,125,6,102,190,35,10,226,54,89,172,244,112,186,109,36,230,209,166,42,168,215,102,189,186,166,139,209,19,222,157,232,148,94,141,221,10,104,119,252,245,55,185,138,253,223,84,96,188,140,79,164,107,182,205,216,53,84,226,148,234,217,176,121,103,13,67,231,196,117,217,48,77,173,49,243,90,2,174,88,83,16,40,245,180,187,181,83,128,47,41,124,120,17,73,86,203,204,186,74,59,119,9,197,201,104,242,236,22,82,0,115,151,40,255,54,122,5,14,105,200,175,221,140,252,1739150234892,/dev/cu.usbmodem14124301
56,99,25,112,216,201,17,251,233,106,45,74,158,15,9,199,8,47,38,56,15,165,70,91,241,50,191,24,245,227,139,81,168,244,36,83,175,203,115,169,75,103,185,74,58,150,204,39,128,68,69,78,179,177,58,244,232,174,104,28,172,72,66,233,193,33,72,176,222,242,200,83,53,21,23,206,2,231,244,210,163,250,240,65,13,28,227,200,153,214,43,186,177,46,31,71,253,103,91,129,167,113,202,33,67,154,41,217,179,208,31,33,218,97,97,179,32,80,253,215,0,170,231,6,99,171,165,41,180,34,91,73,175,19,137,49,119,109,210,150,28,29,69,151,185,95,218,233,82,143,232,148,205,91,161,153,233,60,159,132,220,97,58,188,208,108,81,29,210,193,148,154,242,37,132,62,95,220,6,183,36,36,29,129,121,95,150,222,32,116,204,81,42,17,6,14,252,250,108,217,209,120,241,143,226,219,62,33,107,193,91,29,202,160,221,67,5,150,182,71,222,204,82,240,48,65,186,36,199,135,52,84,22,65,113,188,215,96,35,171,109,77,46,55,81,214,253,10,113,178,1739150234892,/dev/cu.usbmodem14124201
183,59,232,240,215,175,210,199,6,44,205,198,115,129,68,131,246,168,44,9,136,247,25,35,63,243,212,99,76,150,58,168,107,94,52,12,131,47,182,252,254,149,60,150,97,53,100,166,234,176,0,207,250,66,249,115,196,159,76,165,187,100,210,3,82,148,197,195,149,242,124,155,23,20,64,25,169,186,42,123,219,1,231,1,70,163,225,60,138,37,217,69,128,252,47,47,239,202,191,68,47,237,139,92,5,134,120,25,109,38,36,122,5,246,81,133,56,51,203,235,131,60,202,230,51,34,225,116,101,56,189,255,216,76,101,58,131,19,65,30,193,164,245,253,78,223,255,168,75,242,177,108,243,139,213,140,72,254,156,173,96,215,153,58,41,204,178,70,0,18,207,209,144,151,72,83,162,176,12,204,31,200,250,51,183,58,79,181,114,8,191,56,181,73,50,88,248,88,249,86,224,153,57,235,172,170,223,41,141,235,131,73,106,235,247,116,208,21,94,252,108,202,84,151,248,67,85,66,207,26,189,28,105,215,129,101,13,120,229,87,250,175,221,151,67,117,233,107,237,191,1739150234893,QBYTE | headedness
156,164,1,185,163,121,239,246,76,166,109,6,223,246,188,60,113,69,82,20,37,187,128,136,19,148,165,15,210,184,72,76,231,119,233,160,177,72,119,141,7,157,161,95,118,7,108,82,116,17,254,6,251,219,141,108,119,105,199,238,46,176,58,89,199,22,147,219,193,65,68,157,250,97,144,42,123,134,145,154,2,93,107,47,199,78,111,109,87,235,204,246,92,46,207,14,22,140,173,78,120,122,79,77,131,72,103,247,44,33,241,38,66,74,34,94,240,210,144,227,9,87,133,232,121,195,104,161,35,247,212,45,125,248,34,19,92,247,82,35,53,189,100,208,141,9,0,167,191,234,3,255,143,192,60,184,188,171,93,251,158,159,230,99,67,47,110,173,69,209,22,4,226,38,185,206,231,74,210,230,127,190,117,92,59,29,134,136,160,171,225,18,2,114,226,91,175,6,180,179,235,161,225,49,37,159,179,191,104,230,201,224,44,224,161,132,135,249,94,249,86,209,191,239,253,93,131,0,5,131,38,43,75,91,32,102,97,78,46,197,34,74,238,117,145,196,247,20,216,33,1739150235968,/dev/cu.usbmodem1413101
222,3,64,150,159,250,80,221,208,240,101,65,58,52,118,72,65,127,215,208,3,175,53,64,87,7,190,179,191,48,232,200,213,163,154,21,232,217,222,16,41,90,84,165,26,51,6,203,171,40,129,220,246,169,229,133,63,192,103,204,73,255,240,80,202,82,112,212,157,193,231,127,97,161,92,63,144,141,168,110,68,68,125,166,46,1,10,118,69,133,4,55,249,21,44,83,251,45,62,132,222,135,214,206,54,2,50,87,168,221,171,52,194,50,39,193,77,229,79,56,77,28,181,203,79,210,217,199,155,157,96,5,162,181,232,160,182,230,16,189,200,143,76,132,89,89,171,232,53,80,17,140,236,200,69,202,85,230,182,41,59,151,181,64,114,30,201,58,12,31,153,70,89,78,98,135,145,149,44,16,4,21,156,218,147,243,53,9,83,39,248,16,191,117,122,139,177,85,66,128,140,78,78,81,25,26,66,33,212,172,160,176,20,191,181,94,45,248,159,154,203,2,108,115,33,26,79,112,199,231,220,22,49,242,171,99,134,90,114,14,210,221,235,97,222,107,184,106,40,54,1739150235969,/dev/cu.usbmodem1413401
185,83,29,74,42,246,133,209,87,106,158,206,194,52,187,13,53,75,35,177,128,10,158,78,46,169,11,50,103,16,182,194,57,220,46,244,42,35,99,102,18,182,47,225,75,166,155,207,254,53,18,86,253,20,48,24,99,211,89,201,252,249,204,33,17,149,25,252,238,123,25,47,25,174,127,215,134,108,214,235,96,70,202,86,201,99,249,13,15,6,178,159,16,31,36,34,52,35,71,36,160,9,118,108,173,184,251,223,176,204,124,108,164,69,185,32,22,34,84,249,62,41,155,25,225,83,58,57,39,228,184,95,23,236,201,205,112,237,196,240,150,70,210,213,24,223,229,95,24,35,154,66,217,136,116,236,48,11,43,235,52,126,81,243,185,165,2,198,225,159,230,108,246,48,77,68,178,223,168,166,215,217,201,32,154,247,98,39,86,5,195,219,92,62,37,99,108,71,9,44,75,102,56,39,238,41,71,66,104,159,34,59,207,26,44,46,66,100,134,182,19,4,241,124,4,207,52,8,36,249,21,159,194,110,91,237,193,166,129,94,51,217,0,97,146,9,202,17,156,30,1739150235969,/dev/cu.usbmodem1413201
161,132,195,126,149,214,252,61,172,160,98,130,69,46,119,16,0,108,52,133,135,94,205,92,29,199,30,150,78,45,191,15,190,16,76,173,0,187,50,20,232,198,7,186,25,86,173,62,90,236,113,11,5,113,95,55,104,237,242,143,36,8,4,134,86,184,8,219,53,27,154,178,80,132,126,50,93,121,29,27,112,162,60,241,195,86,239,149,66,25,251,150,99,84,98,94,160,101,209,163,239,33,158,208,91,93,146,146,112,204,7,131,107,127,119,149,118,103,76,5,103,81,177,154,17,137,60,249,146,63,33,155,138,75,2,99,164,169,135,4,188,160,163,26,184,15,79,162,67,87,177,148,243,57,26,31,193,139,7,246,4,214,39,248,35,193,231,249,246,163,215,46,156,208,192,235,55,168,158,193,56,228,48,190,132,147,199,236,23,209,141,90,108,157,163,179,110,196,167,189,29,177,63,74,101,96,16,23,47,213,117,87,198,142,87,144,20,59,150,31,141,16,208,186,186,130,6,43,98,5,110,189,117,40,7,223,42,199,237,208,207,174,62,43,77,135,4,66,17,79,1739150235970,/dev/cu.usbmodem14124101
69,35,7,39,124,87,199,90,190,161,105,232,102,69,14,94,78,197,115,31,129,146,110,164,214,246,158,35,255,17,198,52,41,172,77,188,5,84,108,45,152,45,251,153,52,48,64,166,4,198,221,143,73,41,52,62,121,67,156,221,108,39,18,126,96,214,160,42,241,125,60,98,160,227,29,149,154,80,235,188,141,72,242,45,8,232,215,63,21,41,203,90,240,58,169,154,4,62,158,149,116,2,186,44,248,6,151,189,38,213,96,46,39,241,135,79,34,148,30,205,14,34,55,143,213,187,244,149,36,84,31,95,164,175,86,172,130,116,106,158,51,121,144,75,216,176,22,93,38,204,184,150,128,107,120,247,212,99,221,137,31,141,188,14,231,94,40,223,31,154,244,84,62,247,149,121,15,199,62,104,246,197,205,60,226,165,253,199,160,132,92,114,111,211,151,61,236,16,45,146,228,227,167,37,3,31,207,82,218,37,249,159,150,182,220,69,213,248,53,57,245,185,28,34,210,232,219,231,79,247,240,26,160,166,182,47,186,101,3,56,241,253,125,159,71,39,183,180,32,159,1739150235970,/dev/cu.usbmodem1413301
229,211,84,173,240,186,175,246,116,43,77,108,88,68,173,46,83,67,130,99,231,71,155,210,188,68,2,111,162,198,188,173,90,185,137,203,21,57,205,121,144,174,250,37,113,149,149,38,137,130,2,158,200,101,191,179,103,202,242,254,103,87,189,58,225,184,89,141,114,28,245,58,202,228,115,137,190,136,238,59,159,57,228,60,210,59,67,171,127,127,108,136,147,114,155,209,131,139,87,99,74,163,43,160,65,81,151,82,39,127,150,184,207,195,227,172,91,126,126,215,225,191,61,192,79,129,159,180,38,1,61,7,69,184,143,157,211,157,243,128,215,237,234,236,84,178,237,10,120,108,133,22,191,223,227,143,94,4,178,235,20,58,61,42,64,23,182,228,14,203,210,26,223,73,127,173,149,229,8,240,188,215,213,103,142,37,60,165,203,108,141,25,24,190,2,226,167,218,160,238,47,53,127,254,206,74,173,116,52,225,193,0,251,76,19,222,93,21,68,4,213,244,217,237,24,80,66,35,103,230,181,218,158,139,51,188,59,248,166,209,110,146,120,183,157,250,176,178,53,195,1739150235971,/dev/cu.usbmodem14124401
243,166,202,251,237,148,222,250,154,222,157,13,178,54,216,111,104,15,150,195,15,196,101,189,82,163,87,143,195,20,126,243,244,52,165,211,245,42,98,49,204,132,229,174,242,35,67,139,249,177,64,168,236,125,26,145,61,90,101,248,141,199,142,31,155,200,185,109,209,180,248,96,238,238,230,32,65,44,108,207,211,202,99,57,76,156,127,150,113,19,94,28,160,143,32,229,119,142,107,122,2,118,83,131,233,126,46,255,17,39,224,130,59,9,51,51,18,85,45,141,210,104,22,167,159,173,65,160,32,242,76,49,222,38,245,110,231,129,250,141,134,128,15,162,244,110,222,193,139,211,84,138,157,198,127,92,93,12,150,85,64,206,153,98,115,112,144,248,137,155,88,181,54,148,196,115,150,225,175,68,160,202,52,166,59,148,109,122,98,93,63,246,126,4,239,242,71,89,39,20,71,65,125,54,87,57,127,86,171,79,23,154,34,87,102,162,253,226,92,60,243,155,48,53,196,244,70,49,82,246,134,139,95,54,223,247,202,91,23,239,145,126,80,247,141,114,42,81,227,196,1739150235971,/dev/cu.usbmodem14124301
240,204,128,223,90,232,71,255,84,85,252,139,128,85,56,51,210,139,191,11,42,135,241,21,5,36,194,147,49,108,15,102,200,95,16,91,47,183,214,89,47,184,145,217,77,47,144,24,191,212,119,49,66,119,187,142,239,236,61,108,198,94,69,68,197,67,177,234,180,225,162,190,172,52,76,226,95,233,102,202,105,251,43,228,225,71,9,148,234,58,119,234,51,121,92,191,69,216,114,1,80,223,140,94,188,151,229,26,240,129,222,216,162,108,157,183,218,224,197,20,91,38,134,237,210,164,194,92,142,227,161,182,171,199,212,170,133,246,57,191,51,198,73,179,178,219,184,165,210,242,150,122,158,65,116,37,218,162,207,200,109,39,250,152,168,231,50,143,131,34,9,22,181,230,158,48,222,165,112,133,217,120,131,62,68,86,2,128,171,40,201,151,17,183,75,16,54,30,179,178,214,66,26,6,144,236,94,193,70,113,136,90,229,201,40,93,244,110,51,91,207,86,162,74,114,1,212,90,95,223,83,95,59,166,66,228,162,231,194,105,207,77,12,176,12,116,206,250,204,252,1739150235972,/dev/cu.usbmodem14124201
249,234,134,181,184,50,55,110,99,157,177,9,110,186,69,69,162,31,74,68,98,214,135,4,74,200,7,72,235,26,162,69,250,102,96,19,185,249,237,211,63,8,168,106,196,109,90,123,176,193,244,15,218,81,45,84,143,168,61,211,255,87,102,177,149,140,3,8,97,212,179,249,250,55,9,46,10,3,253,134,254,189,190,226,148,114,145,21,174,14,15,236,38,206,235,48,204,4,213,192,133,221,63,110,175,17,247,231,164,240,233,49,62,21,1,77,108,45,79,164,123,224,128,165,17,248,95,123,161,245,226,51,214,28,249,232,13,203,91,70,134,6,101,45,190,55,156,129,214,79,198,213,117,138,135,128,21,4,241,48,179,254,199,246,215,139,126,228,69,26,201,237,179,68,230,113,33,206,33,200,167,54,191,219,165,200,184,210,16,197,112,137,149,122,47,61,38,93,65,120,107,237,23,230,189,76,229,122,248,250,153,99,155,175,238,0,125,63,207,144,31,71,165,234,30,71,245,252,161,160,17,11,151,82,207,183,229,84,64,42,205,188,98,49,203,250,98,128,71,34,1739150235973,QBYTE | time-stream
216,43,76,208,81,124,209,20,134,129,149,62,93,243,179,201,24,172,244,92,230,7,128,175,199,34,243,7,127,247,14,210,113,117,152,134,80,244,71,123,41,119,210,222,226,203,129,177,49,63,173,232,54,110,209,86,42,61,222,152,88,64,111,70,197,47,104,19,198,183,220,159,134,156,234,228,203,178,33,148,95,9,84,129,125,196,180,166,235,238,182,16,156,219,204,197,56,132,183,0,50,75,48,183,100,118,222,42,60,55,117,192,81,44,8,11,55,158,186,133,74,193,169,128,143,50,128,116,38,146,47,96,136,93,26,253,77,150,4,254,52,28,96,177,62,252,144,218,128,138,184,243,65,160,40,39,160,242,25,6,21,118,30,19,122,122,224,20,71,49,225,165,138,255,95,197,124,103,192,112,120,179,202,58,167,7,102,233,9,119,80,124,176,28,142,254,23,89,233,147,135,41,212,136,177,162,99,64,173,243,98,204,120,76,230,80,2,91,238,136,218,98,155,44,27,233,202,236,109,143,181,229,19,196,91,171,106,130,131,67,120,127,211,27,171,72,238,50,130,170,1739150237044,/dev/cu.usbmodem1413101
94,50,17,44,234,184,214,153,11,119,158,125,229,20,128,117,5,138,235,215,54,54,201,241,127,219,181,230,42,113,102,153,147,55,248,246,147,103,229,130,28,19,149,199,37,99,32,111,222,20,174,239,65,225,85,224,113,133,9,136,170,160,194,26,252,235,175,132,59,205,5,202,176,82,162,251,205,232,186,167,31,209,201,92,230,95,75,213,138,4,248,210,151,159,216,31,237,176,193,47,158,92,137,112,199,238,192,98,196,131,60,206,187,166,34,252,114,15,216,5,174,135,155,142,48,236,48,103,144,140,56,85,165,230,86,141,61,222,48,112,155,229,192,72,184,211,153,45,98,19,110,212,192,243,28,72,17,124,101,179,234,175,253,255,28,213,122,132,144,107,226,94,171,135,202,215,43,6,134,205,224,249,28,124,107,69,92,8,121,239,251,146,6,222,247,116,168,119,193,90,235,47,225,56,82,34,213,116,202,162,150,239,76,109,108,137,20,4,154,123,172,228,12,224,185,163,65,48,156,153,131,178,139,224,177,90,242,31,25,207,107,170,212,138,23,254,131,181,121,223,1739150237045,/dev/cu.usbmodem1413401
153,41,43,204,237,79,118,63,210,73,203,51,59,21,144,76,240,239,60,209,235,44,99,39,64,229,60,62,236,127,236,233,2,71,216,232,20,244,129,179,200,73,85,1,56,21,250,242,30,172,8,98,234,164,141,135,190,182,233,237,119,134,165,161,58,145,24,203,164,23,61,141,130,197,199,229,35,25,188,99,131,93,77,140,37,164,194,132,108,148,21,131,65,214,10,121,73,180,242,72,111,167,140,160,248,47,77,84,51,169,129,191,16,82,37,48,106,210,200,26,86,83,227,41,179,178,125,48,3,207,151,47,101,170,82,22,218,188,103,184,207,208,48,237,228,237,140,84,27,218,67,253,92,25,227,95,12,81,54,77,134,211,64,117,146,127,61,129,54,223,33,191,43,77,46,236,98,128,251,40,84,240,90,99,248,206,60,247,122,211,152,199,81,81,156,165,29,180,145,78,129,86,132,13,58,110,93,126,119,207,91,132,47,30,199,12,63,188,228,145,12,207,0,53,145,246,251,60,40,255,247,218,5,1,123,176,72,66,250,243,205,84,32,199,13,181,190,147,149,193,1739150237045,/dev/cu.usbmodem1413201
30,154,146,14,94,183,170,211,157,239,48,120,120,198,50,228,69,21,196,121,220,200,123,102,39,93,129,89,229,19,104,137,35,187,205,80,188,214,104,56,192,185,182,161,212,42,179,16,132,176,153,72,100,165,123,181,124,115,60,73,60,6,50,187,190,50,250,163,73,83,222,207,113,193,227,174,247,109,114,189,39,253,70,244,41,208,48,223,245,47,1,37,73,140,30,189,21,44,98,190,61,235,100,19,49,76,209,5,66,184,164,21,158,118,204,43,81,237,239,223,186,81,242,35,0,26,147,199,196,60,86,65,122,126,203,79,17,237,44,20,178,76,203,60,104,14,32,115,122,167,160,127,17,162,237,7,139,207,40,44,121,219,238,113,12,84,78,220,63,114,198,221,29,26,71,248,110,130,250,149,22,128,114,96,186,85,136,50,151,44,219,50,58,142,77,174,46,13,94,115,132,78,137,141,55,125,27,65,189,218,158,102,74,70,117,8,44,71,97,35,56,141,193,12,94,158,231,190,13,39,13,107,32,196,7,189,188,236,190,58,118,99,16,201,14,201,23,187,54,56,1739150237046,/dev/cu.usbmodem14124101
117,59,121,119,133,54,74,254,90,40,163,111,162,41,82,236,53,152,174,243,243,142,248,190,67,13,195,10,217,37,254,117,218,19,125,67,227,123,142,228,126,166,44,250,46,212,219,155,180,12,126,123,81,3,5,6,141,159,49,198,79,214,120,56,113,46,74,228,138,226,67,218,218,240,110,250,69,207,114,92,143,104,77,222,222,195,60,123,15,88,233,141,91,232,83,4,227,135,52,171,138,105,160,154,81,223,78,122,148,227,9,56,200,113,144,74,229,237,47,10,108,208,139,148,10,9,158,6,187,184,44,92,242,180,197,1,92,231,249,179,223,54,119,123,32,136,0,237,37,187,142,175,200,124,96,77,60,226,0,155,137,219,20,183,205,131,236,236,138,230,23,75,234,111,167,124,5,78,66,71,99,160,15,73,231,231,221,53,63,181,240,171,75,96,18,181,42,184,150,32,88,17,0,173,195,179,233,122,153,3,21,225,238,145,151,146,38,79,60,181,227,222,178,119,102,35,46,173,150,222,233,52,178,225,138,165,45,38,152,186,15,47,154,248,8,153,173,12,244,21,1739150237046,/dev/cu.usbmodem1413301
168,113,48,73,161,100,25,145,234,254,238,108,155,227,75,210,189,80,253,217,228,161,193,220,143,103,233,25,130,132,121,113,96,34,96,221,166,1,119,246,30,20,223,95,236,79,20,84,149,150,81,42,23,42,196,38,48,224,202,53,1,159,115,75,169,245,30,5,39,80,252,105,72,101,194,178,244,61,100,7,207,58,120,249,65,126,49,211,92,41,194,195,44,13,150,147,86,143,51,250,143,243,212,30,16,58,254,162,232,20,157,166,40,249,22,142,178,116,187,212,89,129,189,92,146,112,97,251,197,176,80,250,87,182,131,211,213,142,205,182,194,192,145,217,125,100,12,198,18,77,221,126,68,31,183,13,236,28,150,147,184,185,250,45,161,149,41,12,127,219,199,146,18,123,13,158,150,169,162,163,126,165,84,18,91,171,133,142,165,177,226,252,112,52,3,123,140,114,154,203,238,220,217,9,185,246,252,51,249,203,137,202,135,110,255,196,21,249,43,120,191,73,232,182,188,70,30,242,43,99,174,5,60,134,21,107,216,68,235,98,175,112,58,155,184,248,79,166,188,134,1739150237047,/dev/cu.usbmodem14124401
51,52,77,38,172,236,84,245,215,18,219,115,236,222,98,150,44,17,25,234,103,82,177,169,225,84,235,45,160,247,158,199,241,42,119,130,105,184,200,27,122,130,118,14,38,224,133,62,161,128,0,133,135,69,217,197,123,211,154,220,2,225,88,239,118,240,137,61,159,177,14,197,32,80,224,230,37,234,99,27,146,105,223,91,85,237,221,27,163,21,110,230,189,130,203,53,121,175,210,192,162,105,202,126,226,37,173,93,169,76,43,241,187,31,47,192,145,170,98,219,26,41,119,149,55,133,225,112,130,225,76,147,51,152,183,229,139,43,222,99,11,172,40,182,45,100,75,137,55,221,63,121,159,82,111,58,83,163,150,107,171,33,112,80,203,129,96,189,71,135,252,228,161,176,242,157,1,132,33,208,41,162,9,107,4,162,159,174,217,6,147,36,224,227,122,44,79,27,181,66,51,53,252,152,109,196,209,145,32,164,128,193,16,246,101,166,14,150,82,145,198,195,71,128,184,162,154,132,250,103,57,235,65,8,45,204,136,193,103,71,20,81,129,14,157,238,7,172,182,83,1739150237048,/dev/cu.usbmodem14124301
224,103,199,73,251,38,33,10,98,186,146,212,159,123,3,166,156,177,105,210,240,246,73,198,98,224,48,82,109,178,170,4,106,7,250,39,250,178,246,59,150,128,158,94,140,202,66,144,198,16,124,183,72,229,196,66,152,171,236,249,133,200,165,240,129,164,232,101,2,58,99,201,113,68,37,233,73,2,96,206,45,65,64,215,44,183,196,25,168,139,154,244,194,228,103,218,169,187,152,150,147,118,142,40,201,251,230,114,24,10,159,139,178,164,154,2,43,92,31,145,128,62,211,178,219,227,99,219,127,2,8,243,109,30,25,33,85,48,124,5,247,4,166,234,31,173,21,135,45,68,81,249,184,7,114,204,80,4,133,201,201,147,239,114,69,90,27,120,214,14,148,144,57,109,229,248,132,234,160,213,112,254,70,152,225,225,115,118,224,110,109,119,204,50,3,236,214,111,60,226,120,104,119,106,231,167,209,46,71,26,240,139,56,95,240,131,10,22,109,12,215,124,35,27,243,156,14,52,43,149,159,76,188,251,207,43,227,51,230,68,168,212,198,125,37,151,53,139,246,208,1739150237048,/dev/cu.usbmodem14124201
15,179,39,111,123,164,253,241,199,46,244,172,177,91,233,26,144,180,196,49,103,94,144,18,144,159,10,234,202,14,95,236,226,162,229,243,189,193,140,64,177,36,191,76,67,38,224,93,51,61,193,78,112,7,174,35,199,122,143,98,112,0,204,42,146,232,16,70,32,7,232,168,6,75,5,19,15,52,64,99,27,2,60,14,113,8,25,130,160,190,133,56,11,157,105,102,236,176,171,222,202,222,97,166,0,192,121,238,68,20,76,64,141,157,240,234,147,193,172,209,167,2,177,235,120,105,35,178,242,6,238,157,201,235,61,63,236,107,233,65,51,59,51,214,101,233,247,245,174,139,8,244,103,222,240,129,229,73,231,126,83,1,60,80,26,73,87,232,186,67,92,52,119,230,65,129,77,234,38,225,158,99,234,237,215,214,58,71,62,11,4,31,202,152,192,143,179,41,98,191,148,142,106,102,30,181,229,253,170,50,221,160,16,47,197,174,50,146,217,17,15,236,104,175,252,121,51,177,184,129,45,112,206,117,235,213,242,163,44,158,180,56,208,143,183,210,20,34,80,156,1739150237049,QBYTE | ecclesiae
172,197,237,106,44,175,235,71,241,156,131,96,92,233,210,65,210,128,191,245,141,52,220,99,171,254,176,197,2,164,53,253,47,11,14,2,190,26,241,4,221,75,49,178,13,228,96,61,54,194,92,211,169,95,109,135,22,145,6,154,49,240,63,112,148,97,190,166,97,242,192,6,13,254,229,220,182,213,191,199,23,173,248,186,255,13,13,51,246,136,77,248,77,125,209,77,130,39,3,23,244,5,227,127,210,162,172,89,253,139,1,143,18,89,212,50,113,218,104,180,57,181,70,65,135,55,61,250,128,159,166,255,88,206,40,93,160,176,161,248,188,104,239,116,113,214,171,163,189,40,174,147,150,81,9,79,218,170,102,221,146,9,245,35,12,57,202,235,85,200,171,152,184,9,68,240,146,250,177,73,30,251,124,252,152,67,130,61,44,25,162,212,145,240,237,107,179,176,163,212,157,1,135,185,65,167,70,237,159,166,87,63,12,180,136,22,166,197,121,207,198,122,204,102,111,114,154,186,139,111,167,13,255,109,147,152,217,86,135,186,238,138,208,96,251,206,146,189,59,206,1739150238121,/dev/cu.usbmodem1413101
104,202,6,246,172,164,185,1,218,123,162,245,107,92,175,161,119,233,61,126,251,162,194,114,188,109,203,54,51,183,173,251,160,149,1,36,242,29,58,253,245,136,23,82,54,197,182,242,126,22,222,171,206,244,14,211,120,189,154,175,218,50,68,110,143,102,63,163,72,28,234,166,198,142,60,160,118,151,85,83,62,50,249,192,83,217,123,55,239,43,92,106,62,239,190,109,61,141,56,162,7,139,49,111,189,211,171,171,134,211,183,82,0,105,87,173,38,13,230,206,33,182,247,137,25,32,123,219,32,158,134,12,91,108,27,101,93,54,37,175,27,34,242,66,185,49,39,241,25,216,78,172,221,223,142,77,204,118,88,254,63,218,134,237,186,153,217,114,237,107,26,97,124,32,198,186,84,41,197,179,231,91,248,123,17,166,84,218,181,215,103,116,143,156,70,170,226,205,60,136,139,188,230,96,25,232,220,12,157,169,113,57,118,5,93,147,33,194,206,233,8,219,41,242,213,249,55,203,195,135,181,79,27,204,204,218,215,134,85,13,200,27,212,15,219,70,77,252,153,147,1739150238121,/dev/cu.usbmodem1413401
77,59,165,237,236,232,169,110,37,141,16,101,13,71,57,144,221,24,204,91,199,14,187,158,156,174,236,155,203,148,150,70,239,160,110,36,249,198,238,36,0,204,99,217,32,85,176,168,16,27,171,86,243,189,122,239,255,157,50,11,26,92,89,63,170,39,233,100,28,17,185,114,36,190,227,216,163,199,254,234,59,92,147,162,140,34,33,201,155,113,59,104,227,29,135,148,211,18,58,155,121,3,185,130,248,198,148,24,9,133,101,182,78,61,243,209,106,30,132,209,33,10,70,232,87,182,102,144,120,83,78,188,87,113,65,254,65,157,11,169,72,115,156,179,141,109,125,52,210,164,169,22,158,142,195,31,114,106,196,102,207,160,0,6,71,161,110,148,60,59,56,122,45,214,149,65,253,172,181,219,188,42,49,182,116,60,147,236,232,225,163,187,139,110,247,9,45,167,14,16,216,124,203,119,206,242,230,7,45,190,57,110,201,234,45,119,39,176,124,28,46,221,149,196,245,210,74,215,105,120,74,101,92,156,17,238,16,220,207,121,103,121,138,103,228,254,191,107,36,244,1739150238122,/dev/cu.usbmodem1413201
190,248,36,62,167,149,232,20,206,92,16,147,227,44,173,206,11,83,151,45,227,213,10,148,180,19,216,161,208,23,202,102,19,125,38,154,105,50,0,50,9,214,95,226,211,191,222,131,232,179,166,246,129,105,35,76,2,52,180,240,138,125,153,226,199,33,134,127,104,97,144,64,255,239,201,208,230,39,227,87,128,21,56,244,104,189,140,81,190,196,239,23,186,251,162,250,29,20,56,148,192,49,109,171,39,101,28,200,108,131,148,86,55,58,233,88,10,111,248,224,127,62,56,247,216,196,198,235,149,194,166,66,152,67,82,204,66,94,188,219,227,211,223,150,113,205,89,235,138,79,183,70,113,181,2,31,15,63,194,19,122,70,192,155,140,220,105,162,136,166,222,45,142,120,235,91,194,161,114,45,82,213,221,171,38,100,29,116,243,129,230,166,171,70,115,254,237,236,8,131,74,98,202,89,47,15,164,6,110,0,16,210,187,96,157,113,30,60,80,176,61,20,172,139,52,98,57,62,26,250,126,107,173,25,129,1,185,66,138,3,211,155,27,61,172,71,134,133,229,143,1739150238122,/dev/cu.usbmodem14124101
112,183,193,100,9,230,158,165,244,89,71,128,128,38,221,93,56,8,136,76,191,62,5,63,167,36,27,178,197,244,16,142,165,146,241,75,113,34,224,31,39,157,52,103,244,30,2,221,53,97,209,11,244,33,104,148,79,129,93,250,199,112,169,235,79,228,33,240,224,24,103,11,43,83,124,169,44,156,93,172,24,195,0,4,160,125,22,156,152,203,248,168,51,2,209,20,211,85,43,84,82,12,125,40,215,174,6,3,82,24,202,132,200,58,197,253,193,56,58,221,1,30,2,155,112,142,9,245,55,101,3,82,160,117,111,170,24,59,155,166,100,107,123,42,75,3,255,59,25,84,7,209,165,178,148,66,172,76,17,233,111,68,115,202,109,83,137,133,24,132,53,82,78,241,233,63,214,206,226,242,227,14,14,19,22,63,239,85,98,219,94,24,92,64,48,173,39,45,169,86,162,167,223,223,83,224,137,222,206,170,16,133,73,249,135,170,101,61,115,86,178,137,127,79,74,27,79,235,48,255,103,189,199,82,127,159,12,167,209,103,38,9,126,154,154,159,22,210,173,123,1739150238123,/dev/cu.usbmodem1413301
211,95,208,220,93,65,166,196,251,49,14,224,198,240,60,118,222,183,123,205,75,76,72,35,20,197,144,59,242,226,242,241,159,158,29,92,139,107,11,125,249,25,247,241,113,83,60,245,236,211,128,85,44,80,6,193,106,206,245,102,111,115,237,191,158,90,239,118,89,37,57,110,96,194,170,4,53,38,138,78,233,81,0,26,10,1,200,251,96,79,254,220,51,4,237,228,152,192,220,186,147,161,160,123,1,172,210,176,114,174,97,176,40,182,208,71,110,220,143,133,96,104,58,97,195,173,249,11,61,200,191,19,206,21,39,36,29,156,55,188,220,100,218,204,255,120,44,121,75,255,244,38,215,215,81,200,128,134,88,218,88,215,153,142,70,80,216,21,53,225,128,101,102,44,32,3,13,24,174,69,133,45,107,246,0,221,16,107,236,15,7,139,20,60,26,172,6,130,140,5,63,234,108,119,199,207,221,94,154,232,19,205,154,149,133,71,100,128,205,182,195,143,163,207,116,87,215,86,249,60,250,115,191,189,225,50,35,163,41,31,10,137,195,136,108,228,248,185,94,189,1739150238123,/dev/cu.usbmodem14124401
54,208,81,141,12,202,170,91,243,73,24,105,128,20,187,103,51,159,133,40,24,202,30,86,181,69,32,45,1,103,54,121,206,231,136,183,141,52,130,50,172,2,208,9,88,244,108,175,112,176,186,53,9,79,56,191,107,122,98,31,159,43,139,82,114,106,142,221,177,136,10,70,35,190,247,48,209,177,35,149,127,147,195,253,179,241,68,79,30,26,124,222,54,153,53,96,30,202,187,138,117,225,82,105,155,150,138,152,152,130,224,222,106,205,60,15,73,102,187,73,156,128,228,48,186,245,68,144,241,34,142,11,112,211,25,248,189,12,212,116,218,67,247,3,241,93,114,195,47,81,100,195,55,114,151,135,138,65,38,163,147,249,48,33,252,158,190,120,68,90,9,217,154,229,37,61,13,11,73,193,166,186,74,248,91,158,254,27,183,153,31,180,5,166,23,238,124,149,64,125,248,186,133,144,15,225,17,142,221,57,57,145,79,11,27,224,183,68,159,186,11,223,25,168,166,82,177,31,161,214,106,53,182,23,51,111,77,100,64,14,109,186,13,101,143,46,152,40,213,251,1739150238124,/dev/cu.usbmodem14124301
115,83,99,17,248,174,56,30,147,134,198,69,166,14,200,121,67,83,30,235,59,24,42,102,220,7,142,76,214,234,73,129,75,144,129,108,239,132,86,199,193,125,109,67,133,96,38,212,141,195,169,85,230,180,7,100,82,146,92,251,209,171,29,56,211,15,154,223,105,56,233,4,248,22,31,190,155,220,184,37,9,242,139,180,247,60,26,210,218,102,253,28,191,252,14,184,129,176,226,66,146,245,129,60,69,188,215,161,169,117,163,207,156,220,162,197,250,81,82,182,158,126,212,94,85,244,142,78,185,104,199,164,159,90,110,187,72,58,114,167,10,45,251,214,11,55,27,144,144,182,164,171,195,206,86,25,2,201,154,99,111,241,17,221,152,184,125,122,168,227,148,110,79,192,48,194,153,157,204,238,130,198,209,72,131,140,93,80,225,12,18,55,144,247,161,116,251,22,108,65,174,11,116,40,183,247,216,44,194,229,208,210,241,145,207,146,224,97,209,222,140,63,7,144,96,123,40,91,100,205,141,185,168,95,36,179,152,130,14,44,62,43,5,133,146,51,54,10,220,203,1739150238124,/dev/cu.usbmodem14124201
209,167,73,107,107,181,185,24,175,145,182,47,185,18,123,139,229,81,177,191,133,237,214,55,229,141,106,33,202,11,89,161,204,56,162,84,68,10,26,120,146,34,100,7,144,18,204,183,148,189,205,230,34,245,107,121,143,34,140,182,157,96,105,253,6,218,52,154,60,19,190,181,128,24,205,87,214,117,187,123,21,37,226,123,166,250,91,102,0,238,66,91,163,23,77,102,165,67,151,156,108,5,8,63,184,250,6,168,15,31,175,24,125,170,18,102,43,117,174,236,37,191,199,67,77,71,220,122,15,119,61,227,77,121,31,199,14,212,57,236,100,139,243,32,122,86,18,156,17,87,205,240,34,108,66,22,207,203,205,165,211,174,120,235,50,248,134,61,205,226,127,46,154,127,32,147,182,158,122,148,85,0,150,207,21,77,4,10,90,239,212,173,227,105,179,173,55,26,144,160,79,95,34,231,149,139,69,194,10,47,229,177,101,205,179,28,232,19,107,14,43,142,30,99,131,94,223,97,55,178,92,14,115,131,70,220,93,172,33,151,237,98,32,199,131,87,166,230,153,208,1739150238125,QBYTE | woodfire
118,243,125,125,73,166,48,201,167,215,37,54,182,133,6,155,144,49,7,159,162,248,208,226,239,59,134,13,154,127,249,139,191,157,226,218,10,254,118,85,79,145,1,106,196,86,237,93,55,18,198,53,103,123,201,148,80,206,107,69,22,120,241,116,34,53,119,71,18,116,48,0,10,78,78,154,198,0,240,84,216,15,25,72,144,88,74,91,51,68,102,69,139,68,90,67,128,71,108,253,158,236,15,61,106,119,252,176,195,166,193,235,49,80,184,190,81,182,129,38,161,198,0,249,111,94,244,27,58,86,34,30,231,158,136,3,248,25,113,138,38,142,39,9,194,57,68,140,167,32,87,126,133,187,159,195,92,37,251,241,128,13,165,47,104,86,68,148,128,102,164,209,116,81,235,34,28,166,135,185,53,53,11,6,133,213,148,125,183,162,250,124,63,230,142,27,179,134,250,9,12,150,93,166,17,255,137,14,97,192,128,192,133,197,214,181,176,174,84,98,7,133,255,156,132,26,13,108,6,93,180,107,167,201,252,12,111,40,201,200,228,175,220,244,0,211,134,237,12,128,1739150239198,/dev/cu.usbmodem1413101
148,9,239,127,235,75,76,253,27,79,109,17,148,66,48,237,31,51,217,255,245,255,215,209,159,238,168,38,133,254,237,196,144,62,15,255,57,14,43,32,69,211,18,51,52,168,116,247,141,40,30,93,34,216,96,225,17,91,165,64,238,58,55,229,200,192,78,150,1,82,233,42,242,2,209,163,247,77,83,77,60,102,109,211,90,212,160,84,11,158,203,172,127,45,108,44,218,106,71,88,152,137,187,173,143,115,193,131,151,185,238,123,146,254,102,234,110,109,227,43,213,134,161,253,45,59,208,234,229,69,150,122,248,214,250,8,164,25,182,109,142,1,249,232,31,66,86,236,191,161,68,254,16,208,86,9,107,193,229,163,44,216,163,25,62,62,221,79,99,102,161,174,79,89,109,208,114,2,126,73,203,113,183,133,217,1,45,136,187,250,55,155,100,249,4,1,191,248,238,25,166,134,160,101,174,23,220,53,123,129,133,209,93,179,12,202,81,198,209,141,49,110,36,44,199,131,209,34,186,29,193,245,84,128,12,197,58,139,141,171,237,166,84,67,159,36,101,103,146,233,1739150239198,/dev/cu.usbmodem1413401
120,53,81,109,6,223,247,73,252,77,47,41,249,112,251,16,113,149,159,5,210,236,24,89,99,21,21,99,0,73,225,106,129,175,209,89,114,83,131,124,157,112,187,89,74,11,201,179,139,7,204,2,193,132,218,224,20,78,143,234,187,1,30,120,178,136,206,112,232,65,174,211,113,145,110,80,167,20,54,205,220,238,253,136,209,237,143,184,237,233,228,144,106,117,14,207,48,44,141,199,181,121,156,14,81,120,89,110,177,115,13,252,6,150,32,91,47,255,138,69,204,62,29,228,52,221,61,99,182,68,117,34,56,53,219,53,249,49,87,237,184,10,45,174,160,84,55,14,193,59,217,74,108,106,245,134,154,240,45,75,57,183,179,152,123,62,232,126,129,213,203,130,226,111,186,20,11,14,202,64,179,228,208,148,52,109,19,188,239,135,195,55,1,216,14,169,142,101,163,40,105,144,13,97,91,191,207,33,24,96,55,41,95,145,167,251,242,154,155,49,195,168,122,183,129,48,162,187,35,65,156,247,85,252,193,19,197,117,140,24,250,120,165,52,198,60,52,131,23,176,1739150239199,/dev/cu.usbmodem1413201
49,23,211,83,184,88,72,156,236,8,145,129,77,88,253,214,140,3,76,5,170,182,224,203,13,156,147,115,247,150,155,0,91,231,40,42,48,94,63,189,27,204,133,219,2,56,253,33,70,10,156,197,151,94,18,163,155,167,142,48,106,8,48,111,111,111,210,247,229,157,70,166,148,162,131,192,93,25,253,125,3,43,105,135,132,205,10,166,239,41,37,13,106,53,49,87,132,7,255,50,101,140,109,248,137,29,92,169,27,108,202,118,54,237,13,57,75,17,197,152,101,69,17,240,92,180,141,45,93,28,30,111,246,191,248,209,131,162,106,66,9,107,230,154,45,210,147,137,74,230,219,174,206,11,143,191,86,75,199,229,20,229,119,83,130,70,244,57,101,25,191,183,105,137,157,0,225,138,41,156,230,185,165,231,181,232,43,67,76,159,252,209,224,202,117,57,153,111,232,162,120,230,29,33,127,218,209,161,25,196,219,83,132,183,30,10,130,166,33,173,253,118,232,157,245,48,31,187,181,189,111,172,89,86,228,174,107,139,135,46,18,72,204,125,142,218,88,220,112,7,1739150239199,/dev/cu.usbmodem14124101
251,236,10,48,90,166,50,206,65,188,57,195,21,150,38,248,69,183,82,4,206,53,131,135,131,226,185,58,32,66,70,155,60,94,56,4,46,83,227,241,27,115,115,176,132,234,216,160,80,223,185,111,20,184,198,218,193,2,251,23,21,228,78,145,234,122,190,129,43,25,137,79,93,50,86,132,169,138,72,103,96,31,179,73,215,238,56,137,194,211,93,137,132,193,12,171,167,85,234,45,156,241,88,47,162,117,58,28,118,202,116,38,23,15,24,140,205,240,27,174,73,100,172,254,245,220,111,73,116,133,96,85,158,76,113,156,5,141,59,172,180,48,138,112,35,14,99,80,130,94,93,96,224,67,186,159,165,189,211,251,235,26,114,125,199,174,240,33,190,87,120,69,5,49,136,110,27,44,202,155,79,27,36,25,144,46,83,17,220,248,135,126,179,254,155,79,0,219,194,107,145,111,165,148,133,118,26,9,67,242,156,215,161,193,187,60,179,68,80,121,132,33,242,231,240,164,188,165,180,24,185,220,203,161,175,227,214,159,6,184,188,165,136,181,15,175,75,180,215,169,1739150239200,/dev/cu.usbmodem1413301
98,123,32,20,176,214,108,96,127,103,71,53,30,63,119,231,80,98,70,174,255,87,7,245,47,44,175,44,224,254,148,180,2,169,101,238,90,51,88,12,105,253,248,107,89,129,239,210,201,184,111,125,210,51,205,35,72,103,50,173,225,248,41,18,172,44,34,203,105,7,104,186,72,71,186,89,244,255,28,88,139,199,45,146,47,138,223,95,24,65,238,6,247,151,34,214,212,80,113,75,5,253,253,170,44,3,43,130,250,245,29,124,3,67,225,142,219,248,125,23,60,246,247,131,27,111,94,172,203,153,174,66,242,73,87,77,134,250,183,87,41,0,39,227,49,170,228,24,97,13,109,81,246,218,195,231,102,153,51,91,198,244,46,3,77,31,4,106,153,199,130,195,196,7,8,112,55,170,121,0,238,141,7,85,97,116,166,233,170,137,213,88,148,46,2,38,197,59,28,238,184,2,179,185,170,28,240,195,196,212,254,33,90,6,106,207,209,243,131,1,84,15,146,186,93,121,125,136,40,110,178,64,162,91,31,207,124,221,57,226,242,74,231,86,231,16,0,182,216,133,1739150239200,/dev/cu.usbmodem14124401
17,95,55,67,149,93,117,217,132,178,6,226,246,149,92,33,90,202,250,138,88,50,193,170,199,174,63,194,100,13,150,239,102,19,154,109,154,36,235,154,171,75,234,91,180,244,203,155,161,126,209,159,30,255,122,45,236,36,250,31,8,81,6,26,255,202,25,169,113,1,203,116,33,233,138,236,162,134,157,47,79,9,67,106,180,33,255,194,82,102,165,81,63,118,105,153,130,223,249,106,26,141,186,168,39,66,23,224,165,172,203,80,238,49,19,171,139,102,132,30,232,89,87,104,21,10,124,6,251,103,160,3,15,163,131,180,71,184,52,184,28,65,23,153,145,205,185,176,160,0,44,8,232,4,66,81,145,211,78,137,142,100,149,117,76,21,253,16,237,15,26,137,198,234,38,32,71,116,1,194,230,11,27,106,37,46,24,53,69,48,141,162,25,159,72,252,0,251,242,90,87,74,89,66,107,76,59,255,15,146,209,117,82,148,142,192,87,99,93,130,236,187,162,208,145,60,225,50,102,90,171,198,227,116,164,119,107,200,230,136,27,148,154,216,202,16,105,16,111,215,1739150239201,/dev/cu.usbmodem14124301
222,93,233,14,159,8,135,22,196,53,250,93,215,166,134,207,65,10,82,173,47,196,74,114,38,62,148,113,100,4,187,213,240,169,218,224,190,196,182,12,162,229,157,115,72,186,15,227,85,162,71,247,161,186,217,34,120,216,190,16,182,163,53,28,244,166,173,145,220,181,208,174,148,224,34,74,52,38,138,196,54,212,98,96,194,103,121,76,36,192,133,204,211,235,235,128,175,252,45,195,13,179,116,192,171,242,124,144,102,94,13,116,30,206,5,152,223,244,62,0,23,53,58,53,193,28,186,210,191,246,21,73,159,171,231,64,205,98,80,42,207,35,201,11,57,25,77,226,94,118,115,52,15,110,205,19,45,72,35,115,178,31,128,43,29,131,210,7,128,209,48,87,119,173,88,166,206,40,112,9,244,170,58,6,58,4,180,237,97,247,129,32,250,103,84,107,127,211,243,22,250,15,245,92,89,55,97,162,110,52,139,209,74,33,18,161,35,213,108,83,206,34,157,24,2,96,101,4,231,185,225,58,156,149,63,203,143,111,35,228,88,117,173,193,188,171,117,216,71,68,1739150239201,/dev/cu.usbmodem14124201
253,77,228,85,252,79,111,128,210,129,116,198,188,117,187,65,124,129,177,237,105,201,240,11,83,2,21,158,40,235,145,48,93,166,9,49,33,125,7,223,247,222,209,40,153,232,94,50,26,140,200,213,106,183,201,192,211,229,66,106,99,165,188,3,122,40,13,36,241,80,203,112,189,3,54,210,0,149,43,125,169,169,95,69,17,142,14,73,150,46,255,102,107,226,165,147,176,32,22,159,88,162,46,139,63,167,66,26,177,205,71,100,119,102,28,7,25,175,241,119,87,197,155,48,16,169,99,142,207,198,164,116,45,207,19,202,47,62,18,33,87,188,102,212,234,141,197,253,142,121,126,105,198,249,69,201,132,224,121,166,144,18,139,221,116,55,94,192,77,130,161,18,192,159,95,126,33,250,216,124,24,46,203,208,51,33,216,42,253,246,172,165,126,37,116,116,161,188,128,83,63,78,87,176,134,156,251,44,253,101,209,57,224,34,46,28,135,85,221,218,250,130,22,15,9,24,36,85,55,41,199,165,233,248,254,228,181,184,181,99,236,55,185,4,73,21,216,31,222,97,1739150239202,QBYTE | piggish
187,238,56,149,116,85,23,192,83,135,2,206,12,102,164,4,185,5,253,47,231,210,77,208,93,149,254,199,183,252,211,67,113,43,75,151,115,87,103,22,240,68,134,185,145,21,51,198,24,184,100,91,6,20,23,134,168,253,185,19,148,169,81,245,186,165,28,203,214,158,121,101,138,115,63,205,68,212,182,152,158,178,106,114,253,110,243,162,116,29,136,0,118,144,206,98,252,196,242,241,79,46,141,142,227,210,0,62,171,8,191,29,0,250,152,15,212,73,31,86,99,245,14,124,45,112,50,65,101,162,44,59,78,163,243,51,151,212,141,133,211,59,8,111,173,200,237,135,208,48,44,45,65,106,52,59,33,56,160,65,123,132,195,134,242,197,97,14,174,32,117,237,133,18,138,9,254,163,165,95,9,57,231,242,203,19,66,22,115,76,13,11,73,139,86,89,6,185,81,117,38,99,139,116,93,155,120,25,252,53,129,159,252,102,25,196,110,197,209,116,255,198,25,73,89,115,72,37,9,36,217,118,172,178,161,137,205,16,93,231,183,145,0,203,61,107,98,141,22,165,1739150240274,/dev/cu.usbmodem1413101
242,35,44,182,28,59,127,136,221,235,37,241,112,19,221,115,169,65,106,159,72,31,55,91,117,52,212,77,88,20,231,148,215,118,55,2,64,85,178,165,66,90,176,185,152,24,107,37,44,235,55,158,13,5,207,226,56,169,144,38,250,255,142,108,144,200,14,174,245,41,127,135,130,226,128,138,180,156,223,163,102,18,172,214,197,65,79,255,249,155,197,86,41,222,192,239,53,84,54,181,190,154,255,169,185,161,150,168,9,37,143,30,73,131,206,242,0,14,130,205,112,188,25,253,34,92,125,138,146,191,227,32,146,218,142,233,155,136,56,201,59,111,244,13,229,72,160,37,111,209,237,198,225,9,217,143,163,25,226,169,42,72,2,76,147,248,89,4,181,39,26,133,38,178,199,76,223,80,23,107,25,155,209,195,42,19,210,185,104,128,1,19,238,57,175,13,174,121,120,152,192,118,230,188,150,189,252,1,204,251,15,141,169,227,193,76,226,5,6,37,92,42,46,170,184,94,28,53,125,237,121,176,17,41,20,198,206,23,144,52,252,218,9,63,140,104,145,108,239,140,1739150240275,/dev/cu.usbmodem1413401
150,154,93,119,47,5,106,74,193,152,246,117,203,77,208,102,215,157,150,21,169,249,97,50,231,158,48,50,246,53,150,253,63,214,248,242,10,103,36,230,121,206,31,101,225,74,96,70,177,185,2,245,0,178,55,248,87,45,193,143,228,217,145,65,150,179,207,130,161,120,177,74,60,35,190,140,172,172,218,196,100,133,5,50,146,80,30,134,207,76,110,147,216,118,15,105,95,159,167,72,120,109,74,247,53,193,234,58,65,126,193,9,163,158,2,180,203,101,114,211,81,54,117,174,28,60,45,129,254,5,91,178,104,2,75,68,97,59,125,27,235,144,168,196,40,221,60,12,22,126,158,124,96,227,104,114,79,198,34,18,147,41,23,234,137,9,97,7,122,120,177,206,40,74,86,236,198,234,201,205,0,11,75,171,76,188,135,112,231,212,95,118,62,252,63,208,99,115,103,103,83,103,47,28,222,197,31,209,16,121,22,48,7,18,247,78,252,119,50,19,239,196,180,187,165,8,106,164,1,180,170,247,180,161,28,239,194,84,64,48,91,155,65,253,3,185,113,171,104,105,1739150240275,/dev/cu.usbmodem1413201
161,83,93,94,81,115,77,228,44,101,64,250,64,114,8,188,141,133,198,225,190,70,146,81,15,131,255,23,39,147,194,173,224,106,148,109,230,125,240,137,4,66,50,76,71,204,5,129,21,186,30,149,65,247,187,74,41,230,205,205,53,163,6,24,84,137,41,236,109,226,153,172,122,96,162,46,29,1,104,202,86,185,19,189,64,94,23,19,133,129,218,115,248,130,135,35,250,251,145,159,154,124,223,26,106,11,163,227,249,249,95,140,140,120,105,73,85,199,164,168,134,34,152,228,223,204,41,11,127,39,50,224,113,249,141,222,84,89,3,18,89,41,63,113,149,208,158,226,149,39,62,83,230,37,162,178,144,232,254,180,220,106,56,249,119,80,3,42,83,82,224,27,88,183,224,158,205,97,23,180,225,52,64,28,79,158,168,116,134,112,129,4,148,104,15,193,24,251,71,58,253,243,85,95,63,237,187,9,189,91,40,89,76,255,114,161,201,54,73,66,107,12,29,102,204,65,44,105,12,8,158,147,34,95,165,245,77,239,228,224,106,56,140,24,167,27,162,224,118,67,1739150240276,/dev/cu.usbmodem14124101
101,91,6,183,218,43,149,2,41,135,151,202,143,63,199,55,13,164,136,186,248,198,254,8,4,26,247,99,111,224,226,246,247,113,191,214,177,190,0,36,126,188,97,246,176,148,109,31,127,185,255,116,103,184,208,33,177,221,21,80,38,1,167,126,69,110,238,120,130,200,69,190,251,111,44,12,122,31,76,69,93,165,235,231,18,11,189,231,213,9,117,196,242,228,4,225,160,211,137,40,71,199,89,196,124,30,164,141,245,206,73,30,58,101,56,114,39,92,19,120,140,232,145,106,178,224,97,65,194,233,3,78,34,1,162,246,243,168,93,36,185,244,147,45,193,216,195,198,104,67,110,206,136,213,150,255,38,255,48,253,104,125,211,60,189,93,27,49,93,16,184,170,82,239,68,119,195,53,58,55,251,191,215,157,110,134,103,106,192,240,91,57,250,27,217,125,242,150,248,255,156,72,187,160,86,74,115,154,191,164,23,229,47,18,129,99,165,245,67,153,5,121,194,183,34,143,34,105,44,151,196,7,75,84,65,129,171,102,125,207,71,145,182,60,232,116,232,225,132,187,1739150240276,/dev/cu.usbmodem1413301
212,17,36,228,31,167,192,72,166,30,181,6,102,76,74,203,112,65,132,84,247,191,27,20,21,38,11,64,168,207,32,63,173,183,146,11,103,191,215,16,201,151,103,97,155,94,39,67,31,94,151,164,247,231,115,192,242,18,136,43,225,228,161,68,142,212,144,2,69,54,61,114,162,98,126,164,59,88,243,112,23,175,121,225,139,190,127,250,162,50,211,117,36,225,197,139,242,104,217,175,151,52,96,98,179,158,113,194,152,70,142,211,143,108,122,185,53,175,110,18,52,247,10,130,38,239,211,18,30,36,191,173,242,78,238,193,184,111,176,8,223,100,153,228,231,228,93,126,166,246,129,110,162,238,151,160,97,158,47,77,94,64,25,78,199,43,202,2,141,221,55,28,107,29,176,190,36,200,253,217,98,55,178,83,127,109,48,101,46,174,183,130,108,118,68,242,235,77,164,106,200,39,226,102,19,25,99,23,51,205,3,235,233,107,157,49,162,72,152,59,39,205,227,143,64,177,63,187,219,111,80,172,139,157,148,189,54,224,27,94,63,12,29,213,167,62,117,81,187,6,1739150240277,/dev/cu.usbmodem14124401
99,151,145,208,141,145,83,129,114,56,161,203,64,84,249,124,248,117,22,12,250,176,5,31,206,71,239,115,22,24,22,211,232,228,219,28,156,2,220,255,113,230,7,45,160,229,32,240,189,14,35,176,68,225,197,20,139,128,177,41,115,30,250,27,37,165,101,217,75,176,77,227,7,140,191,29,168,209,19,84,14,241,255,98,40,244,226,38,214,153,19,144,203,107,200,122,96,112,231,142,218,51,76,8,70,134,50,26,181,53,253,227,44,15,100,12,237,36,113,146,231,26,38,5,78,128,241,196,150,100,59,179,34,147,164,50,138,194,34,194,82,92,246,192,36,131,245,142,97,220,191,109,97,120,255,248,111,113,182,186,45,170,20,53,38,0,88,102,37,33,67,179,194,148,144,227,222,101,86,150,116,117,62,42,227,73,173,87,194,78,129,124,226,156,173,169,63,74,164,169,244,202,6,198,208,206,203,221,173,5,152,114,240,189,71,88,81,164,166,81,197,203,28,203,180,149,203,214,70,76,246,173,136,185,62,228,217,156,182,13,129,137,38,246,150,168,97,124,123,87,1739150240277,/dev/cu.usbmodem14124301
191,252,159,204,37,45,235,53,2,31,57,115,221,25,207,122,130,198,166,81,187,37,181,132,119,177,238,24,65,145,207,173,215,232,185,152,9,31,44,255,186,65,101,128,236,129,224,250,103,220,10,108,114,10,30,116,122,127,171,175,243,29,53,133,221,151,224,79,198,3,179,145,35,52,145,155,210,171,216,15,53,165,156,12,137,98,76,115,118,184,206,234,85,207,221,141,246,227,188,186,4,89,160,28,222,145,137,162,127,24,202,225,88,248,83,61,2,110,38,21,40,202,205,52,125,86,215,197,196,192,72,139,16,178,176,112,46,4,252,61,154,103,163,49,50,15,9,243,166,215,43,209,154,253,109,36,169,72,94,202,103,72,131,139,53,176,81,157,246,150,19,254,73,254,63,113,64,154,207,144,161,1,96,114,152,255,142,156,127,162,241,128,202,140,68,105,162,195,194,84,251,253,231,24,161,254,118,139,96,88,39,147,179,3,55,190,206,189,105,5,5,183,212,165,229,20,108,217,96,29,1,185,237,85,228,121,36,81,208,116,30,215,67,142,236,221,22,49,73,252,1739150240278,/dev/cu.usbmodem14124201
19,37,56,69,123,40,162,24,156,47,43,196,131,116,26,87,77,10,123,247,246,158,220,111,104,118,24,231,174,232,123,48,28,43,95,83,156,4,38,232,179,30,127,19,200,37,183,114,42,101,14,169,236,224,44,87,92,175,162,138,248,202,129,100,219,223,15,231,165,96,168,186,51,103,223,203,122,216,175,91,187,194,33,67,210,2,217,128,16,81,130,125,55,27,82,90,168,220,249,32,29,60,50,120,82,46,177,184,189,15,94,73,167,97,72,250,183,92,97,13,179,146,138,18,107,5,223,19,248,86,105,146,39,236,227,53,214,63,248,150,244,70,52,239,197,61,141,137,53,6,26,216,247,27,180,247,220,87,105,142,98,80,179,21,246,162,130,239,49,87,225,70,97,197,160,108,83,122,50,165,189,97,6,16,136,127,203,111,41,218,78,45,179,91,189,10,87,26,51,216,19,217,175,147,30,109,141,27,220,216,27,148,155,175,49,211,33,37,184,246,197,236,119,104,187,219,168,0,168,220,247,29,142,64,3,244,236,247,105,235,157,43,10,128,32,158,202,87,234,21,1739150240279,QBYTE | poling
172,170,63,13,219,166,161,30,168,189,127,9,92,239,203,71,184,127,22,202,167,222,40,228,21,234,124,96,197,186,19,201,44,23,7,86,63,16,77,210,63,176,198,121,51,23,197,121,250,82,192,208,97,49,219,162,143,73,37,11,59,213,48,116,146,20,255,9,119,26,143,64,38,13,249,166,226,24,242,207,188,102,239,2,179,134,126,139,0,124,66,210,182,127,90,192,99,235,138,87,80,117,145,100,221,52,149,216,17,185,94,90,158,138,205,255,208,137,233,100,0,187,39,107,158,249,193,148,218,81,240,235,165,48,130,146,66,57,181,71,6,200,160,115,226,218,26,159,228,143,240,165,56,43,78,6,169,214,162,168,172,30,59,25,118,132,33,221,216,142,220,8,212,0,248,241,230,188,143,152,86,197,53,197,72,126,218,174,8,41,240,161,197,9,99,248,141,56,157,220,212,42,65,145,62,47,115,71,130,182,253,106,187,116,202,77,41,46,84,184,100,20,240,110,54,46,167,99,227,138,41,42,41,130,23,123,55,131,23,85,119,102,3,255,109,59,62,208,16,223,1739150241351,/dev/cu.usbmodem1413101
142,10,136,169,150,6,194,202,7,234,199,118,171,14,29,229,68,132,95,72,239,173,136,40,107,229,43,86,77,248,207,78,154,95,77,227,240,79,55,85,77,133,157,210,43,101,79,101,122,201,254,93,39,37,22,51,243,64,44,150,120,144,112,117,67,41,191,153,22,89,26,176,37,169,193,235,164,20,148,93,17,91,82,208,135,178,7,171,197,221,120,50,76,32,40,170,77,157,115,118,2,192,56,7,116,243,113,251,37,3,9,217,0,95,100,89,8,67,16,2,169,209,55,9,12,120,222,198,243,191,164,163,159,42,225,5,144,212,159,224,232,207,92,139,186,38,206,54,131,130,94,135,207,52,153,192,56,190,189,79,62,164,213,249,226,135,127,170,152,103,166,249,243,226,211,149,66,147,80,201,104,162,27,134,225,183,24,9,39,48,87,191,249,204,187,170,205,14,30,47,142,81,164,55,164,134,130,211,26,24,220,152,61,143,51,105,142,7,130,31,210,226,9,75,217,16,106,32,50,209,222,161,71,107,68,45,232,67,182,209,25,155,2,229,155,210,212,212,88,239,1739150241352,/dev/cu.usbmodem1413401
53,179,18,133,195,131,185,192,97,198,33,191,77,118,149,91,180,211,221,26,165,170,40,81,88,188,99,139,208,59,114,252,81,138,220,5,87,14,34,191,205,52,44,82,211,112,179,146,7,211,39,158,52,149,98,144,60,152,182,168,247,39,219,7,89,220,6,30,18,22,12,86,103,3,248,107,218,14,195,165,10,11,124,11,162,216,194,83,77,218,34,118,125,12,112,223,230,190,12,147,132,135,236,92,110,12,204,119,51,79,244,138,66,199,72,50,217,247,174,210,205,169,124,138,164,226,245,175,106,33,131,15,61,80,86,172,229,56,134,166,62,210,249,221,7,215,197,180,156,190,99,252,116,187,242,2,206,249,52,4,121,127,30,165,183,204,18,69,2,238,215,191,34,204,237,106,13,11,36,156,119,150,191,60,50,167,79,195,125,145,109,178,51,82,21,154,129,144,37,229,121,208,38,106,77,39,228,35,129,3,162,62,200,128,154,254,60,169,200,124,214,161,221,111,161,62,196,192,84,144,247,128,33,196,179,134,46,64,227,88,129,101,204,229,96,222,100,170,200,235,1739150241353,/dev/cu.usbmodem1413201
229,105,129,114,157,53,39,41,62,179,43,186,51,3,125,179,15,49,56,200,170,88,241,178,132,255,172,215,9,116,227,55,188,4,110,142,99,156,180,197,235,60,128,108,18,179,187,7,242,146,191,236,250,241,80,128,78,40,83,203,122,240,210,202,120,237,163,36,143,87,163,96,193,210,239,131,98,198,146,166,152,206,82,242,173,207,101,195,232,104,82,225,179,13,115,224,9,186,160,61,48,163,229,146,31,189,41,24,16,149,157,250,128,112,176,119,85,221,130,79,37,188,150,142,32,187,215,231,82,143,66,21,92,58,73,217,121,15,154,252,4,77,215,150,48,253,172,144,222,218,18,24,128,83,195,239,14,238,150,247,61,9,242,88,26,68,124,99,95,249,232,6,198,185,151,177,42,207,74,58,9,121,130,16,149,140,52,30,135,206,17,173,97,82,84,164,93,30,247,145,115,30,206,74,31,131,234,32,88,64,225,181,238,41,167,21,122,239,225,121,67,46,74,207,32,229,239,178,51,26,34,217,144,133,102,255,52,91,146,111,112,59,29,93,184,71,23,74,78,61,1739150241353,/dev/cu.usbmodem14124101
231,249,64,148,220,185,8,196,254,51,247,113,34,149,161,254,79,247,66,155,161,123,160,39,50,21,209,24,37,95,174,226,243,189,254,94,17,65,95,112,228,13,169,229,152,145,85,252,69,199,206,168,170,144,158,129,41,65,183,23,75,122,62,29,110,87,76,171,226,249,151,167,231,240,130,37,185,5,183,230,93,95,7,25,20,28,79,204,63,94,9,40,51,159,128,135,226,184,223,202,97,17,154,233,115,207,137,54,66,220,74,180,164,8,200,153,62,243,206,45,165,56,78,60,87,23,164,72,210,8,86,158,53,15,50,250,186,22,211,68,84,118,246,130,109,232,66,12,222,110,119,211,36,202,83,32,10,87,140,235,99,5,187,178,34,235,104,86,149,206,28,151,80,251,222,85,68,235,231,199,201,114,182,147,52,38,190,72,180,225,196,136,64,180,200,185,96,42,210,111,251,49,177,81,133,150,219,180,109,1,131,61,34,99,193,88,73,32,165,236,134,88,15,116,72,3,58,177,126,157,188,195,110,90,144,200,171,183,231,205,234,165,198,89,229,209,97,46,69,37,1739150241354,/dev/cu.usbmodem1413301
134,239,249,56,64,181,195,239,230,128,15,254,0,166,40,248,102,107,87,59,102,100,223,65,190,223,83,105,102,244,246,107,183,240,132,132,254,77,205,232,105,179,145,5,185,83,112,239,188,98,202,125,141,26,186,52,191,111,210,226,80,168,204,47,66,132,23,78,55,232,110,177,184,93,144,195,249,232,241,25,144,234,96,196,132,119,66,235,159,89,182,41,196,103,212,9,61,154,238,213,34,26,143,229,98,91,70,175,20,219,218,63,94,135,181,13,6,48,164,62,189,239,175,95,115,141,64,129,114,87,67,191,61,13,246,225,42,145,14,8,204,184,33,236,176,93,207,83,138,88,93,130,232,35,153,34,237,160,178,250,169,91,193,145,41,44,30,195,25,43,54,148,161,187,123,126,48,158,89,5,84,152,187,186,80,2,56,197,156,241,62,43,5,65,240,83,145,114,172,29,227,139,145,207,169,249,188,225,164,185,227,194,91,148,182,157,95,40,250,162,211,29,73,124,246,178,176,205,239,151,59,109,65,182,82,174,103,195,246,31,32,224,11,194,135,246,165,229,175,44,1739150241354,/dev/cu.usbmodem14124401
19,66,37,100,99,186,102,232,83,127,45,209,111,96,152,49,28,186,172,27,175,215,169,36,202,148,78,152,1,45,222,74,179,227,218,10,112,7,67,160,61,212,240,142,239,124,73,128,111,156,38,222,214,159,65,145,81,242,237,177,141,91,107,173,106,91,249,109,207,137,157,214,146,117,172,113,251,224,20,207,66,124,152,35,114,26,208,20,252,203,180,168,36,177,36,163,108,22,186,67,153,79,54,115,218,71,219,195,180,170,98,211,198,238,195,193,85,140,22,66,194,216,62,124,225,36,209,218,160,29,158,2,139,201,6,221,53,190,236,212,78,225,40,66,102,248,112,127,119,185,203,31,153,161,187,42,115,139,255,177,18,53,114,132,28,241,49,55,161,77,92,164,195,201,83,128,100,203,191,0,116,178,230,33,210,16,111,139,228,253,9,166,232,110,17,162,86,156,210,136,26,232,3,5,84,49,97,25,159,234,182,109,253,215,106,145,31,188,21,172,20,3,186,128,58,42,218,145,193,50,85,108,111,25,125,202,156,197,210,209,241,212,6,243,78,212,170,231,187,147,1739150241355,/dev/cu.usbmodem14124301
128,82,22,67,84,182,235,223,67,131,152,29,207,190,126,10,153,207,123,127,114,12,16,51,252,195,220,236,145,51,153,141,61,97,243,115,157,31,166,132,88,196,181,129,104,143,217,233,21,52,88,39,9,235,153,165,221,151,225,130,149,138,217,72,23,36,62,79,253,166,157,177,133,220,68,69,183,67,237,215,181,10,166,223,111,111,186,127,195,147,4,86,79,55,145,157,30,92,175,84,153,123,189,254,10,106,225,212,153,236,85,250,38,193,26,243,173,11,164,40,27,227,193,178,145,106,210,218,183,103,89,105,20,140,81,51,183,72,20,242,218,198,101,108,105,44,43,160,78,165,204,163,31,170,46,96,161,74,58,215,28,104,193,55,88,205,232,141,161,209,209,131,214,165,37,192,158,198,33,215,104,59,107,161,219,254,178,210,119,228,9,237,217,127,135,249,174,19,199,163,229,171,222,215,224,248,222,101,4,170,175,84,181,62,133,96,172,67,87,125,172,168,137,58,177,42,251,192,211,115,66,196,231,245,132,97,43,195,169,102,237,237,223,239,193,95,46,140,230,60,1739150241355,/dev/cu.usbmodem14124201
0,124,174,216,184,22,187,33,248,109,255,57,11,121,81,119,235,240,110,148,93,69,191,94,24,209,136,111,130,184,82,2,145,9,171,157,249,217,155,65,188,147,138,122,127,128,55,243,246,215,220,211,112,142,3,0,20,242,133,56,205,145,9,27,161,160,121,109,27,60,195,183,237,113,213,119,242,138,136,118,5,59,202,10,182,61,185,252,255,76,69,136,168,32,144,229,108,26,113,135,165,174,62,44,25,207,244,194,108,33,153,81,70,194,245,69,148,164,13,130,128,147,228,203,66,12,218,211,166,101,71,24,204,55,239,23,92,171,19,151,216,113,72,243,189,183,107,13,72,67,242,43,73,21,185,99,100,73,70,99,18,207,203,141,118,112,159,126,145,135,226,108,39,187,130,212,13,147,145,226,193,235,147,198,99,40,226,174,110,79,33,233,26,33,55,221,149,111,58,222,183,76,240,202,80,171,39,190,19,21,27,191,145,76,92,251,68,152,226,61,206,151,27,55,91,84,77,28,53,154,178,212,120,168,189,226,190,169,186,214,73,223,196,37,195,220,217,68,121,64,1739150241356,QBYTE | simular
54,44,6,120,113,231,207,107,199,161,83,207,248,236,145,204,90,132,74,110,134,189,79,23,71,64,38,19,188,49,51,28,54,232,4,234,187,130,196,93,140,172,155,21,243,110,243,231,13,4,37,45,182,241,185,75,151,44,45,222,77,169,244,202,224,90,204,116,49,181,46,131,244,196,71,106,84,158,233,216,204,169,38,23,54,110,106,6,147,90,118,52,226,232,232,180,18,32,57,191,205,227,0,2,29,23,122,207,39,55,141,160,72,21,219,178,69,176,186,162,112,211,17,73,214,31,160,71,5,140,125,220,123,93,64,171,14,132,153,130,154,164,155,67,61,36,174,204,150,28,210,3,40,102,181,130,128,7,254,199,213,18,109,114,82,40,185,190,181,69,1,84,79,224,183,98,83,27,98,48,248,191,162,99,20,95,125,95,232,109,17,152,37,199,184,82,2,230,48,25,104,223,71,7,194,221,175,152,30,217,53,118,42,82,106,95,251,65,181,72,176,253,141,74,208,242,228,200,167,153,208,137,235,20,97,8,152,53,180,255,97,198,211,29,132,213,204,38,135,94,1739150242431,/dev/cu.usbmodem1413101
173,85,88,199,157,163,96,173,26,52,9,128,248,210,83,144,45,173,40,196,227,150,94,46,141,54,227,251,55,145,226,228,14,234,140,181,44,153,234,127,89,139,189,36,86,115,159,228,24,134,38,67,18,84,226,57,251,241,112,30,87,251,5,47,119,38,7,88,120,40,84,209,206,126,177,126,179,216,156,128,138,131,252,250,194,185,85,58,16,183,79,31,182,33,173,250,135,91,238,155,104,183,85,183,119,254,217,168,46,224,57,147,150,160,221,49,110,178,210,228,34,232,67,214,1,134,70,40,180,50,51,183,127,114,37,244,230,91,28,97,94,10,198,62,246,94,226,120,229,253,3,71,175,53,228,48,190,18,64,94,129,170,229,71,82,82,250,234,174,223,189,69,18,13,226,74,199,212,194,199,86,123,8,108,143,141,208,231,137,156,55,38,243,35,117,40,92,80,232,151,75,76,16,188,146,200,162,127,211,89,53,76,94,178,112,15,42,211,26,66,167,78,200,209,82,227,124,99,207,30,113,35,236,159,134,36,130,167,229,180,207,238,228,250,87,32,233,110,159,123,1739150242431,/dev/cu.usbmodem1413401
45,50,20,55,136,15,156,158,6,139,186,165,24,124,125,192,6,59,123,74,186,207,216,226,13,200,39,133,174,58,168,107,22,221,164,180,130,109,177,129,79,88,177,213,194,22,4,235,165,34,42,13,225,185,84,133,235,183,75,99,248,154,221,179,177,107,4,45,162,67,186,200,66,128,99,88,106,124,111,145,221,94,148,149,240,91,13,189,201,147,101,164,64,6,44,144,78,159,136,26,99,168,59,115,163,168,126,213,253,42,194,54,158,56,77,98,21,90,44,254,253,95,140,170,21,89,36,247,61,100,211,65,0,192,115,19,67,172,201,53,0,191,59,163,239,22,119,110,175,171,213,180,124,220,193,123,99,194,203,56,133,81,9,91,157,58,207,185,87,115,132,150,67,27,77,2,43,140,61,38,159,240,146,111,237,226,7,83,8,56,8,194,167,148,131,177,246,23,191,92,228,237,141,89,17,106,171,91,39,210,189,174,249,173,180,212,252,241,59,162,61,20,209,22,125,114,165,193,101,2,144,80,17,232,209,99,217,67,68,43,160,48,131,30,237,59,233,131,188,227,1739150242432,/dev/cu.usbmodem1413201
163,199,97,231,17,88,106,250,0,118,165,117,67,117,10,162,157,55,21,201,100,184,29,73,197,167,133,220,223,131,10,198,158,238,225,52,126,55,220,54,59,182,100,2,4,130,242,93,240,191,248,233,98,253,53,162,68,83,206,244,255,32,82,213,144,82,75,18,136,34,201,71,189,192,144,221,35,189,195,90,19,74,122,245,22,249,82,2,96,22,232,229,146,75,162,3,56,215,209,36,172,243,103,200,179,73,33,183,74,199,192,8,72,40,234,143,176,237,147,48,252,78,196,216,218,38,82,129,168,238,250,237,127,207,152,214,175,122,220,161,163,250,95,174,38,252,32,29,48,26,151,223,161,143,74,166,1,226,179,172,140,78,204,253,235,237,42,163,109,142,12,84,36,212,200,220,64,104,203,114,53,192,189,8,26,62,42,50,148,167,183,111,51,121,76,122,119,177,99,234,232,22,210,160,209,90,245,221,245,28,80,18,240,10,214,211,98,12,59,77,149,20,177,26,140,171,216,126,218,3,13,118,77,63,171,213,152,186,224,236,46,78,241,225,45,144,0,38,58,254,1739150242432,/dev/cu.usbmodem14124101
193,5,106,40,246,52,95,143,41,239,197,248,87,74,190,135,24,250,254,204,225,255,155,192,252,226,143,60,45,41,176,141,70,131,242,103,254,11,172,203,168,125,85,99,43,114,139,225,159,80,235,70,137,48,222,216,27,207,15,206,25,52,182,158,22,126,1,237,56,218,172,138,70,179,159,111,168,253,94,68,29,38,221,224,44,46,134,117,105,70,81,254,235,134,85,60,167,25,67,5,86,18,210,212,0,75,233,35,137,208,42,60,226,141,126,9,161,70,133,220,59,139,12,13,103,15,209,28,254,229,134,16,27,9,12,156,214,89,244,65,102,52,95,84,232,39,219,232,12,203,129,64,96,249,27,225,57,224,90,116,4,254,137,90,71,97,236,26,158,59,172,51,112,89,122,173,118,189,198,204,18,51,1,2,21,187,225,157,229,98,197,109,113,207,56,51,111,18,52,162,124,227,130,161,65,7,189,19,95,212,175,213,29,127,123,240,66,167,176,77,3,54,240,96,154,173,131,131,138,200,174,39,174,141,88,108,178,76,180,189,85,241,84,67,55,219,159,17,58,198,1739150242433,/dev/cu.usbmodem1413301
149,62,45,139,113,158,237,162,96,162,104,168,202,244,197,210,79,32,15,114,94,211,86,142,65,221,219,201,145,186,145,87,108,133,24,145,8,96,88,88,62,87,72,101,134,76,40,14,221,43,168,147,192,59,106,35,59,146,99,10,190,219,61,73,251,251,28,50,203,162,116,101,214,176,142,25,30,210,139,238,3,177,55,94,10,119,51,168,96,214,159,25,126,32,128,137,120,181,150,213,54,169,251,162,38,233,26,120,230,143,44,195,195,156,61,182,33,117,145,45,119,3,27,224,203,193,36,192,11,186,165,34,58,88,131,140,83,82,71,121,92,142,36,49,206,41,209,60,31,167,196,227,71,165,126,253,208,219,218,12,137,212,196,215,146,93,47,40,233,219,69,121,51,226,215,42,37,164,196,25,45,20,2,101,46,127,210,133,254,41,154,48,115,14,187,242,97,156,134,203,226,224,16,37,96,146,180,203,77,86,200,88,122,209,85,179,87,90,126,54,95,151,39,246,46,89,168,185,172,76,41,74,112,100,1,1,171,236,179,148,87,55,18,125,220,80,216,74,67,90,1739150242433,/dev/cu.usbmodem14124401
174,82,102,49,204,78,4,116,78,2,245,203,187,141,216,231,77,244,13,163,107,82,210,33,181,252,70,254,95,123,199,227,205,144,84,20,67,166,226,183,97,107,192,86,89,250,214,146,73,166,187,129,162,163,240,83,34,13,158,148,236,36,156,16,104,229,210,244,231,111,109,16,96,212,88,178,208,93,30,31,176,196,187,124,30,116,246,236,249,167,244,27,100,113,52,76,131,162,135,142,58,217,183,183,199,146,65,167,127,115,16,117,43,45,240,113,152,25,148,85,60,57,189,250,246,70,232,189,3,209,251,202,199,120,89,205,206,28,106,74,178,192,238,211,181,52,55,185,217,75,138,17,195,71,79,125,195,183,127,219,175,219,136,15,238,105,22,53,13,42,70,120,160,152,92,32,147,124,139,196,191,181,80,6,132,186,33,10,0,97,124,124,6,28,139,163,224,3,173,87,224,84,127,25,136,204,140,140,97,244,50,54,165,255,5,39,36,148,135,151,47,51,203,44,126,121,190,222,221,138,127,49,169,238,44,200,20,61,54,252,156,140,67,183,110,82,199,211,72,167,1739150242434,/dev/cu.usbmodem14124301
171,18,32,206,43,47,181,242,43,245,38,67,96,208,59,184,151,2,194,235,225,2,123,1,243,68,100,7,234,39,70,72,108,254,142,26,40,183,197,69,245,91,221,17,70,222,31,9,93,16,44,96,148,102,69,149,170,119,147,42,244,68,114,196,62,82,152,249,248,13,152,1,8,245,150,178,112,44,70,239,143,31,69,31,247,102,223,254,121,225,222,110,112,187,155,213,117,216,32,16,29,106,149,23,112,159,99,241,64,223,193,33,47,156,177,174,177,242,199,229,45,141,148,156,206,154,38,24,2,94,82,135,182,217,223,84,218,118,190,38,104,56,35,69,219,76,222,142,233,162,228,60,236,171,45,21,13,44,55,46,243,9,157,156,27,45,26,129,209,66,23,11,9,214,71,149,8,35,105,252,220,241,132,142,125,211,164,165,108,233,36,24,44,125,130,149,88,116,83,202,187,177,62,93,121,235,88,132,224,132,94,148,46,243,78,135,14,214,128,175,51,1,191,63,117,13,41,167,213,240,67,230,228,234,114,213,216,205,153,34,215,168,50,41,233,78,189,31,179,210,1739150242435,/dev/cu.usbmodem14124201
68,247,42,51,21,216,90,9,247,210,59,71,29,212,45,52,97,9,50,223,142,32,176,252,249,158,17,189,243,214,211,36,59,89,253,39,246,59,144,244,163,211,243,167,209,147,240,193,22,210,5,190,88,47,59,104,107,30,185,45,162,103,27,128,13,119,211,193,143,230,36,35,61,216,218,231,184,217,84,201,169,114,32,80,221,62,252,76,163,190,80,248,7,232,177,241,202,229,252,84,45,7,2,216,235,167,45,8,238,201,97,166,45,5,163,14,39,109,144,201,14,22,36,102,140,244,171,96,208,228,237,184,43,208,135,19,149,104,247,35,135,169,143,131,74,230,248,36,207,213,184,161,82,176,221,27,123,149,14,128,140,95,21,141,86,213,105,200,138,239,140,234,208,215,102,196,55,109,182,78,88,151,82,135,174,163,54,110,138,173,158,42,106,169,136,70,105,233,72,204,234,142,219,130,64,151,142,177,140,188,230,169,145,229,29,180,112,208,102,166,255,32,134,18,204,72,89,87,249,120,135,54,200,177,154,234,142,59,93,123,105,180,114,184,127,201,241,122,28,209,1739150242435,QBYTE | nailer
242,146,121,98,32,194,143,81,142,58,192,215,162,198,255,163,195,139,97,150,177,94,194,5,112,54,134,36,122,171,113,0,43,170,79,214,100,99,155,32,216,114,104,54,157,61,32,104,189,176,205,218,70,250,48,79,1,27,49,135,183,161,84,13,89,37,120,251,101,149,156,27,121,93,95,54,124,132,43,53,134,214,74,142,205,212,36,155,22,203,44,57,209,145,70,128,47,125,55,219,56,172,0,170,195,23,96,66,211,161,254,17,241,243,116,164,55,9,130,121,237,4,205,166,105,214,122,145,248,237,168,54,138,120,79,16,41,114,247,78,217,110,157,103,84,186,49,69,123,178,243,14,106,159,3,72,242,84,149,201,45,131,76,244,224,0,74,116,49,186,45,15,121,217,91,145,243,97,138,55,111,1,183,86,63,135,194,242,224,225,123,61,228,242,213,236,240,138,35,192,215,87,161,190,128,34,229,61,147,137,252,248,106,92,147,105,226,221,0,235,89,76,146,189,94,170,132,67,180,46,171,232,158,104,98,184,48,15,40,147,233,143,199,20,116,173,216,26,157,161,1739150243506,/dev/cu.usbmodem1413101
165,89,187,65,230,140,115,137,242,116,223,73,146,113,240,3,90,47,174,194,21,233,203,150,16,126,192,34,9,158,54,196,178,127,41,234,201,17,176,6,97,161,86,98,210,186,110,239,43,37,158,3,223,191,171,13,74,83,227,165,26,154,25,108,134,114,177,90,16,210,194,225,178,200,132,0,137,208,110,213,50,110,109,252,88,43,192,235,111,13,32,8,193,182,11,25,146,57,226,21,253,28,30,246,104,142,129,98,185,40,176,252,151,90,11,209,246,102,196,134,48,43,109,196,191,183,118,221,43,149,119,217,108,219,70,28,109,202,176,244,43,218,107,193,218,250,228,92,221,112,103,233,99,59,91,105,111,251,239,97,139,161,61,84,40,140,157,12,254,37,244,81,217,128,137,156,7,215,37,206,219,77,119,113,71,22,219,237,47,132,37,215,10,17,115,126,61,81,111,8,13,168,28,35,40,203,100,5,93,75,49,245,146,90,168,49,123,146,169,134,63,32,58,166,233,188,221,2,44,83,101,162,57,73,129,239,99,97,171,58,20,57,109,162,29,131,114,247,10,80,1739150243507,/dev/cu.usbmodem1413401
92,199,14,170,8,169,109,116,232,25,218,9,61,125,132,47,83,91,117,119,171,140,152,131,64,170,113,2,21,80,56,126,250,65,165,40,58,237,209,249,54,204,45,131,10,224,57,143,144,181,109,63,94,208,92,147,233,238,204,185,234,111,234,16,44,42,96,125,228,249,202,242,33,77,174,207,142,205,240,158,229,106,134,150,50,214,68,186,204,210,35,168,61,187,31,145,23,56,0,73,27,208,89,88,152,131,44,91,105,197,60,53,64,169,109,252,239,106,103,146,47,232,193,5,115,207,159,70,103,107,114,97,130,170,213,42,36,54,148,242,64,136,61,189,20,38,167,96,113,172,166,30,131,128,67,133,7,19,37,217,41,17,7,247,245,60,240,188,110,138,101,175,41,189,93,211,205,108,249,147,75,99,22,123,184,176,16,156,52,157,202,3,129,59,24,180,136,200,125,101,159,225,185,64,155,226,234,192,8,20,72,120,129,72,12,152,88,146,174,48,37,1,223,141,108,67,5,227,69,181,205,147,188,189,254,227,28,40,254,11,185,71,204,103,132,34,49,162,48,59,1739150243507,/dev/cu.usbmodem1413201
22,21,44,24,95,108,130,108,218,101,237,148,243,25,217,65,182,114,40,195,243,3,46,228,112,238,165,74,139,254,234,99,246,8,22,228,122,69,176,228,6,95,109,4,102,70,65,222,163,4,239,73,243,186,119,219,155,84,158,51,198,210,133,8,140,160,217,24,186,165,153,164,34,44,217,127,241,248,77,155,56,170,107,195,244,162,167,61,192,24,28,22,131,24,248,136,237,167,23,156,220,167,103,225,15,229,80,21,235,16,11,142,178,94,92,30,33,228,234,131,229,7,179,94,166,89,79,25,85,207,21,201,222,228,112,163,122,247,113,0,146,18,193,47,90,142,158,216,102,109,168,168,254,148,77,73,228,120,185,241,154,227,243,243,68,23,207,149,116,92,97,95,64,83,166,12,217,219,212,199,3,43,12,22,48,9,29,251,81,161,250,202,60,47,13,130,163,174,186,107,90,24,241,68,111,121,24,240,13,157,188,141,241,58,120,57,126,152,0,34,248,228,68,111,175,107,120,223,177,175,167,42,193,21,250,68,114,147,176,36,157,29,140,189,45,92,54,96,43,55,1739150243508,/dev/cu.usbmodem14124101
144,115,229,41,97,210,232,63,255,237,106,52,81,181,67,232,58,214,158,164,230,138,27,181,245,237,181,119,24,230,88,29,189,156,179,116,65,116,29,151,255,104,225,233,106,201,156,114,42,172,159,218,94,56,201,35,187,88,77,189,149,56,184,7,21,185,231,181,232,21,158,108,235,43,105,243,236,213,216,76,6,77,246,236,95,173,246,192,97,181,121,250,111,191,248,247,24,11,254,129,44,245,34,125,33,158,177,147,84,54,191,14,63,214,38,100,40,95,14,120,82,170,120,144,144,220,15,228,179,119,56,231,57,162,250,29,230,58,184,247,160,15,180,219,119,168,156,153,53,79,200,79,106,55,38,75,251,58,239,111,238,187,171,29,45,216,132,42,9,209,245,207,31,8,127,77,28,225,249,244,244,72,226,203,128,9,249,234,191,234,53,220,110,214,195,180,218,247,239,213,159,2,170,33,111,48,24,71,52,248,238,72,148,49,69,46,224,159,146,38,44,58,58,181,67,105,154,246,121,129,193,76,162,161,29,11,172,227,63,9,154,115,193,220,66,18,218,11,83,212,1739150243508,/dev/cu.usbmodem1413301
30,148,75,123,142,158,167,173,105,49,73,51,182,34,123,140,107,255,131,111,20,218,229,162,215,235,94,90,23,60,173,87,62,174,246,55,60,30,12,27,23,100,52,141,140,183,249,155,78,136,25,227,91,46,223,62,165,48,175,181,89,78,183,9,234,158,9,3,205,201,122,6,72,82,216,221,233,255,249,61,79,148,228,76,172,25,135,113,25,108,89,21,22,34,51,119,139,240,2,197,186,46,51,192,37,157,137,57,122,126,93,213,238,255,90,188,137,191,12,76,173,53,209,130,238,0,115,161,233,49,207,187,108,249,154,186,77,172,231,46,179,134,103,253,119,242,67,179,254,44,164,67,217,163,181,237,234,189,116,220,16,109,191,5,90,32,148,189,51,173,22,138,39,131,250,17,114,224,235,213,186,12,236,255,231,211,208,112,111,119,103,116,133,103,67,212,202,117,7,238,9,175,107,136,107,140,79,185,177,252,203,217,173,134,22,75,15,10,191,69,50,0,158,167,216,64,182,95,88,239,126,60,6,196,9,170,176,69,242,205,209,26,224,234,18,252,150,87,100,171,1739150243509,/dev/cu.usbmodem14124401
113,217,12,55,251,112,129,90,126,26,17,172,62,225,168,112,137,36,238,14,181,241,142,16,214,121,55,192,115,245,6,74,48,237,105,27,87,245,213,128,43,220,136,230,215,190,59,95,144,133,204,10,155,200,49,93,190,112,177,65,92,13,218,247,146,234,10,61,29,160,206,67,90,251,241,111,223,137,133,203,241,71,202,22,39,208,63,3,26,3,108,67,78,106,12,252,89,194,87,80,224,175,76,88,112,123,146,102,13,52,251,138,31,8,151,27,176,12,56,149,248,199,151,144,192,21,179,160,249,117,162,171,188,54,120,199,137,211,236,91,141,217,175,194,152,64,170,208,124,230,110,224,54,107,34,78,73,208,99,142,110,215,101,127,53,116,13,177,199,28,172,134,72,145,48,246,115,220,16,233,11,211,192,186,238,44,94,56,183,208,44,162,244,234,191,17,224,236,174,11,248,164,102,172,222,218,239,156,188,35,239,253,108,88,180,46,199,75,224,160,219,44,141,206,158,53,181,210,214,89,69,100,3,241,228,59,54,120,205,46,239,137,191,191,127,88,183,167,71,41,1739150243509,/dev/cu.usbmodem14124301
209,118,94,231,208,21,222,53,180,99,130,179,192,182,150,77,17,87,150,147,82,210,174,16,160,10,230,204,206,119,61,64,57,106,10,50,13,72,146,36,21,101,86,252,116,153,73,231,61,51,137,39,175,23,114,214,238,160,103,30,159,222,20,210,184,135,101,234,190,196,156,233,215,159,185,220,120,126,124,205,180,88,171,76,214,126,91,23,128,45,211,208,47,103,238,93,57,126,199,198,50,67,99,7,115,95,52,125,66,252,171,189,243,180,128,16,184,137,27,187,59,150,240,228,234,147,220,38,17,24,229,23,9,144,124,64,220,11,123,6,224,248,188,187,254,241,212,33,236,220,88,92,233,43,117,217,180,249,152,100,46,245,205,203,147,40,21,98,56,56,233,68,92,245,132,36,13,182,17,95,48,172,115,176,119,226,167,26,68,150,222,196,205,19,169,220,226,165,30,182,136,124,219,207,99,33,4,108,114,132,1,95,210,169,130,4,62,179,65,86,104,10,127,92,83,21,2,8,152,144,29,54,43,125,174,142,249,122,143,222,173,127,254,159,52,57,112,247,202,138,1739150243510,/dev/cu.usbmodem14124201
51,81,28,19,85,162,3,61,18,151,152,27,231,19,84,151,181,215,247,182,233,75,97,227,4,121,168,111,95,195,91,153,31,41,243,154,202,13,28,19,95,245,117,173,102,120,33,135,108,182,18,187,5,230,229,156,119,74,180,255,142,35,227,82,170,151,241,165,173,163,187,108,230,233,85,27,40,188,32,146,101,190,185,221,81,145,18,82,151,251,172,243,182,20,131,161,180,156,174,201,70,240,30,7,59,216,3,223,137,220,203,186,169,203,37,68,166,132,234,244,43,14,28,95,87,173,207,208,83,247,8,167,90,16,200,165,228,55,106,204,94,134,202,107,166,3,77,122,234,90,192,225,24,100,146,220,146,106,134,217,171,36,57,8,168,3,224,21,16,17,123,41,229,88,24,92,240,106,145,58,137,63,103,116,14,60,196,192,137,130,206,237,129,191,37,9,244,118,211,64,249,115,137,83,229,53,207,6,128,232,242,203,15,50,42,182,169,40,139,234,22,149,101,121,34,55,191,14,3,192,67,209,86,96,185,228,238,113,66,178,208,115,138,122,219,223,38,35,54,33,1739150243510,QBYTE | level-one
132,129,177,193,213,199,104,68,110,68,153,151,74,106,37,150,212,173,224,166,29,56,205,71,19,5,188,220,54,172,226,192,89,78,200,64,216,129,67,91,215,21,238,173,91,214,158,206,245,76,46,79,118,0,87,105,42,133,39,123,200,157,103,95,28,17,0,229,31,30,30,157,24,238,71,30,70,38,21,107,5,193,33,75,0,255,198,166,189,253,249,84,232,136,3,88,78,196,115,103,236,50,27,127,38,240,157,218,98,204,94,240,91,203,85,84,10,117,191,175,48,56,255,71,199,163,229,182,7,53,65,252,67,7,147,206,116,51,208,65,30,121,34,231,38,74,220,187,229,33,125,74,146,37,144,55,168,36,255,58,95,202,19,205,21,118,91,67,8,40,111,199,83,196,130,92,176,52,3,48,57,109,120,50,23,86,116,187,115,152,21,127,17,89,185,202,207,154,97,177,28,56,237,200,185,197,80,121,228,29,149,162,165,222,127,166,93,94,112,145,119,94,41,98,60,180,176,21,127,17,45,83,192,112,73,74,69,181,249,102,142,71,125,156,60,59,166,242,125,62,1739150244584,/dev/cu.usbmodem1413101
51,71,181,234,42,46,7,32,183,28,30,146,34,208,217,15,160,241,62,97,0,45,117,205,254,56,108,77,111,127,121,22,221,63,71,14,103,228,125,133,208,42,94,151,31,240,124,133,100,38,98,158,99,47,209,43,95,135,198,235,145,17,137,189,139,254,165,171,71,215,75,206,16,192,156,170,66,202,124,186,27,94,11,250,195,77,184,6,106,190,255,241,43,245,93,17,59,131,113,129,129,154,174,78,34,181,78,151,200,217,138,39,252,57,222,131,239,236,32,205,112,146,160,138,99,117,25,143,251,0,95,67,180,169,62,111,195,251,39,88,214,51,71,116,83,244,180,142,210,136,105,134,93,224,91,159,230,253,124,140,150,175,222,24,69,15,254,160,74,89,5,147,73,146,208,149,223,84,5,125,215,176,190,96,49,124,21,167,171,198,28,192,66,31,12,177,133,53,135,106,230,28,46,190,49,254,93,22,7,126,165,53,161,192,223,71,11,97,118,30,102,18,8,143,182,42,176,25,182,1,7,145,181,76,232,93,72,48,122,112,169,142,76,155,135,220,155,182,114,41,1739150244584,/dev/cu.usbmodem1413401
184,96,7,188,45,107,9,180,225,107,74,106,208,221,110,121,242,235,164,249,226,85,170,234,24,37,87,129,108,54,27,88,102,221,116,116,184,173,70,254,205,129,17,214,6,106,193,27,163,185,11,172,179,118,178,96,111,114,211,94,211,238,186,21,154,95,156,222,101,249,93,89,39,204,47,130,11,63,247,50,193,72,164,221,46,233,29,84,153,189,44,49,112,42,106,59,131,240,124,250,202,52,239,13,197,119,249,144,193,25,47,57,69,99,76,184,234,43,51,50,20,217,77,239,228,38,75,160,68,97,100,80,141,101,11,16,250,209,21,201,147,14,190,84,103,122,139,97,162,4,214,59,126,119,147,36,238,106,60,62,207,231,179,252,93,17,197,34,150,25,25,135,111,233,128,242,140,212,158,227,252,32,44,86,31,131,104,63,143,59,146,213,180,6,75,223,226,67,14,149,53,130,60,94,218,128,198,29,106,140,96,103,9,103,171,15,177,73,65,72,135,191,199,166,56,130,183,82,207,205,134,123,9,5,205,233,58,197,160,101,54,200,181,38,139,71,9,43,175,236,1739150244585,/dev/cu.usbmodem1413201
8,81,159,10,95,228,9,114,83,33,139,56,207,110,180,106,87,181,133,91,174,34,15,56,6,23,176,150,38,207,182,235,68,18,110,205,43,42,66,221,190,201,198,64,251,143,126,41,186,79,136,32,13,248,149,61,35,189,11,192,227,227,252,39,48,234,136,213,234,173,252,145,86,125,232,133,210,72,128,97,74,207,62,111,166,100,84,18,40,79,157,249,8,90,53,163,158,63,94,15,54,174,241,109,137,216,197,216,234,244,170,107,99,77,112,209,192,119,232,160,184,53,192,167,50,139,113,92,100,201,201,184,98,164,83,76,0,146,42,181,133,176,140,167,100,170,206,173,224,216,6,97,227,136,75,247,69,35,133,220,91,246,114,152,127,54,67,15,69,56,189,31,212,164,116,229,147,248,117,241,254,5,180,104,185,15,200,176,186,148,8,246,247,105,50,238,103,15,43,109,41,46,100,17,157,126,62,81,189,159,143,113,96,95,230,189,93,10,74,92,229,27,215,68,42,99,139,8,228,31,47,226,99,186,139,197,164,175,254,71,9,159,38,112,52,78,8,240,30,158,1739150244586,/dev/cu.usbmodem14124101
137,178,147,233,224,71,95,27,114,24,157,104,146,140,223,17,169,195,180,219,47,232,247,140,172,73,95,21,184,15,18,96,156,83,79,228,53,192,49,151,90,198,244,187,177,81,247,131,52,217,24,7,184,123,100,129,230,109,146,4,48,54,117,146,171,202,238,122,237,239,124,37,229,233,249,188,14,190,11,69,177,104,186,168,3,229,14,5,30,119,110,145,242,81,165,3,18,33,110,77,13,53,124,241,134,225,17,114,201,4,224,40,195,164,89,150,223,34,169,39,25,58,206,125,253,234,97,199,89,204,1,203,3,4,210,173,37,6,255,197,235,80,103,68,66,71,136,129,168,174,228,104,24,3,54,184,84,70,24,73,202,59,130,167,113,73,234,124,203,200,140,194,134,69,52,154,245,24,41,174,37,176,65,62,126,222,66,246,129,156,209,86,111,85,175,126,52,69,152,117,55,97,148,236,102,64,107,114,89,233,196,73,132,108,70,132,36,18,198,100,141,245,148,190,6,57,133,250,62,108,155,157,84,63,101,92,158,111,55,241,254,206,251,146,183,229,81,98,194,76,1739150244586,/dev/cu.usbmodem1413301
170,254,211,17,140,152,68,183,91,230,80,118,171,19,193,167,16,66,130,244,82,88,199,81,144,97,76,34,142,232,106,115,210,54,99,163,243,1,14,212,25,174,179,129,231,56,251,255,141,35,183,248,135,199,252,112,192,22,244,210,198,25,18,30,204,231,212,163,162,136,186,202,202,125,241,65,120,39,194,228,99,151,58,197,33,205,68,131,15,25,205,50,83,89,80,187,119,75,90,57,126,40,207,195,90,78,10,239,185,105,15,122,222,179,237,244,28,129,229,248,240,242,16,13,126,64,249,219,1,142,28,25,119,213,169,234,244,255,35,106,162,179,241,42,105,143,133,235,73,222,37,169,159,111,119,235,140,79,191,15,219,150,51,254,206,226,224,175,221,123,89,146,244,75,220,117,117,172,114,101,173,8,246,77,228,8,133,171,67,117,34,14,146,205,177,146,31,222,17,10,139,12,112,30,245,248,22,213,248,77,158,6,88,28,236,1,157,23,107,233,179,85,9,32,61,162,77,66,194,162,52,218,123,27,240,182,161,149,155,74,214,231,43,119,201,72,113,112,55,219,1739150244587,/dev/cu.usbmodem14124401
93,41,189,38,67,251,122,54,18,254,142,28,114,187,236,204,114,9,58,70,44,129,10,108,98,147,29,146,239,95,17,139,135,243,32,228,120,13,248,59,241,162,0,245,252,119,112,0,9,68,94,15,1,245,12,193,195,56,239,26,114,81,141,36,231,41,250,73,124,198,196,222,133,176,210,55,190,19,25,80,47,88,248,54,18,104,91,236,48,54,176,60,217,237,18,163,236,140,94,239,240,167,246,138,42,10,197,185,251,192,30,94,10,13,100,22,105,212,232,157,203,160,111,148,231,162,180,83,145,136,64,191,107,203,247,76,164,186,118,84,24,185,106,110,65,53,151,20,90,58,39,186,97,161,105,172,249,60,127,96,158,121,169,73,15,16,208,63,168,116,88,141,194,61,250,28,12,204,4,29,25,232,209,14,188,224,36,90,199,23,177,230,243,209,79,164,144,170,106,223,140,41,211,240,54,75,83,75,203,63,182,85,188,88,112,162,60,113,242,232,144,53,147,100,217,93,175,252,11,179,13,226,10,71,236,31,79,236,194,236,199,130,73,127,31,67,90,175,205,164,1739150244587,/dev/cu.usbmodem14124301
246,170,115,106,20,234,216,53,115,229,84,192,23,18,120,105,19,13,127,158,4,216,207,60,242,242,251,12,193,6,148,136,114,197,149,8,170,246,67,5,215,52,217,142,137,133,237,223,105,94,3,182,117,211,60,119,99,7,241,117,242,57,109,228,231,254,250,126,193,109,193,115,196,189,33,111,217,254,82,15,52,7,85,241,65,86,209,7,161,32,131,38,67,87,145,107,237,95,51,19,243,50,40,179,197,113,122,144,48,158,76,150,58,79,235,134,73,139,245,203,108,37,209,65,136,208,151,9,145,166,227,86,22,5,213,78,9,103,76,29,134,81,35,92,183,1,75,217,93,132,63,226,86,115,61,13,36,58,86,158,23,18,0,244,50,22,249,253,127,189,252,115,69,68,151,63,158,120,157,204,77,240,160,140,41,70,215,147,23,140,150,111,45,208,185,119,63,64,78,3,144,149,77,47,169,163,207,103,231,250,91,13,209,164,17,41,241,117,121,29,72,69,79,212,246,226,47,114,213,246,183,111,225,113,99,10,224,152,101,186,123,153,254,37,94,10,46,148,108,16,1739150244588,/dev/cu.usbmodem14124201
143,56,18,41,182,168,214,13,35,247,81,149,43,63,172,153,9,135,140,146,4,139,232,213,95,70,194,47,11,148,203,117,29,237,12,92,56,216,190,128,17,137,249,237,154,88,204,218,81,124,61,27,224,59,9,88,191,137,65,183,31,198,47,156,90,160,139,171,37,81,55,217,23,6,231,22,204,239,156,124,92,184,157,169,58,41,247,139,230,201,39,212,128,191,119,161,12,49,121,155,225,186,198,90,123,62,75,177,58,203,236,31,172,137,140,76,44,57,21,121,162,11,178,32,158,163,125,131,132,241,13,108,17,112,172,184,49,175,46,131,9,255,136,60,171,146,252,94,147,187,29,15,226,132,6,137,224,159,180,236,197,178,20,85,240,243,0,223,80,42,191,98,84,108,35,18,98,76,47,69,48,88,152,157,143,214,245,7,255,131,71,77,51,176,36,117,75,146,110,128,70,89,225,20,195,149,20,168,185,17,104,150,220,170,38,93,206,125,43,227,149,56,112,33,140,91,116,96,192,73,150,145,219,145,253,196,3,97,214,217,140,172,197,238,59,10,104,182,234,70,1739150244588,QBYTE | city-bred
84,45,236,204,228,215,252,146,173,58,220,213,137,141,2,18,18,146,197,42,151,37,166,87,91,0,48,34,120,129,41,17,225,244,18,147,249,28,148,254,56,179,230,137,72,12,100,46,7,176,187,172,114,96,249,137,240,176,55,64,4,227,110,95,129,64,158,66,247,179,184,253,187,185,51,85,159,109,42,110,10,247,201,45,16,154,35,214,164,237,141,182,105,39,168,170,202,89,218,207,119,216,102,248,3,203,224,19,114,201,106,124,206,209,38,255,89,246,150,218,154,232,190,79,146,68,54,188,143,92,186,173,226,107,126,242,177,179,207,35,193,102,11,204,102,70,91,92,29,55,45,128,23,181,159,152,0,198,37,164,109,4,58,190,173,232,1,95,222,177,229,226,108,199,177,209,98,79,35,18,110,54,203,162,33,247,175,17,231,9,82,7,42,55,0,180,113,185,190,46,32,207,79,35,64,225,67,60,97,243,80,202,18,245,223,60,185,197,175,47,230,201,126,151,202,219,53,142,89,190,173,56,236,85,191,135,71,210,234,246,74,113,122,243,54,34,255,118,109,38,1739150245661,/dev/cu.usbmodem1413101
134,86,66,86,52,76,91,192,60,63,167,72,71,60,114,14,84,55,166,229,23,39,224,244,91,74,5,191,97,31,17,236,192,63,138,12,20,143,145,202,14,214,84,129,26,29,16,33,119,207,99,164,116,37,165,206,33,31,55,50,169,13,85,149,135,241,189,24,167,233,20,113,149,106,58,220,191,34,243,44,162,183,36,239,54,45,209,174,95,205,31,20,47,22,199,107,124,114,109,242,51,199,150,69,2,53,6,5,80,71,253,4,98,218,191,32,58,203,137,82,78,153,216,148,220,159,226,101,57,243,161,194,113,36,253,215,223,41,78,149,67,115,254,193,156,144,52,207,49,110,153,135,235,26,107,121,229,240,31,24,64,221,113,15,30,245,52,143,211,42,23,211,208,236,231,44,3,88,125,249,203,180,174,80,70,118,225,136,119,65,146,100,122,131,10,46,133,165,91,60,204,128,130,126,228,5,176,151,96,72,43,22,123,113,202,244,248,161,246,138,193,20,179,219,153,251,104,167,49,193,186,55,190,230,61,238,94,169,97,126,127,242,64,252,218,86,219,23,192,68,1739150245662,/dev/cu.usbmodem1413401
163,232,7,15,5,2,255,159,80,73,107,86,101,189,109,7,242,112,11,208,170,200,219,242,216,116,101,113,115,67,85,144,71,190,182,4,31,166,68,24,235,96,229,217,3,25,161,110,43,109,141,95,18,43,162,101,108,165,83,143,2,33,234,22,64,32,71,213,164,139,234,220,201,223,183,142,103,123,125,105,6,46,127,238,84,162,249,69,85,127,252,80,2,156,5,120,184,184,153,179,116,17,134,144,157,91,114,114,60,110,110,153,60,28,186,151,151,9,51,151,206,210,244,183,63,105,115,95,69,158,89,70,84,34,241,66,105,59,159,164,58,15,223,113,126,221,79,220,84,235,223,199,104,194,132,155,22,231,243,98,210,191,140,214,141,107,194,122,59,164,96,113,73,242,20,188,229,205,189,11,128,249,67,92,21,128,189,22,102,92,147,105,79,106,68,248,196,111,243,161,5,5,121,126,173,32,123,252,22,128,179,156,112,25,168,249,40,96,124,50,0,127,67,129,146,138,137,215,220,100,122,177,30,12,140,190,68,138,244,169,150,119,245,192,10,143,126,79,63,115,1739150245662,/dev/cu.usbmodem1413201
98,102,213,240,186,147,142,209,123,193,167,120,124,39,9,81,13,202,64,31,68,78,146,215,111,71,124,70,139,166,24,113,169,224,241,102,155,17,161,66,235,55,238,115,80,185,201,240,84,237,186,19,29,96,62,23,204,223,105,93,31,103,134,57,140,223,141,138,116,220,230,204,249,145,44,118,46,154,84,62,247,245,107,33,231,218,62,156,200,101,90,2,120,162,90,230,140,11,82,71,91,84,63,8,30,138,9,19,72,100,234,2,48,130,78,214,161,153,190,201,37,218,24,147,17,201,117,146,251,157,147,204,61,20,29,5,77,158,19,58,80,115,139,169,52,89,171,21,73,164,148,212,254,33,12,237,5,48,231,125,253,26,197,13,48,36,195,187,178,231,229,77,85,67,138,115,166,121,77,170,63,196,208,63,186,40,167,41,127,178,52,188,132,235,122,21,49,57,166,106,156,242,241,220,28,146,141,218,157,174,74,151,54,170,5,121,140,252,110,184,35,8,76,168,157,3,107,167,106,204,85,9,217,248,79,222,111,122,82,189,202,190,32,241,233,42,93,163,238,36,1739150245663,/dev/cu.usbmodem14124101
18,57,133,213,3,193,27,15,214,56,180,190,34,173,106,34,39,114,125,80,201,137,37,29,99,42,210,17,63,89,118,135,127,31,187,192,253,244,234,235,190,189,10,173,145,67,185,52,142,127,19,26,79,243,213,191,48,206,251,140,166,36,2,70,82,16,254,53,34,35,231,213,67,53,253,37,136,91,44,115,130,212,166,83,241,147,94,6,137,206,15,155,172,54,72,216,129,50,174,223,121,186,218,202,249,132,29,206,54,131,84,236,67,43,251,195,23,250,208,43,250,24,56,237,64,101,108,238,130,156,82,226,206,122,28,73,7,170,235,214,65,151,46,23,231,22,164,7,213,194,140,53,40,220,252,134,75,165,126,22,226,162,119,93,53,184,108,95,193,24,207,60,150,103,228,23,86,175,133,62,191,229,204,179,222,219,145,96,16,239,18,156,169,159,182,104,120,190,230,127,124,150,186,84,96,241,189,172,31,51,11,76,32,30,56,236,163,149,221,124,189,10,47,92,143,166,150,177,88,72,2,55,92,138,147,250,172,16,200,42,74,85,58,5,95,189,244,52,232,147,1739150245663,/dev/cu.usbmodem1413301
182,129,190,250,217,56,234,56,143,153,2,226,46,166,227,70,112,169,175,66,208,145,48,251,160,156,78,71,22,209,223,131,73,72,16,62,111,200,248,89,43,180,138,162,15,247,96,62,161,232,74,24,55,169,20,181,62,179,237,246,253,176,223,244,185,213,97,88,77,68,137,52,87,2,189,71,115,143,253,48,93,114,235,218,36,222,225,129,142,166,33,191,108,1,155,73,50,0,107,5,104,196,97,249,233,72,165,252,71,93,170,166,59,233,27,241,61,134,49,4,53,79,17,31,55,135,173,182,135,94,119,197,59,173,151,185,59,58,242,109,39,72,2,14,42,78,239,143,206,4,105,52,146,110,171,155,19,118,79,237,217,27,67,96,93,5,10,210,71,87,101,144,205,35,4,66,148,89,184,206,54,254,7,97,214,18,102,23,19,72,200,146,124,115,12,52,32,3,238,87,189,160,253,203,24,62,113,41,59,201,187,62,148,185,130,210,17,158,194,64,5,4,163,53,83,13,147,76,94,146,10,75,196,226,125,235,23,111,36,51,204,6,55,187,132,67,235,195,192,84,1739150245664,/dev/cu.usbmodem14124401
8,218,30,56,246,84,75,169,25,218,59,132,203,15,97,69,178,40,179,68,101,76,195,242,104,119,91,70,61,231,35,235,137,116,48,44,249,131,35,230,210,213,237,158,22,166,144,93,159,59,225,101,74,211,40,251,29,21,220,55,240,48,19,55,129,57,74,22,201,181,101,60,159,212,109,248,165,122,59,112,69,211,142,213,122,229,39,91,235,209,180,131,141,174,69,129,151,134,53,43,246,172,79,121,130,132,253,51,208,243,150,220,63,39,133,101,234,78,65,134,32,190,154,147,194,242,243,31,155,220,60,17,195,209,88,144,37,22,191,191,246,187,162,49,194,154,123,74,143,209,104,194,139,46,14,158,246,196,40,193,229,68,6,199,124,55,199,19,21,90,103,174,71,47,105,9,51,236,76,37,154,79,51,151,186,155,176,238,243,3,238,88,44,216,203,32,69,153,16,48,41,107,113,243,227,232,36,249,47,49,26,252,246,137,169,79,55,91,72,233,175,31,224,83,238,101,142,17,168,11,155,107,169,92,8,140,85,12,239,45,14,247,19,64,81,189,150,6,192,245,1739150245664,/dev/cu.usbmodem14124301
167,169,179,11,157,51,167,42,110,139,20,148,168,186,239,91,97,195,87,25,12,208,176,60,84,202,121,164,177,216,98,88,108,46,126,75,221,21,254,142,152,94,243,122,204,165,11,212,110,154,29,112,220,0,63,137,88,121,122,250,62,168,112,33,238,87,66,166,2,51,215,178,239,85,49,129,43,253,252,32,235,60,162,105,140,195,151,19,97,248,163,48,169,196,231,96,229,169,135,254,235,179,4,89,229,188,227,237,92,22,114,160,112,222,184,138,234,2,177,66,95,4,133,31,221,105,5,128,237,55,170,187,219,163,237,235,181,133,117,176,99,96,152,27,180,76,38,40,188,145,161,45,252,168,247,213,108,47,59,193,40,249,150,76,150,97,34,140,106,216,21,225,251,134,11,39,223,86,111,80,131,19,178,237,97,177,249,171,207,12,169,80,109,88,34,19,157,153,146,107,231,209,26,174,158,64,78,221,53,37,222,180,142,164,14,9,189,93,250,161,64,147,189,70,141,163,230,83,168,192,125,160,145,219,223,30,98,163,195,222,81,87,7,150,100,89,218,133,80,22,1739150245665,/dev/cu.usbmodem14124201
24,62,234,121,222,148,203,168,148,125,46,255,184,149,19,48,61,47,30,79,30,0,105,174,72,114,146,30,68,204,157,171,28,152,58,100,223,142,47,180,233,176,39,73,69,6,94,18,209,201,74,83,231,135,22,77,58,196,138,23,37,164,233,65,78,229,126,216,36,236,124,243,122,43,142,106,28,253,230,6,40,210,152,56,182,164,58,110,235,123,13,103,216,82,65,47,67,133,11,198,103,59,185,54,245,219,59,155,171,191,9,213,151,174,176,67,127,157,131,61,143,148,188,129,8,2,229,211,123,133,98,104,23,220,81,233,230,60,222,156,27,109,183,230,11,220,157,176,25,144,211,250,167,120,210,193,52,217,12,88,244,120,166,220,140,185,183,3,125,21,175,238,71,119,74,73,12,239,176,207,138,248,188,57,27,202,234,148,182,14,250,176,15,89,103,24,129,247,58,170,122,52,105,61,16,49,163,44,180,123,246,237,227,189,165,48,221,245,230,91,83,40,19,25,227,196,210,230,216,198,214,0,53,168,120,138,190,91,237,118,176,185,246,86,225,203,84,249,196,17,1739150245665,QBYTE | polymorphisms
18,180,240,86,27,153,150,30,45,71,204,90,166,103,61,48,197,92,72,172,99,77,194,177,18,245,160,156,111,248,69,243,38,255,58,233,37,46,154,220,133,206,206,167,171,140,231,67,125,125,16,22,249,92,64,155,143,214,146,219,44,178,243,204,127,163,205,142,8,38,56,43,185,252,255,163,155,22,147,118,27,74,190,133,137,225,28,86,200,39,157,77,181,252,41,109,18,176,193,231,178,15,210,125,198,184,252,250,156,146,137,60,134,62,227,147,176,124,252,47,107,197,85,180,237,110,191,187,86,170,214,153,40,203,66,232,63,192,155,147,199,242,87,136,209,39,159,116,197,43,249,105,136,73,179,25,247,166,82,184,93,125,64,239,64,151,37,154,228,36,184,40,196,160,109,31,138,173,240,177,42,90,202,208,49,103,105,121,4,99,111,48,214,110,248,115,215,58,168,124,221,98,243,90,232,17,255,190,2,223,178,11,203,9,99,141,60,47,213,101,173,136,163,231,144,20,137,209,59,234,121,123,138,88,21,117,124,143,191,167,130,192,72,90,246,250,38,152,109,23,1739150247850,/dev/cu.usbmodem1413101
97,217,5,207,86,180,194,53,192,8,28,113,162,241,12,108,177,123,203,0,97,86,70,85,152,35,236,97,26,82,219,168,32,184,151,174,182,137,177,14,95,3,232,9,247,52,223,9,9,218,180,225,20,114,53,19,108,161,128,231,70,52,172,93,223,71,223,46,105,198,229,254,82,28,61,145,170,78,88,109,132,141,237,23,121,123,209,225,255,74,171,127,103,193,117,223,64,60,37,197,237,182,8,13,5,16,213,133,231,90,200,161,223,19,168,232,150,165,32,50,144,216,201,179,205,143,248,135,86,234,59,148,120,25,198,65,161,2,49,172,212,95,69,48,61,40,200,31,173,79,186,56,191,17,81,157,129,219,254,173,29,52,53,241,53,86,175,181,243,122,33,8,160,116,117,31,24,40,85,24,116,146,188,162,206,182,27,66,64,33,62,122,68,194,33,13,0,102,68,175,81,187,15,144,79,204,37,189,106,166,146,52,183,220,24,5,61,187,166,147,48,108,90,140,60,219,158,23,183,203,170,6,4,218,99,158,47,151,68,74,239,45,233,67,209,34,136,149,102,47,1739150247851,/dev/cu.usbmodem1413401
48,118,130,229,224,134,33,203,8,91,61,23,57,138,73,79,27,242,249,0,32,71,155,225,217,11,92,40,188,253,217,113,10,238,224,11,211,204,176,43,198,111,182,58,89,236,149,81,94,16,18,49,250,33,129,153,96,51,230,160,206,175,63,235,20,30,206,146,199,12,252,198,36,161,49,117,5,31,135,165,146,176,7,221,159,185,13,137,140,175,229,17,204,106,236,195,72,79,228,171,127,156,115,210,212,197,53,161,171,78,0,71,127,45,246,7,65,68,99,45,240,162,30,223,107,196,194,174,31,190,122,102,152,75,169,183,20,219,51,214,195,241,6,106,63,248,186,228,61,34,97,244,150,255,90,140,196,90,113,108,43,47,159,43,26,25,208,162,45,55,175,3,128,70,129,223,30,247,84,125,215,121,224,14,228,251,19,248,29,27,166,79,43,212,239,245,253,132,153,64,2,98,158,172,207,254,56,141,125,122,208,129,121,176,185,176,184,102,94,101,44,50,111,236,33,191,170,11,191,217,142,89,52,103,218,8,149,232,161,142,2,9,222,118,19,179,84,37,235,147,1739150247851,/dev/cu.usbmodem1413201
211,41,95,108,192,144,164,41,206,47,109,38,5,244,165,149,224,128,7,255,85,136,8,236,81,13,206,8,187,223,29,53,146,121,157,201,31,241,178,182,90,217,160,137,124,161,85,242,31,188,77,202,52,1,221,189,147,17,48,69,115,101,253,27,157,67,2,242,187,206,169,205,137,142,229,183,193,242,236,137,57,111,101,126,228,16,63,204,171,195,225,118,111,58,107,135,246,250,36,193,82,9,65,77,12,237,172,125,194,233,199,70,71,23,200,114,207,21,186,252,81,155,15,35,52,255,253,56,62,131,104,53,136,63,212,242,65,131,15,152,234,93,104,0,218,74,159,229,227,209,132,219,137,3,196,40,28,135,34,19,101,94,50,139,39,33,48,225,198,238,22,114,141,10,91,153,31,1,149,182,170,38,170,177,146,244,85,83,109,214,213,208,224,103,209,8,76,23,254,140,110,15,196,74,133,6,233,246,183,1,227,177,83,193,216,91,17,194,9,221,233,197,252,212,225,204,74,54,255,192,133,109,11,47,11,48,91,97,221,154,45,158,159,103,220,10,71,200,164,172,1739150247852,/dev/cu.usbmodem14124101
103,253,134,176,228,209,178,17,165,138,254,92,244,106,47,48,101,133,237,215,88,189,25,7,29,240,177,23,4,45,195,54,34,119,49,224,113,45,155,71,84,186,207,67,229,216,90,60,164,175,35,113,2,97,230,81,51,232,219,223,233,108,80,153,105,196,11,149,95,2,149,135,100,56,202,61,179,177,234,158,75,54,15,214,215,204,164,188,162,230,253,72,125,216,113,153,103,255,122,49,43,96,33,215,176,11,129,214,127,72,148,2,118,4,62,229,84,198,126,17,58,254,175,173,201,160,57,250,79,40,151,89,94,185,199,216,167,70,29,142,57,19,141,9,99,219,248,65,27,190,153,63,197,146,190,188,124,179,28,178,140,204,182,71,34,194,179,129,96,241,124,103,62,182,81,21,175,248,93,192,4,28,108,122,207,234,198,21,196,112,175,37,161,240,61,115,160,173,16,180,192,210,216,167,159,208,198,91,164,243,49,160,217,147,37,69,38,101,224,118,164,152,105,205,117,77,6,73,94,59,86,89,76,186,74,94,131,124,131,98,136,144,216,158,251,150,220,161,222,7,1739150247852,/dev/cu.usbmodem1413301
160,184,4,246,79,8,210,45,38,11,217,150,40,59,247,176,72,52,133,152,233,29,27,54,87,163,227,214,129,180,202,161,93,95,9,100,212,215,131,43,230,206,61,244,115,188,34,244,65,216,233,3,46,78,158,146,173,113,31,44,114,238,11,237,195,245,59,153,135,0,57,228,8,217,213,166,15,152,230,171,193,214,63,251,34,153,197,105,17,39,158,170,127,126,145,92,158,150,83,176,255,98,189,185,77,129,153,205,72,61,144,187,26,248,93,159,21,187,125,168,237,151,177,183,23,51,89,93,148,250,84,235,53,48,188,141,127,245,144,100,207,127,138,94,146,244,182,93,80,170,219,22,115,37,70,169,177,63,109,69,147,22,230,247,177,76,143,135,63,76,20,233,183,39,38,78,55,127,184,65,192,31,78,158,78,109,203,96,129,87,128,146,116,193,59,238,49,141,130,236,106,40,65,82,135,253,137,47,28,101,83,96,70,235,98,95,57,81,29,141,23,204,0,120,45,206,215,226,180,170,151,102,32,42,102,60,73,226,187,61,131,27,152,15,127,94,40,107,100,185,1739150247853,/dev/cu.usbmodem14124401
171,197,149,168,160,110,214,9,53,168,48,1,42,179,8,209,221,68,73,184,205,187,249,160,3,215,138,160,146,207,114,110,159,46,204,53,134,155,146,192,109,74,239,39,214,143,126,244,143,85,233,170,43,48,202,102,152,239,76,139,96,235,159,149,22,18,195,67,39,10,112,132,129,162,234,78,35,82,46,24,166,50,149,11,84,117,182,59,45,34,18,253,27,70,133,40,245,124,195,52,141,22,248,83,170,108,252,131,115,141,77,226,121,195,178,133,194,70,112,153,32,104,13,117,149,95,223,140,147,54,39,219,95,11,63,81,16,33,142,245,47,202,147,2,111,252,166,49,5,84,53,195,67,185,163,229,17,39,244,71,207,192,241,18,109,14,105,149,247,17,176,222,50,33,183,87,64,198,175,239,94,35,201,14,34,157,93,70,30,189,154,153,203,180,136,103,21,51,162,228,127,236,11,183,57,49,200,55,248,90,2,230,58,143,10,227,29,15,155,149,236,18,16,16,185,41,175,89,112,119,85,143,206,0,198,244,165,255,92,156,254,53,203,139,98,37,25,37,150,226,1739150247853,/dev/cu.usbmodem14124301
41,126,179,122,165,45,19,240,239,101,89,233,164,110,133,157,141,222,184,107,171,99,149,232,51,42,48,60,126,119,252,61,96,230,248,145,173,22,133,73,88,200,109,172,229,33,48,217,55,182,31,170,195,48,132,237,75,215,5,162,88,47,117,127,251,134,142,253,109,159,206,239,82,137,134,113,112,125,0,172,219,162,241,20,237,245,108,251,37,44,183,137,243,186,223,95,49,111,136,129,27,143,209,218,70,23,251,70,138,252,37,95,159,6,60,160,51,138,210,169,168,195,143,71,53,116,133,30,43,81,144,182,42,53,192,195,47,110,189,9,131,106,73,186,252,141,173,66,58,4,114,214,8,102,188,82,125,29,220,205,229,217,32,197,223,17,87,35,228,25,23,206,176,99,199,43,81,188,148,177,73,215,1,143,19,30,122,218,93,33,122,101,170,169,100,33,3,0,252,128,226,254,154,95,233,195,96,68,174,48,28,32,75,207,148,74,71,214,26,214,10,51,35,27,65,55,35,209,208,12,205,130,63,199,214,97,23,107,128,63,225,210,249,206,222,8,166,109,35,111,1739150247854,/dev/cu.usbmodem14124201
213,204,140,132,195,161,116,12,114,119,206,56,106,100,136,74,242,126,228,207,160,172,121,144,120,126,54,128,27,169,221,219,30,48,220,165,209,237,38,170,193,141,64,33,220,63,206,12,104,159,199,126,231,33,31,228,93,244,73,3,116,10,44,255,110,28,163,114,143,181,154,214,249,5,101,84,26,179,130,182,195,104,101,3,199,230,68,231,171,206,244,195,155,55,97,68,209,67,70,124,48,183,93,8,10,113,175,125,220,107,234,152,235,46,152,81,24,57,164,69,5,230,17,211,1,98,66,159,66,200,139,129,94,17,125,43,44,102,40,103,96,205,161,61,107,227,55,5,194,211,163,66,213,204,155,130,15,22,166,23,59,251,89,217,105,104,104,220,176,50,239,207,98,75,197,97,26,142,186,189,240,96,214,168,57,218,30,121,50,52,237,158,237,51,13,88,225,220,71,35,215,92,174,49,37,250,236,127,76,254,111,9,184,156,195,208,237,221,88,246,13,102,48,237,204,33,170,216,134,210,129,123,44,157,155,36,229,155,99,5,86,22,146,220,208,132,246,98,75,52,1739150247854,QBYTE | kellor
184,6,242,170,57,13,83,99,167,120,72,210,207,208,185,11,179,146,136,90,184,50,222,113,86,66,79,162,27,31,97,99,76,240,183,12,5,153,223,96,61,141,69,7,201,20,226,75,118,64,85,5,30,171,22,107,192,30,53,133,29,217,4,144,69,97,159,171,210,1,109,62,179,122,174,84,27,163,118,58,209,124,46,63,51,121,64,31,119,214,239,26,73,224,107,253,229,52,185,55,231,206,84,219,47,29,129,133,225,198,113,249,132,101,229,182,254,63,173,231,30,37,145,207,111,130,144,183,163,251,205,253,15,16,40,95,41,209,196,115,54,155,16,178,19,101,42,9,110,59,18,22,220,110,10,64,242,250,37,194,75,107,227,16,171,248,60,107,173,33,239,107,52,105,146,128,214,35,131,254,51,29,60,42,35,21,179,4,161,96,36,241,56,233,35,129,49,48,72,249,124,225,95,9,41,81,6,220,182,152,49,206,41,54,124,9,250,234,87,67,167,156,121,161,183,25,162,172,156,15,144,24,102,76,72,52,214,137,69,235,6,166,77,115,167,62,221,70,26,154,1739150248922,/dev/cu.usbmodem1413101
115,250,128,253,133,115,14,167,46,50,121,183,204,224,153,90,26,122,238,119,242,122,190,29,243,236,70,22,173,185,252,241,74,198,220,41,97,90,30,161,42,251,13,236,93,189,126,57,10,135,239,170,56,136,35,113,86,26,139,145,147,177,145,185,30,177,6,237,97,132,181,161,142,141,37,179,11,4,155,87,153,41,79,120,168,243,182,72,132,140,219,248,226,16,54,145,211,96,67,71,34,185,166,255,77,123,24,226,82,74,37,238,156,124,200,175,250,16,235,61,88,59,220,247,52,130,153,83,85,205,116,184,141,229,40,27,131,237,105,213,184,70,152,222,90,192,114,234,118,95,203,254,84,13,187,157,35,94,216,83,249,70,99,32,69,46,99,192,105,195,239,2,92,177,247,230,182,48,48,82,43,190,103,197,56,22,249,34,147,25,223,56,21,43,68,164,205,21,97,163,81,229,88,10,93,187,31,231,162,151,80,105,5,194,167,109,255,142,41,28,95,210,20,229,221,3,48,247,55,100,30,184,78,192,193,248,215,237,232,53,254,112,88,27,46,35,25,162,178,53,1739150248923,/dev/cu.usbmodem1413401
38,176,194,35,161,57,194,214,53,122,102,165,129,57,101,80,200,123,92,83,213,8,63,119,115,236,165,50,178,234,73,52,89,65,196,201,74,175,178,43,207,211,201,67,98,202,136,75,74,175,91,85,210,208,221,190,75,62,47,136,195,95,8,71,157,105,28,217,117,145,220,179,252,53,223,51,47,228,2,141,156,50,113,32,100,193,210,203,86,200,121,36,146,50,236,126,134,111,104,237,232,227,118,170,51,164,236,148,166,39,153,156,28,1,36,59,141,93,221,245,8,23,44,239,159,214,104,91,61,71,9,21,192,221,124,36,237,254,160,212,224,39,231,182,226,121,181,51,247,116,68,98,102,118,88,27,56,248,75,178,207,0,118,2,198,0,219,47,221,55,5,184,195,150,160,104,120,3,63,65,13,163,72,18,12,232,217,88,157,249,29,182,67,56,106,205,168,45,209,203,125,21,31,159,243,162,78,96,43,120,97,73,179,130,179,108,51,120,3,206,222,180,166,195,26,123,12,152,85,15,128,137,95,131,109,57,99,196,132,106,89,38,116,144,194,51,127,166,47,193,1739150248923,/dev/cu.usbmodem1413201
48,205,1,129,211,217,102,212,95,59,59,98,196,9,93,245,65,107,209,79,221,135,188,152,105,111,103,7,154,119,247,11,19,227,104,198,251,91,207,91,112,143,157,28,199,159,231,109,255,198,137,143,76,107,180,144,38,141,208,58,43,229,170,239,81,110,126,114,44,231,80,65,77,69,138,218,251,52,247,53,91,131,124,255,87,165,149,173,184,75,157,207,90,146,12,98,227,56,235,79,172,145,101,44,101,25,149,41,252,238,226,182,120,13,205,5,62,228,197,138,164,105,169,14,21,152,203,28,147,40,147,137,224,81,166,19,8,247,9,160,31,22,255,229,76,73,176,149,34,207,53,58,233,141,151,37,109,210,116,171,163,83,79,214,145,233,209,185,27,172,170,77,3,169,232,166,127,249,15,23,18,195,7,190,212,75,161,205,153,204,69,171,91,183,221,119,59,68,70,175,190,2,58,117,130,237,60,233,141,204,235,100,146,182,133,35,10,99,33,221,140,160,139,70,121,253,250,103,113,67,241,255,138,192,105,214,94,24,104,201,203,95,37,117,72,122,97,78,147,191,1739150248924,/dev/cu.usbmodem14124101
240,36,121,53,61,36,45,123,176,186,205,70,229,86,236,58,221,96,3,27,213,34,252,118,72,27,212,173,115,25,13,34,124,20,26,44,37,137,17,9,151,175,105,70,192,127,218,204,174,3,213,47,103,51,185,7,172,176,248,2,95,2,231,161,160,109,60,112,6,46,106,81,4,22,68,101,251,160,217,18,215,32,123,59,3,114,152,60,128,93,15,87,79,49,216,114,251,230,38,127,155,14,181,52,232,168,31,201,244,212,34,79,170,208,143,69,22,220,159,32,101,115,49,124,135,69,19,182,242,182,9,244,143,94,93,45,145,33,50,182,146,167,18,121,238,7,170,74,55,119,73,232,225,76,152,106,7,179,84,185,102,219,250,148,125,185,230,139,205,150,88,92,211,53,50,178,196,170,174,70,206,116,152,222,161,57,239,134,15,13,79,138,215,55,194,214,137,194,146,78,232,243,102,46,201,192,234,163,11,77,102,148,148,254,1,111,143,230,124,174,213,20,25,167,91,234,125,45,225,62,211,10,61,9,25,233,23,203,5,15,19,158,79,42,245,229,211,49,32,214,1739150248924,/dev/cu.usbmodem1413301
252,24,227,68,32,192,138,121,71,227,196,45,206,129,202,238,141,98,218,209,80,33,101,248,219,58,17,142,78,139,55,62,102,24,95,238,224,239,181,119,158,248,215,239,75,2,97,24,39,195,113,215,237,4,172,177,174,202,40,106,76,150,98,231,150,252,196,50,169,126,68,76,44,80,211,226,43,172,173,121,88,215,106,167,204,255,68,42,56,249,221,235,51,131,11,117,9,116,66,117,73,206,182,144,134,32,168,98,241,221,194,245,172,124,10,44,122,65,163,251,51,202,45,210,105,59,236,11,38,169,228,17,210,58,239,204,211,15,170,106,227,201,132,196,187,246,200,182,15,189,41,195,144,183,59,198,182,51,108,237,83,141,211,249,48,123,172,182,69,146,86,102,133,101,33,228,190,185,0,188,75,187,250,221,235,254,68,252,223,27,204,51,237,253,110,73,136,93,122,142,54,253,71,127,179,109,102,221,118,62,30,122,40,39,124,130,215,159,103,136,133,15,132,9,46,117,217,3,128,78,255,75,177,106,237,190,209,59,218,5,26,196,216,103,36,45,222,108,167,242,1739150248925,/dev/cu.usbmodem14124401
29,220,229,5,232,39,143,140,244,133,10,85,168,190,73,132,50,159,112,176,136,14,125,206,195,239,239,60,131,179,144,227,181,175,142,48,205,122,95,142,204,208,212,102,86,80,206,197,37,235,5,161,160,36,194,252,76,139,46,211,13,37,90,147,234,204,214,99,59,100,20,46,179,125,172,83,156,150,190,176,111,117,133,133,47,109,39,66,186,163,113,25,173,85,101,53,186,45,90,202,200,131,45,102,139,225,191,30,146,167,113,237,2,96,253,80,109,224,248,214,30,182,23,22,96,241,155,170,157,252,8,170,102,147,181,14,195,120,63,197,114,42,177,230,85,43,21,241,100,243,70,30,245,198,141,10,191,184,210,211,69,99,84,217,228,36,48,175,132,241,60,5,79,246,143,79,134,142,11,246,81,243,75,17,27,34,121,105,182,229,7,246,53,23,16,33,105,37,162,25,43,185,87,112,227,29,183,131,65,204,136,15,133,165,36,189,25,198,21,1,142,183,179,166,24,58,112,249,90,183,6,24,62,4,104,136,95,118,228,252,71,137,233,28,178,217,208,229,21,67,1739150248925,/dev/cu.usbmodem14124301
158,205,173,132,20,90,43,132,82,205,11,139,159,237,187,52,149,231,189,226,87,13,136,99,158,173,156,108,68,52,136,163,189,136,119,181,70,104,229,239,41,9,13,223,68,168,223,2,197,190,214,160,105,245,103,147,230,117,144,100,207,252,90,113,101,59,114,77,233,24,159,63,24,42,49,29,246,115,57,233,204,196,66,56,244,244,67,128,72,150,199,229,63,188,228,142,209,203,139,66,150,155,171,207,29,112,30,36,57,245,148,253,19,228,41,249,216,45,217,5,57,157,51,29,201,189,207,234,59,198,99,253,122,174,222,90,216,85,110,44,80,160,81,145,231,162,223,210,88,8,212,40,98,175,170,40,50,90,154,189,14,84,142,137,133,194,5,138,95,138,188,231,14,78,42,204,136,105,243,29,71,78,22,99,190,137,11,131,214,203,153,90,71,52,242,31,134,197,51,48,187,194,133,100,75,177,87,170,39,225,182,161,241,61,14,176,112,126,156,122,46,23,151,149,131,204,67,125,144,193,20,27,46,94,11,140,117,105,240,54,171,141,247,53,203,203,140,66,12,12,1739150248926,/dev/cu.usbmodem14124201
82,172,99,5,47,7,250,204,178,26,100,23,90,132,204,144,215,130,255,169,24,199,143,160,113,78,125,242,100,46,1,241,94,191,123,109,155,67,162,174,68,164,123,164,168,121,89,71,160,59,31,140,251,126,236,237,83,51,47,121,183,159,178,37,46,177,167,129,151,223,241,97,15,150,212,199,126,158,235,231,163,162,186,185,188,250,9,229,87,72,180,73,141,11,239,204,202,119,204,80,13,221,100,175,204,194,246,75,71,30,42,151,107,61,149,231,110,198,67,173,155,242,240,124,150,124,1,94,42,124,165,107,227,32,3,198,22,54,205,231,34,8,230,245,0,237,245,154,201,238,90,173,225,10,250,109,184,236,178,178,160,31,74,217,149,27,42,37,81,6,33,68,191,15,155,125,19,29,213,235,148,177,43,50,44,204,235,35,134,116,190,193,125,164,158,62,129,51,199,215,160,102,209,172,215,164,7,229,169,229,173,202,197,129,186,203,13,190,206,17,90,225,249,92,231,245,243,14,36,33,193,148,97,246,26,112,208,87,138,189,143,241,205,233,171,142,139,246,138,186,1739150248926,QBYTE | off-line
color change,0.116985,3,148,94,186,3.272465
rotation
0,217,77,73,63,212,133,151,75,250,15,157,215,46,26,16,134,155,177,70,252,66,217,51,165,117,208,111,164,78,147,108,149,227,5,155,43,214,172,182,39,140,218,150,2,0,132,238,171,165,165,110,249,26,14,2,94,5,118,249,50,3,68,60,109,251,124,33,58,40,16,82,18,190,81,19,202,118,102,3,94,254,191,68,254,23,96,75,147,236,225,205,42,90,92,192,161,164,218,128,248,19,103,231,17,225,176,239,151,57,144,80,23,114,140,161,154,203,206,70,219,0,91,1,224,246,69,137,229,105,5,63,85,153,212,25,99,135,171,251,252,223,159,5,175,167,120,197,16,138,213,182,50,66,165,80,209,138,34,142,111,118,204,105,175,24,106,218,251,152,39,56,194,167,44,79,2,6,80,23,169,209,244,159,27,22,130,27,0,27,97,255,145,75,44,91,92,69,109,53,22,217,202,240,197,165,205,169,75,183,48,176,79,81,215,119,28,77,133,249,156,167,224,210,111,192,152,176,125,64,153,82,80,6,237,248,224,9,142,251,68,46,73,88,21,102,105,52,6,168,1739150250164,/dev/cu.usbmodem1413101
68,206,137,97,237,149,19,73,85,212,161,255,194,174,186,63,36,72,208,37,250,21,65,225,58,108,254,197,61,185,26,0,214,205,164,62,44,161,166,194,67,207,120,196,175,46,66,53,192,32,103,86,100,97,219,2,69,100,239,204,106,234,153,188,4,55,45,88,25,62,249,151,131,76,115,1,136,4,125,75,27,90,4,100,5,233,72,132,122,66,170,158,15,32,130,255,6,105,161,155,127,71,16,204,141,241,206,171,70,37,163,31,190,127,245,78,202,182,73,142,8,145,96,136,188,100,36,27,181,188,198,56,225,15,148,38,75,109,75,124,234,249,21,170,220,185,234,138,244,214,233,203,80,2,158,20,120,47,160,132,147,197,3,193,137,22,118,63,59,243,166,255,165,143,228,199,140,177,141,226,208,144,14,131,174,60,116,75,189,247,55,249,4,114,137,85,149,71,130,150,150,218,26,209,235,24,22,149,97,57,10,155,54,155,137,28,247,140,183,15,80,2,241,6,178,117,176,120,49,20,15,123,205,170,53,173,38,55,75,55,91,124,233,65,166,7,80,124,20,68,1739150250165,/dev/cu.usbmodem1413401
245,141,166,118,45,241,49,175,219,132,165,73,162,37,253,149,109,150,49,77,244,57,37,8,190,140,70,30,213,138,197,59,97,185,36,174,161,155,49,176,135,166,26,11,43,13,228,145,56,44,54,206,32,151,247,47,91,188,17,136,225,221,137,49,191,44,175,67,220,88,160,99,131,206,50,79,213,35,220,23,162,88,70,135,151,179,26,150,233,208,9,124,199,41,194,78,222,28,218,143,54,140,167,23,6,239,173,157,180,186,73,187,29,171,187,203,209,137,136,214,149,177,215,134,10,214,212,125,206,157,96,191,106,9,115,88,61,159,123,25,253,236,152,202,176,77,184,202,124,0,217,95,9,219,107,32,154,209,64,105,107,236,52,216,191,40,71,179,251,191,5,132,192,129,19,125,153,230,227,143,126,113,173,217,12,49,110,165,1,150,71,76,117,3,106,73,24,66,192,50,21,213,68,115,142,76,51,171,194,142,39,124,248,178,50,74,185,146,58,95,217,254,220,38,20,212,177,223,150,252,187,176,31,136,158,203,98,65,85,1,65,216,58,195,105,153,141,96,103,65,1739150250165,/dev/cu.usbmodem1413201
230,182,174,90,35,50,200,247,99,203,235,65,155,190,56,160,38,145,23,110,165,173,82,162,20,23,79,65,10,146,134,174,58,65,200,247,120,103,71,149,80,89,37,4,25,161,199,217,13,56,152,206,77,250,198,144,240,192,18,53,212,92,61,111,233,92,233,53,7,247,119,30,19,129,0,151,45,35,150,81,83,175,23,98,80,141,164,106,25,51,204,45,183,129,221,199,127,84,119,108,109,90,234,122,248,157,254,58,134,24,130,67,3,242,117,176,68,203,10,70,170,136,230,136,70,200,77,221,126,55,60,248,242,39,136,76,70,61,215,140,230,62,199,46,149,242,50,75,59,86,69,243,13,93,91,153,80,116,84,88,160,76,63,125,34,145,4,69,167,4,19,114,23,22,1,91,174,238,187,5,90,224,49,188,167,85,229,96,150,120,18,55,183,52,40,77,82,74,174,156,7,164,166,179,198,102,31,20,234,68,68,49,48,149,242,158,48,232,69,34,89,177,93,24,90,174,124,54,87,97,80,9,247,173,250,171,120,12,153,142,93,124,219,21,51,209,208,3,37,202,1739150250166,/dev/cu.usbmodem14124101
18,172,222,40,167,134,14,128,181,152,156,5,114,124,221,218,159,235,119,216,57,246,199,184,220,48,132,178,33,115,253,12,179,26,44,98,246,224,26,97,111,134,177,154,216,234,53,169,99,12,186,169,75,77,191,55,31,234,193,188,30,134,133,178,80,34,169,74,127,66,19,129,11,223,17,179,147,69,125,233,88,212,46,254,45,47,222,183,247,171,206,205,212,99,209,123,242,210,123,103,209,131,198,171,45,241,32,170,62,0,218,124,124,253,6,17,195,221,177,247,128,224,93,41,224,252,204,26,240,154,171,57,168,84,87,133,140,104,103,120,150,75,118,3,41,55,150,25,204,141,54,82,226,89,114,0,98,11,42,194,108,213,236,125,247,147,41,35,37,210,221,96,56,114,37,121,133,129,50,79,244,62,138,88,234,125,25,117,14,10,116,98,200,254,78,186,42,73,225,48,53,51,213,232,236,89,42,72,239,4,200,179,41,52,223,174,119,72,216,94,119,205,47,214,254,6,200,211,62,179,181,126,95,54,203,165,34,254,188,44,90,139,249,250,81,149,12,113,106,28,1739150250166,/dev/cu.usbmodem1413301
252,114,174,222,125,219,23,162,59,20,161,96,83,46,78,109,55,181,232,215,244,242,148,195,128,193,134,225,103,0,225,96,171,58,36,166,159,50,223,195,47,229,87,93,71,203,172,103,0,23,139,141,134,94,140,141,220,82,140,172,123,43,58,119,94,34,27,182,177,179,119,103,198,94,205,210,65,36,34,48,188,107,73,2,154,123,196,204,145,169,46,121,76,86,87,142,118,102,188,18,175,219,241,33,82,179,172,114,19,165,118,176,151,216,159,240,241,95,30,85,191,148,177,99,111,231,153,116,30,151,55,28,160,202,196,92,226,193,158,219,214,39,251,84,217,166,127,223,150,89,218,111,246,109,232,95,5,119,78,17,236,37,225,219,229,35,139,139,238,185,166,191,121,191,173,173,180,114,47,49,38,149,177,247,44,6,120,83,74,122,186,174,77,43,193,191,97,237,112,96,77,75,200,185,83,206,66,69,130,57,50,120,2,15,86,232,205,72,34,189,181,253,24,148,80,18,152,39,66,131,65,92,40,56,161,79,27,181,11,125,70,133,95,217,236,172,243,197,100,119,1739150250167,/dev/cu.usbmodem14124401
230,192,107,82,48,37,76,208,183,30,249,160,221,189,82,24,246,171,96,224,3,58,157,4,81,192,91,68,207,247,235,35,154,61,193,143,181,216,32,34,28,242,13,131,211,90,64,13,144,110,100,166,34,194,6,239,181,95,165,158,111,228,178,134,174,211,116,108,251,139,168,105,205,44,44,36,17,126,181,180,208,189,225,134,132,184,141,35,156,95,203,2,72,18,201,222,95,72,237,188,53,69,95,221,183,106,124,228,236,15,87,25,190,179,23,234,192,28,65,156,69,238,50,140,60,154,157,225,194,233,72,179,219,119,219,228,234,39,139,240,212,140,156,167,213,213,73,123,188,135,71,183,138,77,233,144,180,26,213,98,99,231,108,38,52,10,88,139,44,18,122,249,160,104,82,66,6,57,206,236,52,131,225,185,202,203,165,10,251,34,12,118,3,225,26,18,93,95,11,240,222,43,210,188,28,143,146,160,12,165,198,211,11,171,93,9,178,6,211,172,73,200,122,121,83,82,193,28,63,99,126,45,255,116,100,91,233,88,231,0,179,43,106,98,8,180,231,166,78,20,1739150250167,/dev/cu.usbmodem14124301
249,38,163,20,181,181,122,109,14,43,28,231,63,243,2,165,143,8,235,159,110,233,51,239,9,187,165,116,174,39,13,86,80,223,217,163,21,204,136,116,49,109,130,54,43,104,75,194,176,46,36,54,180,0,178,169,169,134,222,26,46,122,203,160,129,76,48,137,224,200,246,164,139,184,42,224,148,59,68,162,154,175,27,124,46,205,214,138,37,72,89,150,25,150,224,194,99,106,199,165,44,121,20,82,235,96,131,118,163,54,231,132,107,155,147,68,175,192,105,44,175,59,205,28,11,122,182,202,190,199,220,110,167,206,122,171,124,216,89,211,107,253,92,4,63,121,215,131,76,166,26,11,125,88,29,232,20,168,13,62,240,190,209,76,126,90,28,33,126,72,209,32,108,100,150,136,184,117,104,10,130,167,12,232,178,212,34,148,226,173,231,163,149,128,61,49,227,115,22,22,20,199,192,97,227,85,186,13,202,136,41,161,129,0,20,237,200,55,1,5,204,30,68,119,119,229,138,45,234,94,125,62,6,204,101,239,2,249,245,164,199,255,103,232,98,173,145,216,209,253,1739150250168,/dev/cu.usbmodem14124201
166,20,116,180,131,79,64,25,145,216,56,72,239,7,166,16,56,41,83,48,247,20,18,232,49,8,219,150,97,76,48,224,202,20,93,20,23,77,17,165,222,64,244,47,248,145,119,146,29,202,29,140,171,199,99,67,111,124,172,28,73,91,175,61,30,35,225,22,45,11,4,147,138,168,202,111,237,86,255,193,26,254,119,195,33,225,215,225,198,88,252,34,156,99,110,95,190,19,59,148,187,230,70,67,65,42,94,169,129,34,228,230,137,89,170,219,152,97,130,74,57,9,25,93,168,119,134,119,114,92,151,184,88,159,137,189,171,30,103,146,242,233,152,191,76,156,111,240,9,255,17,80,133,231,101,218,164,206,42,180,36,186,116,193,227,87,185,17,5,225,71,55,61,126,150,176,54,0,62,231,57,95,176,135,160,42,155,45,119,253,38,100,68,186,79,44,118,130,13,187,32,230,61,109,38,218,183,35,169,84,76,223,16,125,94,29,162,138,101,193,11,12,153,166,25,108,254,228,36,196,138,161,251,63,215,107,14,153,172,182,107,44,234,102,62,9,237,225,193,229,1739150250168,QBYTE | evolutionarily
16,174,178,105,92,233,85,36,139,131,251,37,95,30,127,132,181,118,172,41,108,22,129,11,28,218,239,143,65,238,219,4,21,227,222,145,233,169,6,42,184,138,76,183,28,202,157,131,96,129,58,22,90,241,81,92,62,18,208,179,63,73,215,165,16,205,37,223,124,231,176,116,133,77,12,43,131,246,33,128,255,253,13,21,176,251,216,68,109,22,185,111,243,20,64,145,114,250,43,59,205,109,17,115,43,85,244,0,49,211,245,174,211,162,42,153,180,112,77,66,113,252,153,77,141,0,150,246,135,228,2,139,254,162,140,21,202,64,65,47,142,243,152,61,250,196,238,94,96,127,76,57,32,72,171,141,84,79,182,31,149,116,147,69,0,90,65,8,132,182,28,22,188,108,164,82,144,253,39,102,242,93,184,117,121,203,245,64,150,4,166,206,161,184,49,135,200,173,54,81,90,177,23,203,230,223,115,155,208,68,189,232,103,216,129,16,235,232,52,167,226,132,246,134,95,118,222,98,10,238,130,128,171,44,89,227,2,192,21,231,34,185,19,225,46,237,249,145,116,78,1739150251239,/dev/cu.usbmodem1413101
116,143,84,68,216,213,127,167,213,22,3,158,68,242,70,119,193,24,100,45,109,72,174,185,188,4,228,200,145,82,15,128,132,18,67,217,92,189,50,123,35,148,174,20,123,150,97,29,21,190,162,115,142,16,59,155,250,96,91,2,238,82,176,70,249,185,40,43,135,115,174,177,132,76,137,158,66,208,58,68,52,216,97,52,67,97,111,208,164,65,119,32,45,183,62,23,244,238,82,29,238,49,92,146,137,188,171,159,140,240,57,119,84,123,8,237,252,135,254,119,223,155,216,86,211,238,249,195,48,236,18,249,164,105,210,173,214,162,207,4,121,16,163,1,249,93,137,159,82,33,160,81,211,87,194,198,206,56,200,125,244,18,28,35,105,16,189,103,102,141,129,161,80,67,96,198,192,28,56,162,127,49,218,148,141,40,28,134,51,154,82,75,48,245,106,168,54,108,203,152,186,197,151,118,24,219,71,51,14,238,196,111,216,61,99,64,220,27,109,15,91,115,185,21,27,152,112,123,102,138,42,232,127,15,67,164,170,71,233,104,164,230,164,219,168,0,214,56,114,22,1739150251240,/dev/cu.usbmodem1413401
0,229,193,235,231,36,182,74,195,102,107,135,125,188,223,243,66,44,12,145,225,67,72,101,74,143,232,12,225,96,136,253,208,203,2,132,85,42,57,133,199,107,213,18,63,248,2,208,255,188,32,80,35,91,17,238,37,21,24,58,143,198,65,136,3,92,34,48,144,163,107,161,123,95,212,8,42,53,163,230,249,91,26,92,22,232,40,238,164,186,174,25,48,120,95,10,80,72,70,16,80,64,121,187,212,200,157,75,189,98,146,16,22,184,76,151,34,106,141,115,111,203,24,58,197,204,195,80,71,202,13,147,231,164,106,156,132,179,164,108,173,56,115,28,61,43,189,56,171,15,51,46,169,142,67,54,185,87,126,67,197,137,235,140,99,146,62,13,98,231,216,180,236,206,153,229,167,178,118,114,100,126,90,193,102,193,169,255,160,166,154,175,21,130,147,110,209,50,38,9,161,247,53,117,1,250,54,91,252,41,245,129,33,176,23,207,102,213,9,61,83,4,227,68,215,239,196,9,215,253,223,38,232,79,126,244,174,238,221,248,67,205,136,135,126,18,137,121,138,76,1739150251241,/dev/cu.usbmodem1413201
79,92,64,1,19,79,109,178,83,93,68,22,183,173,120,66,63,67,1,186,250,96,92,133,193,96,24,43,181,149,132,226,240,6,85,131,41,132,2,236,248,184,133,175,118,187,137,10,222,76,51,12,30,210,35,56,28,211,103,214,3,248,97,10,223,143,43,161,31,45,69,21,94,25,29,180,40,183,14,129,0,170,93,88,7,120,156,133,215,231,152,6,139,166,49,28,71,191,116,29,247,79,159,79,145,98,195,47,1,84,244,169,93,181,129,200,191,174,137,110,167,90,246,4,87,24,82,177,35,69,144,180,42,212,151,63,165,40,92,126,161,222,164,252,107,196,150,238,78,206,142,205,89,37,163,154,32,80,249,218,41,231,109,234,48,147,201,174,81,65,117,249,172,199,143,104,255,130,140,44,121,25,14,122,149,213,24,243,217,231,193,238,10,200,154,241,220,231,93,88,48,80,44,172,3,201,170,48,195,101,247,56,172,11,34,200,139,55,157,128,39,202,161,61,164,37,141,31,159,203,121,144,255,157,130,158,183,103,190,130,72,54,40,12,3,12,195,45,150,107,1739150251241,/dev/cu.usbmodem14124101
132,119,212,67,66,217,108,193,155,225,172,136,54,116,161,114,234,227,35,195,199,15,29,9,140,131,109,44,150,127,25,84,211,6,88,36,41,241,60,216,131,150,232,29,151,5,190,94,185,252,7,194,217,80,73,222,32,99,230,218,238,125,196,63,80,153,53,40,179,136,111,16,202,8,241,54,175,119,108,203,221,186,13,47,102,249,142,17,206,18,105,96,202,74,62,82,33,99,37,161,36,23,151,154,138,248,28,138,3,35,243,15,210,245,226,187,13,46,196,23,80,153,112,26,107,174,219,174,2,246,36,190,252,126,215,195,189,211,37,7,207,177,44,163,167,4,78,126,63,218,79,20,234,21,162,229,13,224,187,89,2,7,213,226,36,137,85,174,74,204,213,222,240,115,213,212,142,37,64,60,1,192,31,120,49,237,97,41,41,3,122,151,50,180,242,6,60,229,52,12,13,208,115,241,219,211,121,212,12,235,82,3,206,249,251,190,162,2,186,30,7,91,131,165,239,51,20,10,2,163,73,84,97,49,202,244,111,251,132,157,95,166,111,125,166,13,77,27,54,167,1739150251242,/dev/cu.usbmodem1413301
197,170,184,169,229,119,97,214,76,113,53,7,28,68,122,96,213,27,183,26,105,240,58,172,194,24,162,223,118,40,91,118,33,5,163,194,158,165,0,170,1,4,62,69,92,19,83,85,35,92,133,141,87,157,108,200,25,175,138,71,180,87,129,113,103,79,225,130,230,44,56,104,196,140,108,118,99,200,243,8,149,19,90,251,80,190,231,81,225,7,49,252,146,89,255,171,155,57,157,108,200,157,109,116,26,154,114,44,89,24,179,242,164,236,180,78,1,70,52,171,141,15,135,198,33,206,136,93,255,91,219,158,8,144,192,146,62,112,110,129,75,232,37,124,150,230,60,248,99,95,238,149,247,42,221,95,136,206,148,83,88,47,236,1,168,164,189,207,214,169,80,196,65,199,87,128,65,145,102,230,235,237,97,242,60,93,105,184,94,125,177,134,171,26,69,153,75,198,6,58,174,55,144,83,219,200,190,140,114,128,210,18,60,217,91,190,105,131,245,191,252,93,22,86,37,67,34,120,109,248,254,154,22,116,105,198,8,158,153,28,142,86,116,218,119,120,170,152,156,98,1739150251242,/dev/cu.usbmodem14124401
223,134,242,174,152,223,89,74,250,139,197,132,68,168,16,202,78,116,7,235,254,121,48,42,115,175,246,115,93,154,49,162,247,53,101,250,153,133,116,41,60,228,35,73,201,204,47,197,53,154,179,111,0,140,145,195,242,235,240,24,100,228,231,249,15,224,5,168,80,66,209,207,218,103,222,192,196,219,62,43,32,78,56,67,74,173,13,240,108,78,128,51,195,241,108,151,32,24,252,80,72,149,121,48,215,252,48,200,145,73,148,146,42,245,81,188,56,217,64,133,217,249,241,217,181,6,51,68,26,55,122,56,163,70,107,146,252,163,151,148,114,127,33,176,78,162,177,210,82,226,27,161,91,161,73,13,114,20,30,57,235,96,172,89,165,178,72,167,3,17,141,82,174,206,204,90,85,69,32,252,68,204,173,130,20,6,49,213,83,217,180,224,221,37,63,86,197,65,9,71,20,98,116,137,36,91,172,3,45,8,167,33,11,197,227,211,119,237,221,1,103,249,171,34,140,58,150,240,23,80,147,126,174,208,182,245,99,28,225,97,217,38,120,197,37,53,105,226,78,161,1739150251243,/dev/cu.usbmodem14124301
250,82,103,147,72,222,53,150,225,14,196,102,202,194,18,83,126,166,188,248,141,34,19,109,219,136,160,166,197,221,93,117,176,87,175,14,121,53,55,9,145,98,100,207,127,61,141,151,237,30,242,90,38,249,88,53,238,112,125,202,154,76,66,220,206,198,8,217,113,91,150,250,11,25,237,80,241,28,28,193,38,208,191,86,15,109,241,7,213,32,1,115,131,146,203,63,178,96,175,90,249,96,105,188,21,157,59,190,40,179,40,105,89,164,55,136,23,236,33,230,21,70,46,132,225,122,50,251,236,171,136,203,132,70,229,127,116,160,199,115,118,123,214,140,251,200,250,143,95,229,198,151,79,167,76,89,79,55,213,138,153,17,204,57,35,151,175,39,21,131,113,87,181,124,104,173,19,57,120,21,126,76,183,238,64,85,202,230,227,174,180,246,84,49,243,184,52,17,49,86,46,78,223,241,34,31,240,222,41,122,208,187,162,112,2,112,73,156,147,169,143,178,33,253,203,56,170,203,39,42,113,56,202,159,74,28,75,201,56,0,70,60,220,132,9,138,106,66,238,44,1739150251243,/dev/cu.usbmodem14124201
79,145,158,16,7,248,144,176,2,187,79,71,117,167,71,201,6,43,234,229,199,217,63,176,205,141,98,70,252,89,246,110,4,93,251,93,158,94,112,106,139,217,35,192,83,248,56,29,22,235,72,67,65,208,180,241,216,227,21,18,249,167,167,10,195,87,221,190,0,167,32,60,251,189,226,217,58,220,11,138,124,227,251,228,145,141,150,72,44,113,33,140,125,13,118,193,185,193,160,236,217,44,65,119,181,64,100,43,226,212,86,102,201,156,223,234,246,110,38,247,119,223,135,164,210,38,172,152,216,182,128,134,68,85,58,167,54,217,109,88,123,88,18,63,209,254,117,204,134,29,45,60,10,141,243,9,187,125,29,66,165,81,80,131,48,67,4,45,91,106,73,229,6,32,244,186,129,25,155,169,64,166,82,188,94,20,171,104,27,214,100,195,158,189,41,193,117,103,140,191,232,24,209,190,250,104,51,70,155,255,140,181,105,203,150,244,47,225,204,28,222,116,18,198,186,86,237,70,123,115,91,86,208,251,185,246,254,190,91,21,195,78,168,87,6,57,129,222,16,55,1739150251244,QBYTE | identification
70,82,37,87,125,215,50,243,26,18,209,207,231,36,157,108,167,28,222,124,90,18,162,250,223,165,254,14,205,246,132,235,174,70,134,179,103,6,134,245,5,52,86,24,121,252,195,67,109,148,92,219,80,184,105,130,111,42,128,184,152,90,210,112,188,5,189,98,108,139,80,238,151,213,62,251,149,103,80,116,16,171,40,106,6,174,47,29,107,172,147,157,98,233,216,115,202,81,209,0,11,246,135,249,224,215,134,253,247,204,188,202,52,187,247,141,77,186,45,180,247,92,144,22,193,81,237,32,182,134,128,187,89,217,9,80,157,40,9,159,158,69,197,85,99,164,227,21,179,152,254,165,157,44,12,179,25,9,26,148,71,190,239,55,7,149,96,15,162,192,21,117,190,192,112,130,164,124,146,145,198,161,198,127,75,4,154,31,173,45,44,198,214,114,255,117,125,214,57,115,190,96,226,141,221,106,14,155,111,173,11,4,129,202,126,0,151,99,150,140,250,145,54,43,160,2,138,193,179,111,182,188,29,90,59,230,126,234,86,176,254,247,172,171,110,233,82,172,238,48,1739150252315,/dev/cu.usbmodem1413101
227,103,214,157,80,169,91,114,63,152,203,27,106,115,13,123,120,29,100,194,234,253,161,8,173,101,105,35,118,7,45,42,238,17,154,18,62,121,6,39,208,146,174,51,36,251,193,106,220,222,25,249,191,161,39,204,173,231,227,80,188,99,87,37,89,56,34,53,76,56,95,201,47,91,70,106,73,137,37,60,153,177,218,99,9,175,65,243,126,217,239,81,130,118,171,146,245,79,188,233,169,60,228,224,208,145,195,188,68,121,164,24,255,4,156,105,187,70,83,132,188,226,197,62,84,154,131,254,234,9,63,9,234,53,224,129,3,45,15,98,146,213,8,223,80,172,220,49,48,41,98,62,148,12,44,125,16,53,160,192,181,234,230,32,31,97,39,109,100,15,200,45,34,40,233,33,119,23,150,37,61,171,11,64,225,100,29,201,241,48,95,34,222,206,233,218,123,237,226,243,17,27,159,173,37,198,158,206,249,27,248,156,236,175,223,20,49,81,34,168,191,244,7,190,37,105,1,233,233,219,150,228,65,46,219,89,140,185,218,251,166,164,144,8,192,8,91,87,128,81,1739150252316,/dev/cu.usbmodem1413401
237,178,38,12,154,201,26,106,78,186,144,220,20,6,197,183,55,78,186,238,123,155,96,225,160,154,30,122,67,103,191,54,162,138,130,109,189,206,174,49,85,83,243,65,194,131,52,193,95,182,209,185,216,57,253,38,121,206,175,152,156,164,127,139,161,219,244,128,150,136,75,234,144,90,26,164,134,155,187,112,212,127,130,99,22,94,186,199,111,190,167,240,39,252,18,247,33,30,116,127,96,69,40,5,63,16,207,202,138,31,173,159,172,220,245,240,62,69,135,55,27,154,192,95,167,120,146,134,122,6,125,124,19,139,161,234,12,37,117,93,186,0,79,210,214,223,170,69,176,12,173,116,44,27,194,12,194,185,95,197,240,199,144,162,161,192,30,67,112,57,72,177,218,82,99,149,132,135,184,4,226,185,163,129,121,85,236,160,190,152,222,38,86,187,251,144,234,192,136,251,150,130,203,101,38,126,128,244,172,139,150,79,136,227,116,155,119,28,208,148,82,53,48,100,193,9,70,119,250,145,201,86,218,79,62,185,59,24,88,24,129,200,159,66,213,131,186,98,209,221,1739150252316,/dev/cu.usbmodem1413201
167,36,196,53,192,236,93,73,121,72,122,106,211,103,93,47,98,17,253,63,42,109,104,85,216,247,240,156,205,1,55,75,100,112,66,251,3,78,80,213,221,177,245,102,2,178,114,50,135,215,63,152,19,47,100,251,50,9,188,58,64,65,147,227,113,18,119,220,232,67,69,70,173,134,143,248,46,97,168,38,107,136,160,50,224,223,178,237,105,211,105,114,196,1,84,181,43,176,123,119,52,251,18,178,9,80,32,218,171,25,149,238,244,50,18,132,220,115,58,11,5,50,130,139,94,215,74,198,20,2,8,239,147,2,40,60,73,0,94,56,21,207,145,202,144,118,218,191,242,188,1,37,22,142,226,116,40,253,82,174,44,83,142,3,244,209,231,234,176,97,205,4,166,79,110,103,213,13,215,171,13,152,180,156,138,59,70,123,90,191,125,197,233,192,163,102,223,29,227,81,139,62,178,127,5,48,105,198,117,9,61,162,232,239,107,74,235,38,135,183,168,20,225,7,17,12,202,39,66,194,23,183,160,11,184,138,193,53,157,165,255,32,143,156,148,23,169,115,131,86,1739150252317,/dev/cu.usbmodem14124101
92,94,151,22,196,225,128,42,109,185,90,195,162,39,137,53,106,79,37,183,193,13,201,62,107,208,93,34,74,120,208,1,177,114,217,208,120,96,191,1,223,23,103,200,180,66,112,124,204,89,10,134,205,172,124,46,158,232,34,115,240,145,178,28,193,218,240,213,68,221,162,120,7,68,107,8,216,164,94,185,51,3,213,57,217,89,32,139,61,98,150,99,72,119,244,190,237,17,98,190,144,199,63,83,142,161,142,169,231,187,107,215,187,241,63,139,146,17,101,208,132,26,138,68,34,22,86,4,130,23,211,252,60,223,15,245,13,155,178,27,150,41,35,137,206,66,255,37,41,198,136,142,59,20,50,218,153,167,226,50,145,55,100,226,123,111,231,43,80,136,172,1,122,112,227,17,7,197,176,139,228,72,210,194,93,169,209,37,145,183,181,201,133,105,93,201,102,132,148,198,4,222,93,150,118,87,13,239,70,132,253,170,254,245,87,163,50,150,204,2,65,175,131,204,75,21,192,81,218,251,72,142,32,85,151,179,83,147,21,43,85,0,107,131,208,95,92,112,233,203,1739150252317,/dev/cu.usbmodem1413301
248,26,108,176,26,41,172,202,200,122,236,228,230,180,78,244,139,135,209,162,86,114,116,12,122,1,90,174,78,148,182,111,221,78,86,44,204,128,145,200,121,121,184,112,13,255,172,93,166,205,102,231,241,10,30,1,43,224,85,175,146,0,212,80,187,220,186,112,175,85,157,51,63,162,16,146,148,114,106,190,85,3,92,240,132,23,146,105,82,200,112,0,134,235,47,116,231,61,75,178,205,133,189,39,60,0,216,30,153,172,203,217,78,203,16,144,186,66,224,115,37,229,66,5,60,229,65,252,64,21,61,80,182,219,80,191,122,144,33,192,73,86,166,108,64,24,24,117,104,173,245,56,155,103,54,46,94,203,19,255,237,160,65,48,113,237,183,233,99,123,102,122,227,62,251,94,52,37,83,177,159,102,87,179,152,157,55,206,250,226,142,151,152,198,87,222,245,196,198,154,77,42,85,178,52,238,215,19,246,126,185,191,111,177,155,202,110,240,193,137,132,5,144,201,184,180,181,59,82,117,55,24,65,181,240,22,229,83,53,70,232,41,196,176,88,135,113,4,239,146,1739150252318,/dev/cu.usbmodem14124401
236,86,149,90,124,222,208,235,12,37,46,210,55,216,227,124,134,198,173,192,170,138,214,223,88,252,209,108,189,27,138,136,42,199,198,40,100,206,102,19,71,248,26,197,137,155,52,187,153,163,51,124,81,209,125,170,121,120,167,247,248,228,23,92,122,158,241,122,93,80,66,108,138,197,154,27,120,131,1,208,164,196,249,93,29,61,181,149,127,212,16,73,121,68,41,138,143,228,197,148,235,123,51,113,171,83,234,246,43,198,59,85,203,188,67,22,187,245,79,15,255,207,2,115,129,57,176,252,93,171,100,18,36,139,115,192,137,239,209,1,122,57,250,14,23,218,58,31,63,187,226,103,105,88,8,105,126,115,117,90,68,199,6,172,52,96,255,103,66,89,233,150,29,127,72,219,252,97,99,229,44,181,123,155,126,202,169,241,215,207,161,230,251,52,172,112,1,12,206,137,40,199,132,138,9,119,157,159,19,84,55,173,143,188,208,247,108,235,226,28,114,164,234,118,147,77,103,219,180,143,7,214,115,89,232,67,0,202,249,254,215,252,13,38,16,248,59,252,33,235,1739150252318,/dev/cu.usbmodem14124301
201,29,187,36,124,42,197,48,59,183,21,111,56,225,210,1,45,70,0,124,191,221,34,152,84,60,146,241,101,172,12,146,119,24,93,158,234,28,254,57,72,33,80,163,106,239,237,107,61,35,135,221,180,160,59,159,186,239,232,133,105,59,74,35,210,67,25,14,113,24,211,180,143,16,50,18,226,242,107,53,6,3,150,171,72,148,138,174,104,155,223,230,209,50,193,118,81,108,187,72,71,143,237,134,160,147,247,77,225,117,111,84,211,60,29,59,51,170,237,11,182,165,198,241,73,171,153,213,149,144,111,56,191,170,79,6,139,71,74,104,254,118,157,210,25,182,81,1,14,72,139,53,4,192,205,118,63,238,205,184,104,244,232,183,250,13,164,184,38,10,42,40,8,191,251,142,123,23,77,100,31,165,19,15,204,215,104,122,188,177,210,47,52,72,145,126,200,32,45,59,248,17,75,8,178,134,41,252,132,33,244,217,93,12,181,136,124,36,68,223,206,70,93,41,244,215,185,112,27,179,105,142,17,51,214,248,223,45,60,27,66,194,212,18,83,103,159,248,17,215,1739150252319,/dev/cu.usbmodem14124201
110,172,196,43,169,103,23,153,128,41,125,248,1,156,254,51,192,22,164,198,99,49,66,51,23,188,61,218,233,204,193,200,183,78,200,125,221,205,200,213,244,243,107,210,199,255,65,43,167,63,115,195,253,216,243,137,255,149,72,228,11,146,82,14,231,47,190,218,153,184,175,24,184,97,62,94,162,179,56,252,242,42,54,103,241,103,235,29,107,253,155,130,101,136,6,149,225,20,53,49,7,194,5,45,191,103,225,93,38,23,212,172,126,235,253,166,180,198,228,171,189,131,27,63,186,5,136,79,56,178,47,167,34,64,3,139,174,131,37,42,248,111,241,171,245,151,195,144,177,153,36,46,254,94,193,93,101,137,254,16,126,100,220,127,137,10,181,214,81,55,81,40,108,123,63,75,54,119,166,160,92,21,55,199,46,39,10,109,184,17,152,144,101,20,121,64,105,138,1,196,43,229,195,156,34,170,23,248,104,187,223,20,78,157,23,211,118,161,72,79,198,12,68,172,193,85,172,185,197,85,239,119,37,186,63,146,97,89,172,126,14,172,90,122,36,50,147,154,10,143,1739150252320,QBYTE | freeney
240,153,236,177,57,98,157,63,148,33,191,62,188,32,64,84,8,146,52,197,0,23,28,69,191,237,187,126,102,59,214,160,129,237,171,23,220,46,250,187,87,3,189,246,182,44,98,17,203,87,118,155,222,215,188,185,215,10,135,105,67,128,64,116,111,213,64,173,178,220,47,11,199,17,118,20,243,144,153,221,4,202,183,78,65,74,223,189,16,83,160,38,226,51,1,71,11,20,32,176,241,187,230,0,43,172,27,42,9,151,87,186,186,13,191,118,45,37,142,65,63,181,22,92,34,200,201,105,53,29,127,32,105,40,165,27,218,186,169,249,16,253,40,211,83,225,158,98,96,58,209,138,129,133,135,51,163,66,213,97,225,86,233,229,91,150,208,33,188,67,204,155,254,104,79,86,141,135,47,158,32,123,8,64,238,247,100,247,88,28,2,184,204,11,85,199,99,201,102,192,180,254,30,122,118,140,117,164,130,226,50,167,68,206,213,135,157,136,212,86,12,225,122,185,240,190,18,123,79,195,234,63,123,243,162,41,204,4,108,9,84,99,186,146,23,215,0,207,243,196,1739150253388,/dev/cu.usbmodem1413101
57,168,218,93,126,239,169,111,32,55,105,210,149,255,167,42,191,251,57,184,175,100,231,108,248,15,81,95,39,213,81,16,109,244,241,71,142,83,211,135,82,248,193,28,142,239,228,181,12,111,143,184,247,118,61,28,171,103,216,207,65,229,36,252,246,238,122,214,207,240,108,32,61,227,116,48,244,171,214,156,61,214,102,226,56,200,45,211,151,178,69,23,12,167,181,114,144,204,164,118,161,133,181,3,80,35,161,106,57,58,112,50,201,215,151,166,23,44,194,26,169,168,34,125,56,207,106,222,162,191,232,203,252,188,140,168,134,12,185,227,200,136,67,24,169,207,60,36,168,230,29,208,85,213,91,63,100,184,39,29,53,142,11,112,159,146,216,93,140,72,55,8,182,234,52,91,139,149,149,67,93,26,98,175,174,99,50,73,81,121,41,68,228,37,92,191,220,142,254,1,8,221,188,59,4,11,112,75,190,2,195,13,48,181,20,197,181,191,199,95,118,167,106,9,49,171,188,101,188,176,77,54,29,151,14,111,185,247,121,50,229,66,24,85,90,99,141,131,48,28,1739150253388,/dev/cu.usbmodem1413401
47,203,45,186,42,167,116,81,207,173,255,50,42,100,87,92,129,16,15,241,250,18,122,25,224,23,6,98,108,178,50,15,129,54,96,82,189,74,46,203,139,19,63,30,137,45,143,10,66,52,94,199,172,146,128,134,180,179,207,102,148,129,133,216,197,107,190,238,183,147,211,150,55,182,175,202,16,15,190,137,248,149,9,130,234,238,200,224,204,88,196,134,122,41,199,137,209,74,120,233,236,12,225,71,67,160,252,237,169,233,19,44,106,121,232,92,152,44,176,82,107,169,120,69,192,42,134,236,25,225,156,102,14,219,15,186,45,193,148,162,60,244,246,31,25,156,121,176,21,99,236,206,159,47,63,137,246,51,27,44,75,235,48,181,143,253,35,149,103,250,240,162,85,114,236,253,244,103,71,223,80,29,193,209,144,236,106,199,229,105,2,193,74,197,92,73,237,129,153,124,163,164,251,47,53,65,90,56,192,82,221,141,25,65,0,50,70,21,86,140,105,188,139,98,207,146,71,89,72,96,251,169,192,174,178,11,171,150,219,130,137,212,28,7,223,168,242,68,81,152,1739150253389,/dev/cu.usbmodem1413201
58,222,0,156,77,184,246,243,136,197,167,62,194,49,197,117,227,78,171,252,194,64,27,250,204,39,171,223,38,212,104,140,58,176,249,105,76,254,35,40,246,4,212,49,45,10,206,150,18,43,107,8,67,242,2,163,206,137,3,201,101,2,144,148,21,198,225,191,132,68,183,181,69,98,253,165,43,83,20,189,131,142,63,158,10,23,36,26,213,73,112,174,124,69,145,89,131,203,66,204,122,187,199,11,138,157,111,56,95,220,165,30,11,19,138,115,25,33,185,82,93,152,130,39,116,16,116,225,20,171,29,5,254,100,82,1,203,121,71,234,143,38,219,164,10,227,67,148,245,251,23,141,233,145,135,174,40,138,118,31,29,51,159,104,43,218,209,245,110,122,146,78,71,158,172,85,10,118,137,13,223,115,178,13,159,181,25,239,113,123,154,171,30,120,184,216,137,52,184,213,198,155,43,192,49,247,12,71,241,207,243,208,207,72,232,45,146,102,188,21,38,77,171,245,74,68,221,160,48,16,251,147,247,15,4,196,8,150,220,219,77,59,198,38,126,216,88,248,109,55,1739150253389,/dev/cu.usbmodem14124101
181,3,245,38,229,177,231,255,55,134,62,177,246,220,148,157,179,105,16,103,49,182,175,170,164,63,243,44,18,149,227,232,152,74,63,50,68,200,151,65,174,153,245,181,193,133,51,19,214,68,209,212,233,164,39,98,95,41,209,67,168,46,208,248,203,61,83,101,135,129,65,140,180,208,195,120,198,60,86,224,18,22,16,138,80,235,152,58,26,165,119,204,43,52,13,4,201,120,160,21,242,180,233,200,87,116,78,94,20,255,55,212,195,14,95,248,20,183,88,192,51,237,71,17,237,72,84,96,160,237,39,194,14,151,66,128,4,43,73,100,182,69,71,14,2,92,213,53,234,240,69,111,148,79,220,237,166,254,37,133,50,47,165,240,113,125,238,8,203,32,140,170,170,203,30,102,178,171,159,202,239,71,101,32,92,158,164,28,78,58,241,186,78,234,108,193,209,147,192,127,171,199,50,169,234,226,249,229,28,50,98,248,170,141,152,16,40,83,77,230,148,124,235,246,248,161,200,209,65,70,32,163,199,134,134,249,118,28,222,123,80,250,253,134,69,9,74,43,242,114,1739150253390,/dev/cu.usbmodem1413301
45,237,168,202,251,246,182,54,3,23,213,123,63,70,126,74,202,175,131,127,157,98,13,59,4,90,25,141,20,253,210,141,77,108,203,126,27,116,178,152,152,33,76,38,35,39,239,131,108,120,175,175,76,87,155,200,71,82,12,79,172,167,222,28,71,40,149,255,19,124,153,199,3,28,28,111,120,105,67,159,171,61,246,35,163,88,59,196,177,127,191,251,5,224,129,160,147,173,170,106,96,180,70,191,118,255,199,218,192,193,116,203,223,8,125,242,183,182,176,88,237,2,148,118,145,254,213,56,87,209,13,40,190,158,50,111,79,171,4,204,208,144,4,174,26,113,243,146,73,56,207,5,21,252,226,244,135,148,216,215,80,191,158,144,180,97,61,134,198,61,9,214,114,93,139,199,108,234,5,29,230,48,160,48,74,12,78,168,57,166,131,74,71,227,98,152,76,39,234,25,229,108,178,39,195,12,21,21,207,98,214,204,223,176,63,63,47,167,68,203,63,107,17,252,22,77,39,80,22,124,246,35,68,150,97,255,199,29,112,192,162,98,77,84,251,4,242,171,233,214,1739150253391,/dev/cu.usbmodem14124401
182,239,193,141,195,70,125,231,76,31,117,109,150,198,184,17,10,81,52,203,194,168,245,221,212,80,209,13,21,184,143,121,57,241,3,136,212,169,122,183,8,80,69,144,182,122,177,225,143,203,180,46,2,220,166,29,165,238,247,143,193,54,71,250,87,175,173,32,175,11,134,98,58,25,45,152,221,208,231,9,134,254,175,8,205,169,117,185,4,118,67,220,158,20,171,70,24,197,120,15,68,211,55,127,102,38,189,243,31,214,0,142,202,78,83,71,194,133,248,236,26,157,74,53,140,30,137,31,250,16,67,164,159,175,118,57,57,204,228,43,20,96,222,118,38,159,25,145,40,234,178,94,31,245,150,123,255,185,99,236,51,113,142,47,90,135,10,88,140,157,68,244,185,9,23,153,53,112,51,169,14,135,89,216,243,187,61,136,82,102,129,211,158,27,150,218,85,194,75,116,194,101,198,130,111,35,14,125,184,36,121,171,250,245,45,103,51,28,9,47,239,40,29,41,160,106,243,114,166,196,67,122,50,109,107,148,254,97,100,163,244,221,53,20,33,26,220,249,26,78,1739150253391,/dev/cu.usbmodem14124301
221,75,226,83,119,8,237,132,252,22,192,171,156,251,96,101,212,249,147,203,45,211,19,38,173,205,122,200,33,3,186,112,178,61,115,88,170,107,171,132,104,174,71,29,51,66,99,244,9,27,184,137,202,9,167,48,252,215,6,167,154,57,90,132,224,71,170,197,215,116,43,235,118,45,2,123,235,179,73,249,139,36,31,154,156,84,200,57,158,252,85,33,204,30,220,79,59,42,186,84,227,42,17,114,202,158,201,22,248,248,83,253,6,232,8,141,84,167,54,173,27,17,116,3,19,147,237,63,74,162,217,105,57,147,86,163,212,232,75,226,75,136,213,195,108,134,142,240,201,166,190,195,187,9,130,142,103,220,128,74,82,118,234,96,217,133,216,82,136,31,49,24,172,131,91,97,248,156,169,86,206,40,189,167,82,98,93,207,195,183,97,96,63,66,236,146,113,174,252,130,69,206,54,132,156,100,195,219,195,37,188,130,38,242,52,195,145,237,77,205,111,217,226,61,185,82,50,32,0,14,27,132,75,157,203,60,21,72,94,65,145,95,140,150,131,211,170,161,43,254,1739150253392,/dev/cu.usbmodem14124201
47,110,101,248,138,155,119,88,119,230,208,236,2,45,71,244,114,89,157,104,212,142,222,160,178,42,6,248,57,91,217,95,9,117,71,247,130,183,208,53,46,170,44,219,251,126,201,189,171,203,190,48,171,231,190,7,71,21,191,45,172,96,98,94,114,107,164,85,162,121,82,202,115,222,160,191,180,81,94,250,246,246,177,139,59,53,0,234,175,160,143,211,148,38,25,72,176,99,118,199,243,112,252,53,63,129,212,244,245,136,129,214,194,16,51,63,142,39,99,130,127,79,35,18,77,6,180,194,221,102,166,175,115,30,36,125,28,170,33,51,82,154,14,101,187,101,41,164,106,192,177,238,135,161,78,199,160,76,129,187,129,151,18,103,38,61,251,152,48,20,105,239,151,114,226,252,235,174,116,39,59,215,56,92,248,134,175,101,123,58,33,213,212,195,153,248,98,42,36,248,16,28,2,38,172,152,114,198,165,44,174,234,11,72,151,214,89,65,180,95,30,81,53,57,179,23,26,52,122,243,41,77,171,37,93,39,140,219,134,59,226,212,113,182,240,0,233,40,213,99,1739150253392,QBYTE | iust
134,152,190,152,0,231,102,183,127,206,73,237,203,229,176,255,211,82,136,239,162,69,244,245,95,106,30,126,46,114,129,18,222,88,50,183,112,1,75,93,239,151,7,158,18,106,214,216,224,10,72,254,152,135,9,183,169,200,193,221,142,192,231,216,27,136,133,113,31,62,146,102,194,59,136,51,220,99,151,214,150,48,72,16,158,220,9,71,208,254,191,132,105,71,107,181,9,20,164,72,154,9,33,194,172,137,18,35,144,231,89,22,65,85,209,163,75,205,42,237,255,74,243,254,51,141,51,209,99,236,32,237,240,253,56,34,159,2,123,175,0,117,210,4,227,127,188,40,58,26,231,110,87,115,103,239,190,207,151,41,83,162,160,64,218,73,60,144,213,195,246,141,114,248,57,95,225,20,122,91,136,214,23,137,74,160,108,193,188,12,33,45,15,77,22,95,244,249,18,193,124,235,162,36,48,11,238,58,212,11,161,236,47,157,219,190,235,73,138,48,221,159,227,241,231,200,168,24,26,23,13,74,71,16,36,68,211,125,191,101,209,161,60,143,213,216,252,20,6,154,1739150254761,/dev/cu.usbmodem1413101
251,142,0,39,37,39,5,125,126,139,187,147,2,69,217,9,203,104,220,72,138,167,2,163,219,71,218,212,17,147,229,186,158,59,59,221,173,246,22,125,151,189,76,115,146,15,45,16,125,116,251,40,72,139,212,182,6,10,23,20,87,117,96,24,75,169,191,196,122,196,41,70,176,227,83,26,155,130,191,162,125,242,0,69,141,61,40,127,239,9,184,169,134,236,192,153,194,136,55,40,153,215,148,251,26,122,68,200,36,209,182,253,203,45,104,222,83,193,57,205,24,191,248,180,81,19,143,19,59,136,136,162,225,24,68,18,99,185,53,209,240,142,17,159,64,34,124,240,184,46,99,201,233,41,140,123,94,157,74,214,44,30,132,20,58,144,164,23,174,202,20,82,17,71,160,78,223,43,171,133,8,224,94,148,61,182,139,227,116,41,12,21,252,73,74,242,217,250,128,91,58,136,207,162,184,174,56,51,201,153,234,117,200,48,254,114,88,152,165,98,240,166,199,218,69,244,88,91,83,134,34,233,159,70,181,214,149,112,69,229,91,175,154,37,37,186,169,17,199,152,1739150254761,/dev/cu.usbmodem1413401
88,137,179,60,184,164,113,182,18,28,218,107,107,198,192,173,227,194,78,22,216,64,192,80,218,38,22,110,199,250,40,17,241,64,246,205,163,215,185,133,154,167,232,174,84,221,104,28,24,163,195,217,81,160,204,238,147,75,44,185,153,127,90,207,254,48,0,120,209,97,136,47,63,250,149,118,156,178,216,210,70,219,0,131,187,251,37,15,36,21,195,111,82,115,126,140,104,223,64,159,78,183,157,235,246,250,90,189,145,87,21,175,242,189,217,61,240,86,206,196,239,140,248,150,22,167,87,76,82,136,224,186,191,101,190,19,127,176,182,40,244,126,83,36,93,191,32,71,220,142,98,218,124,242,43,15,155,186,107,42,34,235,252,241,70,206,57,145,221,195,222,190,62,15,175,174,234,114,3,124,34,169,117,8,1,64,141,184,140,187,154,224,101,217,72,69,243,208,179,96,246,41,100,102,188,99,18,16,0,96,129,221,217,207,28,126,176,181,204,21,6,7,28,150,129,138,104,211,206,169,139,250,212,40,90,39,60,3,46,87,251,179,217,164,88,153,237,222,56,81,1739150254762,/dev/cu.usbmodem1413201
66,185,13,227,238,141,104,131,39,193,172,30,68,191,140,162,171,248,54,4,23,250,208,141,128,87,249,3,144,13,172,204,131,97,219,235,173,9,255,156,22,76,25,16,183,56,177,55,89,2,11,119,2,162,225,192,215,151,248,162,52,46,32,146,21,84,157,215,0,189,207,31,120,229,25,236,70,65,2,119,68,5,150,197,58,136,112,160,93,118,145,155,2,110,138,21,1,86,21,155,205,181,93,107,130,130,134,212,164,66,98,231,6,106,233,53,41,175,211,27,1,132,243,240,228,217,218,39,240,12,71,216,0,123,214,153,77,218,212,134,196,13,121,250,187,174,66,128,229,5,128,194,97,15,77,9,30,208,231,253,50,65,32,246,255,221,251,32,222,243,24,28,105,218,105,130,205,88,157,90,60,103,53,193,186,178,243,9,165,226,164,246,100,143,170,96,102,37,98,225,100,152,145,49,255,95,112,84,149,218,145,177,120,227,234,194,175,3,104,15,160,239,122,4,174,185,27,192,221,0,185,26,33,231,239,71,253,117,167,116,45,139,94,13,108,193,119,156,123,252,1739150254762,/dev/cu.usbmodem14124101
67,47,97,118,136,82,75,56,12,177,114,53,230,26,215,31,127,64,210,187,113,54,73,25,129,198,32,228,105,197,232,187,189,99,169,155,208,24,199,118,113,117,66,198,140,121,76,45,64,83,215,133,202,210,182,22,118,168,2,138,2,172,52,121,43,190,171,228,136,158,123,142,71,177,143,225,211,199,215,94,149,236,44,220,11,88,141,215,99,241,226,222,136,87,74,6,80,85,228,82,234,250,103,107,208,237,176,72,63,183,209,240,60,178,175,194,125,31,150,164,88,155,249,134,6,114,151,204,118,10,26,198,61,107,188,131,99,102,157,158,230,182,186,85,71,251,173,54,142,209,197,165,123,194,96,68,38,93,220,144,168,201,252,13,20,7,88,45,173,75,121,148,110,89,176,177,103,137,224,233,177,217,62,53,141,1,143,31,218,137,236,241,150,11,165,45,41,42,225,14,193,181,34,17,242,241,129,38,239,17,203,240,110,7,252,14,138,200,11,186,220,68,47,63,170,10,167,21,173,28,138,241,212,164,174,118,76,30,174,124,178,113,109,228,109,22,53,236,163,92,1739150254763,/dev/cu.usbmodem1413301
94,187,53,111,80,137,30,126,160,87,238,239,172,207,116,131,40,19,96,67,14,79,80,123,172,78,95,5,253,110,14,246,187,76,80,250,30,85,74,46,79,202,223,131,168,14,207,109,29,151,71,188,126,224,0,243,184,166,144,34,71,91,254,66,109,65,193,30,7,197,197,211,230,211,115,55,215,172,247,216,118,21,241,244,237,216,102,114,143,147,162,40,4,137,156,165,13,186,174,82,163,25,189,32,101,187,230,168,198,91,63,252,99,188,60,221,96,138,39,25,244,87,139,128,60,154,174,156,17,63,111,223,144,224,62,195,249,56,146,151,229,159,124,45,36,30,153,76,49,87,3,163,160,163,16,87,97,110,137,48,170,102,119,63,147,54,155,90,149,205,118,7,221,52,143,65,241,139,0,138,166,236,132,238,108,215,254,55,164,145,129,138,17,208,196,213,202,203,6,13,119,54,153,17,112,24,97,88,185,102,169,235,193,37,172,4,146,93,135,152,249,67,127,195,107,202,226,184,26,112,14,240,10,229,169,54,65,75,146,198,248,248,220,99,178,91,98,97,75,9,1739150254763,/dev/cu.usbmodem14124401
88,145,207,169,104,182,71,221,133,233,10,159,40,154,177,194,168,70,9,66,90,167,81,123,87,247,252,130,182,200,30,81,7,84,111,81,62,223,29,157,111,249,88,184,244,106,217,27,39,184,88,249,84,45,45,131,241,171,205,206,62,42,203,102,16,129,98,10,101,251,91,200,192,245,191,136,52,148,218,13,137,7,55,158,128,250,86,19,7,47,194,141,228,184,124,162,209,114,67,8,84,124,133,157,222,49,104,207,83,222,105,159,164,105,225,169,251,93,14,196,20,87,160,223,96,206,75,36,72,160,250,4,151,153,123,80,209,1,141,193,28,246,235,135,104,19,19,46,91,130,77,242,159,2,209,227,232,215,100,102,209,158,14,217,131,142,58,228,119,232,3,71,5,10,91,231,243,223,228,110,146,20,186,41,57,254,152,155,230,138,87,252,54,0,249,154,91,169,200,36,82,13,113,95,232,90,93,178,227,249,152,129,226,38,52,241,59,151,182,19,139,161,17,175,115,51,51,232,121,169,31,11,123,148,37,202,185,113,190,118,27,254,195,131,186,93,72,197,11,104,1739150254764,/dev/cu.usbmodem14124301
34,31,7,22,60,0,178,28,149,198,82,50,118,169,71,218,40,36,108,52,183,240,212,90,107,231,150,19,125,139,170,141,162,6,93,164,125,36,180,84,64,93,96,175,13,99,41,167,212,128,219,205,164,95,133,11,131,162,96,96,132,210,40,148,231,223,72,233,208,216,199,30,187,95,137,128,63,193,78,104,74,251,205,196,6,53,195,36,30,252,193,225,51,223,8,29,118,239,136,43,41,112,118,236,202,135,74,223,74,23,24,81,42,206,251,52,230,217,192,80,10,159,146,236,4,201,39,109,219,169,122,240,32,48,62,85,225,91,145,16,127,253,92,234,73,204,133,147,98,104,161,63,197,75,162,197,75,184,226,139,107,49,103,73,176,57,133,22,4,110,120,146,18,225,137,76,96,197,202,4,74,113,240,111,212,237,91,233,86,229,20,19,104,15,111,126,206,221,186,144,180,4,135,177,123,162,242,198,32,202,84,129,141,75,223,212,137,129,41,36,159,159,8,146,146,242,198,29,42,212,213,71,192,110,234,166,97,85,216,199,33,231,55,19,190,112,140,25,215,142,1739150254764,/dev/cu.usbmodem14124201
0,60,156,198,255,132,218,120,136,81,64,124,242,63,112,125,135,49,251,59,117,118,122,200,207,196,62,183,55,254,178,228,145,63,239,216,94,159,63,168,229,218,31,1,190,254,81,31,114,35,104,117,199,78,238,66,87,25,61,212,139,235,212,84,10,228,231,3,142,94,222,155,239,15,157,109,146,44,70,50,201,25,249,97,242,221,10,5,179,37,22,67,228,15,253,169,88,103,71,71,180,51,92,131,99,107,254,114,97,6,7,97,175,6,0,247,193,228,113,214,187,249,64,25,206,15,100,176,14,220,250,192,180,217,211,255,100,213,63,8,160,170,152,80,7,118,0,216,61,211,76,116,34,143,142,167,129,100,130,101,215,22,26,241,237,76,38,179,51,57,80,59,144,236,178,102,28,13,129,241,81,168,249,73,192,33,43,201,47,11,61,186,43,134,73,148,206,99,214,172,132,88,213,63,218,136,251,71,29,108,245,238,134,206,104,95,6,228,152,93,186,232,11,120,173,14,51,8,190,41,83,14,72,34,236,222,82,10,41,168,44,166,100,20,31,90,92,22,182,28,1739150254765,QBYTE | hamilcar
122,253,68,88,180,101,60,191,37,5,99,195,189,253,164,61,90,70,83,48,48,180,159,46,16,196,175,49,83,27,190,196,255,218,182,204,166,210,210,87,16,156,172,238,165,171,77,181,192,78,186,81,85,190,56,250,228,221,175,163,254,176,229,108,49,104,192,62,158,238,173,81,244,116,161,99,229,41,248,59,157,201,207,97,188,162,55,95,66,143,168,20,110,170,199,196,208,133,190,11,21,130,169,54,3,100,90,154,129,179,235,94,30,227,156,112,54,73,78,79,247,33,108,92,165,238,171,176,201,139,249,24,235,96,163,114,198,201,86,199,121,52,143,194,169,119,142,109,175,216,254,63,245,79,129,128,174,25,46,34,129,218,39,218,250,85,89,131,41,117,210,168,223,111,90,127,113,3,101,206,233,234,51,246,211,195,192,59,6,180,205,79,44,130,81,192,3,254,40,118,42,229,4,182,45,213,80,97,109,129,168,151,244,246,164,214,165,14,158,219,13,167,2,223,76,107,194,201,35,147,94,15,25,226,177,0,227,30,25,91,134,101,131,40,182,24,205,230,74,95,1739150255837,/dev/cu.usbmodem1413101
220,64,209,46,18,161,92,59,132,20,196,20,19,220,3,129,98,23,7,187,206,212,240,66,131,61,47,215,253,230,179,233,99,246,41,26,22,63,238,145,89,61,117,128,111,4,238,246,77,253,55,28,202,241,122,62,17,52,61,212,72,132,135,248,59,119,64,103,185,153,28,32,196,197,217,62,137,252,140,151,72,176,26,215,191,140,8,61,152,74,239,49,211,18,85,106,138,234,32,223,128,19,67,183,240,81,140,102,53,143,240,152,67,71,7,204,96,143,153,106,111,21,23,103,6,229,44,56,196,138,97,202,12,71,1,86,18,162,19,133,63,74,60,216,175,78,31,174,220,182,57,163,148,199,36,92,184,176,215,189,217,0,119,57,82,22,77,2,237,106,198,19,33,170,140,36,72,86,36,7,156,110,168,88,27,220,49,232,230,55,75,32,124,62,163,169,50,52,233,114,162,226,109,255,236,168,113,49,28,249,146,184,84,183,124,68,41,108,252,90,84,31,110,88,220,179,93,76,235,131,184,35,43,189,40,57,131,193,147,249,188,166,239,193,14,21,117,152,35,139,1739150255838,/dev/cu.usbmodem1413401
114,245,5,46,31,236,251,151,5,201,212,48,130,46,158,100,37,111,49,97,69,111,168,91,110,78,147,15,88,102,61,147,63,102,15,96,182,10,152,156,88,29,14,48,154,211,186,105,115,46,164,67,223,99,237,224,69,113,236,140,38,84,89,65,226,152,234,175,89,59,104,164,38,98,212,217,225,203,21,214,62,125,220,118,194,85,163,120,67,95,102,67,225,135,100,65,214,69,84,5,248,171,214,122,121,50,188,186,224,69,140,125,148,63,213,185,79,81,155,161,126,221,22,138,140,89,221,171,76,120,29,14,5,138,33,51,224,34,42,147,47,2,229,16,249,22,65,130,15,133,194,95,217,181,58,86,42,159,205,153,73,185,136,60,197,32,79,196,87,7,164,78,17,111,44,115,8,14,144,235,106,191,80,101,226,89,79,113,145,16,183,108,214,20,198,212,202,64,254,199,203,162,119,31,72,181,228,227,98,235,140,12,230,23,72,57,25,142,63,227,56,102,231,0,25,245,32,120,8,100,30,108,252,20,229,29,116,73,97,93,157,245,175,216,238,240,77,134,64,156,1739150255838,/dev/cu.usbmodem1413201
240,23,46,82,43,101,173,58,165,109,38,133,222,254,195,99,71,154,30,106,58,202,163,226,195,70,212,49,14,6,231,60,102,115,68,106,139,104,77,209,15,227,42,83,236,178,169,76,105,192,146,196,82,17,95,134,196,143,187,242,242,146,161,76,144,227,16,102,92,253,125,169,62,189,166,190,214,94,106,162,186,124,221,149,109,201,173,67,35,140,242,1,33,91,0,15,218,193,35,55,86,176,185,7,157,96,227,141,138,9,107,132,221,23,218,241,240,41,65,244,122,160,134,161,109,15,37,84,188,32,116,78,211,208,239,82,3,160,235,10,213,73,26,189,21,106,164,154,63,110,190,251,186,182,181,197,182,165,228,211,157,133,11,102,220,16,254,246,243,139,61,123,129,174,180,113,196,145,63,194,226,71,60,61,51,228,120,180,11,209,97,20,134,11,69,17,79,64,162,56,195,141,118,55,65,201,144,98,94,67,101,138,142,164,189,136,44,31,107,110,211,126,91,62,190,5,22,173,137,152,191,241,195,112,142,0,255,0,13,20,97,153,152,82,153,178,88,59,170,18,1739150255839,/dev/cu.usbmodem14124101
95,111,188,147,47,43,157,230,186,151,15,108,105,62,242,0,108,132,16,206,30,187,193,179,45,31,64,84,135,19,99,229,23,219,87,66,5,214,43,242,255,115,193,144,152,213,128,112,93,10,231,64,220,15,162,76,225,81,234,190,64,125,105,189,53,220,85,10,243,255,194,152,241,53,165,162,203,99,7,146,250,200,159,237,164,84,11,26,192,251,227,138,66,108,47,130,42,77,234,6,240,122,251,136,128,230,88,79,45,151,118,161,105,117,254,249,60,128,160,246,155,38,167,221,239,33,197,15,84,74,249,85,43,252,179,129,87,29,39,192,105,73,169,126,212,31,44,50,14,129,75,219,191,240,55,254,218,60,226,211,240,253,123,128,156,153,104,157,244,229,127,163,170,20,98,179,0,187,204,41,192,53,16,3,129,156,81,246,19,61,185,51,239,45,252,67,36,190,135,35,231,195,112,0,208,206,154,8,72,154,239,87,152,114,136,250,28,37,208,223,57,209,81,145,101,114,66,225,240,84,81,179,122,70,212,186,65,102,133,1,88,58,20,131,174,60,101,123,118,165,1739150255839,/dev/cu.usbmodem1413301
229,164,231,173,192,88,144,190,73,63,185,202,5,185,186,74,103,35,10,0,107,52,251,185,2,29,248,6,240,88,239,150,132,170,68,252,102,70,2,57,240,107,139,94,1,66,202,193,151,170,8,21,73,135,119,51,67,225,109,124,145,78,92,111,222,23,174,142,184,138,1,0,232,191,30,122,14,180,40,224,204,85,153,176,227,195,234,219,159,7,21,127,72,136,123,91,6,239,233,170,193,247,247,69,56,37,84,106,46,46,37,241,12,26,187,255,94,217,26,78,92,169,14,236,175,25,146,204,208,244,42,7,189,40,97,36,135,18,190,57,134,206,143,212,208,59,227,71,178,59,12,180,180,134,48,139,206,131,76,186,192,78,156,203,88,88,147,40,119,244,243,40,226,27,181,247,136,65,57,244,162,105,63,197,116,225,39,80,234,140,79,179,102,104,208,1,222,56,241,81,137,217,93,43,143,224,149,158,103,5,53,41,6,24,85,174,3,133,46,16,38,9,185,76,158,107,227,175,221,63,157,114,80,97,55,82,225,81,152,25,96,244,235,45,130,235,101,113,192,27,1739150255840,/dev/cu.usbmodem14124401
96,205,65,144,42,254,73,253,137,225,40,21,214,81,54,240,217,171,7,244,196,1,56,146,116,181,186,116,54,44,240,205,122,36,143,225,35,175,110,13,244,215,152,215,170,176,133,247,182,242,208,37,96,226,68,26,161,96,150,191,147,82,162,39,245,37,113,152,206,196,204,229,22,83,126,160,191,49,58,58,108,183,68,96,248,90,54,229,25,219,248,152,40,98,209,202,129,109,174,68,108,18,2,178,155,220,88,39,227,68,240,65,157,63,180,71,160,152,147,142,221,70,237,12,41,78,67,115,234,237,102,248,165,185,52,94,85,226,226,178,76,252,68,96,129,6,99,82,225,248,213,85,98,14,102,88,253,90,34,16,78,94,180,172,170,214,100,172,126,80,120,45,255,52,52,53,202,253,230,88,240,6,75,29,128,85,220,81,175,84,198,71,188,87,249,118,161,216,59,164,95,234,151,126,253,219,31,125,134,246,210,165,89,60,219,0,10,147,79,39,211,231,134,55,239,47,193,161,238,48,152,47,130,83,234,237,24,172,20,185,134,144,234,42,165,241,9,134,77,141,1739150255840,/dev/cu.usbmodem14124301
192,128,188,10,228,98,237,24,220,129,208,130,100,234,114,129,22,170,255,29,192,40,195,52,192,147,88,61,61,214,241,111,11,207,241,250,247,144,182,189,47,104,129,140,219,40,57,97,211,22,156,198,146,70,116,71,241,231,65,61,21,201,212,254,245,169,84,98,230,229,25,5,69,158,189,114,6,16,68,68,10,238,102,41,109,42,191,218,29,145,97,234,120,219,156,163,107,192,157,123,194,76,69,24,202,218,111,45,73,23,131,201,100,36,40,102,42,194,155,183,24,25,76,141,152,142,231,154,35,90,5,163,17,139,212,90,101,150,63,252,142,98,37,116,26,206,202,229,174,157,80,85,51,221,62,212,134,161,96,66,22,21,232,14,33,0,250,186,27,117,160,115,108,240,143,180,244,106,158,89,68,30,251,42,232,100,200,164,185,118,145,21,145,152,173,201,223,196,84,207,229,199,111,244,71,88,153,227,230,121,27,194,117,153,204,10,247,112,87,228,113,64,234,166,26,31,52,73,196,158,123,249,162,208,242,115,118,9,47,124,96,91,227,252,87,93,169,129,26,234,1739150255841,/dev/cu.usbmodem14124201
62,217,24,174,179,162,159,148,167,125,27,83,44,205,246,128,158,2,153,167,240,99,165,121,165,213,157,195,132,44,90,83,39,163,185,121,58,32,24,240,202,248,174,152,84,193,70,65,56,25,24,124,117,17,21,128,134,32,149,73,53,90,217,146,147,35,164,238,65,229,178,4,98,41,114,48,39,182,90,212,1,188,240,65,126,85,89,167,225,160,188,224,39,57,239,80,144,228,217,117,164,89,206,155,254,162,178,228,119,154,220,231,136,248,77,211,1,189,191,241,158,153,227,160,179,165,140,93,176,80,65,155,19,155,94,228,215,146,192,108,145,44,11,9,117,169,18,25,176,90,121,87,88,46,117,182,229,215,60,238,228,30,104,80,254,100,192,16,134,167,217,91,181,207,34,156,67,167,99,60,43,56,104,7,132,238,164,69,149,209,241,197,164,41,9,81,48,80,132,226,84,31,189,192,45,172,220,217,2,192,192,176,122,61,231,125,91,176,208,0,15,223,84,245,57,1,253,246,78,41,104,166,7,159,9,82,37,4,192,54,24,170,173,27,17,52,13,206,98,131,1739150255842,QBYTE | freestyler
125,254,54,21,199,80,249,232,44,236,75,151,89,207,185,133,9,30,76,132,7,139,27,68,148,14,209,146,84,75,42,254,136,156,251,230,92,126,241,90,210,249,224,35,123,28,113,123,134,28,146,109,148,249,171,128,204,195,29,68,60,76,6,190,231,34,4,82,171,201,104,46,218,173,220,219,198,27,109,50,50,188,90,30,0,47,133,91,65,128,239,194,90,132,89,144,118,83,163,157,227,130,180,232,94,203,16,58,188,2,200,207,94,178,54,110,123,178,47,133,85,69,233,27,111,172,195,198,34,140,74,210,18,211,128,74,156,4,185,73,81,200,104,54,167,75,190,106,178,157,95,161,185,42,82,3,220,202,113,89,128,230,178,236,16,33,165,159,3,60,186,243,155,119,57,109,234,227,255,142,172,194,210,236,100,68,106,123,255,83,91,255,59,130,119,188,16,229,218,176,27,83,211,129,247,175,47,208,4,155,206,7,249,27,113,170,200,112,10,124,243,142,126,47,107,126,27,30,194,239,81,17,39,122,42,98,130,49,78,100,95,71,60,10,123,85,83,122,155,250,1739150256917,/dev/cu.usbmodem1413101
134,45,184,148,189,157,190,221,222,131,135,67,142,201,127,63,33,138,181,127,253,88,77,130,88,234,93,75,25,100,157,109,136,101,242,11,156,169,122,16,182,80,40,184,174,153,160,93,95,64,127,134,218,211,1,23,181,68,131,132,221,199,67,123,183,157,217,179,84,64,119,236,82,93,0,225,39,97,175,154,30,173,165,62,31,20,95,97,67,189,75,216,178,243,4,156,218,185,141,126,142,137,231,187,101,127,228,66,35,108,154,189,192,132,27,234,76,0,61,232,171,238,19,93,249,103,209,148,95,214,197,239,25,157,52,145,240,52,93,35,104,80,127,112,34,38,100,163,141,140,177,40,244,243,238,37,98,156,18,3,100,14,60,136,212,206,241,15,217,76,93,9,63,85,166,115,160,163,139,177,237,199,10,163,60,164,5,224,45,131,246,104,252,216,72,105,250,172,3,193,186,207,13,211,37,2,241,93,218,143,236,234,210,159,255,9,76,74,212,12,68,148,211,144,132,218,189,62,97,79,133,247,11,63,180,187,236,174,63,237,121,187,0,46,207,141,161,116,208,187,1739150256917,/dev/cu.usbmodem1413401
37,142,175,17,98,57,21,102,158,123,85,27,107,159,124,54,23,194,158,115,64,109,1,235,140,108,120,43,241,146,100,135,231,248,17,211,206,66,137,184,17,177,170,226,93,9,149,9,76,131,47,121,206,92,152,234,38,114,159,54,215,40,59,50,238,108,35,96,40,168,194,101,235,178,123,135,231,165,225,67,143,189,4,28,73,39,185,61,187,130,247,102,90,231,52,187,157,31,39,118,89,4,3,167,52,151,36,198,49,31,212,104,15,82,52,71,19,170,1,149,173,138,2,214,209,88,62,95,166,97,6,56,67,105,124,131,107,192,161,242,65,93,22,39,142,124,116,130,147,10,3,189,46,67,2,37,170,58,29,59,241,33,241,45,141,104,128,7,249,12,69,23,254,154,42,84,92,12,141,248,87,30,116,24,154,223,102,177,234,56,243,81,24,94,161,96,77,132,38,111,168,144,193,249,191,98,142,148,211,79,142,217,69,132,224,79,21,60,81,154,46,205,132,196,45,223,142,158,206,49,152,225,120,176,199,109,189,164,116,154,44,183,134,119,67,51,149,14,65,160,1739150256918,/dev/cu.usbmodem1413201
74,171,54,33,66,99,33,162,165,236,157,97,78,153,160,150,158,126,146,137,191,152,208,127,13,51,246,115,160,79,199,9,220,106,63,42,176,229,181,108,120,196,158,243,82,10,167,227,53,79,163,9,225,99,242,65,159,103,87,99,116,128,205,180,205,100,255,0,239,151,108,235,192,76,116,93,163,21,226,133,154,238,71,38,157,32,67,19,17,48,156,14,73,173,228,28,120,151,50,107,8,25,23,67,221,138,211,69,141,252,146,101,124,121,229,214,234,229,8,144,218,50,232,35,189,129,10,29,226,190,225,119,91,131,151,48,252,91,189,249,201,241,204,196,195,166,142,179,125,20,18,248,68,61,162,37,140,203,87,96,52,11,60,74,208,158,41,203,249,233,126,126,237,16,237,207,9,96,165,238,248,96,41,253,77,104,87,107,166,222,15,77,155,233,87,171,225,53,6,219,221,15,119,63,104,148,0,42,200,220,85,43,45,148,224,19,20,0,17,23,31,55,163,115,223,196,225,220,84,172,196,34,13,138,188,1,197,231,191,50,151,156,242,198,157,50,168,208,133,199,1739150256918,/dev/cu.usbmodem14124101
8,18,149,194,86,112,60,160,156,173,49,105,209,207,58,252,111,30,55,63,2,12,98,131,105,50,186,103,206,244,71,166,153,4,232,17,31,238,4,26,212,114,180,127,236,112,153,5,198,117,145,173,54,178,69,144,129,220,140,171,30,90,32,56,6,139,197,52,33,58,11,113,55,73,209,149,145,59,161,29,55,55,80,204,37,109,127,193,214,47,83,123,171,207,160,195,71,132,226,60,108,154,208,15,8,200,166,91,117,248,148,242,184,206,202,118,35,22,210,66,158,31,192,104,51,68,253,16,154,174,217,133,10,74,149,202,44,21,130,227,229,200,230,196,135,178,186,19,151,98,109,128,161,50,178,218,59,217,109,187,207,107,23,78,130,118,177,172,79,151,206,178,253,187,198,67,198,182,123,7,82,235,240,126,154,154,55,79,237,207,146,130,107,52,216,9,191,0,43,122,243,71,254,114,29,16,140,59,99,129,207,94,216,211,51,151,105,174,173,157,120,203,227,2,118,107,183,178,143,33,42,229,238,78,249,146,33,134,160,51,152,93,121,124,117,141,133,239,197,180,1739150256919,/dev/cu.usbmodem1413301
37,177,111,100,65,81,179,11,215,255,237,232,98,247,241,160,235,240,216,160,253,4,144,192,39,29,169,230,118,241,142,33,210,218,41,207,131,125,143,137,170,145,247,219,123,55,102,244,149,87,153,254,235,60,85,14,26,186,253,207,238,238,220,134,203,167,144,164,70,107,103,122,214,212,31,142,164,159,14,8,218,250,138,66,165,152,134,141,119,122,163,50,126,233,48,136,212,3,47,2,36,12,27,64,133,152,130,137,227,109,38,203,201,146,166,184,108,24,41,16,107,154,185,202,237,240,185,21,42,21,101,102,68,146,117,227,86,163,188,237,218,210,72,182,37,60,190,57,139,199,78,122,161,12,151,161,124,81,34,247,40,242,227,15,48,148,143,33,58,163,226,133,6,32,36,50,21,194,117,74,211,37,230,224,96,159,47,103,208,137,90,236,110,34,201,217,69,103,217,159,173,97,15,118,6,248,127,88,36,74,98,199,18,118,66,138,117,80,205,77,170,43,191,123,62,116,108,36,162,222,99,155,94,216,140,146,139,250,165,74,48,130,250,89,100,69,10,136,159,42,1739150256919,/dev/cu.usbmodem14124401
87,184,240,155,122,234,132,255,216,183,229,240,193,182,137,5,48,213,228,101,115,76,240,19,57,236,166,46,152,194,18,218,73,233,151,45,33,151,36,114,112,242,38,233,47,77,165,48,173,47,63,137,152,96,109,106,12,129,171,157,56,249,50,16,33,110,108,63,248,191,234,57,21,44,34,51,221,109,33,245,214,149,79,8,185,51,11,31,228,224,160,149,62,169,164,113,165,45,239,151,174,104,90,182,181,215,113,0,179,79,208,186,16,232,27,37,49,63,188,32,3,32,86,200,240,50,0,18,62,55,109,111,122,240,184,0,232,139,234,163,167,153,67,215,68,81,213,185,197,198,36,55,104,50,43,161,32,103,118,167,202,245,57,106,99,106,200,166,9,171,182,42,142,121,180,51,126,44,14,98,246,200,177,191,11,83,70,128,62,164,36,223,143,193,113,130,197,102,230,198,146,155,232,39,198,112,200,184,233,47,227,45,29,0,201,80,38,33,244,49,250,254,42,129,200,7,165,199,51,20,59,209,211,199,68,184,62,160,13,111,10,133,184,176,9,83,120,223,140,228,1739150256920,/dev/cu.usbmodem14124301
245,48,74,201,235,201,40,94,43,238,228,86,179,184,144,173,252,148,114,240,48,38,147,249,223,113,245,190,64,208,94,118,118,156,184,23,38,129,56,195,42,199,147,81,43,25,144,104,255,11,75,114,123,181,141,235,114,166,201,170,57,175,202,149,89,2,110,105,201,48,178,115,44,237,196,179,121,159,155,3,165,154,89,181,237,190,191,108,5,85,81,236,191,76,204,122,39,100,12,210,106,24,204,23,193,5,222,99,190,195,126,144,4,68,165,196,219,56,52,208,122,182,79,69,168,202,190,123,69,206,87,241,199,141,34,140,177,14,220,113,35,177,123,145,102,55,188,173,220,138,37,199,37,81,39,75,227,206,247,16,222,83,195,170,107,56,106,80,191,213,25,6,28,50,9,132,255,129,202,141,227,2,33,171,221,113,67,223,54,48,233,177,30,238,25,94,104,167,244,227,45,57,5,244,85,31,192,251,154,38,118,91,133,9,35,112,121,134,116,50,89,80,81,12,249,223,133,44,190,104,223,28,56,161,31,159,68,112,39,187,100,121,173,122,73,14,120,109,248,15,1739150256921,/dev/cu.usbmodem14124201
27,221,87,69,220,149,80,251,113,243,217,137,51,54,200,238,233,135,140,11,185,68,22,251,229,9,66,144,124,229,145,54,79,192,201,240,37,245,32,188,41,10,10,150,73,149,41,101,161,150,29,51,95,78,48,35,37,211,69,198,179,193,183,120,198,247,86,71,110,104,133,13,123,82,251,123,52,156,212,141,167,128,112,41,31,68,109,43,232,111,206,66,175,254,117,235,88,172,21,133,176,240,26,89,43,43,136,74,184,148,8,108,136,237,46,58,107,244,104,202,5,0,112,156,124,94,220,124,242,199,238,15,224,1,37,205,216,152,240,189,10,6,91,145,72,95,77,198,212,230,221,198,106,250,53,183,28,134,231,250,210,253,77,130,35,169,97,39,25,223,95,136,222,120,7,67,77,245,150,139,122,127,3,32,163,112,67,54,171,228,84,139,208,212,176,18,17,94,25,5,53,135,116,67,141,220,171,19,241,69,193,240,17,56,21,194,198,95,126,46,247,174,173,252,100,120,50,31,153,190,37,150,2,143,203,146,198,112,149,140,91,244,222,122,59,76,64,5,161,83,1739150256921,QBYTE | parafoil
61,55,148,75,49,52,151,216,210,126,85,53,156,60,121,65,32,163,200,61,5,26,228,68,132,254,23,198,223,181,71,152,159,209,163,151,255,8,147,160,78,126,144,157,55,52,77,121,234,182,208,0,207,249,191,64,200,39,69,127,154,53,144,223,226,68,190,103,242,119,247,124,182,19,255,108,185,234,55,12,68,116,42,34,196,60,145,230,163,92,103,228,94,51,214,93,134,139,0,127,18,160,88,249,178,16,195,127,54,81,194,202,6,28,229,193,222,189,103,72,155,228,150,202,49,144,233,72,71,86,121,129,229,181,102,198,34,71,36,208,113,191,156,191,28,27,213,85,216,203,48,48,178,135,99,230,255,47,62,58,129,54,150,236,131,208,27,125,255,233,224,227,218,8,87,68,70,230,215,232,237,89,207,62,19,124,97,31,55,250,40,111,72,29,12,2,97,52,124,3,219,111,34,110,152,153,193,161,123,150,98,138,82,197,37,31,95,148,114,164,98,7,255,129,211,181,145,244,5,186,133,131,173,228,122,60,168,106,180,254,51,210,59,214,174,191,118,246,137,7,1739150257997,/dev/cu.usbmodem1413101
220,231,81,39,37,184,45,75,217,182,200,209,198,102,156,107,15,151,170,185,222,115,36,143,206,71,95,29,66,227,69,255,103,218,95,164,215,250,210,92,110,242,49,85,69,223,5,240,140,240,226,234,42,132,70,5,174,242,23,6,224,214,225,79,38,112,182,234,112,201,93,142,39,65,160,102,88,225,185,159,134,88,177,234,84,64,150,246,31,165,27,179,149,244,87,145,14,36,63,129,19,27,207,200,160,28,150,175,47,230,94,235,90,24,92,62,106,83,131,43,87,99,245,137,30,120,247,46,160,79,64,150,29,70,140,175,140,172,172,151,215,66,199,217,176,158,93,153,103,250,164,130,236,116,47,33,110,148,66,184,29,180,222,166,48,85,212,185,235,194,11,167,110,129,210,243,238,208,54,0,195,143,41,123,172,220,123,60,142,146,214,220,52,214,42,244,123,12,9,219,234,2,86,178,253,0,86,77,42,212,26,140,7,136,77,126,184,141,41,91,36,205,42,12,170,126,50,251,139,178,85,31,106,163,101,149,189,112,70,240,97,221,127,78,236,184,114,188,178,178,1739150257997,/dev/cu.usbmodem1413401
201,165,18,221,135,235,90,122,206,63,10,141,190,147,23,232,113,131,80,183,187,123,239,79,223,85,165,74,35,19,84,9,0,24,194,139,122,133,19,225,124,6,219,147,5,125,184,96,230,176,15,205,236,122,131,30,55,29,160,81,231,215,166,143,204,17,241,36,140,210,48,207,136,252,195,216,82,253,214,40,123,5,43,59,130,54,48,109,133,155,41,166,167,36,65,46,55,89,138,192,213,16,128,158,191,225,204,97,97,21,104,194,65,166,216,166,37,91,236,5,70,81,160,149,190,98,181,199,153,110,197,100,176,33,63,97,143,157,55,254,95,230,128,254,69,176,24,140,151,59,71,165,34,232,215,43,249,143,53,53,134,83,222,245,236,227,11,208,236,10,161,166,104,63,80,35,93,237,198,209,103,68,100,32,203,206,188,217,19,236,222,38,194,219,150,8,213,248,73,220,119,44,4,169,244,23,156,148,103,43,55,224,95,59,212,134,162,111,38,180,139,89,84,119,147,33,149,92,130,145,181,185,48,26,58,149,30,34,180,20,207,158,77,170,127,172,220,235,129,91,1739150257998,/dev/cu.usbmodem1413201
110,156,224,187,91,102,143,30,182,229,178,252,94,223,62,8,112,44,241,26,97,217,226,145,186,187,10,21,53,54,169,52,121,242,219,145,33,123,47,8,203,156,34,227,54,201,134,215,177,133,186,26,37,84,30,92,4,206,204,137,50,129,92,81,209,3,110,38,241,196,9,3,123,212,83,33,24,58,85,250,136,148,43,139,11,47,69,101,157,108,232,35,202,196,30,122,149,30,114,128,7,175,72,169,225,253,19,73,215,74,246,252,192,98,32,24,96,42,136,85,96,153,98,49,27,97,184,183,206,205,195,179,155,210,77,15,99,82,117,181,103,130,145,246,6,62,106,236,132,237,232,101,134,199,44,214,40,239,76,123,249,201,198,8,210,221,110,171,255,99,227,129,141,198,98,237,5,35,232,77,86,138,24,134,220,113,113,6,144,187,166,152,56,214,27,255,191,201,97,178,231,70,22,120,53,183,52,46,214,138,133,233,82,46,49,57,230,166,57,95,167,167,182,196,32,93,231,59,114,53,212,195,6,67,167,158,48,84,3,66,179,182,144,25,109,204,85,130,120,62,1739150257998,/dev/cu.usbmodem14124101
9,198,151,75,4,137,159,60,173,30,38,231,79,91,253,252,50,175,204,232,181,85,135,24,122,51,138,166,214,106,81,161,39,1,152,16,213,58,84,188,10,252,189,93,136,194,8,115,104,133,60,205,242,111,115,220,0,12,140,172,106,183,116,44,88,7,90,144,238,72,38,5,243,139,90,222,139,31,44,184,73,178,148,251,16,32,59,39,140,248,135,66,140,67,126,96,51,151,45,115,28,246,238,62,150,157,211,65,149,52,5,172,78,181,210,39,146,226,106,54,31,94,231,231,64,29,7,213,162,213,62,75,255,142,232,47,78,153,15,33,133,156,70,3,237,123,137,77,23,201,52,83,198,29,160,172,211,249,26,20,242,40,141,157,46,28,135,58,165,16,60,21,60,213,63,231,178,39,198,251,86,185,84,57,27,174,252,126,150,148,90,108,182,90,178,253,6,196,145,118,213,204,115,115,68,127,3,114,105,185,253,7,181,239,161,123,54,184,153,185,137,142,140,247,215,5,22,98,47,111,19,225,208,143,34,104,119,252,21,122,224,31,28,30,86,96,35,239,245,244,1739150257999,/dev/cu.usbmodem1413301
225,152,185,100,79,194,205,219,86,202,104,19,67,80,140,236,124,131,81,187,24,192,114,242,118,182,87,111,97,127,78,132,235,254,174,204,43,104,58,163,9,188,43,65,179,42,20,150,128,113,98,44,190,171,248,115,233,66,244,8,215,121,205,148,17,78,2,36,61,216,80,204,65,179,3,76,200,135,24,41,84,170,200,153,126,81,114,252,92,242,110,68,20,153,59,107,114,32,128,170,60,214,30,160,9,247,201,10,181,172,126,37,174,100,62,28,114,223,24,140,120,228,54,3,252,176,252,234,219,207,187,171,89,128,187,184,27,148,46,228,224,168,235,162,102,147,162,117,201,152,54,194,60,10,111,13,53,75,119,217,205,244,106,11,73,144,250,132,129,123,140,165,107,205,155,143,132,209,220,169,144,225,146,239,194,38,169,190,104,161,125,7,165,237,144,221,169,128,128,89,163,40,224,34,50,87,200,3,97,249,176,107,218,169,143,191,183,77,82,184,255,83,77,229,87,35,95,38,165,129,50,93,79,89,218,155,137,247,237,214,89,73,141,159,150,70,117,141,193,25,1739150257999,/dev/cu.usbmodem14124401
243,114,38,41,234,11,107,199,28,44,217,126,189,169,114,227,3,27,1,127,160,105,48,72,222,84,5,31,235,204,233,84,100,22,174,145,32,239,105,41,238,92,134,134,120,89,167,128,141,215,108,102,188,25,70,92,89,202,64,242,205,166,135,57,102,242,246,123,125,174,29,190,71,17,144,102,245,236,15,58,179,205,247,202,100,3,117,187,164,59,49,6,216,254,233,61,19,204,254,41,195,128,164,58,162,118,226,172,146,110,220,64,201,16,68,56,205,23,0,150,49,213,202,19,62,215,54,15,166,123,13,22,254,176,253,119,31,43,14,76,87,37,182,189,31,23,61,146,236,175,240,82,236,6,240,129,240,244,115,101,154,30,152,193,49,217,216,22,166,38,86,1,6,101,121,22,247,60,100,159,81,124,60,38,242,39,29,176,51,244,153,38,138,80,149,37,155,114,104,169,241,87,145,55,243,147,168,219,203,224,59,196,3,73,93,78,184,164,65,208,10,208,183,98,63,139,195,144,124,81,216,129,233,206,113,187,201,37,163,240,105,255,208,84,224,67,0,233,185,233,1739150258000,/dev/cu.usbmodem14124301
189,239,100,191,16,189,146,94,106,61,115,230,220,25,115,227,157,157,224,224,239,232,105,236,84,162,50,66,212,87,63,38,155,148,62,249,42,84,61,137,105,62,161,232,233,137,30,18,241,244,179,131,185,46,155,132,21,248,189,4,242,0,200,179,139,16,200,1,104,224,179,122,171,202,190,187,223,222,158,67,253,209,177,110,172,153,178,178,48,193,53,1,165,115,164,208,41,121,111,252,238,84,208,229,224,205,145,185,248,198,240,255,215,168,151,4,111,141,48,33,19,215,120,119,198,244,121,193,145,92,239,69,241,217,254,217,72,60,13,229,232,121,22,251,190,88,84,237,29,84,36,95,112,177,189,254,192,160,197,67,32,173,19,171,70,203,225,8,199,150,225,228,111,40,153,96,194,70,95,195,154,72,33,224,168,232,102,148,1,82,100,238,215,230,42,48,137,202,19,115,93,5,27,24,187,235,31,64,167,180,253,239,94,218,185,94,38,130,15,234,39,116,174,19,31,85,12,200,123,146,123,177,185,148,162,166,211,65,126,21,237,122,236,201,80,252,141,154,73,5,1739150258000,/dev/cu.usbmodem14124201
224,42,91,179,121,252,196,137,254,215,193,249,215,173,188,218,254,49,191,229,227,223,97,91,169,36,13,16,3,253,54,13,178,156,67,157,135,229,71,170,19,52,233,202,235,103,211,73,165,164,6,57,101,160,50,112,240,122,187,243,45,221,125,124,125,141,241,65,57,118,75,51,60,153,184,188,194,102,168,169,98,185,129,190,191,142,252,202,224,254,80,211,67,112,214,126,81,234,251,178,222,240,219,71,145,193,227,166,229,216,85,41,35,169,126,70,179,56,194,62,175,247,194,103,206,101,167,231,254,135,88,115,122,103,200,62,64,62,232,96,68,241,71,137,197,172,184,235,131,77,237,238,156,124,53,228,150,61,222,39,102,119,60,75,157,37,238,31,66,153,174,54,111,37,243,103,243,116,238,122,18,116,65,243,43,88,249,24,246,172,92,174,200,199,54,52,205,245,55,67,123,177,127,115,154,105,67,188,132,247,65,72,106,141,71,10,188,3,193,47,49,77,239,93,106,79,87,116,243,129,51,106,62,146,169,76,223,3,96,17,19,244,52,55,32,254,86,50,6,209,1739150258001,QBYTE | nant
23,124,135,221,13,126,103,239,212,190,126,26,78,152,26,39,4,48,107,144,227,129,3,59,102,16,12,70,147,72,78,120,211,115,248,152,171,136,178,124,93,156,97,115,180,117,146,120,146,186,29,31,122,206,30,19,22,89,48,158,50,192,243,216,96,117,148,35,93,46,98,151,175,35,137,144,203,138,174,110,12,11,118,164,110,39,215,40,113,142,130,124,208,141,6,15,207,27,162,17,242,238,216,134,216,10,40,72,234,5,221,13,12,246,132,152,96,3,205,109,67,154,58,13,114,43,172,138,232,99,180,209,232,98,255,62,102,183,20,234,27,203,109,117,248,27,157,185,11,196,97,226,98,248,237,140,213,95,254,14,228,198,22,119,78,249,182,196,48,63,104,220,109,246,21,128,52,215,101,234,171,43,180,132,236,122,168,146,79,240,37,116,121,153,232,237,25,23,214,127,217,150,139,241,142,140,178,185,3,122,247,39,247,82,16,244,250,54,18,144,79,153,124,3,245,92,49,84,155,218,168,100,204,0,48,76,250,164,217,234,72,199,8,129,108,166,144,69,90,107,1739150259072,/dev/cu.usbmodem1413101
29,20,146,156,207,134,39,218,51,123,178,3,160,94,124,83,50,125,126,4,20,84,47,169,162,9,54,54,114,85,218,208,180,238,148,57,91,6,158,69,153,58,172,14,226,155,83,50,84,166,195,7,188,255,77,76,214,28,46,129,125,225,240,5,36,32,0,124,107,149,19,88,250,118,108,27,111,250,224,48,214,90,65,246,187,21,117,15,105,63,187,102,74,126,136,173,217,185,18,192,57,44,175,72,175,26,31,200,94,140,78,28,58,253,154,218,9,49,70,157,55,41,215,6,226,210,28,55,239,184,214,218,189,220,99,86,126,20,176,192,159,34,194,22,217,20,195,139,118,37,158,153,167,174,210,158,53,215,235,99,145,111,110,185,137,149,204,21,174,252,165,63,101,84,85,236,141,195,117,150,94,195,211,85,123,24,124,40,255,42,96,151,212,65,11,20,217,164,244,70,124,149,251,20,252,222,241,240,104,115,70,245,31,66,94,194,78,104,173,89,179,98,53,45,93,195,230,186,85,19,61,1,196,207,48,74,49,234,112,147,50,102,81,183,163,79,156,84,4,79,1739150259072,/dev/cu.usbmodem1413401
16,221,52,101,68,170,140,245,130,166,174,110,29,147,79,119,88,41,67,147,9,139,180,12,161,245,135,96,63,57,105,156,137,191,66,101,94,106,108,178,175,82,229,156,115,138,228,248,157,254,35,78,88,221,110,58,47,71,87,208,208,207,199,240,71,168,153,12,245,135,66,153,133,129,76,136,110,247,174,160,15,90,40,78,66,210,195,203,146,44,153,250,26,101,123,105,97,242,113,224,132,178,125,209,18,136,174,242,32,214,131,44,28,79,209,168,246,213,216,119,133,88,59,227,206,20,232,162,52,59,139,187,167,194,218,249,235,249,19,224,23,92,30,194,96,199,136,114,46,51,127,117,66,31,81,157,216,50,169,175,156,91,20,52,58,27,126,18,138,189,215,95,209,198,43,125,117,29,145,252,95,205,42,88,86,32,230,141,99,224,91,37,90,118,120,230,130,180,87,221,5,90,105,121,135,71,9,16,202,223,127,107,80,237,194,151,114,225,152,247,211,87,71,213,14,177,145,28,225,135,96,98,4,191,243,28,152,81,226,138,95,219,91,59,4,191,187,200,9,43,1739150259073,/dev/cu.usbmodem1413201
207,8,177,57,224,167,110,80,203,5,162,112,83,197,144,194,76,2,28,144,158,176,249,171,187,122,248,206,95,76,167,212,149,209,195,55,63,30,99,34,69,68,41,170,19,246,205,111,255,253,67,127,87,193,30,17,181,147,227,116,103,77,165,26,4,155,248,208,167,90,201,77,76,182,80,222,252,129,160,31,163,193,17,58,125,13,182,142,31,48,153,34,214,54,69,86,255,234,213,18,144,246,220,11,189,208,107,93,119,166,166,169,108,43,200,177,153,92,57,164,193,109,59,156,179,91,100,64,12,20,240,152,37,31,177,80,141,160,15,137,83,149,18,203,250,126,247,241,126,107,102,48,232,221,68,121,239,126,139,236,92,65,173,25,46,25,116,196,225,16,246,69,87,198,107,19,121,223,160,90,2,150,242,111,151,108,220,18,107,31,54,160,1,77,2,94,4,195,59,131,26,116,174,229,220,249,21,156,165,52,178,55,156,149,31,43,53,126,81,161,216,1,181,129,13,73,169,9,155,123,233,24,56,82,184,214,28,239,10,27,47,106,14,76,169,10,125,221,57,55,1739150259073,/dev/cu.usbmodem14124101
33,193,87,111,174,70,15,211,53,66,116,9,248,176,134,237,65,150,185,208,130,1,243,87,46,160,90,12,182,5,183,146,230,104,66,127,8,154,178,237,183,68,4,160,202,252,135,237,62,157,252,26,244,4,22,28,149,245,213,191,35,185,194,39,152,106,255,94,155,67,86,229,142,223,212,41,220,188,47,236,149,144,114,157,198,103,13,43,64,116,19,185,55,116,94,133,4,60,185,18,158,59,248,73,104,24,247,198,134,108,48,147,189,238,191,69,195,6,28,45,162,210,218,101,214,67,227,164,130,48,103,182,222,44,47,207,163,214,150,82,22,24,86,126,187,238,94,90,191,154,123,103,2,224,125,171,106,202,79,224,174,56,44,187,131,138,134,152,206,153,45,64,59,235,190,16,80,248,72,92,224,107,192,85,170,224,208,183,237,113,230,140,171,27,32,149,55,172,172,11,52,23,76,43,58,228,241,8,10,102,38,161,234,6,209,125,108,112,29,199,56,198,120,255,158,203,238,195,198,200,58,180,20,83,219,66,134,224,41,106,21,67,3,160,197,92,90,70,251,185,1739150259074,/dev/cu.usbmodem1413301
241,1,120,157,137,173,139,152,209,195,90,134,168,198,63,117,126,40,70,229,94,181,140,91,21,244,221,128,54,63,31,174,243,249,63,80,108,37,10,180,211,241,92,99,92,146,47,15,217,218,20,85,136,235,109,108,127,174,58,32,243,162,143,67,104,63,105,14,206,139,197,188,55,174,105,159,104,55,102,39,14,2,136,100,65,253,119,206,219,81,178,248,188,203,106,63,199,181,136,81,144,38,252,58,212,221,197,92,10,208,180,36,118,91,194,199,223,125,164,231,126,87,34,62,211,46,149,253,170,19,46,249,141,143,203,81,221,240,101,203,175,33,127,36,245,202,36,37,65,212,12,163,186,196,109,105,163,216,193,54,212,129,239,184,73,45,109,247,159,15,96,153,92,100,72,73,229,79,44,202,66,195,221,60,230,99,101,134,114,11,12,232,151,26,191,27,206,39,182,138,57,13,191,98,160,202,243,86,220,180,204,171,211,33,14,224,31,238,228,118,33,107,5,31,26,151,11,121,72,70,159,86,25,110,8,168,145,75,79,84,174,53,80,144,155,45,29,171,231,17,1739150259074,/dev/cu.usbmodem14124401
177,95,62,202,218,39,71,131,198,21,118,237,255,7,27,165,1,217,30,92,139,216,126,223,28,109,168,158,206,40,169,123,246,176,71,164,158,160,54,224,129,227,32,71,147,249,119,157,161,33,69,167,86,239,29,195,184,245,117,23,142,22,5,187,153,22,49,1,102,154,100,190,25,0,123,167,43,32,198,78,18,59,93,115,142,35,2,12,144,113,92,118,28,44,157,136,158,20,232,187,178,18,66,84,36,245,2,157,224,30,6,55,106,217,233,5,52,177,115,200,243,14,159,114,166,18,171,31,0,179,125,134,153,130,4,44,124,111,146,238,52,70,230,158,46,131,244,40,174,42,167,187,28,189,176,173,218,254,223,37,100,88,84,154,238,183,40,54,3,171,147,41,62,158,16,248,20,155,105,49,251,97,216,252,169,167,92,28,115,38,14,37,152,158,67,148,11,4,147,242,148,94,49,142,171,10,77,12,163,117,148,142,179,207,167,122,113,206,28,46,182,189,69,160,239,197,180,220,151,18,3,185,184,240,35,197,220,72,15,77,36,192,232,167,1,35,219,204,79,85,1739150259075,/dev/cu.usbmodem14124301
223,139,90,68,157,212,63,23,112,254,232,123,155,13,114,70,135,168,3,117,141,13,74,229,249,133,164,194,85,255,222,123,29,53,24,193,136,90,234,191,146,230,83,154,190,251,60,89,182,228,89,194,236,133,146,43,6,4,54,43,156,103,20,27,9,78,82,3,243,37,212,90,188,206,156,208,212,69,190,153,201,145,36,151,84,158,241,157,207,62,82,41,13,166,148,214,161,25,10,98,164,203,25,52,225,225,46,207,173,17,244,133,119,2,186,142,146,60,249,39,149,107,186,99,25,84,10,121,139,34,128,31,99,20,36,133,152,237,200,36,251,16,103,43,53,70,175,180,168,139,205,48,214,48,242,34,167,124,38,4,21,89,133,172,158,54,156,183,68,20,64,191,58,21,62,182,31,239,240,219,255,173,203,0,112,177,183,250,32,50,247,61,193,159,102,248,230,117,118,37,95,167,226,144,193,45,38,55,107,178,142,23,93,227,16,23,112,144,234,193,30,133,0,150,102,241,120,74,216,189,173,88,65,236,0,245,141,7,52,99,34,119,99,73,18,98,77,139,208,43,1739150259075,/dev/cu.usbmodem14124201
107,169,219,97,6,237,94,79,252,12,112,30,148,236,105,186,155,169,168,139,186,143,42,3,0,42,206,14,154,133,133,220,133,231,207,185,227,191,71,175,89,0,42,85,141,254,11,251,84,157,74,3,15,168,215,236,14,59,6,24,58,201,61,243,103,107,0,209,164,17,217,166,128,221,163,28,125,232,113,253,54,242,141,59,183,202,94,22,81,199,150,220,204,149,141,121,116,62,199,185,199,66,137,7,161,153,236,231,34,74,192,145,144,1,41,82,188,77,88,6,138,102,48,62,87,157,235,96,156,70,173,254,126,86,51,246,228,94,17,16,182,79,11,133,238,87,0,82,213,86,251,113,29,61,120,187,99,84,64,217,190,11,211,214,105,72,47,233,227,71,114,182,237,166,216,21,11,21,220,166,14,215,177,115,195,187,176,242,116,75,59,26,147,227,35,163,82,62,177,49,124,206,151,46,217,229,54,160,26,247,140,29,243,99,251,122,129,1,121,193,70,56,131,172,166,15,198,215,117,20,23,28,192,3,187,22,9,20,28,248,183,209,212,159,47,108,27,174,237,238,1739150259076,QBYTE | appa
65,166,47,249,130,172,120,164,6,244,57,87,118,62,255,12,68,132,135,46,12,224,217,109,203,222,188,93,3,6,3,216,165,0,144,32,221,67,135,113,255,0,140,11,225,90,70,71,170,30,101,80,231,104,233,9,45,10,62,13,222,3,2,26,121,73,46,107,0,21,127,78,230,73,43,13,130,239,241,145,140,115,221,196,114,21,138,63,128,132,43,61,52,119,80,3,173,149,30,252,191,49,17,169,14,60,201,242,186,254,38,157,93,144,224,53,225,185,17,140,51,47,199,144,53,160,161,50,31,199,179,205,38,22,178,78,218,18,224,152,14,115,140,255,225,245,249,48,255,118,168,39,181,107,133,61,112,213,124,108,4,220,243,102,110,44,12,147,12,241,195,24,253,40,228,208,192,199,152,107,40,32,78,75,88,113,106,45,39,185,216,146,38,250,167,65,82,102,63,145,143,162,250,28,32,142,151,220,242,191,175,152,119,166,147,121,123,249,12,53,236,43,90,148,165,194,175,124,167,190,140,161,84,14,15,76,189,195,243,17,0,155,166,144,105,65,30,42,237,88,1739150260148,/dev/cu.usbmodem1413101
15,17,157,177,209,22,144,64,225,189,213,28,97,202,213,19,241,138,127,50,242,37,100,180,149,209,240,110,241,97,127,93,79,111,243,227,193,253,26,35,77,189,49,40,248,48,249,83,44,208,196,5,199,155,230,233,29,163,159,223,36,106,214,48,236,146,25,241,239,88,36,32,57,238,241,179,215,150,213,160,155,149,154,198,226,23,180,68,50,80,201,20,191,199,193,242,101,143,99,161,232,211,132,122,210,2,124,5,224,55,150,13,79,80,229,112,245,134,2,135,53,30,155,158,20,141,199,63,55,19,40,106,166,248,184,254,141,63,185,17,62,28,59,70,39,13,132,165,185,12,254,244,76,156,215,229,10,155,54,65,9,205,167,6,113,162,55,232,4,221,42,230,30,31,151,146,81,131,67,94,35,154,126,255,127,143,189,0,173,75,143,85,166,139,91,157,156,132,25,156,56,163,133,153,161,252,52,49,7,150,20,158,242,223,207,175,222,77,98,222,85,152,183,87,234,136,161,158,189,233,42,88,221,103,238,1,24,169,150,153,189,204,246,177,63,80,201,235,93,116,1739150260149,/dev/cu.usbmodem1413401
126,161,61,229,219,145,117,246,54,85,162,84,235,235,125,28,176,25,64,44,62,171,119,101,192,47,52,157,18,2,211,246,103,89,182,251,254,59,38,196,92,2,127,66,109,109,189,3,159,49,137,205,51,182,244,235,53,131,66,64,140,44,78,213,198,206,103,236,245,144,227,226,59,227,171,88,120,124,206,149,151,237,202,126,168,15,18,90,247,254,31,101,86,96,3,43,28,179,87,121,243,50,123,63,88,179,141,52,10,72,77,242,46,70,97,232,53,58,247,16,117,29,224,171,255,124,135,174,69,51,176,113,90,249,53,146,153,135,50,25,141,246,92,224,48,76,35,207,22,75,72,169,23,36,104,95,86,211,251,202,88,175,134,171,21,21,150,142,226,112,252,110,142,153,214,231,152,185,133,247,254,187,136,124,210,63,192,28,218,123,122,46,49,29,78,127,38,106,188,14,113,106,236,19,171,207,88,92,188,159,124,172,115,69,64,168,69,232,122,162,229,61,243,164,27,228,117,128,112,29,214,188,62,189,152,142,175,239,219,162,219,156,225,84,71,104,143,219,102,22,1739150260149,/dev/cu.usbmodem1413201
143,43,178,89,211,153,97,244,82,28,23,139,201,252,231,255,238,163,144,250,220,155,219,94,138,175,193,71,226,135,110,124,56,146,101,131,223,85,204,242,146,120,160,103,243,53,103,5,255,42,99,93,199,249,77,170,146,207,73,200,172,228,248,40,254,123,154,43,200,169,125,157,4,232,247,119,44,171,183,85,226,166,172,77,167,146,13,189,255,242,69,204,202,190,73,115,148,232,254,96,204,140,58,82,36,86,205,154,149,56,136,168,1,246,83,19,230,187,4,229,234,99,43,38,87,121,97,178,12,45,163,94,124,250,105,68,254,121,255,250,133,182,199,250,185,144,60,18,26,116,134,72,195,233,241,38,64,41,106,150,255,16,239,61,178,75,141,233,137,214,70,127,128,81,193,60,78,186,90,41,11,185,49,105,130,168,223,5,214,130,31,160,191,142,15,154,152,254,217,227,184,111,162,126,47,245,204,132,76,212,235,248,84,251,253,51,148,105,234,55,57,175,232,117,135,219,194,237,249,246,189,145,116,245,1,100,55,241,135,191,141,212,120,253,121,156,12,42,160,151,1739150260150,/dev/cu.usbmodem14124101
107,191,242,26,193,128,254,246,209,4,82,231,238,234,111,85,190,113,125,76,188,140,196,246,57,170,159,108,193,6,159,225,166,197,191,252,108,209,193,122,199,237,136,139,90,28,189,81,164,29,138,175,169,57,255,130,23,182,96,156,225,225,95,121,85,127,155,248,109,106,115,5,253,92,252,132,107,61,154,81,132,19,133,191,54,67,90,81,112,200,125,228,109,95,135,47,88,187,119,228,186,106,169,232,6,28,234,118,57,221,168,12,134,167,229,61,255,195,209,222,234,206,63,241,181,131,166,75,86,86,130,124,205,202,27,31,63,97,204,200,141,155,11,45,116,12,201,120,101,214,251,84,239,17,55,4,131,157,51,59,168,227,188,72,2,142,8,210,170,132,121,119,65,149,184,27,143,222,193,152,90,118,168,84,202,0,20,17,166,55,35,197,17,26,80,76,230,4,229,77,64,100,157,55,148,143,136,45,36,86,69,185,103,210,16,60,187,81,69,189,253,9,236,90,66,159,12,20,223,79,159,16,167,129,37,92,194,8,32,142,170,238,88,23,95,112,87,124,195,112,1739150260150,/dev/cu.usbmodem1413301
214,173,113,22,128,121,73,106,191,50,183,81,225,91,202,177,75,39,152,119,134,188,188,17,217,61,43,182,192,45,77,44,254,165,181,76,218,46,245,141,169,136,15,8,15,40,129,173,126,85,112,152,126,192,130,20,158,212,237,41,88,50,42,186,74,177,1,220,88,227,78,112,136,105,124,114,90,29,78,184,189,189,137,202,132,218,238,249,228,131,215,175,12,40,109,232,132,85,212,10,123,123,189,129,216,64,109,90,161,64,164,93,39,200,33,128,153,132,214,222,209,113,56,55,250,49,30,85,82,178,57,20,163,79,156,103,74,119,99,194,68,210,46,249,144,42,166,58,201,61,148,250,127,152,33,53,206,174,40,127,128,100,210,141,143,245,169,119,53,233,224,255,42,66,182,124,107,165,158,13,174,98,245,218,168,52,144,220,167,19,185,63,197,186,255,231,131,163,1,217,225,185,164,37,109,34,117,218,39,44,243,105,48,213,140,152,186,17,113,156,75,199,211,94,66,54,98,147,142,109,118,242,95,144,55,109,22,83,191,246,133,213,87,194,10,167,114,245,238,111,1739150260151,/dev/cu.usbmodem14124401
141,15,161,143,211,158,19,31,219,248,1,152,223,154,153,185,99,202,219,226,26,145,8,85,36,89,140,10,191,48,27,128,30,45,213,250,143,213,96,81,12,25,132,199,189,161,81,1,213,97,111,203,29,79,124,98,158,74,165,39,211,155,243,230,44,50,81,157,103,24,202,115,103,199,60,55,156,164,108,164,35,170,127,125,172,195,73,180,116,46,139,113,16,94,220,184,94,131,163,250,215,147,97,222,118,245,50,136,108,59,226,178,163,195,175,174,147,220,112,153,159,200,214,147,186,141,146,198,61,131,58,102,180,99,137,121,130,168,220,59,89,18,101,193,255,46,29,2,10,233,151,110,183,182,107,229,77,104,141,171,89,84,177,203,1,141,63,232,185,204,133,214,228,209,233,65,174,237,202,113,59,246,150,195,1,23,159,73,243,170,24,178,14,171,130,248,183,48,126,111,224,246,208,143,138,87,244,220,57,134,244,93,184,30,158,243,213,31,42,209,96,241,60,8,31,57,115,133,1,212,36,218,45,178,231,86,61,39,92,48,9,205,33,226,40,67,191,167,214,176,1739150260151,/dev/cu.usbmodem14124301
61,212,173,20,164,44,183,142,1,247,213,210,11,198,227,104,110,70,167,160,174,142,17,22,109,247,229,63,10,185,80,119,148,18,93,190,83,175,164,173,124,255,239,62,249,162,243,71,31,18,174,156,137,80,4,4,89,37,22,92,38,144,219,88,87,64,241,27,192,31,81,64,115,145,9,240,14,25,222,18,189,13,217,63,137,121,93,212,207,166,249,167,105,9,9,62,176,63,138,144,138,11,194,105,186,131,20,2,119,47,244,217,135,55,229,86,122,137,81,254,47,246,121,21,117,171,177,52,178,187,27,72,128,23,34,194,56,125,192,139,76,214,23,92,155,231,76,156,146,202,40,217,220,159,0,235,202,19,166,192,94,107,169,201,251,52,194,92,139,216,229,33,20,197,8,248,19,181,234,66,164,215,60,178,210,4,168,105,185,164,161,83,131,55,209,116,26,207,120,64,183,95,62,126,135,158,144,162,182,107,72,52,62,244,92,101,216,244,67,25,111,48,221,192,184,144,84,186,83,239,132,243,241,137,39,103,174,110,105,206,101,82,234,186,80,91,158,113,163,39,1739150260152,/dev/cu.usbmodem14124201
178,244,178,99,109,249,239,235,55,57,104,104,238,14,111,201,19,110,177,179,146,218,112,70,189,182,100,6,182,64,88,53,103,251,50,79,87,85,135,111,98,68,142,124,150,5,251,168,246,238,112,165,151,90,179,81,217,232,148,148,150,121,63,170,201,210,240,255,64,250,99,87,129,207,51,160,162,51,59,174,197,164,139,6,8,188,129,84,149,27,96,29,15,78,228,232,114,19,94,192,244,213,99,96,178,241,84,255,70,48,111,240,184,235,185,251,72,172,198,153,18,206,63,195,9,188,27,253,234,22,18,206,252,28,122,165,255,16,39,208,228,162,123,234,207,203,92,148,126,141,72,43,214,154,182,158,166,252,235,94,133,22,75,49,207,18,124,13,206,243,170,144,118,60,139,71,30,100,123,77,149,141,126,94,198,78,123,217,205,33,17,82,87,222,65,30,184,46,161,91,136,112,230,11,241,44,174,188,137,245,38,235,115,42,191,127,120,158,163,151,220,46,40,222,116,117,240,55,144,165,132,31,231,11,170,167,122,102,147,19,168,187,13,5,69,42,80,111,46,37,1739150260152,QBYTE | energies
216,211,160,66,149,106,27,94,96,158,213,96,250,151,51,215,179,95,205,23,215,251,235,235,212,17,34,232,199,241,40,43,107,151,181,221,183,225,231,17,214,93,47,23,40,118,50,98,218,230,169,191,138,240,151,104,140,184,251,176,93,203,206,153,161,161,39,212,142,212,18,189,207,53,164,194,238,10,69,25,8,168,160,77,84,132,126,89,122,109,62,50,215,114,170,79,146,131,110,72,147,61,94,127,18,214,45,215,153,78,107,116,77,226,117,253,83,107,132,0,191,95,225,228,246,49,162,10,127,72,173,207,242,169,203,220,205,185,2,124,32,122,161,30,237,116,196,10,95,57,60,144,202,37,107,125,127,195,100,160,37,181,252,164,228,227,239,5,23,104,176,23,111,51,158,200,198,183,193,199,78,248,194,76,214,15,73,68,49,44,232,152,90,241,143,241,47,58,185,28,28,143,85,252,13,100,128,151,146,150,206,142,91,91,64,116,161,151,0,3,24,179,54,191,198,244,180,216,39,2,239,248,62,23,54,191,117,101,29,143,232,226,115,77,194,244,108,202,95,113,1739150261225,/dev/cu.usbmodem1413101
99,57,54,65,235,123,73,7,70,115,25,126,166,68,204,204,233,160,147,16,84,51,191,39,52,101,122,251,176,249,77,18,250,194,24,65,49,250,169,219,154,3,192,61,27,132,36,182,73,206,254,36,137,246,126,192,69,176,74,177,36,62,123,208,42,168,195,160,131,68,50,139,88,200,135,162,99,54,76,113,124,196,206,137,40,175,49,181,62,137,22,243,154,22,146,155,146,180,39,74,105,17,110,250,235,8,234,167,236,153,1,179,130,22,143,23,129,75,15,31,211,90,31,84,127,2,146,106,194,35,50,115,91,167,58,253,239,249,71,2,158,65,24,228,139,155,31,236,204,185,96,196,1,16,168,200,253,223,233,110,169,242,131,149,89,117,184,117,13,173,66,201,49,10,9,224,36,167,229,143,183,151,152,139,22,11,56,81,24,172,178,88,107,144,73,92,254,129,13,183,63,36,165,71,80,225,8,235,144,162,5,243,35,104,28,96,8,12,142,114,82,198,67,196,219,198,125,241,184,38,72,213,226,41,64,187,107,22,219,56,226,103,242,68,145,129,18,31,43,43,1739150261226,/dev/cu.usbmodem1413401
198,77,76,211,203,121,178,229,42,3,208,218,225,17,149,83,228,102,24,182,187,235,0,201,187,67,247,64,222,176,187,34,143,104,130,207,91,113,137,70,197,202,169,250,81,133,219,30,75,34,73,113,134,139,51,245,92,121,62,54,234,246,238,135,151,136,224,88,38,42,114,237,86,186,110,143,82,147,202,214,88,255,136,55,104,222,69,77,192,74,25,130,175,216,185,52,255,118,154,173,189,58,55,91,67,89,225,201,164,130,75,154,77,167,74,38,233,162,123,223,67,69,41,142,153,11,211,55,69,142,166,107,21,59,53,196,101,24,67,194,82,130,157,36,98,118,87,183,207,192,121,211,126,219,81,30,87,15,99,165,72,81,55,103,117,47,145,140,203,218,110,194,107,107,172,254,246,204,235,64,146,73,181,138,217,209,78,20,158,207,216,142,173,223,200,46,32,104,8,64,207,71,134,196,231,117,148,251,189,64,111,108,205,83,252,204,189,144,233,176,119,238,158,202,95,97,253,65,56,190,188,236,111,76,122,136,10,13,68,205,122,51,24,119,225,222,171,135,151,147,1739150261226,/dev/cu.usbmodem1413201
148,215,220,41,137,47,103,86,48,209,122,62,71,21,211,198,139,19,135,52,217,78,69,252,215,48,178,124,234,37,240,230,179,155,135,92,71,131,169,126,50,179,25,192,149,200,50,249,245,97,67,190,251,92,168,159,8,216,199,202,222,129,254,16,189,211,77,247,201,98,171,196,50,62,203,89,24,182,225,202,47,61,179,21,124,239,107,9,150,119,186,176,90,155,212,82,243,186,95,141,116,107,178,196,203,209,84,192,21,141,133,135,119,212,208,212,17,192,57,194,149,22,139,59,15,141,83,58,233,239,155,7,254,153,254,11,254,69,78,32,99,143,115,108,214,188,182,47,49,66,68,157,89,138,224,7,4,119,22,34,242,197,69,23,198,11,227,175,75,31,231,106,18,4,191,57,206,73,47,7,77,66,217,119,36,233,107,163,154,249,128,70,139,250,13,106,93,14,242,124,73,21,42,80,140,81,7,120,122,160,181,114,189,235,190,174,191,106,1,10,167,214,192,135,98,205,176,154,104,83,80,119,21,104,90,147,107,251,195,131,200,80,221,29,96,156,162,154,40,12,1739150261227,/dev/cu.usbmodem14124101
232,147,132,52,120,156,99,8,60,29,239,55,14,84,110,26,238,43,123,94,244,150,244,112,104,228,78,182,23,59,196,177,109,162,72,160,95,166,174,73,149,212,7,160,141,250,92,50,152,149,0,223,192,123,132,62,13,112,76,44,244,9,61,219,124,119,58,241,247,26,73,75,8,139,97,45,35,24,62,247,62,24,154,245,57,2,53,105,75,81,143,100,222,71,20,160,181,35,198,203,174,212,74,245,175,130,28,237,119,20,234,213,197,28,118,203,240,78,45,149,48,149,81,105,190,172,109,187,22,179,174,247,221,48,118,110,251,169,120,22,161,197,57,204,90,44,217,26,25,76,87,150,183,194,11,97,224,122,105,68,128,166,140,57,24,1,166,3,140,238,222,101,26,152,161,231,177,154,218,132,188,8,225,120,89,111,248,57,198,182,207,215,168,103,90,83,113,4,155,86,183,24,220,123,241,154,8,87,15,217,130,131,68,1,214,107,10,209,37,69,65,99,155,228,43,241,15,88,86,155,78,68,105,237,211,198,232,170,249,31,167,35,151,121,137,118,155,123,154,61,1739150261227,/dev/cu.usbmodem1413301
140,89,174,8,72,126,250,64,101,90,147,79,20,37,165,27,78,89,74,44,86,9,172,82,111,96,23,131,4,237,78,125,20,81,87,118,231,222,210,97,141,132,204,50,66,34,21,77,13,199,148,12,101,16,27,74,138,191,220,188,34,143,23,69,152,104,196,250,39,111,123,178,6,124,178,176,178,241,70,161,85,128,72,16,85,139,188,136,205,98,18,229,62,5,64,19,178,90,19,225,175,202,254,238,60,57,253,123,170,9,193,39,189,248,255,139,67,122,20,255,200,10,204,30,174,90,84,234,24,123,48,144,206,224,29,180,87,32,234,161,243,91,82,87,113,162,122,13,124,60,205,129,85,142,147,99,178,148,150,251,13,17,1,140,55,78,72,124,65,159,61,161,165,120,4,63,154,189,231,86,208,111,217,15,161,186,93,41,181,124,245,215,137,33,54,84,156,175,132,189,198,41,8,119,114,164,164,204,110,80,157,150,20,1,148,130,72,3,64,53,137,188,135,144,154,139,21,211,176,51,202,199,125,208,190,58,181,93,45,74,23,173,63,38,194,144,209,192,40,39,1739150261228,/dev/cu.usbmodem14124401
54,38,7,190,52,234,215,64,39,131,184,95,143,19,132,180,80,201,243,187,133,137,141,51,130,138,209,58,6,10,177,198,184,30,98,225,167,211,65,209,218,30,191,121,96,207,104,223,235,30,246,175,33,21,70,208,48,138,165,12,189,171,71,86,5,212,79,247,234,52,161,70,32,171,142,71,236,226,130,101,63,186,144,135,233,239,235,139,2,108,191,5,116,107,165,199,33,38,113,13,153,55,163,72,5,94,4,213,138,49,62,89,26,159,192,205,247,118,86,243,114,236,167,3,128,103,240,23,239,94,58,9,235,188,137,232,7,238,123,55,21,252,105,168,186,193,33,242,31,248,8,53,224,158,83,5,160,100,46,206,89,204,214,56,46,194,246,217,86,207,237,145,43,5,20,216,128,138,33,233,25,163,53,134,6,176,40,152,17,26,115,90,41,254,2,164,150,177,140,146,91,73,46,177,120,8,89,71,100,7,80,240,79,192,98,89,237,116,183,116,253,147,92,128,10,202,190,79,160,86,221,61,229,210,112,250,224,194,131,155,101,151,228,129,232,77,129,66,93,38,1739150261228,/dev/cu.usbmodem14124301
19,6,165,45,183,205,31,187,97,148,230,147,138,203,32,190,20,64,65,153,76,148,55,169,45,252,21,210,96,72,51,39,128,75,32,117,86,151,180,169,137,130,168,210,119,52,223,79,36,215,58,167,105,209,141,166,96,33,79,192,54,31,18,99,93,50,165,179,225,96,114,143,204,241,174,17,170,217,139,62,134,90,86,35,207,138,136,217,175,209,44,81,254,227,13,52,166,156,56,244,11,164,183,234,141,173,168,206,169,63,77,82,142,212,6,95,62,243,95,69,21,142,210,217,140,43,8,87,191,175,158,206,52,11,66,100,6,8,250,185,92,227,116,210,199,70,169,193,196,251,149,53,36,36,151,101,163,127,244,236,138,221,89,162,108,81,194,103,99,26,12,153,4,20,150,23,52,23,250,116,69,18,53,18,220,3,46,104,37,91,195,112,27,43,112,184,79,67,70,175,189,129,229,71,188,141,98,181,245,50,225,16,224,70,216,18,94,199,231,140,208,143,47,248,191,209,97,122,80,139,148,4,226,9,77,232,249,59,77,126,82,158,87,9,232,12,245,249,115,205,1739150261229,/dev/cu.usbmodem14124201
168,154,142,86,143,130,214,89,35,111,68,78,229,126,214,133,209,113,66,213,138,239,243,65,36,245,128,242,54,9,38,208,236,0,245,77,211,213,231,162,240,235,131,41,47,156,1,220,119,240,5,143,147,126,38,192,74,205,50,161,16,176,218,117,29,171,93,148,57,249,24,47,17,212,117,125,16,203,83,121,209,214,65,167,34,246,139,27,57,87,133,38,210,237,169,242,140,56,16,241,160,240,21,163,106,30,63,244,58,203,252,35,25,40,47,202,80,243,249,222,37,171,180,168,3,15,113,124,79,51,152,112,142,203,154,184,20,114,91,165,148,183,33,83,132,44,17,90,211,113,102,13,202,146,46,206,128,145,221,212,104,117,15,110,99,110,255,146,98,164,121,186,183,167,163,248,69,47,6,64,22,178,14,217,31,90,247,66,106,61,136,34,4,215,29,242,152,132,155,65,50,0,67,213,113,26,140,150,53,104,191,150,247,13,230,212,90,0,83,67,127,142,68,58,36,255,65,76,217,188,134,12,181,252,6,241,59,139,91,73,63,97,95,180,153,144,73,200,87,52,1739150261230,QBYTE | wide-shouldered
115,4,108,44,52,219,80,25,126,89,119,82,123,123,184,231,149,106,154,208,243,105,73,182,113,6,45,50,240,150,31,87,48,14,65,173,175,6,83,178,159,210,71,198,179,110,141,142,51,239,36,226,176,136,173,21,48,142,223,80,214,25,209,47,172,13,0,242,91,193,10,78,11,204,173,84,208,170,133,139,105,241,14,113,62,52,162,217,156,195,208,102,225,32,111,241,30,212,190,199,65,242,241,217,13,7,165,136,171,176,31,207,169,93,162,207,164,225,189,204,32,91,27,55,151,92,55,35,206,5,120,240,167,72,200,44,85,46,224,140,97,148,204,87,59,239,117,243,100,171,123,32,74,82,12,125,89,232,149,137,64,52,253,44,245,195,166,224,232,219,0,206,166,176,78,97,105,194,28,37,83,10,104,246,231,114,34,166,36,213,95,29,34,46,219,151,184,35,127,204,175,155,119,60,37,108,159,140,50,232,71,96,19,244,124,81,100,67,247,42,240,60,166,73,182,246,99,128,184,17,162,60,98,55,107,18,110,241,216,189,49,196,124,98,214,250,187,244,1,252,1739150262299,/dev/cu.usbmodem1413101
166,76,133,103,184,196,179,216,177,80,134,171,120,191,73,117,79,185,2,130,122,162,148,50,16,149,120,6,197,19,245,84,70,231,148,104,23,54,87,105,243,193,141,50,232,48,57,121,123,186,133,145,126,24,186,28,69,234,78,91,127,243,60,32,169,186,207,241,196,226,190,26,206,16,148,159,155,18,33,159,197,169,56,3,81,146,106,212,125,225,77,5,190,189,138,117,88,105,48,197,205,158,129,77,67,247,127,59,161,68,92,228,167,91,22,179,90,17,223,174,182,117,71,113,18,255,127,222,79,10,51,11,120,89,222,11,122,237,188,23,150,125,60,140,30,216,180,151,124,225,123,172,14,138,122,71,51,219,112,87,173,222,251,38,158,122,93,141,101,150,218,244,25,233,130,202,235,239,172,135,128,68,111,223,141,205,182,83,130,142,125,227,193,220,118,40,168,149,106,120,111,1,127,74,105,113,60,13,127,49,233,161,203,9,43,54,219,71,73,125,79,125,74,69,32,74,248,120,215,240,40,110,184,153,150,154,190,238,245,195,188,192,30,114,189,144,148,118,13,217,1739150262300,/dev/cu.usbmodem1413401
141,194,46,86,224,39,159,13,210,226,251,209,27,50,10,169,185,96,131,48,48,90,139,53,1,55,115,211,56,182,138,226,210,171,169,245,8,63,127,88,208,119,91,152,244,42,158,147,79,2,15,121,171,122,1,229,89,227,190,166,7,126,3,253,138,87,34,57,49,207,234,28,116,74,91,247,204,226,80,116,174,62,30,103,219,134,58,65,112,170,83,11,90,136,73,229,135,137,176,123,21,229,79,67,20,33,114,93,102,116,51,242,208,123,85,47,11,170,41,2,229,106,104,1,184,216,194,162,160,142,79,187,197,101,240,181,159,167,242,172,90,75,53,207,82,0,45,92,32,117,245,116,59,82,165,54,58,53,57,104,82,128,3,168,49,105,128,47,228,57,206,33,184,183,99,201,66,205,125,183,165,223,30,119,138,167,10,240,81,48,19,71,185,117,167,156,240,141,75,71,157,161,69,72,91,113,64,155,87,101,211,11,214,235,190,25,181,135,93,212,24,214,31,165,204,61,74,82,99,178,91,255,67,163,30,249,72,49,109,188,90,61,171,101,175,33,205,102,193,170,1739150262300,/dev/cu.usbmodem1413201
66,135,223,183,84,33,65,245,15,6,114,55,97,247,34,123,156,79,247,3,55,142,154,79,248,140,110,36,53,108,167,173,102,219,240,54,60,130,135,97,206,107,89,195,205,228,225,55,238,27,105,248,85,29,210,9,216,205,8,235,117,62,70,72,209,213,4,102,70,176,192,118,199,138,153,128,152,150,39,229,57,36,166,120,4,135,86,134,48,92,132,130,23,224,106,28,199,229,165,136,202,211,249,28,5,24,138,165,134,41,124,29,74,146,93,241,106,1,241,137,174,181,45,51,5,137,62,24,218,217,70,255,254,106,175,54,7,8,167,77,192,244,235,254,47,85,134,122,124,119,21,53,56,7,54,16,83,116,128,102,143,78,150,115,37,149,88,204,250,84,25,17,213,224,251,181,33,136,55,179,219,167,68,178,196,225,87,222,19,115,229,45,16,113,9,118,67,239,208,202,112,215,121,148,228,152,47,193,155,209,243,46,81,157,148,254,51,166,165,174,194,157,58,21,247,170,149,209,62,57,151,64,93,144,66,142,254,1,158,251,222,212,143,79,231,150,146,141,221,230,1739150262301,/dev/cu.usbmodem14124101
125,76,138,184,246,71,135,103,107,240,221,22,102,232,229,129,83,124,164,135,109,101,33,206,127,251,118,177,48,82,75,79,192,59,9,242,255,238,123,212,245,42,237,56,251,11,232,178,49,108,137,207,116,189,16,27,226,163,150,40,210,62,184,234,124,25,14,130,33,139,91,164,152,159,226,15,21,77,215,168,103,50,169,223,232,121,222,207,237,24,84,182,70,1,13,91,252,236,155,134,194,25,28,57,52,213,56,43,144,22,160,17,252,249,181,203,160,6,216,177,62,0,20,59,76,81,228,20,3,147,236,157,71,222,235,87,141,79,109,14,119,216,79,229,180,23,3,86,192,63,202,136,92,239,186,53,182,218,114,4,178,236,84,176,159,26,108,28,227,231,136,181,76,84,201,240,173,232,94,112,252,62,151,18,26,168,80,49,208,119,88,245,109,232,218,237,109,116,124,245,210,234,242,50,185,36,232,160,43,164,241,14,81,104,34,228,170,33,147,142,95,8,250,143,50,75,248,229,209,76,55,114,139,77,250,104,163,50,108,246,150,118,31,128,32,20,158,249,134,48,1739150262302,/dev/cu.usbmodem1413301
117,155,221,172,12,187,2,200,48,92,206,242,59,21,96,71,67,229,88,11,233,152,61,253,161,78,228,226,203,39,162,239,123,120,9,18,231,160,20,97,245,32,196,1,113,218,73,163,177,193,40,76,99,124,168,45,68,99,144,34,163,178,158,77,69,174,247,246,75,72,171,43,134,61,118,88,177,189,157,42,23,111,254,64,58,101,114,148,43,230,133,148,52,53,120,190,160,225,100,87,186,137,106,108,209,137,157,21,66,18,144,228,222,209,118,157,160,79,24,114,20,204,218,28,115,109,105,153,88,232,105,229,102,6,202,89,178,247,104,69,92,38,140,105,122,207,168,199,200,101,249,169,155,169,90,83,78,139,134,250,120,37,147,82,116,122,238,232,66,196,247,46,83,57,121,148,60,156,92,139,133,192,73,197,236,253,25,71,136,200,97,119,170,35,145,66,35,70,47,94,28,129,24,79,209,108,63,114,203,93,133,157,56,211,211,146,181,103,158,249,117,113,85,15,29,154,151,84,249,81,231,176,4,175,248,14,18,45,134,82,157,56,78,48,21,230,77,117,19,246,1739150262302,/dev/cu.usbmodem14124401
247,21,64,18,207,39,45,132,23,39,241,241,83,66,107,169,27,133,232,69,213,186,250,83,200,103,160,108,13,228,46,253,129,181,176,143,232,151,135,137,237,106,226,198,227,13,61,103,40,97,197,247,150,232,134,230,203,99,206,40,90,101,160,183,29,2,116,102,116,73,149,25,94,37,14,188,96,49,246,211,79,61,177,239,206,177,213,227,4,216,251,42,152,63,88,172,245,250,36,113,98,110,180,107,136,96,92,130,202,38,107,34,201,221,105,185,159,230,106,88,52,224,179,75,251,106,91,42,90,10,224,7,82,119,55,230,89,178,19,49,25,248,185,47,149,219,212,184,107,83,59,216,67,199,90,140,7,78,161,36,249,42,108,131,23,248,153,181,98,183,46,9,32,170,60,92,97,160,180,14,227,69,137,130,175,158,232,134,170,220,46,50,184,233,160,146,175,127,186,9,225,108,88,165,220,167,203,227,126,192,55,4,190,158,2,64,199,135,197,9,130,71,41,189,135,226,22,228,213,15,218,115,148,199,174,49,152,204,124,44,70,240,167,90,95,162,227,144,243,106,1739150262303,/dev/cu.usbmodem14124301
145,166,33,172,17,48,74,196,90,103,116,240,113,170,217,2,139,103,48,233,41,23,253,133,172,244,142,249,84,104,10,199,109,69,12,82,199,4,174,79,226,126,219,130,53,184,154,247,52,11,109,10,216,142,156,111,40,252,100,133,41,247,196,233,121,250,59,9,200,14,59,101,213,215,255,66,186,3,87,104,91,142,44,103,198,194,67,239,244,202,182,52,24,196,143,85,61,254,115,143,159,219,214,37,238,212,21,60,246,102,217,84,110,13,181,86,132,163,114,163,175,157,148,183,95,23,152,19,111,243,222,209,187,196,37,114,211,51,127,142,15,234,2,201,122,207,137,46,59,99,107,148,157,63,60,119,135,230,118,100,137,117,70,0,216,145,17,4,169,123,242,193,125,55,62,94,212,51,136,226,105,7,137,91,246,42,54,70,137,118,55,75,187,96,192,225,20,194,17,141,32,178,17,112,134,48,249,122,107,93,186,230,253,192,1,57,141,97,238,84,209,210,94,1,197,186,210,212,57,57,191,110,38,163,47,132,125,41,190,145,230,150,157,149,9,107,165,216,17,115,1739150262303,/dev/cu.usbmodem14124201
116,105,46,0,28,242,223,214,4,1,238,250,6,20,238,45,127,135,200,65,246,79,215,27,34,14,244,5,154,166,10,214,149,42,48,59,187,80,186,145,125,17,216,210,62,244,205,210,117,139,206,140,105,80,102,90,177,21,139,225,217,180,234,67,3,122,95,71,62,216,192,205,227,76,158,21,97,14,56,188,95,172,68,122,106,200,158,157,151,56,214,214,224,58,100,97,146,216,51,222,214,127,210,208,220,33,206,203,4,237,142,71,17,23,163,27,132,87,98,209,108,64,240,175,163,179,250,243,149,218,249,17,44,117,122,62,2,85,96,142,80,186,86,128,121,174,156,69,28,34,131,160,94,51,99,129,123,139,127,110,138,178,126,176,91,76,41,203,249,207,174,89,144,254,230,177,197,143,196,177,94,138,131,226,139,24,94,109,159,13,244,111,142,180,40,137,86,91,118,22,34,89,151,2,193,43,41,144,116,9,119,149,117,110,143,143,108,133,96,7,28,230,17,128,192,162,239,250,246,65,243,50,249,27,34,44,50,213,246,32,162,197,45,69,64,230,229,173,103,182,1739150262304,QBYTE | unit-level
225,70,136,29,170,13,122,169,113,44,143,45,67,34,5,14,138,142,30,91,27,51,161,197,143,182,242,189,19,255,7,13,72,179,224,102,203,150,115,89,54,201,62,79,22,27,118,86,34,118,96,213,14,210,214,241,239,138,26,36,67,124,215,234,176,247,117,234,105,181,82,80,122,188,195,77,108,76,50,12,63,161,13,121,47,253,144,149,125,221,191,117,87,129,144,48,135,189,135,98,240,166,9,31,71,124,190,101,191,250,154,8,41,148,71,147,253,178,199,177,167,96,91,3,172,122,106,131,108,7,59,78,223,221,229,120,132,111,104,243,251,122,62,112,141,208,147,109,179,24,6,216,113,136,187,22,234,121,137,65,83,135,155,111,50,171,216,139,121,235,211,57,74,224,181,216,59,156,122,124,238,39,165,127,144,120,72,204,140,242,143,237,32,144,47,248,121,240,38,43,240,73,219,213,177,13,213,156,85,242,226,156,30,211,132,56,228,88,188,193,153,80,139,219,29,134,118,101,245,215,21,208,65,91,213,218,146,61,196,159,113,2,131,3,132,57,228,36,22,58,1739150263582,/dev/cu.usbmodem1413101
98,227,74,227,175,31,155,47,220,75,87,223,236,26,105,251,16,204,91,177,16,159,215,46,29,35,78,124,26,121,187,64,93,252,171,33,112,32,233,182,144,206,85,107,249,147,182,65,184,34,252,57,105,234,97,28,206,71,6,17,167,105,136,78,167,20,127,85,60,61,92,54,80,208,244,197,193,55,113,87,143,78,2,209,46,78,251,239,196,238,5,5,254,8,194,169,70,170,182,226,251,191,90,30,77,82,23,20,136,202,74,41,38,227,104,62,86,3,60,98,118,220,11,217,218,162,248,20,181,240,123,215,249,91,219,179,27,6,143,96,255,44,245,7,98,201,203,149,192,81,200,155,2,88,183,36,78,63,203,200,79,181,107,228,238,238,214,109,108,70,75,181,80,46,198,187,112,208,254,131,123,73,106,162,89,237,83,186,28,158,102,72,149,255,127,146,78,208,137,107,109,73,176,55,102,79,221,219,141,157,58,113,130,130,150,158,196,218,153,13,199,160,249,248,173,59,60,74,14,215,211,163,182,128,237,218,155,35,16,2,7,206,185,2,129,222,72,140,253,165,1739150263582,/dev/cu.usbmodem1413401
251,140,49,77,180,31,65,20,195,208,18,52,179,4,199,168,28,157,184,225,242,191,117,118,241,55,35,61,186,216,178,118,70,86,75,13,88,184,128,200,103,242,215,173,220,157,185,244,71,221,42,174,247,145,126,4,47,141,181,98,27,46,20,199,199,228,152,191,225,129,36,13,162,245,249,175,20,223,65,184,223,81,128,135,142,151,31,2,228,148,56,94,26,65,120,105,75,134,0,235,16,22,126,44,96,187,89,11,184,107,208,234,219,54,136,9,220,98,10,185,182,73,197,15,189,146,240,193,147,60,185,238,225,168,129,130,89,226,230,100,199,32,232,222,251,196,225,242,34,225,100,151,201,171,212,69,69,0,60,167,255,54,49,244,13,119,248,9,128,32,204,35,219,118,10,88,89,43,238,44,249,176,211,39,24,26,212,163,43,233,156,14,254,26,58,214,77,53,94,83,140,166,86,36,190,55,91,57,156,186,87,197,128,120,41,190,148,144,249,177,240,123,147,128,45,145,124,186,52,112,16,221,73,113,233,201,197,177,42,14,243,79,134,105,138,127,129,112,170,8,1739150263583,/dev/cu.usbmodem1413201
247,165,227,130,82,110,114,24,58,73,85,239,177,191,58,190,102,143,193,116,146,232,247,87,65,122,46,56,171,68,213,221,106,210,234,221,155,125,250,34,231,112,249,231,238,204,114,231,73,111,102,113,101,208,255,70,232,122,246,181,9,225,136,76,65,110,162,147,0,233,65,100,36,244,233,38,60,76,132,31,3,189,113,144,16,49,46,85,46,135,111,122,167,37,22,113,109,43,160,7,55,2,170,22,70,95,1,170,155,206,198,196,194,50,154,227,110,220,1,171,30,98,12,245,186,105,209,85,109,92,187,48,204,104,155,236,81,78,204,154,201,192,166,108,117,75,42,239,124,87,94,226,61,255,117,97,177,190,33,232,65,114,152,202,211,239,155,49,247,19,11,105,107,7,44,84,113,43,140,217,153,11,139,109,101,27,110,178,148,229,89,68,157,233,152,37,89,55,141,193,222,54,39,220,188,174,201,196,3,77,201,224,75,121,197,224,7,19,175,198,166,173,117,0,160,254,125,68,177,14,42,219,237,62,98,217,230,130,91,204,242,214,20,97,250,202,165,25,94,216,1739150263583,/dev/cu.usbmodem14124101
187,84,160,150,52,98,48,228,169,63,119,195,194,6,190,126,38,163,209,228,44,237,82,206,24,34,132,189,224,87,120,160,156,139,78,83,36,110,65,67,131,1,1,179,144,139,176,147,210,251,40,90,0,138,120,134,141,132,247,222,144,180,97,68,171,146,254,22,140,196,51,210,126,250,88,93,183,135,220,172,224,43,22,88,157,122,97,213,237,36,99,195,248,189,178,79,162,126,51,139,99,193,108,108,75,96,14,233,50,185,66,43,189,104,209,220,69,28,193,135,86,25,138,231,123,57,245,244,157,135,153,56,66,81,173,189,208,100,174,27,175,154,220,227,210,109,140,107,80,13,61,47,152,93,22,84,111,51,133,225,145,83,114,231,16,21,211,34,172,117,144,19,108,155,49,21,103,140,99,132,92,149,39,116,180,138,73,112,144,42,198,1,145,119,64,54,220,128,14,82,215,150,65,183,29,167,114,44,215,241,206,252,252,106,175,100,89,253,114,7,101,9,120,32,45,88,188,104,169,218,22,221,245,130,110,213,44,87,54,209,76,179,228,110,103,125,9,110,103,177,1739150263584,/dev/cu.usbmodem1413301
80,5,91,100,140,82,33,177,20,132,116,119,110,166,64,136,233,114,186,90,131,117,21,60,104,78,96,96,38,135,89,238,197,145,197,156,195,199,209,10,212,225,218,116,153,49,57,136,220,97,158,210,162,9,245,51,66,135,47,116,113,158,77,142,155,188,91,15,18,172,104,71,24,227,205,115,189,253,169,7,194,46,96,248,184,230,201,142,15,174,29,60,179,59,123,150,105,192,82,150,48,177,243,142,137,183,27,7,140,10,116,123,255,199,219,133,31,243,6,238,42,194,179,94,198,78,84,101,41,195,92,235,56,40,13,81,205,219,86,210,164,53,54,247,165,112,212,144,5,159,126,35,3,131,189,24,170,194,243,13,10,56,47,183,42,43,179,37,4,159,58,185,167,240,109,24,239,5,72,104,5,222,42,129,57,75,174,97,62,93,215,129,151,54,255,207,25,83,117,69,168,63,53,29,27,12,236,210,25,217,69,212,173,66,133,215,235,80,58,14,83,167,233,149,211,50,108,176,124,79,221,208,126,237,73,41,8,106,59,124,124,84,228,136,226,19,135,96,47,79,1739150263584,/dev/cu.usbmodem14124401
216,44,26,22,236,31,105,198,95,118,207,112,239,81,32,220,191,205,173,158,163,41,102,84,189,207,91,100,12,45,195,203,178,220,27,134,8,15,191,17,228,157,196,82,109,153,59,135,15,23,181,178,29,233,230,13,200,139,243,204,225,14,112,228,88,231,169,150,23,66,20,90,179,133,61,114,195,210,97,149,27,7,128,5,168,130,32,128,225,204,193,30,200,45,74,139,92,46,15,47,187,195,108,133,221,140,71,23,204,140,37,190,84,149,198,234,55,25,203,93,19,184,234,173,93,150,209,67,150,139,120,175,187,244,120,181,40,214,98,9,129,201,133,172,77,211,173,24,19,95,217,241,153,240,85,243,220,163,219,32,234,239,48,216,231,21,185,153,116,118,63,82,137,40,47,18,174,228,17,104,3,151,178,242,166,19,39,116,33,93,61,14,38,96,61,9,193,44,125,108,96,179,205,165,201,77,107,247,140,254,221,80,5,209,101,220,84,130,180,53,60,204,161,174,44,215,65,71,43,157,146,72,166,227,246,135,156,136,240,153,250,4,102,240,240,210,96,3,109,58,1739150263585,/dev/cu.usbmodem14124301
32,141,29,183,138,225,83,132,114,62,128,181,79,160,0,247,197,118,122,170,7,49,128,66,249,97,221,224,237,10,55,213,237,235,170,106,51,59,7,183,205,164,162,85,55,1,211,86,181,139,177,28,111,61,201,13,237,189,39,123,131,159,29,126,222,239,249,201,233,117,121,35,244,251,231,63,211,181,117,4,241,225,12,76,31,90,190,196,38,191,13,100,97,97,161,138,226,156,108,186,29,142,151,203,196,111,227,83,177,1,150,219,69,254,184,6,50,74,249,3,78,40,107,171,175,245,109,2,202,149,96,135,230,16,217,216,131,183,208,154,202,141,220,215,239,171,63,181,19,53,51,135,61,202,0,42,235,102,163,163,9,177,143,147,202,180,109,50,143,46,247,168,164,242,129,68,170,255,176,24,40,243,123,120,102,183,152,8,121,253,98,31,70,70,15,96,178,153,144,202,225,154,28,180,141,123,134,160,5,64,58,71,1,187,77,124,55,106,60,122,84,143,35,3,28,63,10,87,100,252,29,176,186,7,244,124,250,226,131,162,162,164,199,184,62,251,208,121,78,242,1739150263586,/dev/cu.usbmodem14124201
156,124,236,98,61,173,249,157,196,13,211,88,161,210,79,62,85,58,128,245,96,123,85,46,22,26,211,157,63,237,14,182,63,230,208,180,164,238,200,234,88,92,248,174,142,251,106,206,32,224,98,21,37,46,148,26,12,15,83,255,117,97,130,127,39,79,197,213,212,191,93,227,141,10,104,98,159,245,231,198,164,224,4,86,13,81,108,50,86,217,95,209,246,39,30,89,146,182,147,228,217,48,227,151,247,254,64,122,215,171,67,58,69,183,73,242,70,179,5,246,88,220,33,159,62,55,174,211,207,205,159,188,44,219,37,36,33,27,135,55,74,93,54,170,180,243,89,179,120,7,93,76,184,96,83,131,162,204,81,169,218,67,187,174,21,66,217,114,49,44,61,150,76,14,167,52,239,222,108,150,135,250,83,232,249,241,249,10,217,183,98,126,176,251,127,9,149,68,234,99,49,16,191,161,151,70,233,19,0,14,42,247,2,18,252,235,98,68,179,253,86,203,135,187,243,80,208,25,228,138,184,128,196,31,150,23,104,122,219,201,31,18,9,167,62,21,182,181,116,121,1739150263586,QBYTE | douches
color change,-0.137221,3,136,139,88,1.377999
27,53,249,117,200,132,134,74,254,144,72,198,184,170,192,139,98,212,214,163,33,154,223,244,124,16,199,182,174,59,12,219,230,35,87,118,236,233,11,252,121,188,107,36,9,70,175,140,144,201,86,253,90,175,46,71,130,72,240,221,1,209,106,23,15,31,24,115,210,148,10,140,166,122,90,180,233,164,236,164,187,253,35,115,186,0,217,74,181,191,254,95,27,190,140,143,232,49,122,123,98,208,62,2,23,58,162,244,221,37,109,39,121,106,232,224,31,74,249,96,206,166,7,108,33,205,59,172,221,169,167,1,246,157,191,107,193,6,175,11,39,224,13,201,122,110,99,84,8,227,14,220,104,188,128,72,129,255,23,181,13,35,77,112,84,39,201,171,145,31,88,194,50,3,251,209,250,234,248,150,220,149,196,64,236,110,241,21,83,184,213,204,90,28,229,175,160,86,115,10,82,70,140,182,78,54,65,13,199,130,11,107,192,121,113,37,144,196,99,25,195,76,84,46,53,194,132,19,254,68,90,214,55,200,37,211,154,25,185,140,64,141,204,61,251,223,103,51,187,98,1739150264844,/dev/cu.usbmodem1413101
54,227,86,208,46,253,181,99,109,157,97,208,131,197,18,109,20,126,104,242,220,236,167,199,41,9,52,106,79,17,246,102,190,94,243,129,167,41,119,117,223,108,66,216,137,48,158,202,194,6,68,207,3,13,234,182,55,121,234,175,186,142,71,151,12,129,197,168,155,156,214,37,161,102,227,239,78,58,139,122,33,10,10,184,90,41,92,64,106,6,247,119,95,65,198,110,60,0,123,0,108,32,179,34,226,247,58,151,64,239,157,82,72,72,183,222,210,34,57,145,120,66,11,192,253,109,27,52,239,13,119,29,28,187,245,174,176,149,65,249,227,231,238,55,186,236,254,71,142,64,155,168,73,155,232,174,163,125,201,85,148,207,65,88,174,55,226,251,193,176,6,231,8,15,110,195,20,146,23,98,14,119,150,141,153,209,43,31,179,206,191,69,218,166,109,223,104,87,52,234,120,34,27,138,38,1,250,110,51,42,255,136,140,88,146,148,175,18,216,23,69,74,62,88,223,166,81,23,125,14,132,58,202,211,202,191,77,127,164,121,34,209,165,206,176,52,231,127,21,254,1739150264845,/dev/cu.usbmodem1413401
15,67,102,231,30,210,36,216,106,15,126,170,83,71,120,174,152,163,70,155,55,226,26,157,92,173,239,23,250,131,223,67,66,192,78,248,114,80,201,240,253,253,31,93,241,200,17,213,153,84,179,22,37,210,214,70,118,96,23,44,151,55,19,96,166,208,125,110,168,55,9,199,181,91,120,253,195,195,77,100,100,177,94,145,52,72,24,159,58,4,107,86,127,142,47,58,198,244,175,48,215,170,180,121,151,207,66,137,119,0,121,250,186,88,30,104,77,27,27,199,53,155,57,7,66,70,158,52,105,227,18,78,255,70,66,77,229,236,75,99,160,248,161,232,211,145,166,212,198,102,95,194,204,147,28,61,164,47,16,46,37,22,248,125,28,87,21,75,225,150,67,150,146,138,124,108,30,15,60,59,60,77,95,228,32,113,79,222,117,36,69,184,160,157,179,109,89,22,58,138,150,50,197,196,228,251,55,194,127,25,171,147,126,18,154,15,87,105,212,73,37,192,210,251,251,153,135,182,242,25,219,81,143,151,225,130,115,63,103,28,117,229,169,134,190,168,0,176,203,154,1739150264845,/dev/cu.usbmodem1413201
93,62,230,103,116,199,162,17,101,102,61,45,214,125,144,227,176,95,161,64,68,160,165,140,112,25,39,244,194,61,18,240,64,34,163,239,49,148,156,227,71,47,134,137,30,50,181,158,133,19,205,200,78,152,175,97,99,23,138,186,29,89,119,109,233,191,114,187,183,123,10,111,140,47,133,238,252,134,213,116,219,123,127,156,190,164,166,218,25,30,184,56,135,90,209,175,218,76,43,216,204,231,99,149,222,120,188,37,60,60,13,153,217,140,118,189,222,209,93,24,181,161,53,221,238,16,172,94,129,70,82,139,210,13,143,221,23,59,145,83,85,209,208,3,19,143,3,180,180,179,152,125,164,122,175,59,217,167,135,7,135,24,65,100,204,25,115,66,117,42,24,21,2,200,202,15,83,197,61,251,172,236,178,254,21,17,196,220,252,8,5,86,202,54,43,141,20,205,229,95,232,91,123,139,91,185,61,56,167,16,78,161,166,94,254,133,195,234,69,255,78,253,26,77,177,68,123,68,95,16,100,237,34,93,159,230,205,79,50,142,37,138,201,5,250,103,110,170,113,21,1739150264846,/dev/cu.usbmodem14124101
163,89,229,188,124,127,237,197,101,228,113,77,65,172,222,161,53,142,245,194,199,39,209,150,63,216,17,163,193,91,24,35,54,166,233,165,34,43,134,74,145,138,77,130,235,59,108,214,222,94,218,219,208,31,192,163,20,24,245,75,116,85,24,251,113,139,180,238,184,64,156,149,43,34,154,25,201,197,188,239,197,212,157,252,32,129,229,177,94,137,21,187,139,75,123,2,148,211,78,154,155,233,17,134,110,114,146,133,101,225,211,111,248,106,10,63,194,5,162,85,147,203,125,14,181,13,197,29,22,125,235,31,101,131,35,242,102,53,127,212,150,60,234,178,138,166,153,100,244,199,149,187,248,231,225,170,149,147,225,170,80,87,79,0,59,85,56,104,65,107,31,85,188,204,212,173,110,15,21,211,104,125,153,233,85,231,161,177,235,148,211,93,15,246,99,196,179,73,41,205,20,240,230,82,0,104,136,219,177,83,42,207,114,14,96,213,139,235,212,222,229,103,61,233,227,49,100,69,74,49,135,62,3,221,111,68,25,229,251,53,164,249,224,179,164,148,107,75,39,20,1739150264846,/dev/cu.usbmodem1413301
240,207,201,139,66,13,128,227,64,219,28,166,119,218,180,96,214,167,33,143,112,201,159,214,70,248,106,147,22,101,65,185,4,97,152,52,105,85,231,53,142,85,86,65,151,104,43,139,73,236,152,216,39,54,222,227,119,201,161,113,107,83,158,184,191,253,75,232,177,230,219,3,250,135,190,174,17,18,154,41,227,34,232,252,171,148,132,33,150,62,140,84,45,28,67,243,175,97,230,32,187,100,3,240,146,64,244,77,8,49,150,235,105,220,85,247,53,231,49,102,200,117,53,94,226,254,148,127,94,142,74,23,130,76,17,19,218,2,247,16,100,0,145,191,45,131,97,87,48,68,211,151,150,38,191,29,68,32,157,152,100,245,236,157,231,180,56,225,234,119,189,195,60,10,130,51,226,154,94,128,180,191,107,59,106,164,159,241,109,225,71,199,91,178,172,181,10,235,64,216,244,218,192,31,182,18,88,99,32,50,14,96,8,234,82,71,176,79,230,137,164,28,39,254,211,119,118,237,179,40,209,20,174,228,170,162,120,167,115,120,78,8,187,171,50,44,232,9,210,26,1739150264847,/dev/cu.usbmodem14124401
23,75,163,191,242,72,134,13,8,82,118,100,227,4,150,188,206,212,162,144,80,21,196,67,156,246,69,6,129,135,45,91,227,18,114,235,73,117,144,196,139,225,210,28,83,181,12,54,224,196,231,35,159,51,137,185,28,7,54,9,147,194,182,77,194,252,205,82,118,5,47,3,61,118,185,183,108,111,103,149,12,154,80,194,79,77,140,100,79,217,76,158,81,112,228,65,225,204,155,210,108,209,208,96,93,77,136,206,59,161,149,65,167,203,237,155,92,46,51,189,191,252,236,230,223,86,127,38,77,244,193,160,40,66,60,243,146,19,160,230,245,236,73,127,150,188,201,41,182,131,108,43,247,217,232,79,102,133,34,56,116,64,222,37,14,147,160,136,40,56,7,245,27,221,144,38,239,59,54,56,186,173,26,80,21,187,72,130,229,221,105,136,23,178,255,107,82,52,55,128,203,254,115,99,172,157,192,231,173,155,243,110,151,126,247,8,249,72,226,183,4,235,35,44,184,64,69,10,189,4,91,60,22,105,43,12,156,33,19,72,114,225,207,63,78,240,154,173,36,73,1739150264847,/dev/cu.usbmodem14124301
6,48,209,207,164,194,7,87,166,82,187,164,7,20,37,129,218,152,93,93,96,169,10,171,252,89,119,186,13,8,86,217,86,109,223,225,91,243,16,203,154,68,247,183,101,120,91,205,151,189,200,59,222,13,29,180,150,99,229,162,245,186,86,245,72,193,253,24,98,103,198,198,0,229,204,64,20,98,9,146,190,144,44,252,191,232,251,68,227,204,171,68,17,110,34,74,117,70,80,189,151,46,173,60,110,34,39,174,144,162,118,171,171,194,64,229,19,112,174,66,77,159,54,184,129,45,109,22,30,243,32,137,76,172,78,115,97,17,74,131,38,2,1,32,58,74,143,139,41,96,159,219,163,67,33,49,232,38,21,3,89,64,104,227,117,189,179,90,5,245,176,153,73,67,234,192,23,246,37,154,227,189,206,243,32,16,126,81,35,188,233,184,56,31,10,110,34,52,122,151,156,237,33,42,236,231,46,18,112,225,169,39,85,82,49,250,47,146,125,70,149,249,24,232,186,29,149,161,240,61,176,118,142,255,3,240,192,102,105,115,130,30,78,53,158,61,172,45,52,226,1739150264848,/dev/cu.usbmodem14124201
61,70,113,98,228,148,89,156,23,91,202,186,108,51,227,87,169,51,114,10,9,102,71,138,96,34,114,179,130,37,21,22,221,39,149,123,81,252,200,234,18,120,142,64,37,18,133,171,174,67,1,247,132,255,55,155,73,243,0,117,72,79,47,118,8,186,29,66,75,128,113,82,210,94,21,8,56,1,183,15,177,193,1,248,17,117,45,255,152,1,164,115,90,98,74,142,103,177,230,70,206,207,53,230,115,39,175,103,16,37,34,120,207,73,197,93,230,30,136,226,159,3,146,120,121,126,81,160,193,245,208,248,68,76,199,52,204,113,86,99,16,252,161,71,11,79,134,226,175,22,231,23,115,149,76,41,0,26,2,192,34,64,160,106,141,145,94,2,66,194,16,92,120,22,15,9,215,234,182,197,199,145,153,166,74,55,89,155,41,78,62,205,145,248,42,228,76,120,188,55,227,52,93,119,33,117,143,212,96,186,111,55,44,165,115,91,70,43,135,30,61,82,131,19,146,162,235,245,154,99,220,48,101,126,124,18,84,19,186,17,40,61,211,98,73,81,91,148,241,182,1739150264849,QBYTE | cryosphere
rotation
90,11,37,254,46,7,232,7,144,65,241,114,212,159,251,106,251,231,172,141,185,29,254,251,31,218,147,79,41,43,87,108,147,155,238,99,228,86,232,214,207,190,227,151,97,222,189,244,158,127,40,225,185,151,23,224,16,243,199,27,143,207,200,58,25,110,200,78,161,240,171,89,40,236,151,12,230,35,40,72,134,90,119,222,79,239,138,67,52,126,198,127,60,34,70,38,17,160,134,133,134,41,247,252,80,89,41,2,96,232,93,46,239,240,159,155,60,213,138,174,41,82,64,215,56,0,73,252,180,254,32,77,227,218,216,2,116,225,249,116,121,8,147,211,245,52,49,234,222,6,135,171,166,81,131,135,62,253,96,108,124,96,240,6,74,230,101,38,146,19,164,138,201,176,240,21,48,89,132,14,17,181,212,175,23,195,89,27,165,57,54,154,230,161,89,170,226,177,46,167,1,238,101,252,143,193,136,165,239,91,187,63,240,99,118,147,131,241,135,64,212,27,48,160,213,213,249,200,168,91,96,199,122,144,226,241,237,83,239,144,209,162,77,181,125,34,5,249,17,144,1739150265919,/dev/cu.usbmodem1413101
175,243,220,99,66,50,103,184,52,6,67,40,246,188,110,24,249,234,193,142,172,189,3,43,150,135,170,141,177,174,95,135,199,84,19,80,117,61,221,79,34,0,132,4,97,40,193,188,189,245,137,51,180,213,89,202,137,37,69,173,119,27,55,20,236,111,175,94,184,92,56,183,16,185,200,90,56,99,40,96,156,168,125,17,65,171,241,239,209,13,161,229,87,132,113,198,216,58,56,247,117,243,70,48,213,27,193,80,187,105,10,11,141,107,211,132,92,232,94,24,232,138,163,101,34,140,45,55,110,217,58,189,131,152,217,58,85,210,121,146,114,182,164,55,81,184,122,141,208,247,100,190,212,57,86,120,240,27,175,188,164,31,189,120,228,88,185,128,145,206,29,9,196,143,194,61,93,226,110,36,59,82,26,13,144,194,144,164,132,84,28,1,145,223,217,81,58,39,118,47,102,152,211,23,31,46,213,200,214,125,1,3,194,201,105,88,177,234,140,194,247,73,73,33,1,37,85,190,0,117,125,144,253,123,79,175,154,129,71,23,148,64,150,101,212,152,171,152,108,88,1739150265920,/dev/cu.usbmodem1413401
239,89,14,118,65,23,91,218,33,182,115,194,205,20,0,223,155,81,104,24,192,224,195,177,77,135,175,211,91,54,118,50,162,135,248,70,168,80,66,219,194,122,200,170,104,221,196,156,126,203,34,155,21,119,68,101,38,174,239,196,244,98,72,169,36,10,93,77,45,108,114,97,228,166,97,161,67,76,55,251,41,67,148,22,12,163,143,177,85,153,218,195,47,215,108,253,34,229,24,231,247,224,22,36,58,145,9,156,100,223,108,71,242,98,243,202,238,240,126,156,245,229,248,134,153,101,22,240,246,104,194,20,167,59,58,94,17,158,6,147,51,252,180,226,183,65,89,254,7,30,11,151,143,217,161,134,160,43,180,119,204,206,230,58,242,242,14,69,248,2,60,58,153,160,158,85,198,190,52,252,187,86,43,144,255,205,148,75,50,146,250,52,204,197,104,132,76,43,112,158,33,143,125,150,110,178,254,132,18,183,51,192,31,84,106,255,64,230,14,164,90,208,156,38,169,220,89,115,215,150,200,161,96,36,76,123,14,24,95,224,30,247,63,191,46,57,34,137,20,99,1739150265921,/dev/cu.usbmodem1413201
38,75,168,244,153,78,94,101,42,83,156,226,108,50,73,103,70,61,45,181,91,155,28,197,125,15,164,18,98,133,213,28,89,71,43,250,165,113,100,196,182,114,121,101,173,180,95,243,62,138,66,115,85,255,85,12,219,210,21,141,154,47,99,109,213,70,110,55,143,88,1,92,177,72,199,137,45,83,58,18,157,203,167,103,252,98,217,75,82,93,205,77,26,242,189,34,205,192,173,230,72,56,30,1,102,18,181,202,21,44,209,19,100,148,53,89,11,96,135,177,68,163,205,214,176,157,169,147,142,233,172,34,130,1,241,143,69,94,191,122,103,189,82,124,150,34,77,253,133,176,160,154,202,193,43,91,22,100,80,55,204,155,34,0,84,64,163,243,128,58,232,130,63,193,70,170,243,201,30,35,255,201,232,158,248,42,100,137,205,143,214,181,240,78,43,61,101,87,74,200,58,169,58,153,148,248,139,80,95,190,10,88,34,252,243,210,224,133,40,62,247,250,41,44,80,157,17,121,190,27,161,166,105,81,196,178,178,94,165,250,18,45,9,168,155,133,157,207,12,102,1739150265921,/dev/cu.usbmodem14124101
65,44,250,217,78,55,139,247,13,214,80,43,137,156,182,243,244,124,192,33,134,101,9,212,65,128,26,103,72,4,238,31,150,41,5,48,96,53,28,112,238,189,23,56,10,68,161,99,103,128,162,154,58,137,47,154,55,89,66,48,80,115,170,3,82,51,31,54,74,138,143,203,106,85,169,30,254,126,51,52,134,125,181,169,30,61,170,119,104,176,108,169,52,73,129,207,177,129,71,95,16,73,101,208,183,188,30,161,9,200,18,74,110,43,239,106,16,74,124,96,208,120,35,33,62,134,218,207,247,111,103,126,242,57,134,24,156,4,164,9,49,28,64,186,229,95,47,53,80,142,30,2,203,211,101,188,132,119,2,155,146,193,177,169,223,245,49,107,185,209,233,105,87,193,112,219,75,95,22,161,253,146,26,244,53,254,57,132,52,196,212,4,43,216,89,160,22,72,70,215,92,181,232,158,235,39,143,234,130,60,9,226,48,98,174,183,7,214,97,208,188,215,29,204,21,35,159,165,214,174,98,23,51,77,162,106,214,158,220,241,217,133,28,191,62,188,125,162,88,47,1739150265922,/dev/cu.usbmodem1413301
241,45,106,95,71,194,13,190,237,184,35,227,21,154,23,112,110,52,176,126,96,209,236,33,145,85,121,73,127,81,237,126,204,228,50,222,30,246,83,184,155,130,140,134,173,131,76,230,95,106,117,218,213,252,28,151,64,44,117,22,114,45,45,71,145,61,115,58,251,27,223,143,220,170,53,219,113,41,132,244,142,111,162,47,130,51,55,205,230,51,179,220,63,75,137,48,146,175,242,71,184,135,9,221,169,47,63,204,115,252,151,43,197,37,205,69,154,98,169,28,117,52,78,125,77,211,139,210,231,35,24,59,179,26,204,64,214,2,37,215,23,128,210,223,209,95,20,15,42,57,57,234,3,81,26,216,95,38,47,129,218,191,27,156,85,171,173,16,183,61,171,38,117,28,215,44,248,78,115,211,100,121,104,200,253,82,242,152,55,168,249,8,56,144,224,92,57,148,2,149,98,104,173,132,136,51,93,12,227,200,179,87,62,220,175,233,16,149,168,157,4,113,100,198,99,149,207,207,33,205,203,90,25,220,253,157,240,35,211,51,139,26,136,210,185,156,151,22,58,34,1739150265922,/dev/cu.usbmodem14124401
122,7,104,87,96,48,9,58,247,245,35,57,176,200,242,243,105,109,203,243,170,80,221,179,183,113,219,206,59,59,199,244,75,233,222,172,155,147,162,31,145,103,144,56,169,108,82,240,15,90,5,49,4,60,140,101,60,208,201,158,139,191,18,105,65,30,129,146,226,215,104,117,146,203,78,27,200,172,35,150,216,54,187,21,112,76,240,127,23,27,1,69,142,252,41,145,66,172,86,162,32,206,178,117,199,238,69,130,4,68,4,250,16,119,243,136,227,237,87,50,61,215,97,223,233,218,125,128,132,164,71,143,62,120,72,134,128,10,244,225,0,177,47,167,64,251,33,78,153,33,232,24,136,247,241,127,41,67,207,253,133,80,104,14,102,54,42,100,166,64,72,22,55,178,121,232,4,47,46,121,241,164,81,31,96,242,180,238,251,207,49,12,82,162,218,12,100,112,96,4,196,99,211,9,115,114,244,246,0,212,41,143,229,229,124,174,38,184,214,44,110,173,202,29,86,109,98,8,226,148,123,50,40,133,39,24,127,80,167,84,43,119,217,173,255,182,138,46,77,111,1739150265923,/dev/cu.usbmodem14124301
20,37,29,186,138,214,55,53,144,0,153,69,85,157,168,55,196,39,110,9,150,155,0,191,6,203,205,16,170,7,143,168,154,202,11,144,226,58,77,8,62,88,152,173,216,157,93,212,240,105,86,101,135,67,170,165,187,210,124,225,229,250,231,71,81,242,84,136,12,83,212,119,94,227,47,67,30,147,128,215,67,240,110,186,17,173,122,72,220,149,27,197,17,231,55,129,139,236,53,106,9,204,85,75,208,236,170,149,166,90,209,219,119,182,238,173,37,7,93,212,26,112,245,41,31,123,96,40,149,106,4,176,59,205,3,231,151,33,155,98,244,222,29,232,219,135,143,194,71,167,247,215,42,169,12,79,178,242,135,182,210,188,108,92,69,87,75,56,140,212,19,215,147,73,117,100,141,245,236,82,226,74,231,112,203,212,255,243,243,94,237,26,11,175,213,144,82,253,23,191,239,255,234,131,225,158,170,73,183,195,54,163,88,24,4,203,72,211,235,128,142,66,112,221,100,186,212,54,95,192,217,55,184,122,127,112,135,129,176,165,54,75,53,119,43,152,86,31,116,234,1739150265923,/dev/cu.usbmodem14124201
226,201,186,116,87,127,50,70,40,57,148,206,250,86,39,141,232,99,253,11,84,164,26,93,216,186,71,243,7,95,224,248,36,225,204,93,155,32,179,89,67,182,69,119,19,169,5,134,164,18,69,46,33,192,74,142,148,221,250,166,218,130,166,128,215,175,237,124,228,141,12,149,23,108,4,227,233,55,25,64,61,174,251,151,3,106,58,219,167,186,181,225,202,154,240,208,204,209,221,163,205,206,50,218,208,80,154,126,114,88,186,49,56,162,181,134,201,111,242,1,242,117,47,72,182,128,151,29,163,36,72,188,1,238,203,208,40,222,215,82,141,12,113,80,42,147,202,210,40,110,112,63,93,172,221,118,56,73,78,193,199,184,39,35,161,51,140,55,95,157,116,181,45,120,65,172,98,7,103,172,228,125,201,255,227,108,185,124,213,141,247,0,1,176,117,34,232,187,81,39,105,17,141,116,155,93,164,224,162,204,38,61,188,65,255,221,235,80,217,249,214,49,15,65,105,208,2,40,139,148,127,24,52,240,34,8,21,248,74,174,6,155,149,112,79,8,39,162,62,69,1739150265924,QBYTE | roasting
193,57,167,227,65,221,173,232,113,230,99,133,115,254,93,197,17,243,192,206,85,240,235,86,11,255,249,163,245,230,247,77,179,5,8,213,147,61,177,81,232,158,219,84,187,244,143,32,20,194,125,29,197,105,67,106,255,115,190,210,60,237,146,167,230,186,190,190,149,13,237,134,223,36,166,91,91,28,178,148,196,124,224,34,181,125,19,106,136,219,149,143,214,17,255,128,237,168,12,136,172,126,175,2,136,24,18,223,222,202,212,48,211,169,158,222,90,155,101,22,135,76,42,255,25,87,127,202,73,118,228,84,64,7,186,155,134,183,78,78,56,207,113,137,210,17,160,14,193,173,120,139,226,158,255,58,130,22,9,142,192,11,7,92,45,228,76,177,45,9,7,56,193,210,254,107,140,226,130,186,119,244,56,239,88,164,215,106,111,154,84,24,166,114,171,132,219,178,84,249,243,15,219,38,91,1,202,4,221,26,138,248,148,50,40,194,90,180,122,185,109,248,93,255,119,53,205,42,45,108,195,148,148,19,145,64,70,85,69,154,225,143,252,103,214,176,80,0,64,51,1739150266995,/dev/cu.usbmodem1413101
48,162,169,155,58,188,9,85,205,37,159,248,106,3,106,164,176,176,204,133,226,41,33,243,99,255,172,171,221,221,39,16,176,254,79,91,97,118,25,88,101,45,203,155,90,37,140,100,214,184,207,46,169,49,122,81,84,115,181,114,141,71,152,127,190,247,204,97,41,67,159,216,193,233,173,192,142,181,214,23,204,95,212,26,238,119,125,185,117,74,18,122,107,39,202,142,94,230,36,184,115,95,33,131,204,23,8,115,101,182,81,254,106,214,36,236,69,63,0,104,175,30,242,176,75,147,147,171,203,109,167,150,152,54,14,21,42,135,212,11,153,100,187,249,243,185,32,212,60,121,243,129,146,163,12,98,134,79,168,252,202,121,140,89,116,13,248,88,101,247,20,235,153,23,100,197,30,122,134,32,197,178,138,118,7,243,111,86,65,117,248,32,150,217,128,26,61,95,35,88,247,248,196,41,46,70,117,194,86,20,34,20,147,123,122,67,6,21,114,217,115,250,58,42,53,20,237,119,116,8,1,158,152,174,2,244,183,108,245,255,206,90,70,25,227,43,77,100,53,212,1739150266996,/dev/cu.usbmodem1413401
173,21,225,229,145,138,199,85,95,83,67,250,241,48,77,114,164,255,112,8,42,143,180,74,99,27,124,212,140,39,54,172,9,234,105,3,105,214,99,187,220,32,241,171,122,11,32,52,199,149,57,196,25,217,237,126,119,83,184,126,49,183,9,148,124,248,123,74,68,238,3,167,129,165,46,231,159,93,44,20,48,35,142,11,26,85,66,52,204,135,60,206,244,141,56,78,211,108,205,44,52,101,210,11,225,240,214,175,119,107,192,84,63,119,128,67,82,158,250,200,200,97,180,13,148,153,88,63,80,181,201,100,165,137,175,192,60,38,194,155,197,237,171,232,229,16,78,167,160,182,213,237,55,247,159,203,205,181,181,199,140,154,39,191,83,109,126,238,21,46,227,16,89,64,142,128,213,78,133,63,246,104,12,149,105,41,79,8,210,232,248,236,129,201,226,130,179,21,65,192,76,18,92,102,146,98,26,129,75,97,223,107,0,248,131,56,184,163,96,189,65,236,255,198,215,103,88,62,196,15,136,24,216,28,98,112,88,239,69,1,237,47,181,135,53,72,89,29,154,1,1739150266996,/dev/cu.usbmodem1413201
70,28,117,235,127,196,128,146,70,198,113,61,213,129,79,17,175,194,65,134,106,169,32,198,222,210,15,161,134,67,38,224,99,254,205,92,151,82,52,32,200,6,58,99,157,222,128,241,103,184,5,173,246,216,94,56,64,243,134,211,167,100,89,86,239,52,76,60,136,216,158,58,48,198,230,38,0,42,31,80,112,16,252,76,114,68,254,153,117,18,109,154,133,121,214,30,232,172,132,40,56,13,45,214,37,5,127,214,79,82,97,200,169,170,233,136,120,245,227,163,54,202,52,253,160,226,251,166,132,55,192,16,161,224,173,140,161,50,240,248,172,206,182,253,206,241,38,23,31,67,28,65,75,46,123,248,20,144,52,186,105,170,138,116,232,133,12,214,165,172,97,9,144,175,188,182,17,157,33,104,211,13,83,51,89,179,92,53,220,241,151,248,45,89,122,221,167,6,211,125,32,155,62,211,83,179,192,71,210,51,46,127,64,131,217,84,197,9,107,254,139,116,215,70,104,235,99,203,3,32,80,13,65,165,39,117,188,220,193,14,217,179,155,211,12,111,162,37,54,171,1739150266997,/dev/cu.usbmodem14124101
246,27,67,136,136,54,46,114,225,152,30,120,27,47,135,0,226,132,38,29,150,205,43,201,147,133,165,135,65,151,43,25,120,65,249,86,117,130,199,114,203,104,83,36,154,90,167,185,126,189,42,198,219,87,3,226,40,150,150,135,170,76,29,69,150,186,138,18,97,23,223,165,48,1,132,3,10,194,163,203,161,229,103,200,245,64,20,3,70,23,4,198,245,98,207,8,184,97,56,68,70,189,95,61,141,207,233,55,96,199,68,132,220,25,35,228,87,11,65,83,224,145,227,82,14,215,226,193,204,57,14,235,111,107,237,156,220,1,156,220,161,205,154,54,55,3,152,46,182,51,102,215,211,248,148,160,47,246,237,198,175,95,107,221,142,173,137,242,5,191,216,164,221,26,19,86,77,220,2,158,185,113,199,152,81,73,21,57,174,197,190,210,61,169,68,24,142,130,107,107,184,167,123,64,243,228,10,147,237,205,145,8,156,134,173,27,7,246,108,88,217,129,143,35,158,242,99,21,160,15,92,108,247,151,240,12,153,16,1,106,92,20,90,58,193,214,131,210,252,2,1739150266997,/dev/cu.usbmodem1413301
29,145,147,243,25,7,38,211,55,222,172,2,245,109,30,153,184,161,71,64,102,225,222,88,159,137,93,73,31,2,184,96,74,252,75,158,182,49,240,21,189,214,84,20,131,214,212,109,200,43,103,34,199,125,217,168,205,104,118,140,71,253,107,116,198,145,130,5,203,85,209,93,214,4,6,232,151,149,125,27,225,176,189,31,218,175,159,198,18,147,192,243,112,159,33,246,184,118,102,97,140,79,170,50,16,31,63,158,172,20,232,251,166,49,66,200,124,76,84,205,191,238,26,196,195,117,103,229,48,219,59,129,202,160,127,211,30,6,186,178,206,156,53,179,198,206,68,130,76,97,4,135,221,243,21,206,101,68,214,57,166,189,61,68,97,87,175,212,144,5,7,209,118,161,147,187,83,113,222,69,202,17,158,128,217,196,0,187,223,150,27,54,181,229,28,239,172,23,122,129,134,184,213,129,143,157,40,69,160,253,209,142,67,166,106,116,158,173,227,205,22,244,158,5,101,210,166,108,61,151,247,127,7,194,123,237,222,16,28,75,30,63,128,62,86,27,183,206,67,185,1739150266998,/dev/cu.usbmodem14124401
193,83,29,233,82,10,187,35,50,64,243,80,106,15,91,127,115,205,185,143,186,128,131,107,208,140,160,107,180,40,18,193,125,78,144,34,236,156,121,241,247,7,215,94,210,39,64,50,92,88,223,109,210,222,128,167,235,215,145,203,101,199,185,192,170,137,17,90,36,135,81,143,160,80,81,165,241,46,38,115,4,128,135,91,189,172,206,10,90,38,90,8,27,31,99,103,189,124,36,72,148,58,133,90,98,111,240,255,95,236,127,198,32,241,218,75,214,15,30,225,141,69,210,26,237,83,153,157,51,88,183,168,94,45,47,226,115,141,239,138,37,132,40,17,254,34,239,21,229,54,88,76,117,194,183,111,218,194,230,103,222,155,18,99,229,254,121,101,40,8,237,87,129,41,72,95,163,10,241,95,84,231,119,201,95,130,177,99,63,152,240,192,184,127,203,9,154,159,88,191,25,18,84,113,18,146,72,159,6,110,23,195,222,255,84,19,166,12,208,1,181,236,101,134,51,82,74,49,74,140,180,93,163,73,46,178,182,78,151,104,165,74,173,55,127,110,114,11,8,216,1739150266998,/dev/cu.usbmodem14124301
40,139,124,181,214,150,82,187,136,167,199,128,169,58,101,128,151,76,185,224,223,119,21,169,196,84,219,152,72,243,34,152,198,37,182,255,43,19,117,219,96,81,25,200,19,238,68,200,143,179,87,161,216,69,137,230,59,126,186,25,125,57,16,95,203,7,65,6,186,30,193,116,241,118,240,116,250,65,235,120,66,248,253,141,28,172,107,20,128,186,78,47,73,111,104,83,189,167,73,201,112,104,242,3,66,136,171,132,43,7,93,117,6,110,178,176,98,40,29,204,50,73,51,184,63,54,211,245,193,233,138,226,160,253,133,61,45,10,145,166,138,237,255,209,2,104,68,116,229,169,117,81,30,132,64,159,24,236,229,34,166,145,59,69,136,25,231,240,35,114,194,118,1,238,36,230,187,115,89,148,87,227,46,168,231,41,52,48,190,161,4,162,34,125,143,135,2,247,112,245,247,158,85,230,218,160,129,139,221,144,47,119,82,12,29,163,8,153,39,191,146,251,207,75,245,64,228,105,119,169,7,131,146,238,91,111,116,54,86,195,93,104,78,126,222,8,120,4,207,44,1739150266999,/dev/cu.usbmodem14124201
24,192,43,81,128,130,2,67,201,247,72,16,16,59,146,100,20,218,92,247,98,36,61,122,205,29,165,64,128,17,99,49,224,57,119,196,8,243,196,223,120,125,18,161,222,65,212,175,7,42,75,114,149,232,89,118,169,247,254,212,210,54,133,180,250,36,29,226,68,163,113,192,24,141,224,96,220,230,68,28,78,61,230,126,189,244,252,165,202,28,6,179,27,79,62,148,136,66,82,144,253,233,243,10,61,205,62,7,59,125,170,158,115,21,218,46,170,175,106,166,54,138,64,139,121,120,128,180,88,202,66,150,135,67,142,82,173,164,240,100,8,176,175,32,7,206,159,167,184,236,13,235,105,169,97,245,85,224,24,181,158,170,89,113,96,28,126,98,102,188,97,158,186,86,68,204,80,159,212,221,231,71,237,70,95,235,59,208,208,156,146,170,142,117,175,184,72,3,220,188,184,237,210,236,0,221,142,194,132,146,33,202,20,225,134,50,22,197,123,8,60,248,244,190,192,159,112,137,62,246,2,210,84,246,40,141,144,114,232,224,161,64,173,103,58,23,216,79,161,2,1739150266999,QBYTE | comar
133,93,136,236,118,189,168,157,94,167,24,206,207,22,140,206,48,102,242,158,183,91,31,3,151,100,251,195,221,72,20,111,139,60,237,248,0,7,174,8,34,76,60,197,49,181,131,214,113,35,29,8,184,3,160,64,189,73,230,132,29,126,153,60,36,237,163,230,61,11,166,74,80,76,251,249,29,22,229,88,78,132,236,23,235,146,239,253,34,30,238,149,189,178,244,142,93,95,254,68,107,14,65,70,95,119,62,25,179,46,210,55,213,69,229,19,59,176,43,7,218,100,180,143,83,105,126,97,23,90,47,91,175,27,37,161,249,114,75,95,75,238,108,39,185,97,177,206,208,199,35,127,47,165,80,57,154,179,205,150,234,137,152,208,8,65,219,3,125,237,108,187,207,30,158,27,47,57,167,119,34,4,119,70,174,195,205,78,235,211,95,20,5,178,100,102,163,182,138,169,19,80,178,231,179,200,60,185,165,229,102,19,55,111,90,255,101,189,172,175,184,104,166,240,9,223,167,36,81,55,148,197,255,145,235,40,29,85,28,26,20,29,86,51,217,212,247,138,5,75,1739150268071,/dev/cu.usbmodem1413101
198,74,15,185,27,244,137,98,172,100,30,76,96,92,53,208,182,204,142,63,224,5,147,23,27,222,191,161,130,231,131,40,158,236,233,175,134,149,35,128,253,207,136,2,146,124,194,95,214,6,100,58,214,254,188,10,88,124,98,248,50,79,229,24,106,216,190,228,219,55,82,202,165,101,254,226,157,208,162,230,118,23,254,95,165,145,238,111,154,64,246,158,92,104,11,231,134,235,224,100,96,25,179,62,225,27,85,143,86,251,51,54,190,52,153,101,242,16,230,19,213,38,83,156,163,120,38,18,114,105,209,104,83,224,157,74,230,175,195,158,234,191,5,225,91,71,247,209,72,136,174,146,140,190,242,62,14,174,206,207,110,205,217,113,246,13,213,182,228,242,64,122,58,135,166,23,190,108,236,93,193,92,204,106,180,119,243,94,104,176,99,44,169,37,110,134,209,79,225,163,97,231,165,20,181,80,218,159,171,88,15,229,49,236,74,178,165,29,153,247,199,110,220,50,215,107,91,65,121,81,76,131,226,239,47,30,94,69,222,228,107,106,206,128,82,57,35,63,164,164,1739150268072,/dev/cu.usbmodem1413401
244,216,147,201,235,203,38,134,124,200,195,231,128,220,18,107,244,104,67,250,52,178,162,220,177,68,115,106,34,35,236,78,107,208,41,27,6,4,146,249,184,48,127,107,19,119,37,57,174,113,50,10,72,239,102,211,196,109,63,50,101,19,35,17,218,169,3,219,132,105,162,206,197,233,131,221,98,184,59,93,235,128,113,114,100,60,67,63,153,142,127,183,230,164,50,40,28,21,4,136,139,234,118,86,234,56,37,69,70,88,217,231,233,108,59,213,28,238,41,134,197,155,239,55,150,4,197,125,37,126,237,180,146,179,213,241,76,67,241,205,16,142,238,89,21,80,94,169,2,114,20,43,22,47,3,187,158,185,192,218,127,93,134,47,218,212,16,186,208,86,65,227,140,112,151,212,55,29,159,101,189,183,114,64,115,82,25,84,136,113,215,22,134,122,106,46,242,218,196,124,197,141,50,105,113,204,126,147,217,30,56,193,221,38,253,105,3,49,154,229,157,89,62,92,105,181,125,209,170,6,126,45,231,85,142,64,225,181,186,229,209,42,131,111,178,146,114,92,241,81,1739150268072,/dev/cu.usbmodem1413201
243,186,112,175,35,141,33,211,97,178,61,54,154,245,81,119,106,152,201,48,98,139,76,138,68,186,243,43,103,32,190,131,146,69,134,238,230,87,249,67,19,210,50,84,117,117,186,158,187,156,15,43,186,81,206,157,226,222,215,128,136,205,38,97,148,187,30,182,252,0,209,175,54,199,200,64,198,119,182,143,104,59,77,198,99,167,215,15,149,232,42,160,27,37,150,14,67,117,98,254,175,107,67,19,172,202,27,4,251,34,202,113,95,17,117,48,177,22,43,231,225,111,154,94,31,1,182,169,89,162,15,133,63,106,176,136,55,64,238,143,88,237,4,53,4,68,221,131,70,31,122,42,99,86,7,153,92,130,195,244,8,133,55,69,60,162,197,164,163,96,255,179,24,248,113,144,233,128,33,99,204,229,203,146,201,221,241,225,234,136,106,22,185,68,67,48,26,254,18,159,184,238,60,7,110,185,191,0,238,55,92,133,20,21,176,217,164,203,91,107,107,56,198,94,183,249,225,119,158,177,226,212,70,200,30,233,154,138,210,142,18,169,151,157,2,134,93,128,127,55,1739150268073,/dev/cu.usbmodem14124101
175,0,141,170,58,122,47,45,154,32,80,250,245,29,217,10,156,188,95,13,211,175,229,194,15,38,240,101,47,195,241,64,22,102,90,110,155,23,35,23,89,95,196,36,185,240,98,174,208,94,87,60,112,110,90,87,4,186,222,34,68,62,144,27,255,130,89,126,235,75,97,183,230,248,123,83,81,58,181,159,140,219,39,165,215,41,178,113,183,113,171,12,213,31,124,129,41,98,116,30,92,216,129,84,156,210,221,84,255,27,118,180,234,145,0,177,5,254,28,95,252,54,75,217,29,75,171,140,20,161,135,220,124,221,140,72,0,235,36,200,178,142,82,195,195,136,192,118,80,122,104,171,39,179,117,26,24,19,134,162,117,236,137,138,238,148,209,188,253,220,235,160,28,51,29,217,235,79,49,42,59,82,60,254,133,104,112,222,56,55,119,157,151,150,146,7,60,31,160,72,231,169,14,69,87,111,215,112,7,226,122,82,2,162,8,29,89,235,63,40,35,46,45,221,123,102,143,186,52,142,236,96,11,141,47,37,28,228,231,111,108,148,165,241,191,205,37,80,108,4,1739150268073,/dev/cu.usbmodem1413301
68,200,161,122,191,105,180,246,10,51,100,24,89,151,249,218,115,176,70,115,243,232,103,187,152,7,42,9,77,148,214,234,98,107,38,196,64,148,161,237,151,107,205,112,15,31,98,43,180,152,43,253,145,200,114,90,208,24,1,95,43,184,100,70,47,21,191,42,94,244,93,60,120,235,119,63,167,249,224,185,9,124,156,49,37,255,231,133,30,219,56,95,92,164,205,227,66,220,20,83,227,59,85,164,51,14,188,111,187,109,120,186,203,125,91,35,185,79,149,196,179,18,232,149,246,66,59,96,160,149,69,126,40,209,90,138,204,100,88,195,226,184,215,52,214,128,191,183,212,104,122,8,125,112,11,42,28,31,18,172,167,198,189,27,180,202,178,72,106,233,194,185,104,198,110,133,29,246,35,61,29,99,250,187,175,248,140,144,68,123,78,64,88,44,43,172,164,39,177,93,252,96,67,165,140,199,248,140,5,220,188,221,76,131,32,229,143,61,91,20,116,188,162,22,216,80,225,60,211,241,253,160,242,15,214,69,163,160,229,105,113,106,17,35,50,63,156,110,35,53,1739150268074,/dev/cu.usbmodem14124401
126,250,148,211,200,31,74,155,38,127,63,109,66,249,121,199,30,105,214,70,142,93,2,4,17,215,56,93,253,242,91,24,117,216,32,118,151,50,7,240,5,77,197,12,31,184,168,158,107,236,107,249,150,24,136,45,110,5,230,147,182,249,250,75,209,205,162,139,154,90,232,37,102,103,42,91,12,35,252,191,42,115,1,9,13,23,212,155,14,29,70,134,33,25,47,236,128,64,136,17,1,212,102,86,221,240,39,150,246,132,210,136,0,218,250,208,216,7,13,192,0,146,57,95,175,127,12,193,224,187,47,173,202,215,151,101,115,61,37,146,218,33,207,117,206,93,192,186,18,191,24,169,83,63,101,103,119,150,244,230,111,63,1,67,163,74,20,141,11,230,46,245,82,221,147,174,36,92,9,222,251,235,30,151,74,31,252,101,214,40,97,7,74,181,220,215,31,51,137,249,109,22,149,50,17,151,137,85,46,4,67,176,240,196,84,237,63,214,193,231,153,161,159,59,92,80,211,174,31,52,182,144,211,121,190,56,177,21,178,85,189,102,242,65,20,227,17,165,140,2,1739150268074,/dev/cu.usbmodem14124301
61,153,242,195,48,63,206,53,31,28,72,86,98,30,251,157,134,144,210,35,170,153,36,169,86,97,142,9,180,217,210,106,137,37,222,36,90,221,101,28,161,15,54,191,144,215,60,57,222,73,69,21,13,49,11,186,77,208,142,97,213,149,165,89,214,134,113,148,202,52,176,178,130,206,147,242,110,241,79,3,47,18,181,139,11,145,55,163,59,241,215,249,8,168,48,102,56,124,78,253,35,28,157,37,182,42,90,9,122,139,220,124,163,103,252,22,199,155,109,253,120,43,71,55,111,158,213,194,47,76,224,151,211,82,127,120,246,36,154,75,208,182,99,0,4,221,92,172,97,252,20,233,231,194,31,251,190,178,95,77,41,60,76,59,174,164,76,31,65,85,35,255,240,112,95,163,147,172,27,77,245,148,40,1,188,199,161,201,0,41,43,242,235,233,245,1,78,130,194,172,148,40,10,70,21,152,124,155,179,22,172,228,186,51,75,10,225,52,157,10,31,51,5,110,33,130,66,99,36,45,125,8,66,192,135,55,229,105,232,217,104,224,247,205,107,168,206,233,166,30,1739150268075,/dev/cu.usbmodem14124201
236,222,46,243,216,60,57,223,70,201,187,138,57,14,88,136,111,175,235,112,5,228,198,150,169,211,168,27,49,208,107,82,100,181,41,90,112,173,6,36,30,23,3,31,252,75,74,12,99,171,22,62,230,204,31,158,52,241,219,65,206,5,210,27,215,251,53,36,123,132,227,253,124,189,251,67,176,24,44,246,59,238,33,234,189,200,35,110,40,126,79,48,188,81,245,167,87,86,222,247,178,189,232,190,60,152,73,115,144,214,242,109,95,93,111,199,199,117,38,211,28,43,79,94,82,252,98,72,98,44,17,154,28,171,227,77,45,72,84,81,179,147,170,40,44,186,38,226,43,115,253,15,56,92,162,137,155,14,63,210,103,181,137,34,79,138,224,205,55,175,182,130,183,73,97,25,14,129,245,168,186,68,242,45,124,115,119,71,75,215,242,16,253,79,179,131,83,84,231,169,237,35,203,9,198,74,253,135,166,184,36,105,203,102,106,226,111,110,204,7,88,103,151,94,222,28,159,136,192,183,158,231,212,216,148,240,211,23,242,31,116,140,61,31,201,64,157,27,74,164,1739150268075,QBYTE | chap
208,1,228,59,133,180,35,81,31,225,83,78,31,203,50,116,39,2,148,202,188,205,172,224,194,76,45,81,227,45,20,134,197,166,174,1,188,115,153,78,138,175,76,137,253,43,155,174,121,113,33,243,226,76,19,35,202,72,139,0,105,93,111,56,222,22,114,243,187,115,240,73,15,208,82,67,56,162,23,145,213,200,201,118,55,15,201,23,180,31,21,41,17,211,163,20,167,100,107,232,41,230,197,143,199,249,105,188,121,239,174,195,238,157,228,209,17,46,204,186,183,156,4,237,101,204,78,71,89,25,118,198,75,170,130,229,64,171,210,14,243,62,33,88,54,183,109,247,115,121,60,155,165,253,32,148,204,131,109,253,10,55,137,110,151,46,94,36,11,10,232,146,25,210,172,59,234,217,115,115,15,78,249,30,213,59,240,136,196,0,209,197,14,248,194,97,86,157,178,234,33,6,171,29,132,56,186,96,40,0,41,17,224,83,174,201,73,142,178,108,238,215,59,205,30,81,211,88,109,208,21,144,75,28,113,85,247,118,182,128,101,201,41,172,171,105,41,238,134,145,1739150269149,/dev/cu.usbmodem1413101
213,151,36,99,82,153,56,253,155,194,100,201,134,195,87,114,248,97,180,99,104,52,131,144,206,39,79,177,221,92,89,66,192,114,157,86,40,114,60,138,113,109,148,179,182,68,26,121,11,254,165,79,128,246,195,253,197,232,113,53,191,5,196,177,159,96,23,241,2,6,156,65,249,78,157,112,33,142,169,68,223,33,162,217,35,106,149,88,25,113,135,87,59,194,75,220,97,3,184,151,212,149,50,120,27,173,133,82,66,223,87,150,192,200,45,105,172,226,171,121,245,166,64,158,38,59,245,91,123,200,168,86,78,46,248,238,250,221,94,2,81,33,94,126,61,95,213,113,136,110,218,131,109,150,193,119,67,192,210,16,150,85,70,86,5,20,74,176,217,127,4,84,14,206,236,30,142,152,246,156,123,11,108,179,117,194,186,84,78,114,118,196,224,165,248,8,58,234,20,116,91,68,91,75,181,254,42,132,142,101,93,113,43,12,196,82,248,61,1,242,27,203,58,44,58,99,216,108,95,92,102,242,253,138,76,104,238,132,183,138,217,235,96,46,83,79,175,62,168,246,1739150269149,/dev/cu.usbmodem1413401
14,187,239,13,15,143,10,125,42,18,216,188,154,212,224,48,165,74,243,199,73,96,135,217,185,159,94,253,152,182,229,79,132,215,88,42,169,196,39,246,139,234,164,80,154,216,10,11,134,233,46,50,46,243,44,137,63,125,236,93,102,171,145,175,163,199,52,32,132,32,95,179,106,177,170,157,216,85,81,122,165,235,170,32,24,100,165,251,66,86,229,105,28,203,0,106,120,91,48,202,136,248,106,34,100,72,68,127,195,133,117,181,96,126,66,200,36,116,134,78,106,102,140,128,219,93,16,65,102,165,139,70,121,119,120,118,178,9,22,45,187,68,209,89,205,107,100,108,167,137,149,29,94,127,249,37,188,165,16,0,16,144,121,121,228,190,147,234,91,189,249,80,107,52,171,255,82,65,120,130,206,0,40,141,188,239,59,242,107,105,118,122,93,244,248,55,24,154,146,24,88,93,161,156,243,131,209,248,72,196,81,85,171,191,81,197,229,236,76,210,184,131,127,246,249,73,92,226,17,204,158,200,125,100,219,177,164,168,222,92,164,230,165,52,155,35,120,11,3,15,1739150269150,/dev/cu.usbmodem1413201
169,162,42,57,14,240,83,15,42,85,122,24,28,251,7,255,144,126,31,89,157,184,208,39,245,189,212,30,44,193,47,183,44,184,57,71,171,206,79,241,252,163,156,16,11,43,222,155,207,136,65,134,135,95,69,173,168,119,34,202,186,156,32,45,56,26,61,25,144,42,171,107,161,21,183,133,185,251,50,122,31,196,249,96,127,151,151,197,123,239,1,128,148,252,37,96,28,136,88,248,12,168,162,70,161,189,126,4,220,220,2,198,157,114,78,94,170,25,114,146,129,225,56,86,34,246,90,211,253,151,82,206,225,143,151,147,92,69,193,221,31,190,235,211,28,75,235,40,193,180,225,205,227,242,180,128,116,120,199,29,255,11,90,167,120,175,43,28,200,186,94,10,153,35,162,164,165,60,41,114,105,94,143,162,76,23,26,40,217,101,254,28,156,40,103,170,26,99,52,220,209,95,113,203,205,31,142,83,178,183,176,54,105,71,188,94,185,137,207,230,95,21,64,49,22,208,62,220,151,53,188,10,130,74,135,178,123,79,191,85,81,152,104,158,19,240,231,194,171,232,1739150269150,/dev/cu.usbmodem14124101
241,242,180,140,176,94,59,59,111,11,122,144,162,122,0,156,165,72,10,170,153,121,94,14,16,146,221,203,245,10,159,100,66,202,130,115,63,159,79,240,92,25,185,66,182,89,70,248,11,32,62,67,138,130,247,119,196,182,104,254,22,210,91,233,239,98,14,152,109,7,43,62,128,255,55,160,194,158,134,4,113,71,14,205,32,46,81,93,37,253,206,92,227,117,242,231,245,166,244,194,243,28,135,178,239,83,230,93,253,83,109,151,115,103,30,40,84,164,234,58,197,110,171,236,174,158,154,195,158,20,166,238,34,124,23,116,249,158,87,238,255,219,223,208,238,12,29,29,166,70,182,154,76,32,140,161,105,76,152,24,240,243,176,119,74,14,223,219,95,13,230,76,39,44,187,177,129,113,154,242,157,28,66,181,153,43,125,206,176,250,58,17,183,107,201,146,116,193,17,206,19,87,77,108,202,23,27,212,75,232,229,232,85,128,209,203,125,195,190,83,150,10,232,141,65,31,178,6,65,184,23,58,146,95,17,35,112,13,210,243,163,224,196,156,180,205,113,88,38,146,1739150269151,/dev/cu.usbmodem1413301
71,28,42,157,164,137,94,218,123,35,251,216,130,4,226,40,250,216,134,244,62,87,143,199,139,73,143,91,0,109,35,129,27,114,201,250,105,182,22,222,220,39,142,115,107,58,147,122,31,43,125,96,95,7,134,190,250,54,83,228,227,187,94,233,253,19,148,102,101,152,228,99,66,249,253,185,109,120,211,48,153,3,251,225,156,124,126,200,189,195,3,115,14,54,174,205,12,217,80,32,194,23,218,155,192,145,247,151,246,47,211,158,225,46,85,87,239,172,36,67,182,62,74,45,54,170,145,121,199,35,65,120,132,135,71,237,226,124,115,198,250,33,184,110,244,85,226,159,67,70,53,49,10,110,43,193,180,124,181,57,102,149,128,139,163,20,38,42,218,64,141,58,211,49,245,54,144,78,9,40,56,2,243,202,44,142,35,175,165,99,89,240,207,3,109,50,219,144,209,0,246,87,58,216,63,64,244,244,19,46,179,37,167,119,192,249,250,146,61,234,80,139,176,8,110,3,151,121,5,219,27,67,79,101,220,233,216,138,32,134,243,177,216,35,116,182,162,216,7,162,1739150269151,/dev/cu.usbmodem14124401
138,167,232,174,39,194,23,170,34,56,213,154,140,224,23,217,94,233,154,237,5,28,232,210,4,1,208,209,54,224,75,174,138,23,5,252,158,66,183,161,59,144,219,47,127,225,239,125,65,12,8,173,189,41,75,7,14,48,178,40,206,223,143,47,38,229,198,209,254,230,106,76,6,3,25,59,255,77,94,71,214,234,212,115,182,225,65,52,112,49,152,165,61,211,210,177,56,27,46,108,112,153,136,193,29,97,185,133,43,219,131,34,246,190,97,57,226,91,34,44,80,151,102,136,39,160,10,189,231,155,32,234,9,214,127,168,55,75,76,155,214,89,114,76,21,72,132,88,252,86,36,83,72,69,81,90,157,53,242,161,104,194,42,131,5,137,160,169,173,221,13,40,10,166,1,188,9,241,216,195,176,70,220,14,29,97,51,2,19,4,173,251,184,31,57,238,204,222,9,81,221,67,210,111,120,250,55,248,53,74,71,142,101,71,201,197,118,182,220,101,77,15,50,20,171,97,29,214,115,37,124,168,181,80,5,85,155,239,132,105,229,99,198,182,44,55,69,147,176,16,1739150269152,/dev/cu.usbmodem14124301
117,14,79,146,49,49,42,234,76,143,203,27,74,214,185,1,146,205,52,133,224,199,166,227,96,34,156,192,147,2,132,195,69,2,152,58,117,166,125,50,121,70,246,221,181,69,199,232,110,220,189,55,4,152,78,243,163,199,226,1,196,191,251,177,202,110,245,40,52,211,36,78,68,97,29,244,58,82,150,226,209,113,142,142,52,230,156,195,214,34,156,203,182,245,150,182,86,84,176,163,253,74,168,125,80,79,200,159,14,225,4,10,245,40,149,111,183,25,125,116,125,23,57,229,180,56,58,218,186,180,77,104,164,227,212,217,216,110,209,47,232,152,210,236,49,115,5,110,224,102,220,4,155,157,159,45,2,13,233,213,90,221,199,164,18,52,129,5,243,200,38,164,151,210,53,46,1,140,229,115,113,190,215,156,174,16,167,156,122,239,219,9,103,190,152,164,27,113,216,186,219,240,2,224,205,249,152,182,227,227,213,137,198,50,75,182,140,67,162,225,242,241,69,115,249,43,61,208,61,132,84,166,120,16,23,84,128,55,161,26,22,43,176,70,64,160,181,102,227,94,1739150269152,/dev/cu.usbmodem14124201
235,200,60,65,212,118,26,127,254,251,10,234,249,111,206,165,121,227,238,1,66,212,231,118,191,177,246,130,218,131,244,180,59,22,132,117,43,198,94,126,78,99,250,185,205,91,168,80,0,53,29,177,167,34,205,199,11,221,95,145,245,102,107,149,36,81,197,60,111,213,25,143,189,94,28,253,18,123,64,68,95,25,151,62,77,195,156,19,170,250,191,214,196,67,213,239,53,132,129,96,197,251,66,6,123,77,182,69,10,47,183,7,66,134,122,7,221,235,2,62,247,109,78,9,177,240,202,83,189,251,141,12,150,178,110,6,160,253,226,96,61,222,130,178,228,170,73,118,100,26,233,52,224,112,197,81,5,150,94,165,215,128,49,61,240,140,116,63,154,42,11,102,140,98,51,107,138,126,122,117,183,253,136,111,86,213,161,249,68,12,58,116,136,72,160,30,22,112,17,127,16,243,135,58,79,14,143,33,210,121,81,201,88,37,20,65,144,114,205,151,107,245,17,196,182,253,108,115,190,183,117,215,89,194,190,245,117,74,183,5,234,69,238,103,220,25,58,108,244,254,1739150269153,QBYTE | unloads
158,235,197,106,143,41,234,237,193,113,168,209,52,6,173,141,80,232,19,52,182,76,24,182,144,17,18,54,149,145,255,13,190,240,100,202,51,75,46,239,228,75,112,229,197,0,230,24,113,35,232,207,155,238,188,223,213,168,173,61,73,15,9,218,24,207,153,186,82,94,210,107,186,83,152,209,240,170,206,249,26,181,105,59,235,50,192,211,71,43,63,82,54,171,110,244,65,239,196,26,237,114,240,202,241,7,59,143,230,30,225,13,131,16,85,192,8,174,195,77,146,34,46,148,98,170,132,24,3,162,48,112,187,195,133,139,204,76,184,224,130,39,212,55,152,80,101,172,197,108,222,29,66,148,166,13,194,114,188,68,255,31,110,69,178,19,66,160,193,9,54,37,224,150,11,226,21,110,157,24,49,155,106,90,247,84,169,148,32,38,103,148,189,122,143,207,55,211,128,67,54,183,166,229,182,176,42,179,17,117,208,161,167,72,82,62,66,22,25,32,21,63,37,183,77,120,97,230,27,50,16,251,204,231,149,215,237,154,237,191,223,136,212,141,255,5,242,191,232,86,1739150270228,/dev/cu.usbmodem1413101
65,235,142,31,185,97,79,142,186,57,82,241,27,76,177,191,164,63,231,91,246,185,204,224,169,247,85,167,50,72,226,13,196,8,123,92,91,117,215,228,168,249,79,109,117,4,54,33,84,181,48,62,84,21,211,191,46,95,26,64,244,224,18,149,185,5,194,154,175,89,200,27,44,72,202,175,118,54,74,3,0,34,151,61,46,101,37,244,31,82,130,160,76,29,76,91,82,162,138,184,242,203,116,95,50,169,37,89,26,236,23,6,223,187,253,62,4,15,175,103,83,201,223,48,46,45,83,216,183,159,232,51,29,169,11,119,181,90,201,63,1,218,80,50,171,88,233,95,40,120,209,227,228,220,119,14,10,149,121,17,6,35,246,80,70,241,13,237,45,8,167,230,1,110,30,99,154,82,85,48,37,210,176,204,44,201,183,8,232,132,41,33,238,10,128,118,78,117,81,118,204,95,174,139,163,178,174,10,164,22,129,186,114,75,83,157,156,244,79,59,216,171,154,219,49,13,30,101,177,100,0,79,251,50,123,68,153,127,96,144,37,61,28,104,44,59,223,9,8,189,1739150270228,/dev/cu.usbmodem1413401
50,141,244,195,66,183,191,83,13,132,177,84,185,95,195,80,59,13,193,230,144,215,109,145,251,208,8,127,196,233,5,241,75,94,0,113,81,155,75,179,167,240,117,192,178,148,76,235,81,59,227,48,31,119,92,186,160,217,229,60,41,250,63,122,250,72,191,111,91,140,107,17,89,203,3,40,150,223,255,91,221,197,151,39,167,94,217,88,26,187,142,39,109,91,190,7,138,160,214,187,200,244,0,73,102,131,85,59,64,122,69,227,184,19,23,39,99,59,118,111,114,172,37,195,103,95,149,57,213,117,132,188,4,50,73,230,23,112,7,236,240,103,167,151,73,41,102,187,192,150,222,43,135,71,165,105,145,19,226,57,92,182,94,195,68,53,126,5,141,61,144,159,155,32,228,39,48,132,229,36,157,146,91,155,156,162,16,164,54,209,159,130,51,161,209,232,200,113,96,213,162,79,86,169,189,190,145,197,127,126,68,227,134,55,206,166,110,214,97,9,97,6,196,9,254,154,58,4,207,111,237,191,123,138,161,149,190,56,22,79,220,252,150,42,229,39,167,236,19,192,1739150270229,/dev/cu.usbmodem1413201
39,168,184,227,14,20,26,145,220,193,53,98,127,186,224,98,17,10,99,238,96,157,236,61,139,30,69,193,34,189,0,172,192,174,87,138,155,59,191,248,214,69,146,141,94,231,87,18,51,221,48,103,164,164,37,30,164,66,117,145,184,15,99,171,50,55,188,24,58,27,14,225,16,200,86,52,174,168,114,47,67,7,223,25,5,44,223,45,0,42,255,103,203,75,90,210,38,77,206,0,183,142,60,116,152,183,116,104,75,49,94,95,123,66,78,149,26,209,124,48,239,207,160,131,86,150,182,75,188,142,124,10,62,115,102,146,72,107,156,138,0,10,179,145,26,10,217,177,155,59,23,163,162,182,237,132,65,94,233,183,82,5,172,83,125,188,194,103,85,249,126,83,4,119,86,192,79,157,138,19,135,28,234,24,193,200,74,9,229,125,252,180,179,156,249,117,16,125,27,96,26,126,141,198,145,242,55,83,181,54,120,255,21,82,25,126,250,249,245,165,225,31,176,195,41,32,40,112,220,40,226,254,48,182,24,70,220,94,37,88,188,94,190,139,153,236,64,30,150,232,1739150270230,/dev/cu.usbmodem14124101
234,177,215,163,167,209,161,236,8,187,111,120,3,158,57,132,81,255,88,160,204,88,11,216,3,201,211,151,238,105,255,231,102,190,192,117,23,200,138,168,47,55,98,247,121,144,196,168,48,53,195,227,118,212,216,139,14,56,142,25,87,14,155,46,224,83,139,148,245,145,23,38,148,152,179,5,239,170,131,11,170,88,39,144,150,47,100,186,247,226,127,77,62,68,226,253,174,57,128,10,77,215,85,178,232,52,56,84,0,182,111,120,220,180,81,37,15,42,8,72,219,168,86,28,70,198,30,194,212,236,29,218,251,191,71,91,77,200,12,221,146,82,168,219,77,144,0,231,175,21,174,1,26,173,14,135,70,128,207,215,209,117,87,50,239,28,28,54,58,192,45,51,171,206,253,80,127,232,108,236,33,253,120,114,173,50,49,4,120,117,225,75,250,63,52,90,220,226,91,161,228,188,251,108,82,72,142,153,19,208,86,139,32,156,254,228,62,216,225,198,129,193,203,193,239,135,110,209,74,128,62,240,83,238,21,123,35,79,100,84,214,223,92,70,105,166,45,39,242,101,1739150270230,/dev/cu.usbmodem1413301
151,77,126,215,71,113,64,73,144,75,48,12,170,232,99,182,157,136,114,17,130,64,154,102,14,212,145,4,70,224,24,36,231,18,21,62,11,43,1,3,169,52,14,30,131,53,142,153,124,103,133,17,230,241,236,134,172,28,207,165,88,135,239,9,181,255,7,131,228,70,99,108,42,45,250,32,118,7,106,131,161,114,150,175,177,232,100,183,21,3,54,203,66,156,47,56,205,236,112,117,0,57,4,65,104,198,184,110,137,63,181,2,8,237,27,168,87,40,229,222,212,62,22,55,0,77,132,239,217,52,4,235,206,76,113,215,2,247,190,194,23,29,251,103,246,213,92,4,131,239,98,123,17,10,192,37,120,61,215,3,73,197,225,236,174,136,157,87,33,23,37,69,171,20,221,67,17,100,85,142,182,35,43,111,215,124,26,114,246,233,70,149,126,8,156,169,103,220,30,142,138,228,98,252,121,105,58,32,147,146,157,34,149,184,122,39,70,144,150,123,53,36,207,15,125,79,83,14,116,199,22,128,191,195,122,157,124,203,222,234,144,1,49,81,133,246,155,0,11,216,1739150270231,/dev/cu.usbmodem14124401
189,182,109,33,94,14,45,100,193,240,154,141,158,181,219,58,180,161,9,145,231,87,43,10,52,37,163,68,164,94,198,93,153,249,157,44,157,14,107,133,139,136,198,7,13,199,237,122,109,186,88,59,22,217,195,255,101,179,5,91,36,225,100,232,147,229,231,165,219,76,195,10,30,181,93,50,51,143,99,81,89,133,6,132,42,30,84,80,237,19,60,201,55,154,184,2,146,76,153,97,134,99,208,141,23,248,118,195,182,170,188,135,113,190,106,121,61,162,54,68,9,82,26,139,124,69,110,144,28,137,157,183,231,39,114,209,154,68,132,96,57,21,26,216,6,23,168,168,174,125,165,76,34,35,153,174,64,93,215,115,225,58,53,220,135,131,85,81,68,235,110,94,6,66,78,27,92,75,115,165,203,35,147,191,46,189,152,60,160,147,116,206,148,212,143,209,133,172,88,142,232,229,170,249,84,162,133,168,170,71,234,71,129,110,196,188,158,45,112,109,2,82,238,62,88,85,36,40,116,215,225,72,231,217,167,248,92,253,7,212,105,219,96,105,60,182,165,58,168,119,1739150270231,/dev/cu.usbmodem14124301
203,9,59,220,30,50,229,144,67,202,99,44,250,75,77,153,59,80,222,41,168,132,102,44,205,237,206,253,55,148,35,183,140,146,78,98,75,252,20,224,43,81,182,91,133,63,192,117,204,238,9,3,101,43,219,214,58,155,10,227,148,222,230,72,97,28,4,142,180,144,15,96,184,13,184,182,124,202,146,137,19,96,81,26,51,50,74,183,161,78,240,132,132,90,169,231,83,126,222,101,80,60,41,35,153,242,150,76,168,239,112,118,236,213,159,125,212,98,213,35,45,9,97,184,17,122,3,154,240,198,51,54,49,219,97,142,119,27,58,164,226,178,132,19,210,157,68,62,175,27,152,13,153,243,127,139,114,179,244,84,22,157,182,177,22,14,152,151,82,69,183,31,199,96,26,247,230,249,135,98,185,165,163,134,191,231,0,55,161,170,132,199,212,20,170,228,233,92,170,221,180,16,68,86,48,102,179,123,226,140,70,149,160,123,4,151,106,5,4,37,214,113,228,254,210,236,12,168,59,167,199,20,104,212,179,12,12,97,114,153,189,211,102,26,229,59,230,73,40,93,1739150270232,/dev/cu.usbmodem14124201
193,102,248,220,218,119,41,240,176,199,216,195,36,39,243,145,157,86,171,110,177,116,137,98,189,253,37,5,122,206,26,116,101,207,78,104,104,143,249,142,27,221,196,112,46,42,172,254,170,118,28,108,151,255,58,224,2,96,105,212,147,172,177,25,206,224,55,107,226,155,199,160,199,21,171,195,104,3,17,222,197,154,80,153,89,206,253,184,236,84,73,121,19,190,26,90,29,71,225,98,251,114,16,245,51,98,95,48,96,117,251,60,214,200,78,197,196,137,104,132,119,69,79,252,86,250,3,149,60,81,151,69,127,36,132,91,132,109,230,98,45,120,93,116,15,228,131,140,155,37,55,77,51,206,177,105,20,249,245,40,152,152,95,54,29,114,191,136,57,188,174,56,191,87,211,153,36,27,106,186,235,159,8,49,109,227,247,76,148,171,122,84,23,186,170,226,118,100,29,252,112,116,164,62,118,171,160,69,183,162,10,124,210,87,146,147,198,173,193,66,45,75,197,168,179,190,120,168,200,38,17,217,31,201,44,82,25,155,113,203,8,193,139,32,154,40,63,16,28,84,1739150270232,QBYTE | elko
181,169,73,54,132,221,6,206,36,255,11,73,248,67,0,31,105,95,56,239,243,152,156,231,0,67,245,137,12,48,108,142,103,125,18,218,8,214,141,203,35,145,101,230,155,94,109,155,8,192,32,255,16,154,93,113,16,163,203,4,111,23,75,174,178,56,179,247,52,148,190,192,208,145,95,29,253,144,6,122,74,203,146,100,42,133,43,118,104,171,254,179,216,237,110,64,56,181,10,91,184,147,147,109,90,142,23,157,8,191,237,164,123,63,112,21,93,133,170,178,225,109,24,102,45,250,211,238,148,162,127,46,202,175,188,160,0,255,29,134,11,86,155,71,128,239,150,69,68,237,180,83,130,52,201,191,247,154,50,186,106,121,145,176,4,243,169,141,94,236,146,211,217,126,133,129,214,123,255,116,93,197,223,177,24,23,136,198,232,176,216,20,109,24,128,81,77,63,151,8,161,196,109,189,79,122,181,16,60,67,54,37,67,130,69,152,252,209,234,148,212,226,119,183,241,74,178,128,194,33,218,65,49,127,169,44,177,199,92,102,72,154,70,191,131,137,24,105,172,177,1739150271304,/dev/cu.usbmodem1413101
101,122,123,159,32,134,190,124,61,104,18,46,79,15,90,252,98,36,49,191,106,95,237,126,188,182,244,95,141,82,12,140,96,66,88,114,134,121,29,91,220,122,11,218,226,110,241,205,195,70,134,21,89,251,219,83,104,232,216,56,84,82,201,206,3,63,78,120,178,210,185,48,214,176,235,50,82,13,148,136,35,94,72,149,156,99,66,173,88,98,135,250,173,125,211,64,103,254,237,65,104,14,141,111,236,114,10,119,202,187,132,110,17,130,178,85,81,101,207,85,132,101,137,109,12,219,249,121,96,11,231,240,159,174,180,233,112,171,198,72,158,115,93,224,233,226,83,177,211,149,42,68,156,136,34,99,159,14,139,168,62,164,187,56,115,208,26,193,55,53,18,89,200,128,137,227,227,13,132,74,178,127,112,3,134,24,180,86,187,11,74,28,181,10,223,72,185,198,49,252,32,229,153,6,16,203,11,107,153,25,113,221,208,249,147,185,252,33,125,218,37,61,205,135,99,7,37,100,108,226,21,14,238,179,59,62,19,32,13,174,59,177,134,80,246,250,96,132,65,115,1739150271304,/dev/cu.usbmodem1413401
80,21,1,191,17,184,151,238,123,4,67,215,98,157,236,253,120,251,148,4,248,157,35,223,148,163,61,65,42,169,242,6,173,229,161,88,206,42,140,99,148,113,60,5,220,249,255,222,116,182,215,74,103,137,194,246,153,240,94,188,46,180,16,26,191,151,42,94,147,212,109,140,75,9,9,100,233,143,100,17,30,80,71,43,228,10,35,235,9,73,92,225,234,121,160,130,72,178,238,153,66,180,204,158,76,152,160,96,131,231,176,111,109,239,56,232,104,208,192,152,51,149,1,82,164,227,169,123,25,178,5,9,99,169,95,169,192,231,47,131,118,2,101,157,103,65,124,226,53,91,38,56,217,135,165,156,138,3,76,37,60,240,6,205,152,98,201,76,106,43,85,15,119,220,48,121,28,188,169,63,16,230,142,131,197,128,174,18,192,67,114,1,222,202,251,240,194,92,10,68,91,97,6,170,154,224,18,8,91,183,151,110,247,253,196,6,179,227,151,247,93,252,236,212,91,158,93,168,51,13,151,92,109,168,36,236,211,26,87,99,77,49,199,164,78,48,24,186,141,182,1739150271305,/dev/cu.usbmodem1413201
246,196,242,119,18,103,25,177,6,52,70,78,57,244,51,70,113,132,57,243,156,33,42,215,56,230,248,103,169,109,195,154,109,39,48,120,194,42,71,229,78,75,232,219,64,82,53,75,134,100,31,150,92,240,212,137,58,251,68,172,214,115,137,116,139,18,83,64,57,63,214,45,25,106,226,186,49,99,79,155,216,51,38,180,94,34,8,246,167,143,129,189,143,124,178,53,226,177,66,182,10,205,107,183,101,98,216,98,250,123,187,159,16,83,157,120,236,243,233,9,16,182,58,12,29,216,40,108,148,189,225,84,159,58,207,220,111,12,80,16,15,230,187,252,226,136,211,127,219,12,203,132,40,7,202,188,133,100,96,19,246,133,230,193,101,147,102,139,11,220,83,111,37,121,164,10,218,29,123,109,118,59,20,212,214,248,92,171,246,12,222,94,103,89,42,209,242,227,17,181,1,63,19,199,29,188,100,29,136,13,193,158,107,106,55,108,179,96,139,53,182,240,109,165,129,45,165,57,158,95,156,119,137,105,168,180,50,204,176,218,254,206,77,128,93,250,110,13,38,16,1739150271305,/dev/cu.usbmodem14124101
114,184,61,102,224,124,251,80,177,86,133,132,13,65,222,211,17,133,128,42,168,249,28,0,85,164,114,193,139,197,59,172,241,192,103,196,119,99,5,132,106,251,16,91,146,110,0,201,230,0,74,71,114,89,9,104,87,110,183,81,117,61,4,5,207,66,149,25,6,73,209,253,101,62,86,129,35,63,180,234,94,28,28,92,65,185,103,50,150,78,78,226,178,54,86,173,63,117,86,121,194,174,216,119,167,224,253,47,78,26,85,1,87,169,65,35,32,14,52,209,44,194,89,184,139,250,209,144,0,66,198,17,15,95,233,134,101,18,81,146,172,155,3,104,203,29,193,120,87,72,22,239,127,95,49,79,55,212,5,192,167,213,139,123,249,181,170,242,110,99,247,202,214,71,132,11,176,76,243,191,133,156,178,234,95,140,182,137,193,201,175,203,209,215,96,200,150,205,92,111,73,157,163,234,228,105,249,239,74,192,145,143,49,189,199,189,148,72,136,29,58,88,13,248,192,15,23,239,171,20,189,134,22,185,48,26,69,201,233,103,160,91,196,117,108,204,89,43,237,82,1739150271306,/dev/cu.usbmodem1413301
166,29,69,221,172,139,236,0,140,132,46,98,96,3,188,213,68,14,240,238,22,213,130,85,119,15,229,228,93,158,139,4,229,58,214,145,157,227,17,235,49,219,157,51,59,133,26,228,13,116,70,177,217,153,88,78,29,201,121,28,46,238,151,196,182,107,16,147,70,117,75,63,121,92,94,242,62,62,71,113,15,252,193,9,63,239,109,13,137,199,123,126,168,79,190,181,120,13,27,97,107,135,226,120,181,182,253,120,66,28,73,8,33,182,186,185,90,131,213,25,220,64,50,2,184,210,58,175,97,42,249,164,9,230,92,61,129,196,183,86,196,109,171,247,94,243,16,97,187,230,11,167,22,121,24,116,93,69,134,247,78,80,61,20,113,170,26,2,237,114,72,141,98,126,131,30,124,146,52,133,50,16,253,250,1,175,90,151,125,157,239,121,101,10,197,53,228,10,127,46,180,149,195,198,42,26,205,217,173,144,82,40,212,61,151,99,20,44,157,136,123,133,41,227,20,15,254,33,98,41,203,82,208,222,216,232,229,122,247,218,80,206,144,107,47,230,164,144,169,220,1739150271306,/dev/cu.usbmodem14124401
154,236,141,3,81,131,212,167,11,107,223,241,85,68,63,36,77,171,148,145,159,251,178,204,71,28,98,1,180,84,111,141,116,126,111,107,100,174,69,241,15,218,198,54,83,91,53,202,226,153,142,107,160,46,170,122,199,57,105,19,15,134,231,124,179,220,67,76,59,65,31,186,12,29,46,246,148,60,164,239,213,169,200,24,214,96,185,81,161,77,164,82,247,65,239,28,35,189,69,200,138,161,216,247,52,130,15,141,178,222,132,206,175,161,219,162,232,59,135,224,63,156,166,87,125,3,20,210,121,67,235,131,143,89,93,113,56,223,80,234,110,187,80,122,86,131,82,179,161,78,98,182,252,20,210,206,191,141,72,129,252,110,20,139,140,111,16,47,127,254,234,82,210,194,226,163,135,0,122,115,154,75,85,66,142,42,60,123,155,182,79,189,176,94,152,173,87,199,238,149,74,80,37,53,201,213,93,250,160,3,151,179,108,234,51,196,136,235,200,78,83,27,77,78,159,224,71,227,10,106,28,1,164,169,191,37,207,3,40,83,96,239,41,53,231,8,36,193,8,198,1739150271307,/dev/cu.usbmodem14124301
29,69,105,80,196,63,63,213,89,150,7,98,231,83,245,241,246,147,40,140,100,95,151,232,184,157,147,124,96,90,16,234,110,216,2,245,8,194,253,41,148,70,173,122,5,104,56,42,53,12,15,151,58,11,10,177,17,68,82,226,204,143,20,156,40,61,65,243,84,54,116,77,201,218,28,249,67,171,55,198,77,100,38,76,235,208,53,207,211,9,41,253,251,173,26,40,24,126,245,19,89,220,130,11,97,242,190,14,142,175,38,124,139,80,104,34,147,58,111,165,156,77,168,171,46,23,199,24,246,189,123,176,185,254,144,104,174,194,239,58,125,103,53,106,57,205,170,188,123,62,81,1,21,156,219,91,217,176,132,60,156,104,151,5,164,145,252,76,139,57,141,73,158,125,226,219,142,157,129,44,237,174,75,76,9,237,143,109,126,90,104,218,44,38,86,22,47,135,127,18,23,23,67,76,251,17,76,243,67,74,89,228,127,169,205,213,238,199,170,160,21,24,98,172,244,84,255,90,13,180,50,109,33,19,120,205,62,211,30,100,49,159,42,60,181,204,220,212,180,235,1739150271307,/dev/cu.usbmodem14124201
37,14,93,137,126,207,202,207,11,136,111,139,51,112,45,139,236,183,104,126,184,243,195,224,205,154,162,168,0,243,158,81,201,161,7,67,4,67,247,161,229,109,92,198,26,67,65,14,5,181,227,60,67,253,97,176,71,154,252,144,91,88,123,47,103,74,3,164,3,230,77,100,141,231,101,141,189,231,217,202,102,219,136,111,79,40,196,103,243,194,28,38,6,0,178,155,137,243,182,246,226,176,217,216,216,32,212,60,139,239,220,129,69,239,47,202,137,79,69,251,21,120,207,19,248,38,147,117,151,48,211,5,153,140,224,158,173,116,253,73,151,235,213,73,22,100,67,127,79,241,93,84,111,146,164,82,107,95,218,174,23,43,255,101,42,51,64,24,127,248,94,182,187,221,159,124,54,148,149,9,73,14,100,251,84,147,145,33,60,76,89,130,73,36,229,126,206,193,15,195,123,48,231,131,36,90,237,81,114,249,28,248,249,47,139,132,230,59,252,247,29,13,48,184,247,74,62,2,205,114,156,220,120,208,49,80,18,82,158,251,97,49,29,220,119,87,11,244,190,199,1739150271308,QBYTE | badman
55,253,136,17,50,214,221,10,166,179,50,21,176,20,99,248,56,121,222,234,77,243,52,101,197,56,195,131,103,96,164,185,56,171,55,204,248,143,108,103,11,232,236,149,175,200,71,4,199,157,13,18,63,174,10,116,184,159,195,41,65,79,111,146,23,55,247,255,155,35,31,95,91,2,149,205,5,41,26,135,65,23,159,81,98,254,141,95,220,168,6,247,13,207,139,0,116,85,126,36,18,149,230,249,93,18,88,220,209,166,93,115,32,212,123,60,203,110,117,80,158,49,180,11,144,139,131,131,54,54,103,34,153,105,44,249,73,180,247,227,238,141,211,82,224,254,9,116,207,194,250,110,120,55,220,197,238,149,220,32,191,80,110,205,208,83,157,39,148,0,142,30,106,128,93,15,244,150,242,51,201,168,71,14,30,169,126,77,204,242,52,131,214,107,204,104,67,238,101,30,246,72,189,245,90,107,238,247,117,126,191,204,213,49,0,223,245,66,99,90,140,145,11,70,97,48,57,234,252,205,187,28,3,236,25,97,129,150,132,81,68,52,199,220,117,215,28,74,92,168,1739150272380,/dev/cu.usbmodem1413101
157,30,223,83,31,99,181,156,170,160,175,187,141,41,79,196,153,56,197,186,172,117,83,132,131,99,52,14,168,186,137,24,187,149,3,56,41,59,117,150,89,194,67,181,168,248,214,63,181,155,32,13,156,20,22,226,180,233,191,54,37,115,61,120,22,244,255,48,229,141,227,26,54,177,22,55,180,26,67,79,232,156,2,232,177,34,240,122,220,57,127,100,45,102,29,221,89,248,251,193,169,31,120,245,179,119,111,51,51,217,29,71,236,186,65,189,206,186,194,79,225,74,43,133,11,244,214,246,32,173,59,82,2,24,34,61,142,220,250,148,155,128,60,85,199,151,101,172,66,174,31,214,112,130,53,31,182,120,196,243,214,41,255,74,199,205,61,35,226,44,144,19,18,37,18,58,10,226,8,241,255,58,8,93,150,62,14,154,251,175,162,124,99,91,150,174,239,157,6,195,5,18,91,48,63,162,164,233,210,7,195,122,248,111,204,189,154,90,144,182,3,253,246,32,103,167,113,55,82,91,215,200,67,215,10,195,151,190,177,15,174,137,115,229,95,77,244,223,110,142,1739150272380,/dev/cu.usbmodem1413401
247,130,229,97,99,48,221,69,137,6,86,159,47,138,225,236,34,197,159,110,176,136,193,18,251,227,75,247,58,107,125,48,52,224,20,13,62,174,123,76,133,140,245,94,122,8,135,232,79,81,107,138,192,5,21,155,33,56,134,130,253,152,6,156,211,118,204,163,110,63,212,127,68,114,115,42,122,42,163,179,43,95,2,182,62,193,241,211,53,174,106,126,29,127,225,212,226,124,63,121,193,160,32,193,80,200,93,168,127,51,28,60,186,202,155,94,31,76,11,19,147,9,142,200,21,28,145,84,17,233,84,62,251,131,95,39,36,15,38,206,37,83,194,215,58,237,207,137,46,184,71,91,243,236,58,172,3,48,251,253,221,74,36,215,88,191,139,253,29,167,233,252,59,69,26,134,56,228,120,138,122,84,55,162,168,199,29,143,84,54,71,115,194,180,132,29,122,36,171,16,148,249,178,22,116,69,81,128,41,179,43,92,118,46,1,204,11,246,51,255,178,6,113,221,9,92,182,103,23,163,109,246,151,245,62,211,21,245,87,46,125,47,47,89,242,195,70,160,169,13,1739150272381,/dev/cu.usbmodem1413201
150,205,151,128,160,178,230,115,123,222,116,242,98,248,15,119,31,65,241,189,83,191,209,203,157,74,189,116,37,124,231,151,202,213,85,89,127,112,221,126,17,57,246,132,51,234,14,130,216,216,147,25,149,249,62,109,158,176,184,169,83,193,117,251,204,131,129,90,3,0,33,187,110,141,58,111,80,214,21,51,231,29,195,196,249,179,219,81,59,141,125,223,18,117,102,21,155,213,17,65,155,135,205,136,114,73,45,243,196,108,157,183,214,5,123,70,251,154,8,72,52,110,95,244,145,204,64,26,27,98,200,24,126,217,166,223,105,77,166,68,206,235,13,149,203,17,255,52,81,49,205,39,20,68,240,146,239,127,31,58,91,134,94,231,161,74,175,182,214,66,36,19,81,162,130,235,155,247,228,145,172,171,240,54,142,85,194,42,29,230,40,178,238,65,163,106,154,43,219,184,254,149,125,86,0,95,134,66,245,237,112,61,167,123,130,182,18,157,205,176,207,2,29,207,33,107,45,51,214,74,244,98,114,99,59,111,10,27,83,219,72,155,143,122,104,37,96,44,207,107,1739150272381,/dev/cu.usbmodem14124101
177,237,134,189,206,23,3,221,14,190,16,86,140,47,66,209,26,202,169,206,240,202,155,130,250,171,219,171,121,70,216,95,82,175,61,204,104,133,32,26,238,10,3,71,102,227,160,21,92,156,116,132,30,104,192,243,131,52,209,13,37,183,51,252,126,109,105,234,159,177,89,99,84,95,10,169,153,208,22,63,231,230,143,15,243,182,231,214,21,196,181,115,18,88,155,190,27,220,210,87,43,75,96,47,36,87,38,221,165,210,15,133,31,127,233,120,89,220,94,248,116,220,124,126,150,141,71,148,15,99,87,72,37,138,15,203,117,134,7,75,125,185,133,170,159,51,109,234,3,87,243,205,127,91,2,250,186,152,41,206,219,2,253,122,13,146,200,80,250,115,206,152,179,193,37,0,75,118,107,149,240,119,46,32,248,6,200,48,110,127,16,90,120,219,166,183,193,45,241,140,142,130,132,36,167,95,168,28,160,140,220,106,23,105,12,163,155,195,208,91,244,223,212,247,113,134,131,189,3,68,100,164,114,225,193,25,83,68,97,239,129,115,94,245,143,137,46,34,44,70,1739150272382,/dev/cu.usbmodem1413301
9,11,208,54,44,12,120,210,213,112,54,132,215,122,223,133,169,72,141,100,180,136,120,68,193,140,180,7,138,16,10,45,100,176,111,96,119,104,199,14,231,119,59,77,92,30,136,232,238,139,182,134,20,14,189,168,129,103,151,206,38,59,11,135,169,175,218,176,31,215,133,86,147,42,107,170,56,186,208,74,255,85,180,150,67,10,239,117,0,137,38,110,200,211,82,186,182,70,28,87,43,117,49,235,211,12,214,24,107,131,233,203,234,83,83,203,96,2,207,140,66,33,189,205,230,162,137,104,20,236,180,125,144,82,122,119,193,154,159,114,164,69,168,168,78,168,50,134,249,115,83,4,220,215,31,31,95,107,17,27,107,51,44,252,210,85,5,157,10,246,101,235,21,188,145,186,100,223,192,198,123,242,177,19,44,196,25,32,196,190,141,112,16,186,121,140,64,183,199,212,70,171,153,195,107,127,222,115,52,199,247,60,23,254,63,132,78,83,202,24,49,181,113,40,115,4,210,62,117,171,164,192,19,247,40,91,13,166,243,88,23,12,2,14,249,133,25,99,216,157,1739150272382,/dev/cu.usbmodem14124401
55,252,91,75,154,150,110,185,246,54,171,50,174,121,250,245,184,2,92,162,220,18,56,244,4,114,30,39,15,40,79,212,121,104,181,127,158,69,8,49,109,36,9,8,82,196,194,65,70,242,24,204,211,250,95,107,74,215,242,113,202,125,77,54,5,167,223,7,152,36,13,108,134,221,85,51,7,35,199,7,86,247,211,227,142,71,221,11,38,200,126,234,240,14,201,143,145,52,168,32,231,227,116,240,105,193,113,2,15,61,179,39,170,145,155,7,74,178,219,21,61,48,140,176,181,49,41,190,218,31,255,201,7,218,110,237,32,166,24,122,175,120,197,161,77,66,104,128,76,214,2,239,241,6,67,158,91,246,229,76,29,216,29,200,253,136,164,59,63,154,19,241,48,40,207,71,126,46,59,15,38,183,159,61,4,120,191,12,99,200,31,91,155,203,249,133,190,74,51,7,162,36,123,223,126,111,44,113,159,254,157,254,2,240,124,251,3,49,216,22,95,196,176,117,154,3,94,227,121,50,247,208,18,2,11,58,38,59,242,178,140,133,191,7,167,152,117,120,49,182,1739150272383,/dev/cu.usbmodem14124301
78,91,103,118,86,132,104,251,16,92,191,107,133,157,98,88,245,207,214,239,136,212,123,36,4,43,5,161,9,36,83,167,58,28,123,129,92,250,196,177,143,214,6,59,219,88,18,112,248,172,211,68,245,4,57,114,235,177,151,222,166,166,155,239,137,241,152,138,79,94,97,171,38,166,18,65,110,89,252,70,181,11,223,95,209,134,136,16,2,144,129,230,180,163,163,125,185,206,172,75,1,232,105,141,87,5,14,100,49,245,56,56,209,29,20,114,106,84,213,236,90,12,184,108,45,176,55,182,63,59,166,177,79,108,5,16,56,22,200,50,70,156,203,169,166,147,43,35,202,52,111,64,124,71,204,213,106,222,89,86,78,47,0,73,183,106,237,209,228,237,117,166,229,149,70,18,247,255,57,49,150,33,193,160,191,210,91,142,209,226,75,59,195,115,191,72,128,35,177,30,135,142,181,172,6,155,33,94,195,91,27,186,174,95,217,247,76,253,46,21,224,180,55,0,53,222,181,155,166,241,56,140,104,75,112,60,192,28,164,101,203,138,193,27,172,38,74,179,92,185,1739150272383,/dev/cu.usbmodem14124201
10,237,79,21,192,62,46,237,195,111,141,72,0,254,199,94,98,138,219,100,18,53,215,46,27,140,117,36,37,151,121,7,8,96,233,242,77,56,148,87,45,16,155,195,253,179,224,157,233,198,220,6,218,222,44,34,16,203,97,88,165,50,207,47,69,162,177,225,68,141,185,115,32,66,236,206,83,223,18,124,158,134,107,238,251,211,10,31,63,167,2,35,177,133,178,234,209,100,97,182,7,152,63,252,5,123,200,23,169,185,172,238,46,1,239,95,248,58,43,201,137,221,187,221,247,1,84,207,226,187,122,27,227,69,233,125,38,134,197,140,174,173,3,79,236,223,64,170,142,35,162,162,193,208,177,74,96,121,120,219,12,115,39,176,123,78,0,104,150,59,30,198,97,130,234,183,251,31,207,180,219,126,73,105,193,109,154,224,102,102,48,116,169,28,228,71,243,143,167,52,116,181,250,17,165,7,230,156,179,201,138,197,80,51,217,51,236,47,225,227,136,114,179,222,131,255,105,114,198,83,250,120,190,242,132,90,177,3,245,203,14,121,54,253,205,206,198,147,205,148,1739150272384,QBYTE | muffle
74,3,214,71,26,183,238,0,103,149,124,4,101,25,197,87,194,64,207,57,44,187,133,37,75,104,165,41,38,140,223,241,203,124,204,235,215,208,208,138,11,241,149,211,175,227,127,125,103,48,167,162,233,194,133,92,175,226,217,172,147,242,164,135,221,200,204,32,211,127,127,19,11,179,0,213,90,137,120,38,129,12,4,170,78,103,86,78,92,208,91,212,215,111,60,208,165,245,72,79,209,168,0,168,124,238,223,70,160,182,84,208,176,6,120,145,41,39,116,255,51,193,59,38,243,176,76,255,58,144,199,6,60,183,246,163,55,212,30,164,254,241,66,175,58,227,128,6,185,114,81,0,162,217,171,46,219,57,231,142,255,112,151,183,188,28,172,90,34,242,98,67,143,51,78,73,249,15,135,42,150,208,231,236,17,116,54,157,157,186,170,221,146,197,219,188,134,100,124,90,33,108,152,230,206,251,41,38,238,34,146,208,134,207,130,253,190,238,108,118,149,9,202,49,239,123,20,104,7,214,76,63,144,146,69,187,54,116,124,62,252,69,187,124,63,132,64,185,235,152,1739150273457,/dev/cu.usbmodem1413101
50,19,54,0,64,138,151,152,76,82,59,13,100,186,211,162,196,149,11,29,127,46,60,90,241,210,85,55,15,30,59,15,54,143,22,26,64,164,128,15,123,8,125,127,69,221,217,120,244,231,75,164,95,145,83,37,183,35,160,104,173,182,20,100,130,238,249,228,166,160,239,191,133,150,176,75,137,252,111,101,29,37,107,50,31,17,163,163,76,177,172,77,23,20,117,7,91,102,105,88,43,187,65,59,79,75,122,202,243,3,50,139,146,21,24,10,118,40,178,238,47,42,98,77,57,201,132,200,250,140,132,114,92,226,128,55,216,56,56,130,20,164,169,194,179,157,96,237,164,187,98,25,146,235,192,45,207,2,140,177,86,179,226,180,5,240,189,1,141,205,94,20,193,105,252,209,206,211,154,175,241,167,145,2,185,65,187,195,83,27,60,6,75,7,93,18,112,191,235,164,14,54,192,247,217,249,75,210,49,44,222,68,200,235,228,19,83,171,123,205,235,3,82,22,21,3,136,107,85,48,172,107,33,175,241,8,195,10,216,69,154,152,35,200,247,39,80,77,109,148,1739150273457,/dev/cu.usbmodem1413401
0,145,58,208,28,126,190,182,39,141,152,101,89,229,210,251,213,185,129,12,200,80,130,33,189,133,213,231,107,36,202,141,109,160,224,3,155,33,92,92,242,44,65,164,188,73,73,51,29,43,170,52,22,215,8,221,92,149,82,226,175,65,79,38,74,125,213,126,226,130,133,40,206,207,32,17,139,162,68,127,60,179,169,100,192,120,140,56,118,134,188,54,113,61,143,78,32,126,190,25,204,233,177,9,40,188,157,189,225,78,134,147,42,115,60,147,152,19,84,134,107,165,82,90,210,173,96,131,90,73,19,187,177,103,226,93,75,255,23,174,13,101,165,185,79,76,36,186,99,73,87,17,24,37,94,0,55,109,93,199,109,42,109,5,167,15,85,125,150,220,17,141,22,154,201,43,250,222,28,212,79,203,58,29,238,121,84,195,64,145,224,234,175,131,69,155,36,205,112,184,44,113,70,227,217,242,255,60,177,103,228,3,140,60,37,104,114,14,198,2,143,78,219,171,155,50,146,226,110,167,180,112,96,148,112,34,38,137,11,60,107,209,74,113,189,60,124,106,153,172,1739150273458,/dev/cu.usbmodem1413201
11,151,208,38,104,29,227,183,249,228,210,89,28,143,99,251,17,150,123,216,115,229,11,75,146,109,39,246,235,245,134,133,199,147,163,245,73,5,143,250,3,89,225,14,121,105,22,124,98,73,155,47,78,31,5,90,248,5,175,20,34,253,200,3,7,155,142,197,6,124,84,69,156,110,13,130,133,81,0,246,71,8,201,71,224,229,97,90,206,194,16,10,159,123,104,168,31,225,62,253,6,93,174,147,33,118,58,118,8,206,185,201,249,141,211,54,114,39,221,208,11,232,142,207,173,29,26,112,208,196,169,90,103,86,139,20,207,83,133,199,99,193,81,136,2,236,59,24,50,255,112,18,32,97,167,224,75,83,3,30,35,100,39,205,189,199,118,52,235,31,214,111,51,141,184,129,220,86,3,92,217,127,31,116,242,115,200,123,221,49,68,180,45,126,123,144,17,72,64,116,137,215,77,12,145,166,185,170,0,144,101,192,215,154,126,88,219,162,62,51,74,223,66,196,179,144,74,85,37,129,189,16,185,12,231,228,92,109,167,202,146,120,81,146,153,89,82,170,4,87,1739150273459,/dev/cu.usbmodem14124101
26,46,124,89,180,23,65,232,11,81,148,18,238,192,236,237,80,156,7,9,126,205,212,127,130,3,137,192,178,125,116,146,250,2,39,190,140,140,62,251,11,1,154,82,166,199,134,14,66,159,121,51,121,218,114,101,40,98,196,158,152,48,242,60,131,204,198,84,92,246,4,186,141,117,92,104,21,254,62,249,74,93,195,240,203,174,110,159,55,60,24,239,123,143,73,209,247,19,22,237,81,173,95,102,216,21,60,7,198,109,18,152,37,195,237,114,121,134,37,138,220,108,235,244,170,12,65,215,209,170,68,7,178,248,195,28,46,46,171,155,190,242,136,227,25,133,181,208,127,209,254,190,221,45,103,18,140,176,74,128,36,194,50,5,127,131,19,227,232,126,151,66,44,173,165,112,186,193,199,157,213,255,75,120,201,82,184,250,66,27,2,26,192,186,199,245,128,10,242,193,234,131,121,103,223,227,118,146,130,235,113,233,105,85,150,138,252,173,117,91,48,167,0,71,198,219,66,103,173,38,203,74,170,206,97,125,53,167,60,25,156,197,48,186,161,213,239,167,171,76,1739150273459,/dev/cu.usbmodem1413301
137,226,251,221,166,119,244,28,35,223,210,155,24,49,54,251,253,242,24,218,76,20,200,209,244,103,131,234,28,71,4,140,174,14,86,186,30,170,202,230,182,11,242,247,29,247,48,165,217,170,90,22,136,81,127,198,223,77,132,253,125,35,184,140,211,48,148,48,9,199,46,219,89,61,90,79,87,59,126,57,36,14,165,109,133,88,213,73,213,213,8,42,24,196,72,128,249,166,219,14,30,70,228,223,20,247,196,240,184,243,234,79,81,52,255,115,45,154,107,218,126,95,161,5,220,109,99,167,4,124,229,227,7,203,23,26,210,254,13,103,62,165,239,188,241,220,137,132,40,54,117,206,119,237,187,118,172,139,188,148,66,168,69,180,129,40,6,22,179,25,36,152,39,95,121,109,134,140,36,175,155,66,131,44,170,33,78,54,213,66,19,2,122,124,171,35,124,57,213,8,112,23,186,35,145,244,1,238,74,39,105,195,26,91,17,110,126,136,16,210,195,66,92,155,41,207,82,97,225,76,42,225,212,101,69,114,19,95,221,61,38,97,185,90,19,150,18,34,204,153,1739150273460,/dev/cu.usbmodem14124401
223,155,180,70,152,67,203,121,79,5,233,33,143,187,58,165,185,94,114,167,63,90,16,238,41,145,231,155,21,156,182,238,32,230,15,76,55,211,251,123,148,192,251,175,139,218,141,243,206,80,122,122,31,255,243,19,5,240,34,57,26,191,168,25,235,225,104,88,15,222,111,20,196,93,40,232,227,92,78,78,53,126,112,34,196,158,75,142,65,115,137,226,195,49,202,83,38,58,234,60,28,65,188,242,182,39,201,71,96,121,122,247,62,154,218,0,201,47,69,194,205,207,25,178,178,47,178,56,190,12,210,29,125,221,176,175,32,182,236,52,78,184,120,199,76,77,93,135,167,71,23,194,28,164,248,102,137,180,20,141,4,235,207,247,60,124,212,134,42,17,205,175,134,228,226,49,142,171,151,61,178,160,175,242,252,152,105,48,115,214,34,106,190,172,109,47,132,47,62,76,16,248,179,82,65,1,79,59,54,198,99,75,188,238,62,28,113,83,141,201,230,146,58,92,184,88,84,80,15,79,213,128,172,210,239,149,134,117,34,21,44,58,67,234,179,17,55,66,241,147,1739150273460,/dev/cu.usbmodem14124301
4,2,74,75,192,202,238,205,53,67,104,237,167,144,56,56,50,154,98,115,98,11,195,80,200,225,115,65,240,85,7,118,230,129,99,120,231,43,171,219,196,18,38,183,88,203,35,91,126,105,183,17,90,210,39,195,111,245,69,142,41,247,173,207,13,182,114,205,188,58,164,243,110,43,130,245,81,233,209,2,5,233,116,240,241,61,109,160,63,231,127,137,123,2,15,143,53,231,58,253,166,175,22,116,51,110,173,102,62,65,176,52,251,46,158,87,255,136,225,137,1,131,166,46,129,75,224,208,178,66,238,2,14,128,180,115,172,34,215,120,233,179,226,87,69,122,152,106,40,171,183,141,28,244,126,157,227,207,220,209,47,85,136,245,200,98,170,58,203,29,81,1,207,26,125,13,197,54,66,216,252,216,153,28,148,160,189,217,164,81,67,233,72,100,170,73,53,210,63,197,127,21,65,240,51,195,59,24,44,249,3,192,39,93,96,179,166,43,205,200,229,115,227,75,67,190,188,149,149,238,127,162,240,94,101,22,227,78,142,25,220,80,16,225,207,216,243,18,130,112,1739150273461,/dev/cu.usbmodem14124201
59,67,115,56,100,183,180,217,167,102,202,112,154,19,127,126,228,80,49,247,135,168,255,5,2,70,156,255,226,176,105,112,197,171,132,55,7,142,39,158,108,84,253,187,71,63,225,73,199,185,51,83,90,61,2,141,33,123,163,230,101,163,120,160,164,107,38,142,119,244,160,71,162,186,49,55,45,246,140,70,185,86,109,244,10,190,133,119,52,88,189,11,245,69,106,188,220,100,188,209,197,162,79,54,115,196,158,145,154,147,107,21,64,174,217,104,215,128,165,92,18,217,112,147,240,204,194,92,147,9,100,110,112,10,207,7,27,4,41,255,163,173,226,147,37,176,6,240,148,116,63,37,162,230,200,124,34,69,11,174,170,89,15,120,169,145,89,91,104,151,212,193,41,65,128,19,102,132,52,218,241,6,173,61,191,116,51,195,19,223,66,30,23,49,19,21,142,144,129,114,127,133,98,24,99,131,39,61,188,10,181,246,253,63,228,149,17,180,202,2,75,159,132,131,198,40,188,119,207,11,162,189,74,130,141,249,204,89,69,165,213,186,89,188,34,76,7,225,15,193,1739150273461,QBYTE | clouds
29,134,228,243,130,198,214,225,93,140,173,196,171,64,56,89,151,9,190,168,59,203,75,192,8,252,225,2,168,11,204,43,174,212,226,121,238,17,3,201,93,46,61,194,76,245,164,197,235,170,76,91,112,62,173,93,161,99,132,151,171,156,39,175,68,104,175,195,161,147,103,131,31,92,144,130,40,244,241,18,14,74,124,242,253,236,137,9,191,72,253,38,66,23,243,40,192,158,184,68,231,136,51,23,145,117,59,236,80,40,97,23,119,255,231,29,118,228,65,98,108,54,170,94,247,185,18,19,247,86,175,203,178,91,176,183,175,50,170,224,215,201,59,211,53,204,196,134,99,193,73,155,102,62,11,77,57,207,108,38,233,75,3,0,50,196,240,59,232,145,184,133,81,105,114,96,213,51,165,123,179,89,14,245,140,214,210,179,250,102,225,191,6,60,163,156,238,242,104,113,248,205,178,229,248,143,152,58,101,17,93,229,66,194,108,63,84,159,7,31,67,189,38,199,184,214,70,7,104,113,57,56,160,71,118,132,161,62,5,194,143,125,67,163,77,174,218,7,124,228,1739150274529,/dev/cu.usbmodem1413101
16,235,117,153,112,228,1,34,207,138,92,201,148,204,1,251,158,124,81,229,244,147,81,133,227,181,200,220,208,16,215,102,44,129,223,208,55,45,159,122,176,139,253,18,136,232,249,237,45,113,3,68,52,129,140,244,35,193,225,62,211,76,145,246,84,108,216,243,194,2,14,160,224,216,253,0,245,12,156,192,118,118,219,245,206,72,250,198,252,1,102,41,233,156,226,253,15,37,38,71,151,145,7,84,22,219,118,105,121,216,112,116,18,136,68,136,145,71,230,46,193,14,65,254,139,216,144,121,150,75,200,191,210,134,255,79,244,12,218,191,143,167,73,254,141,210,51,145,197,3,124,207,61,190,78,200,189,229,203,137,146,179,64,111,192,228,20,203,236,36,213,23,206,227,253,76,120,157,12,221,146,126,222,15,226,127,62,254,223,241,28,136,71,4,34,36,235,32,252,37,44,11,80,214,50,113,139,184,116,101,180,45,36,84,193,250,62,68,36,232,140,8,159,136,255,104,27,56,239,255,66,218,95,50,169,100,214,43,169,107,58,190,145,196,234,43,152,179,5,13,1739150274529,/dev/cu.usbmodem1413401
24,76,233,70,247,226,111,115,61,160,17,68,141,7,219,120,244,52,71,158,108,249,220,104,217,26,116,66,31,70,127,72,58,124,28,119,187,30,60,71,106,82,238,62,64,231,88,189,32,184,69,26,118,233,170,139,140,70,115,109,176,233,110,95,234,87,91,119,44,99,247,89,42,197,215,30,223,241,47,254,70,12,135,26,236,28,221,78,21,249,153,255,166,115,83,147,54,244,113,210,255,216,165,22,20,106,229,105,90,95,219,198,154,53,254,43,174,116,215,6,57,229,211,133,186,3,63,17,237,100,211,41,113,3,80,72,5,146,235,126,200,112,28,76,41,171,100,144,73,128,252,241,193,93,108,163,161,197,159,186,186,184,17,253,109,42,221,253,134,88,81,254,149,90,208,198,187,230,33,71,191,177,146,37,252,216,52,225,67,24,79,52,253,103,21,151,168,57,204,86,120,99,21,222,4,114,255,30,4,69,151,114,209,143,93,98,15,200,198,37,87,221,151,206,175,245,205,35,161,208,165,111,17,210,18,244,175,158,9,12,153,157,131,206,66,139,76,239,114,146,1739150274530,/dev/cu.usbmodem1413201
198,82,96,186,118,124,158,147,221,78,213,157,137,42,91,20,25,182,14,193,125,219,63,207,132,255,115,18,192,238,235,152,166,91,27,179,241,52,37,254,224,103,251,111,138,62,179,99,194,210,153,116,252,57,39,211,123,124,69,215,6,214,120,161,185,236,186,197,109,27,114,66,147,244,44,211,11,136,166,220,146,64,63,53,207,252,144,210,66,135,87,98,190,24,76,29,2,48,205,83,231,113,222,3,113,192,253,220,19,240,68,167,220,14,162,91,227,167,236,226,47,237,209,201,20,219,4,249,27,77,253,180,44,19,193,254,248,156,75,27,155,55,178,229,130,213,16,235,0,224,138,174,114,118,127,113,250,254,53,140,75,217,2,178,218,77,217,132,44,106,160,199,62,30,175,242,222,77,253,242,103,102,58,77,0,84,109,213,189,60,91,185,43,154,79,201,42,95,182,194,212,167,159,204,218,113,208,7,211,150,132,95,34,80,175,58,115,17,152,216,29,103,57,137,147,29,40,210,87,119,55,124,249,4,31,119,52,149,249,208,243,110,220,219,79,10,200,163,7,246,1739150274530,/dev/cu.usbmodem14124101
8,73,72,94,195,108,93,192,216,5,145,208,208,194,110,83,26,144,106,229,21,226,9,158,30,216,162,8,135,218,12,228,202,254,173,19,1,100,185,186,32,30,169,62,220,102,153,221,111,190,71,60,40,245,239,111,243,36,66,168,167,147,122,230,98,96,241,198,236,194,157,23,70,153,89,151,168,141,94,53,2,15,166,82,5,231,19,133,241,45,37,94,19,34,166,147,69,155,37,158,141,100,70,12,42,184,247,20,4,23,23,33,166,179,210,161,15,139,89,125,159,174,26,135,96,228,197,220,217,101,133,75,247,151,246,185,188,216,247,244,185,86,166,18,252,118,89,178,232,144,240,86,78,235,180,107,34,42,115,15,236,187,179,252,117,133,63,191,202,182,184,211,119,95,195,142,65,61,205,34,229,233,85,14,20,254,17,248,36,192,103,17,170,136,62,97,16,121,15,181,111,252,120,140,24,120,155,190,6,50,195,212,66,125,78,196,103,215,4,60,116,214,212,181,166,49,207,41,110,244,165,160,237,45,255,215,188,96,164,142,122,53,22,89,204,106,64,48,5,115,1739150274531,/dev/cu.usbmodem1413301
143,151,181,142,38,8,56,78,242,59,159,90,226,164,55,158,8,25,163,14,234,237,189,211,26,100,57,188,63,90,254,149,42,202,36,99,98,77,42,152,20,148,218,98,35,194,12,191,159,132,133,134,0,63,22,119,49,113,209,45,135,225,135,173,26,38,122,221,118,222,3,49,16,165,161,186,70,88,185,236,46,27,146,196,203,3,64,68,153,141,242,192,95,137,86,184,235,95,11,131,165,67,129,79,160,82,221,158,38,103,210,154,130,85,229,72,168,73,84,19,123,136,11,153,110,219,12,159,99,121,55,79,172,120,67,144,90,237,50,130,86,119,231,203,75,93,102,185,57,161,133,87,194,208,144,168,51,76,179,205,108,70,2,72,51,137,85,85,207,201,69,250,35,248,69,199,242,142,229,185,154,58,114,195,140,248,129,219,157,60,102,250,187,130,194,73,170,119,135,169,158,122,20,171,4,100,236,251,204,216,104,121,108,10,61,212,178,151,174,17,144,165,42,111,118,128,230,85,101,251,17,195,91,156,20,160,150,205,176,198,71,61,5,168,124,149,5,57,66,201,1739150274531,/dev/cu.usbmodem14124401
79,3,57,27,43,246,136,134,112,159,207,88,220,86,94,193,100,89,124,16,99,224,166,147,147,223,239,21,2,236,220,117,247,73,82,90,155,120,177,185,15,103,230,126,141,24,1,137,135,221,123,141,130,82,213,7,57,178,32,173,154,199,10,237,153,233,6,86,49,120,111,157,229,83,146,184,82,38,237,78,144,5,226,30,148,43,99,235,49,193,156,196,122,221,63,237,214,187,38,171,246,217,16,173,122,70,73,152,112,202,175,23,252,176,72,190,225,13,82,14,84,186,20,201,97,150,252,46,166,172,235,34,25,1,201,176,167,124,35,242,115,15,120,229,103,99,187,179,120,105,227,142,94,8,224,79,229,201,130,67,47,102,250,65,85,37,126,165,38,171,21,196,53,231,37,255,100,11,34,142,185,65,147,233,37,26,179,20,213,203,102,51,175,163,74,176,206,1,152,52,39,107,30,75,35,126,32,132,180,175,118,157,160,42,192,64,18,246,189,193,163,138,81,39,160,240,6,219,211,216,153,118,61,151,182,169,216,91,151,21,15,219,18,181,223,144,137,156,239,144,1739150274532,/dev/cu.usbmodem14124301
252,49,39,181,163,197,88,139,216,234,27,220,203,193,77,237,177,112,91,234,80,192,153,39,7,62,38,41,21,212,212,226,187,150,27,84,111,253,162,91,179,6,92,111,51,65,89,206,186,188,157,215,211,119,67,143,180,52,19,200,20,124,11,253,54,241,95,37,154,170,11,168,198,196,123,150,253,239,80,114,6,179,119,90,255,144,186,119,87,83,85,229,24,26,68,46,85,235,252,62,217,111,237,35,252,60,133,148,85,240,76,130,110,226,130,251,124,219,34,165,165,156,32,29,167,14,19,198,174,225,247,192,148,130,151,8,241,232,81,198,248,227,80,184,204,90,110,196,93,155,110,107,18,170,79,151,169,168,205,126,104,71,179,11,27,189,36,173,235,192,75,216,147,173,50,26,10,185,113,33,206,151,119,202,101,30,190,53,98,80,116,100,163,102,178,198,234,206,226,51,61,177,9,15,187,68,185,157,253,89,111,104,7,155,181,89,104,126,126,217,139,81,7,210,111,95,0,101,56,54,7,253,130,39,19,85,172,104,61,86,185,51,175,248,207,53,140,53,23,124,1739150274532,/dev/cu.usbmodem14124201
231,159,251,232,30,235,147,160,240,163,239,218,30,80,243,47,35,87,72,3,18,85,114,27,38,241,124,6,8,11,117,123,178,153,250,19,4,186,5,202,239,123,28,204,79,57,123,211,233,234,183,145,183,128,195,97,58,75,243,243,96,38,92,252,148,225,68,234,19,39,22,43,51,30,135,76,72,157,190,21,22,210,190,250,181,27,180,14,26,5,75,45,157,140,133,179,214,235,214,10,111,33,117,155,238,148,179,182,103,21,168,44,149,248,2,73,144,100,225,109,174,48,204,38,26,30,159,41,37,101,231,15,235,161,53,223,22,145,103,120,111,228,181,0,15,114,105,16,27,97,187,239,40,50,221,76,130,22,130,102,77,69,168,222,77,211,208,107,102,147,63,158,198,35,97,180,21,4,14,39,241,245,187,124,74,39,40,123,213,212,250,6,138,10,223,184,25,117,28,219,147,94,19,66,144,219,210,199,69,187,72,189,28,143,89,148,185,202,20,63,73,167,191,39,100,72,151,12,145,200,195,25,30,162,156,232,178,128,226,126,84,208,35,206,10,94,134,88,179,219,1739150274533,QBYTE | philmont
167,63,152,162,41,69,154,38,46,137,77,190,195,110,189,54,207,130,15,20,10,142,113,62,251,33,63,80,219,83,239,22,255,249,117,14,220,82,255,27,123,232,234,83,216,149,86,133,176,151,74,84,61,51,189,206,135,38,147,99,203,156,166,93,32,66,137,212,248,38,90,115,249,242,195,8,57,205,74,252,169,134,135,82,139,23,21,36,180,203,156,201,167,230,58,61,8,0,170,87,218,220,165,99,206,67,220,33,89,167,179,152,35,236,252,42,151,14,165,108,249,204,246,86,211,233,139,13,150,111,144,140,71,153,195,165,63,38,2,140,120,92,203,222,64,218,20,45,32,30,32,232,17,131,143,208,29,146,181,223,243,206,248,132,115,29,189,81,70,206,81,11,98,34,186,116,94,167,174,58,51,22,68,252,246,184,144,153,234,158,220,95,3,224,249,3,89,5,243,158,186,81,207,41,197,166,4,131,102,104,252,152,151,51,43,247,94,15,94,71,220,5,151,184,178,194,37,164,19,80,130,19,64,234,6,87,105,171,215,39,152,120,138,202,59,63,72,209,111,187,1739150275603,/dev/cu.usbmodem1413101
88,209,80,19,159,69,24,106,252,130,26,122,16,71,7,125,14,24,185,84,228,27,100,248,80,97,78,225,208,47,235,132,218,185,65,232,133,204,146,156,111,39,21,80,253,208,160,128,24,152,10,171,142,206,189,45,123,172,44,95,166,56,99,95,224,185,94,244,26,38,231,231,250,248,110,87,5,59,143,72,178,179,5,225,219,104,173,170,101,0,21,188,85,127,92,67,166,194,193,213,235,220,108,163,5,63,170,21,218,249,86,199,0,207,28,20,84,65,69,64,235,47,175,140,18,37,238,181,144,56,3,23,250,203,97,211,171,120,112,253,207,187,204,140,203,121,143,196,94,102,73,186,81,197,248,170,169,58,188,102,173,207,204,2,69,17,145,252,32,16,103,222,112,217,116,153,173,185,87,238,92,6,192,238,57,187,16,204,94,22,85,234,135,19,74,255,83,73,216,18,7,221,66,254,252,252,241,21,59,185,39,71,94,82,61,40,247,127,116,237,97,84,11,110,45,120,103,82,152,237,201,30,32,252,10,84,51,189,40,57,161,255,57,194,215,14,77,126,73,207,1739150275604,/dev/cu.usbmodem1413401
255,168,206,244,23,206,84,18,227,206,41,246,37,14,172,17,179,1,151,178,44,233,219,13,132,238,252,115,161,24,18,129,186,133,128,40,163,36,6,97,116,98,89,196,93,234,0,249,86,220,17,99,34,61,3,199,176,100,194,44,38,102,19,106,187,91,101,165,152,40,177,44,165,212,56,211,228,117,209,126,39,152,58,49,39,220,57,40,63,67,234,74,144,229,251,61,141,69,72,170,125,188,74,169,188,247,205,253,250,54,124,222,66,210,159,45,188,163,218,236,123,222,87,199,105,85,71,216,15,241,19,2,114,189,208,33,171,244,133,188,88,245,18,139,231,70,115,153,8,186,212,92,127,47,123,51,15,197,65,222,30,194,171,216,61,119,152,207,204,9,250,184,204,37,159,126,154,11,68,71,91,225,60,14,122,190,157,117,18,241,249,62,16,140,208,212,84,17,124,137,193,11,108,91,217,244,142,216,230,176,228,141,249,149,251,244,159,180,114,112,173,95,30,141,159,207,96,202,144,39,59,164,65,167,184,249,178,111,93,136,208,143,114,125,91,120,159,189,73,221,1739150275604,/dev/cu.usbmodem1413201
94,107,195,134,216,106,175,211,227,33,194,12,7,151,250,124,159,121,197,10,181,117,228,101,61,167,3,140,63,156,134,135,253,167,162,169,64,32,113,170,103,217,246,103,138,153,146,253,104,195,168,200,82,119,46,86,201,182,24,52,184,245,43,112,209,32,60,18,132,230,32,180,58,143,27,26,135,184,204,222,240,196,74,53,9,93,56,102,82,201,88,114,113,149,151,65,31,43,3,207,49,240,165,155,181,117,117,48,187,82,203,181,106,196,168,95,145,185,74,104,135,118,185,141,104,118,60,11,81,3,238,107,97,81,10,137,221,131,222,148,27,243,176,144,220,147,249,122,85,189,28,115,52,212,253,60,220,96,252,223,147,195,46,148,202,103,48,202,160,238,177,236,171,59,197,46,175,21,246,230,180,169,80,107,213,254,90,124,139,36,181,106,119,4,93,112,102,69,3,69,149,190,98,222,147,51,247,173,210,26,27,68,48,10,136,222,163,66,181,211,1,78,37,188,120,116,201,216,66,161,191,35,4,46,15,242,139,140,112,130,235,236,165,160,235,105,63,215,135,92,1739150275605,/dev/cu.usbmodem14124101
174,228,122,117,41,99,105,2,230,100,44,232,62,202,204,207,160,51,123,43,50,85,167,51,147,63,127,191,26,249,46,223,144,56,120,165,46,190,104,216,17,199,88,219,228,230,145,33,48,115,167,28,148,240,8,52,3,159,209,22,213,148,213,62,214,35,228,220,222,180,57,217,92,39,70,5,189,110,145,231,22,4,18,201,242,93,72,222,27,219,163,45,242,155,79,149,243,65,112,111,1,133,179,48,144,187,31,239,45,213,180,249,202,95,148,117,198,99,216,26,229,99,34,109,231,205,86,41,112,116,147,224,125,128,222,200,220,104,60,13,88,195,24,211,53,106,192,60,248,232,67,171,51,50,237,109,201,188,50,21,81,197,194,107,167,77,178,169,90,170,184,217,48,226,167,96,34,170,221,182,36,61,172,88,162,0,240,39,36,98,249,160,167,155,187,79,248,119,114,149,38,243,230,147,40,151,22,188,48,10,141,0,124,244,3,211,217,145,184,181,19,73,135,170,124,45,126,100,62,108,54,248,121,172,134,228,48,142,153,188,219,40,151,56,88,195,54,43,56,93,1739150275605,/dev/cu.usbmodem1413301
21,121,8,38,188,90,14,201,30,175,215,206,218,27,40,69,167,170,18,25,210,6,56,223,185,236,77,252,50,213,170,83,23,90,145,67,121,122,184,105,166,133,93,21,110,70,6,120,207,185,27,62,28,32,199,187,246,243,160,22,159,148,94,66,214,10,239,248,201,234,96,73,173,24,160,157,231,209,99,210,146,163,149,122,135,253,91,156,171,245,239,229,149,189,97,66,103,120,208,74,121,29,106,84,1,190,5,124,71,97,122,223,46,62,182,41,230,67,87,232,186,59,233,7,238,220,232,176,176,73,210,203,56,7,186,96,155,249,147,31,37,195,40,201,132,89,155,214,115,208,3,9,172,200,242,136,131,212,90,149,67,161,195,88,92,112,61,84,218,163,84,222,142,204,107,242,172,92,45,247,119,136,155,47,240,37,80,114,135,184,140,158,232,228,38,215,80,193,243,74,103,130,28,205,204,64,78,15,101,173,121,83,128,150,251,7,31,79,141,80,128,1,32,179,111,78,177,249,23,163,74,110,93,115,118,72,168,63,244,253,19,86,184,6,152,104,192,31,128,241,1739150275606,/dev/cu.usbmodem14124401
13,177,205,255,28,220,2,214,49,7,194,51,234,61,100,244,21,252,116,17,207,14,150,223,150,44,37,71,234,109,196,143,93,4,127,228,90,116,166,71,82,138,160,19,85,115,56,146,158,17,0,78,192,83,15,67,248,79,106,178,76,226,100,229,20,32,27,146,219,64,205,107,53,34,118,209,236,24,114,36,20,108,131,83,225,29,179,98,151,150,161,85,109,120,149,249,9,108,222,152,210,61,233,75,246,17,51,118,16,79,81,157,242,111,240,38,59,148,19,145,195,187,164,29,3,65,215,105,220,216,200,118,228,35,104,218,56,173,191,70,147,78,25,44,99,147,169,3,105,38,127,102,137,171,191,206,178,62,105,122,226,218,43,34,88,141,224,13,178,128,31,10,122,65,139,137,250,78,2,227,59,54,164,42,238,202,76,131,38,217,69,104,233,137,101,117,131,26,120,97,13,143,120,250,129,137,230,251,159,155,14,135,229,75,139,19,146,87,59,43,127,251,214,53,10,241,194,91,204,73,132,23,162,224,241,204,131,175,44,239,80,99,134,5,104,245,45,169,48,26,1739150275606,/dev/cu.usbmodem14124301
214,152,49,25,253,132,192,108,52,67,166,65,100,98,202,201,212,28,180,9,23,200,242,64,31,84,85,230,115,118,192,61,142,152,90,123,241,247,229,211,254,12,22,239,149,65,177,117,178,80,177,221,178,216,74,82,201,103,58,70,9,248,17,26,123,81,35,83,199,182,43,103,110,49,144,157,147,152,115,34,1,112,180,64,183,214,144,191,186,188,161,192,205,116,83,197,198,155,237,252,177,235,7,51,226,134,66,175,189,246,75,186,132,226,205,14,230,167,43,114,110,65,107,204,8,76,41,181,21,129,57,195,44,119,144,139,150,34,98,95,163,251,19,241,164,101,173,192,86,106,212,145,91,0,79,48,248,91,211,150,180,182,97,67,117,158,91,201,188,15,32,152,89,113,4,53,214,157,64,113,67,170,245,130,103,152,116,82,244,250,162,150,16,158,211,233,18,214,128,132,24,183,128,8,31,6,175,178,68,231,157,171,68,111,109,242,164,69,126,137,153,246,144,14,150,94,49,6,169,167,99,42,155,100,16,182,229,12,76,130,141,77,71,192,88,253,183,202,180,100,1739150275607,/dev/cu.usbmodem14124201
62,153,75,118,13,197,220,252,47,107,35,106,155,62,166,145,43,155,77,210,79,156,209,221,177,162,204,172,36,207,16,170,54,156,218,30,70,221,137,105,28,176,227,146,184,164,122,191,69,155,244,229,57,236,167,236,65,28,68,208,252,45,3,155,197,216,189,114,245,102,147,144,54,125,142,66,122,4,43,39,93,210,66,23,93,149,137,95,33,69,119,16,212,195,226,233,103,98,179,166,102,2,17,238,71,108,165,179,5,55,134,53,153,217,200,56,19,70,199,185,28,233,179,43,194,243,94,46,81,193,222,108,35,109,228,39,11,55,91,82,185,84,159,142,198,179,78,35,151,11,74,40,70,236,30,110,103,0,102,212,151,8,250,152,23,50,176,145,132,191,174,20,232,251,215,147,100,37,249,166,171,113,142,168,187,52,223,216,92,164,87,33,85,19,21,92,1,98,45,122,189,112,129,254,9,197,157,25,231,160,67,105,93,184,123,192,101,74,157,78,100,5,70,197,247,205,215,36,21,26,84,33,56,196,170,222,157,231,223,56,23,180,138,46,172,131,201,146,212,39,1739150275608,QBYTE | peattie
202,109,235,5,169,69,104,32,96,124,212,248,248,190,164,18,173,250,9,66,66,62,184,117,239,202,83,209,174,94,186,4,141,218,226,80,255,135,99,177,143,9,145,150,6,139,239,54,20,184,2,158,119,127,57,46,174,246,30,199,232,166,7,199,112,208,65,24,176,150,74,107,129,220,117,68,3,231,203,207,110,177,68,115,109,228,50,92,136,142,218,113,94,92,11,29,21,183,192,75,214,85,130,241,213,166,217,237,123,195,109,63,238,70,46,215,188,136,175,93,152,122,219,92,171,151,220,93,32,128,63,162,81,86,33,46,142,217,25,14,216,180,111,210,178,95,105,99,12,94,117,15,138,102,64,1,4,100,152,33,53,2,42,101,113,251,33,99,24,2,70,170,248,255,74,145,195,117,50,191,80,9,30,34,145,98,253,207,88,214,152,228,47,68,243,36,174,44,123,228,90,26,245,29,179,211,224,21,245,41,209,110,18,139,224,30,50,111,253,18,140,127,12,146,202,118,114,6,93,2,27,238,54,25,93,180,17,74,167,23,211,167,232,25,212,23,117,245,134,108,1739150276679,/dev/cu.usbmodem1413101
225,248,9,38,143,166,129,213,253,219,125,217,186,255,190,113,148,66,23,167,172,186,118,179,93,102,105,113,197,215,54,205,218,87,118,164,84,63,105,68,125,129,32,104,111,169,181,156,50,136,254,84,37,35,98,117,77,198,61,133,78,221,133,71,81,148,169,88,92,200,101,106,212,65,82,230,242,87,135,144,140,2,207,183,185,110,91,196,131,203,248,58,99,120,147,177,139,127,46,196,16,5,97,37,194,30,119,243,60,83,75,96,67,174,201,160,214,89,44,1,171,85,117,69,103,253,12,34,143,68,124,254,163,51,146,214,95,217,134,77,147,206,14,166,69,74,164,10,176,120,217,51,136,103,1,248,132,240,230,108,77,178,116,114,249,252,225,21,143,196,151,18,73,58,135,122,121,188,81,97,1,218,27,242,215,186,193,47,190,3,75,117,124,145,175,158,204,19,214,124,101,196,92,243,178,113,184,35,237,122,222,142,49,214,250,47,39,102,164,207,116,215,75,33,207,70,157,128,193,38,35,241,78,120,60,0,84,204,1,45,1,233,81,212,94,143,56,240,45,15,1739150276680,/dev/cu.usbmodem1413401
77,3,158,94,141,53,80,89,132,173,148,105,150,26,174,253,246,79,47,219,163,96,149,247,113,22,63,250,182,182,157,219,222,95,221,239,13,96,134,12,88,208,165,188,192,215,118,236,134,145,171,154,166,65,136,178,111,153,96,33,199,65,176,223,148,121,218,223,238,83,182,172,0,23,230,132,138,106,176,204,9,83,145,223,85,31,148,237,72,164,255,183,176,219,29,44,217,111,31,84,204,249,49,185,158,173,216,101,75,238,9,21,98,170,89,86,188,206,112,69,66,215,100,11,206,196,180,80,186,124,254,155,136,188,222,178,157,21,85,159,81,240,125,14,22,23,249,46,184,177,51,80,73,152,76,146,143,191,84,237,17,184,51,7,134,172,184,192,119,46,219,216,44,197,19,35,51,197,181,168,181,235,29,223,193,143,164,47,123,54,134,58,1,175,165,82,233,131,146,57,134,213,88,147,45,194,130,50,129,126,29,51,111,97,195,159,31,226,205,56,139,125,5,244,204,155,145,49,216,98,229,167,163,145,36,149,150,215,186,0,73,103,225,225,99,78,222,201,130,23,1739150276680,/dev/cu.usbmodem1413201
240,89,175,208,211,112,103,43,85,164,209,125,110,216,19,225,33,255,192,100,30,205,112,78,101,163,52,253,74,239,63,243,23,249,100,246,149,213,205,37,255,208,196,168,46,134,185,218,0,103,201,136,10,174,176,210,243,89,144,206,243,87,147,142,143,17,116,202,35,11,67,213,129,115,245,158,191,78,107,105,132,38,205,215,209,170,117,130,185,109,160,252,148,101,8,109,3,4,215,97,239,186,218,84,90,71,14,104,203,232,167,87,191,204,90,22,32,88,148,96,49,229,89,61,106,100,21,147,21,122,209,54,105,145,48,5,209,129,62,218,80,196,120,105,42,238,159,220,53,55,91,32,99,39,106,119,56,72,152,32,213,6,50,215,1,202,128,222,132,97,73,63,91,215,186,228,251,255,110,170,191,171,134,181,96,210,65,18,76,223,105,154,119,118,241,200,68,14,82,21,197,7,177,165,150,42,95,105,64,192,120,227,235,156,45,226,22,184,252,135,48,12,248,201,31,143,38,77,55,181,116,205,121,238,67,103,76,84,60,44,37,23,44,175,28,108,18,47,58,95,1739150276681,/dev/cu.usbmodem14124101
149,56,4,112,50,198,130,158,153,160,72,135,73,167,188,27,180,129,35,138,198,31,12,43,105,13,74,232,198,199,175,238,12,34,246,54,123,25,205,57,177,252,184,139,226,219,253,105,169,187,183,170,211,202,173,135,246,192,105,235,132,51,16,118,34,158,129,170,127,124,17,206,236,155,248,181,92,96,118,178,182,1,227,178,217,236,68,205,61,175,33,206,1,36,171,133,80,39,118,37,17,0,188,212,82,98,168,34,149,77,97,105,114,195,151,21,221,187,185,72,210,221,231,220,232,6,191,210,14,62,163,210,236,2,233,242,138,54,108,126,14,42,191,124,187,15,251,80,180,170,226,161,59,164,128,205,195,103,110,81,6,153,104,108,135,211,243,97,163,5,7,244,227,8,162,193,225,116,87,166,57,233,134,226,226,97,38,181,108,176,235,216,242,194,175,222,195,226,142,9,153,158,123,44,245,85,144,37,116,243,155,114,22,18,103,189,88,215,87,86,151,200,7,109,66,156,214,124,163,35,19,222,229,157,104,216,145,214,47,53,121,2,168,102,180,93,214,124,174,242,1739150276681,/dev/cu.usbmodem1413301
30,147,165,46,222,148,56,202,27,169,38,116,146,34,91,118,9,147,46,136,149,209,43,124,117,59,196,168,47,114,214,8,157,77,158,57,101,87,40,46,122,243,142,241,222,135,156,67,233,133,178,230,206,198,84,41,115,112,164,160,180,145,217,26,54,51,7,28,59,213,35,1,176,170,68,167,69,68,171,232,173,71,12,93,200,227,242,67,139,68,151,85,75,204,211,155,128,117,175,213,189,127,188,8,141,23,156,39,162,100,183,7,186,86,22,91,254,136,75,160,163,63,28,29,198,168,17,155,156,244,22,83,200,139,36,170,146,202,78,86,65,203,162,188,63,121,19,104,110,254,215,117,23,15,93,167,235,143,155,220,74,90,14,210,111,43,3,28,250,189,203,16,222,134,78,159,98,66,91,122,250,189,6,153,32,175,86,129,235,80,41,16,17,229,244,149,72,67,232,239,117,174,241,231,118,137,26,248,62,38,143,162,200,238,87,245,176,223,150,58,89,88,0,254,60,29,131,87,129,128,137,156,242,182,12,66,100,155,217,191,130,99,110,208,155,175,103,44,26,208,1739150276682,/dev/cu.usbmodem14124401
160,65,63,169,55,61,161,43,211,3,28,146,62,138,128,87,48,28,64,140,145,159,121,43,245,4,235,59,193,164,93,255,175,225,59,131,22,140,83,120,162,131,189,159,172,19,105,209,73,31,133,239,201,150,169,10,196,46,92,70,142,4,136,184,135,84,204,160,6,8,236,27,73,34,5,11,215,91,89,173,28,11,43,154,119,155,21,16,187,170,254,225,228,139,23,90,201,243,11,124,119,166,175,0,28,138,91,35,61,107,4,88,37,201,36,14,2,238,55,64,219,188,255,42,130,159,252,244,242,40,123,154,139,121,65,19,1,8,167,137,104,70,81,244,9,28,204,255,139,244,122,106,152,170,177,51,183,21,167,11,160,239,237,199,234,133,98,162,208,163,112,60,242,53,100,31,146,114,54,208,31,239,70,182,203,94,117,30,183,74,107,120,121,185,150,48,150,178,61,32,151,180,225,230,213,224,126,106,99,253,133,205,223,135,30,240,23,145,55,94,228,56,224,230,240,240,189,100,15,120,212,103,170,119,128,95,129,6,15,172,172,80,60,62,83,254,232,234,95,18,1739150276682,/dev/cu.usbmodem14124301
70,250,119,36,203,17,39,36,106,172,48,234,108,143,60,185,61,83,47,43,55,13,194,217,52,45,14,224,106,67,88,204,121,107,168,121,199,199,205,188,236,68,126,64,132,89,178,250,156,26,173,228,205,229,48,2,187,109,115,202,126,143,88,220,54,173,209,86,12,136,253,177,225,225,77,227,123,45,222,86,243,89,132,165,241,37,120,150,29,33,17,82,140,71,34,201,182,81,252,25,38,78,228,224,255,86,47,48,53,123,223,159,176,67,214,120,19,201,222,252,239,44,255,127,102,120,23,123,22,40,230,6,8,47,81,0,26,87,163,88,115,206,34,105,73,26,161,52,96,104,234,72,16,223,130,68,11,95,182,201,73,130,163,233,151,172,181,158,129,100,112,71,57,98,232,226,249,26,22,61,151,69,30,47,34,174,143,127,139,11,183,57,222,149,164,119,146,190,205,202,190,103,207,225,14,141,32,131,196,225,61,218,232,71,203,10,9,7,4,169,238,45,202,190,204,203,33,17,220,222,212,203,247,50,48,220,69,123,147,25,241,87,64,151,253,112,117,254,35,24,1739150276683,/dev/cu.usbmodem14124201
251,223,58,126,104,216,226,220,119,8,174,190,51,3,252,252,94,85,147,255,166,117,183,218,123,6,90,60,213,130,82,52,217,206,214,24,252,8,58,15,208,64,37,79,147,101,47,157,53,253,179,159,231,204,3,157,133,3,49,106,82,68,184,217,159,120,221,21,111,47,249,29,32,11,192,66,113,198,205,91,155,210,151,28,199,142,83,255,234,236,36,40,59,190,192,96,235,83,8,47,24,132,67,5,239,251,56,5,248,175,133,180,45,145,151,15,196,83,124,45,5,111,104,187,162,131,52,122,118,8,68,236,180,151,128,4,158,55,210,255,30,39,10,78,15,156,46,104,0,104,97,186,140,96,137,1,163,193,86,207,25,160,119,87,154,176,223,41,108,246,143,192,48,14,4,143,154,173,148,237,16,109,70,88,204,187,83,136,106,157,34,184,97,7,97,44,64,31,251,184,185,239,228,20,226,251,81,89,52,36,198,247,78,156,17,254,234,205,154,249,135,92,151,69,148,158,145,164,130,246,51,155,232,112,210,95,174,53,74,41,24,88,206,156,116,198,173,167,219,3,1739150276683,QBYTE | cardiomegaly
255,151,111,117,112,53,221,204,118,74,229,24,194,163,173,23,234,125,138,108,151,172,247,127,220,172,48,67,186,82,204,55,249,7,219,172,76,43,229,159,146,198,237,48,242,57,49,156,148,206,201,145,240,180,83,6,220,27,91,78,97,118,183,138,93,133,128,145,8,188,71,112,66,70,91,10,72,130,46,83,137,127,237,61,123,147,113,254,9,40,12,81,152,113,243,54,72,146,93,146,214,52,193,233,243,222,196,25,61,50,233,179,208,100,141,255,236,0,54,154,42,183,25,38,53,21,136,58,147,32,101,58,201,148,183,82,136,153,36,246,106,239,99,14,30,185,97,119,28,93,14,111,10,147,221,161,105,243,122,5,250,49,47,30,243,105,175,9,171,161,134,214,30,151,16,120,37,28,31,80,184,44,127,154,207,188,54,224,5,24,90,119,197,209,247,225,118,2,143,196,212,134,32,189,73,117,96,213,232,27,118,158,254,46,177,36,132,140,218,224,133,3,227,0,33,70,112,141,215,18,28,135,107,151,237,238,189,122,136,222,241,249,198,184,101,0,139,176,176,136,1739150277756,/dev/cu.usbmodem1413101
5,218,163,83,129,254,247,175,136,204,31,181,148,103,45,187,91,54,7,2,240,206,180,10,210,95,63,207,36,167,207,17,240,106,76,180,95,64,60,238,221,207,24,63,214,196,185,5,169,246,114,123,94,137,177,230,63,40,173,220,7,223,188,87,148,65,201,118,239,110,113,77,176,255,92,69,182,3,213,34,196,118,150,0,153,166,78,141,175,137,64,148,139,72,136,5,236,198,145,239,61,206,130,72,36,212,194,44,195,215,39,160,123,156,36,172,223,111,53,31,233,154,193,100,0,194,198,62,193,182,115,57,28,146,104,3,111,239,51,207,169,188,153,15,57,5,235,182,12,108,21,127,190,9,198,84,183,207,192,167,202,147,209,131,89,116,149,224,13,185,139,75,11,230,79,4,195,0,133,197,53,192,228,209,195,72,245,163,110,6,205,213,33,166,208,173,248,146,13,140,57,150,64,17,101,2,5,147,5,156,242,117,35,4,118,60,201,143,228,70,247,151,205,70,56,25,63,237,248,139,179,72,118,187,69,11,47,4,100,205,101,2,127,5,177,253,91,76,252,50,1739150277757,/dev/cu.usbmodem1413401
212,176,58,236,9,67,45,102,66,214,26,215,72,33,202,177,5,193,210,66,251,55,144,95,5,235,153,175,106,252,78,66,115,57,64,218,104,54,5,154,31,35,38,212,117,242,168,150,54,135,107,74,93,2,106,88,163,87,254,189,138,248,219,211,176,133,125,142,200,55,72,2,237,235,142,168,174,131,217,183,242,91,4,123,236,253,148,47,28,163,127,31,199,244,69,77,212,12,125,214,93,0,23,100,161,245,27,236,223,1,90,193,36,211,112,100,145,90,201,141,75,157,73,118,102,159,177,93,175,226,60,106,172,58,81,80,231,255,107,237,199,225,127,4,118,160,226,181,182,80,197,67,58,246,165,148,66,117,134,211,153,119,136,224,69,220,156,140,102,200,102,200,139,148,106,97,115,255,87,181,172,135,12,9,132,235,100,122,229,143,221,175,98,240,174,91,152,101,27,249,178,147,39,183,127,100,17,72,105,186,215,176,28,116,251,222,252,167,187,4,222,56,66,223,45,43,246,239,47,80,232,139,84,98,3,173,221,76,41,254,252,24,25,92,57,146,241,181,13,35,1739150277758,/dev/cu.usbmodem1413201
195,185,76,76,121,188,65,229,75,179,21,216,127,172,53,144,227,72,15,198,46,91,124,114,124,67,106,147,252,40,22,119,151,242,31,91,48,232,179,185,220,56,247,167,39,38,0,101,175,80,228,221,207,142,58,138,233,5,26,162,22,77,78,170,202,157,42,113,218,61,8,28,139,99,184,165,162,140,89,2,245,36,158,193,127,108,154,158,164,178,244,72,199,11,252,221,41,220,212,138,90,86,95,142,166,161,103,31,131,35,73,178,250,161,165,214,23,39,181,15,55,149,236,137,229,13,142,100,155,128,141,0,115,227,30,97,136,217,44,17,77,206,121,188,176,199,65,95,151,113,131,32,51,199,151,30,241,48,221,131,169,77,10,81,104,124,253,162,62,122,87,12,71,113,50,73,102,231,255,185,152,99,113,93,134,162,225,56,37,242,70,47,69,211,34,181,12,62,248,54,41,56,110,120,250,69,103,12,98,74,88,88,40,95,8,208,248,148,125,48,80,3,182,232,240,210,84,9,15,155,202,169,38,159,52,1,202,186,241,113,81,224,170,167,190,79,135,26,106,128,1739150277758,/dev/cu.usbmodem14124101
75,236,135,52,52,75,178,208,246,147,151,254,171,145,225,202,238,176,147,35,118,255,178,186,101,53,21,233,215,8,64,244,40,57,230,88,49,164,211,232,178,91,169,241,207,16,40,194,253,254,142,11,88,162,140,48,219,194,226,61,55,175,97,132,160,140,12,56,230,86,2,15,32,202,71,106,59,116,59,38,114,66,86,137,209,85,187,78,244,15,155,38,96,212,168,186,120,35,60,156,21,224,148,181,63,184,62,159,216,253,7,166,133,95,106,185,117,202,147,54,182,114,53,60,193,97,19,121,233,18,184,13,14,124,150,173,143,138,203,96,194,153,53,248,116,67,182,2,39,147,106,132,212,176,12,152,104,243,13,228,107,74,82,64,35,214,127,32,27,85,173,94,67,255,27,129,206,161,82,178,121,118,237,202,0,32,165,181,182,71,146,22,196,55,151,169,118,201,39,156,246,154,182,219,34,196,168,54,123,148,145,36,154,135,181,68,191,161,43,86,56,129,49,28,191,250,166,25,244,148,173,6,188,180,233,117,108,27,173,105,138,160,221,108,3,112,130,193,236,203,1739150277759,/dev/cu.usbmodem1413301
196,24,147,253,9,120,14,154,196,191,248,67,193,16,113,39,140,188,170,1,170,192,44,153,164,137,61,157,216,24,116,174,6,164,21,174,29,2,18,253,31,207,12,219,71,2,88,114,113,98,9,234,73,200,13,7,100,153,19,211,175,249,178,103,16,15,145,184,49,47,50,209,5,140,205,127,205,142,185,87,190,37,221,188,238,182,134,27,15,214,182,108,18,115,184,211,173,35,136,195,229,64,152,43,97,41,71,44,27,204,215,82,200,187,17,98,15,181,233,26,130,158,26,169,216,135,212,231,60,130,168,49,25,14,58,113,122,252,26,15,11,246,104,175,25,5,60,240,60,61,131,205,131,156,236,31,101,143,215,222,135,203,98,191,181,115,112,232,81,191,113,101,94,132,207,190,251,79,192,97,203,45,194,116,55,233,176,171,95,149,88,90,0,45,95,184,231,169,135,43,78,57,230,118,116,231,199,230,43,238,250,124,94,133,219,162,196,149,1,82,40,40,8,64,252,207,153,144,117,178,206,33,226,24,20,199,136,214,149,4,190,190,204,205,122,179,188,105,142,35,1739150277759,/dev/cu.usbmodem14124401
35,249,43,6,16,205,123,221,244,87,227,63,2,190,53,99,241,155,200,76,232,153,85,37,139,156,125,172,240,84,225,247,215,203,202,208,216,233,57,94,223,240,93,49,251,32,32,64,90,163,95,65,12,4,31,162,64,14,101,207,131,20,198,244,106,89,13,51,230,75,146,142,220,139,46,24,133,146,57,198,241,151,30,4,44,75,175,93,69,28,22,10,66,55,205,189,75,96,205,15,58,88,40,244,32,131,46,17,22,202,39,6,37,72,162,231,18,83,119,200,11,245,219,107,14,252,247,59,254,116,130,110,75,181,170,251,132,7,224,50,73,224,202,241,100,86,105,158,193,154,208,162,61,241,249,187,184,116,231,51,127,118,170,30,142,169,36,6,143,25,71,172,110,210,223,87,8,244,128,152,104,157,203,177,200,170,95,210,112,40,129,38,135,77,188,219,60,250,107,3,158,163,46,100,122,64,89,26,159,140,71,186,94,207,195,183,43,132,136,47,45,233,71,200,222,165,227,164,158,134,2,90,54,223,0,69,88,66,66,46,221,119,124,180,85,234,102,228,83,34,1739150277760,/dev/cu.usbmodem14124301
222,134,35,217,236,151,42,81,67,94,187,196,59,149,69,250,148,168,232,45,106,163,114,209,108,30,151,155,167,255,101,234,103,69,51,117,179,102,65,79,105,122,32,1,91,37,108,50,60,145,225,42,75,75,185,55,194,194,0,70,59,66,91,252,135,198,125,181,31,128,80,170,188,16,235,248,229,78,161,219,230,112,45,247,182,60,96,151,126,32,123,95,231,125,109,109,149,2,37,45,58,224,45,130,90,205,156,85,148,111,158,100,64,160,195,222,212,196,212,234,91,138,239,76,59,126,114,71,253,173,238,251,11,134,180,226,62,53,80,225,143,13,34,110,73,246,39,139,22,155,44,68,43,37,118,114,85,92,129,118,179,227,136,17,123,218,103,86,251,207,164,126,99,232,228,15,141,2,95,165,33,26,163,67,76,247,63,246,101,5,224,57,10,86,95,93,14,14,118,13,107,167,191,41,217,189,233,252,225,0,241,145,118,166,198,103,114,21,131,6,178,152,148,133,226,76,47,81,110,243,185,146,221,189,24,123,183,254,203,44,64,15,20,189,92,67,197,90,244,98,1739150277761,/dev/cu.usbmodem14124201
159,207,166,144,64,93,171,38,114,198,194,228,50,227,159,249,80,253,73,169,236,11,22,143,81,101,62,243,80,154,235,84,115,181,194,202,12,156,214,86,151,12,252,102,94,62,28,168,78,65,13,247,106,148,149,144,148,246,134,234,218,28,208,79,238,192,243,30,219,106,132,217,209,236,126,183,100,168,97,168,145,246,89,65,212,48,195,93,222,85,135,141,196,43,114,26,82,230,57,92,28,180,2,163,244,129,177,49,227,83,180,246,93,134,102,3,9,250,166,9,219,182,102,15,154,33,51,223,176,189,219,192,93,158,34,165,199,20,49,121,70,254,73,113,161,61,237,204,253,191,72,220,252,83,70,49,141,45,93,141,32,140,110,220,228,107,23,95,192,150,3,176,201,213,232,51,67,28,127,119,66,212,161,83,189,41,51,59,87,156,167,113,138,85,128,53,185,95,220,62,59,28,232,131,92,136,204,52,200,129,214,112,5,106,95,32,107,149,217,191,115,119,48,96,187,122,30,250,126,1,85,2,218,31,122,197,142,249,133,243,144,101,115,238,35,74,59,69,238,177,1739150277761,QBYTE | ovulating
169,148,196,87,141,135,13,45,105,211,192,53,90,111,140,110,16,186,5,33,0,75,36,175,125,62,67,238,195,101,10,118,183,174,11,101,94,5,47,84,37,17,62,216,99,36,196,131,148,1,29,121,208,255,146,15,201,43,164,90,67,225,0,98,107,240,146,233,241,5,223,236,17,134,68,78,19,70,6,72,54,219,161,65,88,114,37,24,173,82,51,181,254,145,253,39,51,182,215,119,247,71,235,66,234,113,58,230,35,7,120,199,42,30,142,29,22,109,142,55,138,180,247,71,181,226,164,72,189,84,119,122,97,132,185,189,252,89,51,196,92,50,36,115,155,44,133,98,114,37,36,229,8,183,86,217,87,128,185,132,174,195,197,255,86,127,143,21,72,2,242,137,84,13,207,78,44,128,109,36,221,71,17,44,0,239,140,21,221,226,44,1,54,82,204,37,167,254,18,170,80,38,21,198,125,239,212,182,97,207,176,182,182,42,143,150,239,103,246,163,251,200,32,121,138,247,255,148,236,103,16,186,20,0,22,139,218,145,24,175,30,104,101,156,234,62,237,234,255,29,1739150278835,/dev/cu.usbmodem1413101
11,145,87,26,76,165,46,226,157,83,226,56,165,127,108,22,118,35,143,225,182,93,89,192,190,39,136,203,207,115,125,206,110,182,149,1,61,120,174,218,156,90,88,32,127,176,255,114,151,43,10,14,162,81,172,29,157,36,57,107,232,9,15,41,178,159,98,56,201,77,254,215,21,7,73,160,53,33,213,67,143,212,200,224,255,165,148,234,21,200,136,4,92,157,225,173,156,154,70,88,221,68,198,202,150,3,251,149,208,155,159,107,38,166,108,37,48,143,163,230,86,79,133,149,101,19,169,229,180,245,84,139,18,252,223,136,215,72,166,95,66,101,250,37,153,53,140,130,78,198,150,197,194,198,105,228,201,12,134,134,139,139,209,247,243,99,148,92,215,59,9,35,124,176,25,103,68,156,162,78,130,148,238,195,42,121,74,197,242,182,212,25,205,159,90,71,80,46,233,28,30,79,29,54,191,71,60,77,40,216,174,69,192,127,157,244,225,101,121,41,95,66,142,91,110,130,4,3,25,226,219,13,21,119,170,238,238,101,36,167,60,169,6,106,203,223,242,212,66,74,1739150278836,/dev/cu.usbmodem1413401
209,56,37,204,152,144,46,233,193,80,231,195,35,180,132,166,251,79,161,146,9,214,199,75,200,94,122,113,187,239,213,86,122,222,252,244,151,67,67,127,182,149,168,207,18,169,255,16,1,70,142,220,253,200,82,186,149,175,154,37,217,115,151,241,70,56,252,6,128,62,50,135,54,229,65,27,86,67,143,79,38,31,7,233,162,236,104,84,115,168,55,241,21,65,196,175,114,231,66,36,131,246,228,231,167,142,25,75,102,57,66,133,238,140,153,253,158,162,108,216,169,21,162,135,216,85,147,83,38,4,180,188,132,207,123,103,197,94,221,158,61,168,110,250,96,91,49,17,247,159,210,30,130,146,205,236,165,158,53,78,248,15,254,74,233,215,242,26,138,98,243,110,247,171,105,37,166,7,112,246,220,113,141,171,134,141,245,188,114,61,88,237,145,123,76,153,219,17,194,171,151,23,88,143,155,131,95,1,145,118,25,103,85,207,52,47,183,23,57,80,127,126,67,140,201,122,253,144,225,61,161,85,253,242,150,145,167,1,229,39,188,164,73,225,17,119,244,147,242,190,1739150278837,/dev/cu.usbmodem1413201
181,199,64,86,124,217,168,218,46,17,178,34,231,237,65,55,7,0,7,197,203,32,142,105,142,52,166,236,107,112,17,218,224,203,45,222,130,120,140,60,44,115,162,242,101,35,203,216,161,180,51,36,78,189,111,251,152,125,52,198,238,56,142,165,144,233,255,70,158,74,192,222,14,99,40,111,19,239,208,15,170,215,14,137,105,166,78,97,107,29,248,91,229,152,25,189,198,228,16,92,228,246,48,137,71,180,77,156,209,74,231,23,120,68,74,248,130,221,249,255,103,121,53,247,7,13,214,111,216,4,2,215,120,101,19,140,193,5,250,83,248,91,205,142,109,156,44,11,118,190,62,209,87,249,109,117,12,56,189,129,249,158,27,14,170,190,94,123,172,113,54,214,104,171,39,210,109,217,29,30,252,171,198,210,194,38,161,55,198,197,140,94,3,27,121,225,79,64,130,176,5,217,86,249,190,226,172,248,4,53,252,241,182,221,157,38,203,164,8,56,32,143,251,182,4,95,92,28,65,153,27,64,118,169,149,81,78,38,84,100,174,23,7,7,96,234,234,3,198,185,1739150278837,/dev/cu.usbmodem14124101
107,129,2,225,235,184,76,207,221,11,102,29,42,132,208,234,242,65,119,2,152,175,184,234,26,39,101,14,207,228,172,165,116,157,204,104,11,63,103,204,145,33,51,47,243,255,14,71,197,128,171,109,131,40,50,186,5,156,96,110,159,243,236,179,111,104,235,194,42,150,226,41,135,111,121,249,234,30,185,153,170,12,83,78,207,32,123,222,97,101,36,141,47,178,191,173,94,107,162,41,216,226,43,20,84,0,177,208,148,92,224,7,115,248,220,110,107,238,164,13,237,171,30,9,31,53,152,168,61,48,44,138,37,181,97,222,172,40,189,158,244,226,121,86,128,238,233,68,67,184,151,217,20,92,183,194,191,123,219,184,246,68,102,58,198,41,251,110,69,110,97,220,110,193,22,202,67,246,72,33,19,94,36,182,239,36,154,162,22,124,138,181,201,158,158,14,75,178,143,128,68,179,168,146,47,72,138,125,73,72,189,245,78,234,73,148,136,158,118,194,95,160,28,107,125,69,80,224,30,31,165,108,229,207,187,46,41,130,45,138,112,42,21,88,200,159,103,141,253,151,1739150278838,/dev/cu.usbmodem1413301
167,126,48,217,156,79,200,243,183,136,129,119,0,221,113,201,207,81,204,49,47,150,190,8,69,95,174,49,31,95,157,186,171,125,59,205,125,148,96,86,157,180,171,224,52,62,47,207,37,30,61,186,9,200,52,224,149,118,158,29,218,77,130,175,115,55,12,179,175,60,188,150,52,0,250,137,159,55,38,4,29,50,214,202,115,245,79,38,222,145,7,189,104,94,92,77,175,241,187,218,87,206,125,133,42,194,126,30,50,40,46,177,125,191,84,232,178,174,115,203,243,1,50,136,17,92,131,116,52,19,103,44,14,125,150,194,228,116,166,135,147,41,61,167,210,215,157,70,28,170,135,41,215,233,10,188,42,123,56,37,188,161,76,137,228,160,188,72,203,219,110,59,36,50,154,107,246,31,45,11,104,121,0,147,65,104,13,201,207,1,41,144,29,68,132,111,9,243,9,95,12,82,210,153,93,98,40,254,217,101,251,178,226,123,230,11,1,111,223,189,121,168,4,107,160,17,80,150,215,127,158,110,157,235,215,226,126,217,85,148,140,5,81,197,55,33,222,51,114,179,1739150278838,/dev/cu.usbmodem14124401
166,185,206,147,138,97,123,14,127,251,8,66,131,35,51,63,200,138,196,141,121,242,141,42,71,68,255,165,60,157,202,177,28,75,208,14,158,195,25,220,12,36,11,54,99,228,93,7,193,47,122,27,208,106,172,232,161,106,75,99,152,164,228,196,228,170,109,135,236,240,45,167,22,68,84,117,173,80,168,254,94,70,199,97,37,197,188,12,74,32,132,248,91,63,95,217,159,11,200,97,23,10,235,58,67,219,169,131,8,223,8,245,202,215,212,226,152,170,91,140,199,174,103,112,232,115,32,147,85,137,202,238,108,180,160,182,218,221,102,113,49,51,56,163,155,152,49,255,229,59,98,46,193,4,140,25,197,121,39,158,93,197,22,31,161,239,109,55,83,216,53,120,226,34,150,91,70,199,250,113,18,162,182,84,181,53,147,192,212,225,131,11,27,143,177,111,205,125,180,76,60,34,170,127,206,37,251,181,16,20,160,114,96,191,144,72,168,220,210,26,111,133,118,243,122,75,82,68,190,149,193,139,73,161,241,37,58,214,60,25,215,192,139,87,214,41,127,217,140,183,1739150278839,/dev/cu.usbmodem14124301
86,207,231,245,197,143,205,44,202,22,101,250,182,21,167,84,71,163,151,220,99,34,14,106,231,240,205,46,230,162,164,238,34,253,24,234,244,44,80,132,212,191,107,150,31,74,29,200,95,139,44,34,219,247,152,72,67,219,22,79,27,93,33,125,34,178,94,140,239,235,8,74,229,66,66,114,93,229,161,151,139,232,165,139,203,225,116,142,112,173,92,79,173,114,216,38,82,58,215,105,104,22,200,39,249,121,235,211,230,187,194,177,55,180,157,88,104,138,252,133,128,192,19,188,153,133,155,224,29,61,129,35,55,5,189,93,170,23,235,190,243,134,146,1,82,208,128,173,133,182,111,153,16,28,127,124,159,0,164,11,150,226,144,181,195,13,20,222,198,186,36,19,154,251,71,10,172,5,201,208,197,136,187,85,244,155,98,110,68,216,172,230,193,146,210,251,78,194,64,57,234,112,236,94,82,207,166,83,21,148,88,224,216,251,112,51,222,90,174,57,166,73,15,158,28,18,214,157,7,235,42,178,13,88,54,55,150,230,193,229,178,96,48,201,23,146,141,91,61,110,1739150278839,/dev/cu.usbmodem14124201
250,115,237,137,29,114,151,226,196,175,253,62,36,38,16,161,40,239,196,245,217,9,177,239,122,191,238,12,214,13,236,116,162,91,112,15,106,2,0,15,247,163,148,170,208,113,110,126,221,226,106,97,64,166,49,169,43,134,144,141,90,228,189,186,213,249,39,235,160,141,168,48,124,110,241,237,230,87,26,191,87,87,135,175,62,108,107,189,37,86,143,156,227,116,165,135,39,132,197,172,189,51,140,106,88,40,24,58,12,255,70,204,105,84,240,1,19,253,200,57,75,83,189,239,112,54,232,62,182,54,149,241,255,171,228,41,23,220,36,128,126,218,147,113,148,175,209,170,130,93,67,168,13,183,209,191,248,83,215,197,165,27,93,85,166,30,137,231,162,253,32,158,133,151,197,46,252,233,244,9,211,4,157,178,129,223,244,158,210,232,160,99,103,106,218,239,162,127,201,7,66,20,58,172,9,9,228,103,73,249,69,176,129,146,244,143,141,198,107,190,20,191,119,117,146,93,222,180,37,63,161,153,182,241,20,123,38,184,8,169,169,253,210,19,110,121,74,146,183,173,1739150278840,QBYTE | massai
color change,0.077442,3,107,160,154,2.707899
rotation
199,243,210,62,217,61,115,21,231,118,104,222,85,218,49,27,2,236,20,138,74,124,204,100,2,51,190,58,123,13,56,169,143,233,110,199,78,208,16,222,196,155,136,34,245,110,226,118,95,215,243,238,223,74,218,160,47,157,220,218,41,35,220,9,8,255,169,100,212,6,138,68,156,183,235,119,228,236,80,76,116,42,71,4,177,90,163,197,29,94,140,168,161,0,5,92,84,238,38,151,13,134,246,214,133,142,19,241,63,69,35,250,97,5,33,93,201,51,219,53,126,45,250,11,206,151,218,177,250,205,175,88,107,145,177,238,144,111,226,227,176,78,141,49,251,48,172,96,32,167,101,232,55,19,198,119,251,66,54,113,69,66,90,24,113,111,191,60,174,205,44,179,219,151,0,114,193,5,32,170,181,158,25,18,0,115,90,98,51,74,107,228,191,5,227,34,70,105,233,161,16,211,88,29,160,170,233,80,97,84,251,45,90,60,227,167,51,0,248,82,234,89,13,25,185,199,45,170,44,199,224,242,121,207,45,98,111,224,166,129,38,177,3,179,56,161,79,114,8,97,1739150280092,/dev/cu.usbmodem1413101
3,224,143,212,82,52,136,190,16,64,176,236,140,216,91,136,202,215,7,186,250,163,57,12,182,117,181,126,63,16,192,84,6,27,170,125,128,46,128,33,14,225,111,101,153,195,225,234,31,62,244,100,79,67,238,189,97,42,221,184,162,52,8,216,124,247,73,187,28,29,116,65,72,94,247,112,169,49,60,37,186,81,129,196,92,133,36,33,242,253,240,50,176,45,96,152,82,151,80,209,131,189,79,86,159,126,134,204,27,132,87,255,62,230,104,19,215,196,134,32,85,166,35,180,61,231,30,255,158,253,187,15,185,249,20,41,220,16,33,75,16,91,36,228,100,159,124,139,118,243,90,145,113,184,60,109,140,161,99,14,121,45,73,174,155,160,59,81,148,145,229,113,52,180,53,126,119,8,237,109,189,212,83,174,251,154,12,40,32,113,129,125,211,255,132,13,213,103,221,213,28,212,177,57,105,247,14,197,136,44,99,58,168,14,38,134,188,91,154,47,152,232,39,97,87,189,115,8,191,94,93,255,126,124,60,196,249,184,4,161,219,91,239,30,169,245,39,153,59,170,1739150280093,/dev/cu.usbmodem1413401
175,137,165,9,201,96,138,215,177,34,189,235,152,64,202,119,88,182,112,15,121,107,115,158,100,220,146,124,237,164,158,222,45,213,90,15,145,32,162,235,53,29,185,154,89,11,196,73,139,89,95,141,105,53,42,125,151,109,220,128,68,131,169,175,42,122,147,227,116,247,53,197,12,163,105,111,128,252,37,39,132,160,80,82,243,185,88,18,178,52,72,59,123,83,73,19,206,225,21,243,20,12,92,208,208,110,177,201,120,218,146,74,116,15,119,28,64,56,173,178,68,171,194,170,237,78,170,222,52,62,128,6,55,3,56,183,176,107,133,115,47,129,41,163,160,25,11,205,251,82,118,48,8,210,0,12,28,119,127,5,218,23,78,51,186,107,21,96,36,123,8,55,185,84,88,246,136,224,106,202,159,108,178,180,234,23,205,60,172,133,142,107,114,84,188,233,90,247,129,150,165,235,205,206,121,108,244,211,22,250,78,141,91,6,114,245,116,61,0,143,144,13,187,215,181,104,65,8,176,207,30,84,43,184,235,25,33,105,6,47,90,83,15,68,121,143,5,254,6,145,1739150280093,/dev/cu.usbmodem1413201
37,74,59,157,162,7,156,127,119,32,60,81,222,177,68,225,56,140,190,68,71,237,211,140,184,193,134,88,154,247,109,56,100,215,58,25,189,86,129,182,75,81,72,249,95,138,38,186,213,110,111,238,235,189,43,53,197,98,200,158,101,54,110,216,147,41,150,227,85,183,141,54,132,107,101,107,140,183,205,54,134,83,255,12,14,31,243,71,157,96,155,25,173,80,108,180,14,13,232,235,83,142,40,189,164,33,133,135,79,207,182,49,51,12,41,137,237,40,241,5,49,17,170,192,219,65,254,230,239,251,118,211,197,185,90,125,208,31,82,110,103,230,192,14,56,228,181,131,41,63,248,37,220,22,106,82,147,25,142,70,24,216,31,31,126,77,75,143,60,179,225,152,110,120,26,201,118,50,5,134,15,232,40,169,97,151,1,99,85,45,59,11,209,0,19,119,62,215,17,68,69,150,160,10,161,227,154,118,132,183,3,225,255,132,146,25,178,157,27,130,88,230,100,25,247,67,179,80,88,246,74,83,208,177,30,236,162,56,120,25,11,16,84,88,154,251,134,171,137,96,1739150280094,/dev/cu.usbmodem14124101
8,13,163,86,35,209,178,170,239,132,41,204,151,134,2,89,164,3,94,26,94,99,6,150,73,14,126,143,1,22,85,241,112,42,119,112,200,151,14,190,16,255,228,218,169,139,66,115,107,64,196,105,236,34,140,6,83,176,39,193,149,16,70,41,69,168,176,61,213,102,45,242,158,214,201,135,1,247,34,84,16,220,147,191,199,197,30,209,0,200,76,183,81,14,251,4,52,102,98,127,91,212,99,244,78,222,176,137,153,200,37,9,175,238,76,64,222,142,59,81,173,200,130,228,41,149,16,85,33,10,206,169,219,166,144,32,141,17,131,65,15,77,107,144,79,65,177,139,201,225,254,10,227,177,128,65,255,99,250,94,230,54,207,15,188,98,155,35,54,58,120,241,62,252,56,203,124,211,215,255,134,247,109,125,214,27,35,130,42,228,6,102,170,135,237,63,142,175,237,209,193,41,173,102,108,238,233,95,4,162,151,177,173,225,204,74,150,192,133,190,128,25,23,139,198,10,143,102,181,209,29,95,62,244,38,232,173,89,134,176,91,199,171,30,150,244,46,41,55,156,1739150280095,/dev/cu.usbmodem1413301
204,14,4,20,169,16,58,59,149,21,219,122,77,205,166,156,179,113,235,42,76,192,61,10,177,175,77,103,94,51,69,251,44,130,64,201,62,36,111,27,147,98,124,47,82,199,122,174,120,168,23,128,85,149,6,16,167,29,23,54,133,51,132,194,79,2,85,44,151,181,106,96,176,83,128,186,23,235,239,19,12,6,149,94,180,131,224,3,37,221,114,240,203,83,54,141,22,195,197,82,163,214,43,168,144,80,101,204,76,215,196,196,122,28,243,206,245,139,162,215,139,172,9,136,85,58,225,59,73,117,204,222,62,170,115,111,170,157,91,104,112,146,53,106,88,139,244,162,62,242,217,45,170,195,189,168,142,254,192,141,194,101,216,112,4,19,21,169,181,149,151,41,68,127,58,94,136,159,221,214,71,28,188,74,62,59,212,222,58,170,196,103,108,38,148,93,114,83,209,246,189,170,12,73,66,11,53,136,142,242,236,82,70,110,210,50,29,114,152,148,7,217,82,28,194,151,104,104,42,82,37,63,186,7,53,202,125,99,88,41,103,141,202,81,20,153,148,94,25,179,1739150280095,/dev/cu.usbmodem14124401
173,85,187,133,186,216,60,199,210,145,3,95,137,20,138,133,137,192,77,210,124,202,0,248,160,227,200,162,133,250,118,72,52,199,172,4,29,11,130,185,104,212,110,225,156,98,244,27,75,77,196,238,93,190,229,230,100,146,81,195,146,155,254,45,98,70,215,204,27,26,161,243,221,238,248,165,132,155,213,107,5,166,248,73,242,209,192,245,191,143,206,105,205,101,129,147,199,35,205,93,250,121,18,163,217,121,167,118,254,145,85,40,83,166,226,24,124,230,253,166,162,63,190,151,54,164,11,186,33,244,118,106,24,90,230,207,205,238,201,120,221,136,127,218,237,180,189,243,231,102,165,150,226,70,39,103,243,223,115,252,75,124,242,228,223,77,49,253,255,129,23,83,92,18,207,161,197,161,198,253,127,106,16,193,176,53,42,226,205,255,194,122,38,86,106,36,22,122,43,47,48,201,235,172,183,152,2,78,127,111,244,86,39,79,174,103,135,19,175,111,87,170,203,60,72,78,136,165,192,131,226,60,122,227,244,118,243,56,56,147,78,197,69,81,177,86,2,167,76,236,1739150280096,/dev/cu.usbmodem14124301
16,116,188,135,15,176,34,188,178,70,99,84,177,160,1,172,140,8,97,103,159,83,218,182,89,220,138,50,152,163,145,77,118,254,207,183,208,159,39,81,149,147,94,245,80,68,49,143,40,67,216,30,171,252,25,53,242,104,138,20,205,76,79,110,105,13,194,230,101,17,232,88,78,59,205,125,80,130,84,57,121,189,153,209,31,85,139,228,89,229,149,166,77,244,97,186,153,188,121,151,168,223,63,68,93,51,97,182,111,0,116,15,245,57,209,64,93,150,195,154,34,253,148,226,159,214,180,172,41,180,180,4,140,5,22,151,240,195,113,62,188,124,22,254,112,137,34,169,134,146,114,9,62,22,114,139,173,120,11,191,49,197,98,176,64,72,194,42,143,38,160,20,93,19,232,70,204,41,86,201,68,220,239,218,253,17,10,159,211,198,99,202,131,186,122,92,187,50,156,39,114,28,228,137,45,251,116,227,67,101,73,27,208,4,128,203,50,86,236,213,92,101,54,195,26,54,1,37,203,28,159,212,138,239,11,119,201,122,51,24,160,49,207,197,219,5,216,45,85,231,1739150280096,/dev/cu.usbmodem14124201
55,242,99,62,223,199,123,233,43,114,203,53,125,12,203,233,186,187,68,254,127,99,180,168,105,197,110,24,113,50,252,20,222,97,240,166,217,175,119,239,202,236,190,197,93,70,28,38,110,56,248,240,93,116,67,144,126,239,254,92,229,86,96,14,204,186,21,228,213,131,72,207,225,113,108,230,131,147,200,109,172,73,14,231,142,187,153,114,3,136,202,48,221,226,109,195,186,175,152,185,99,29,168,86,52,123,178,246,87,90,144,148,107,141,155,13,185,146,166,24,248,151,16,204,16,162,222,14,223,202,34,155,81,129,212,26,54,170,116,218,246,89,119,166,141,165,180,214,18,222,65,212,7,77,248,65,215,183,230,172,160,74,197,177,9,157,167,223,209,156,120,242,67,141,82,65,181,27,56,150,98,147,254,141,213,109,77,52,228,228,60,72,172,227,161,171,166,154,47,137,210,44,42,234,165,84,35,74,205,111,19,213,74,116,21,25,119,12,39,224,54,85,77,222,250,180,194,116,239,188,172,130,136,69,8,112,255,113,9,4,126,23,92,106,154,30,139,67,139,30,1739150280097,QBYTE | congregationalists
134,111,17,159,208,13,230,205,132,152,40,244,134,240,83,94,209,78,217,119,208,139,193,246,207,199,162,146,0,231,27,59,190,168,85,164,32,143,24,85,114,98,83,245,117,12,114,225,255,194,166,160,22,1,86,227,185,113,191,93,42,4,56,0,239,15,33,101,39,241,158,246,204,27,23,138,229,16,20,90,20,32,42,162,85,65,151,130,255,168,96,240,110,101,226,251,94,213,182,185,61,179,246,176,168,75,132,81,227,153,193,153,215,173,198,211,19,245,24,105,62,166,220,164,37,192,251,180,88,63,2,36,69,23,79,147,59,63,181,254,95,30,222,0,107,87,21,254,24,202,29,182,155,153,250,168,236,49,30,200,128,223,112,138,36,144,147,63,163,51,98,183,241,170,132,221,149,141,50,135,26,224,171,234,0,177,121,164,77,227,100,207,51,232,124,236,43,184,71,209,19,67,151,198,40,105,110,181,73,40,174,126,218,250,44,124,221,196,249,158,154,104,31,3,227,0,211,43,237,172,55,152,150,120,168,92,177,31,161,45,77,28,109,215,255,251,142,134,139,145,1739150281168,/dev/cu.usbmodem1413101
242,13,185,100,38,66,238,89,221,151,74,57,61,178,10,190,215,200,112,55,59,133,111,9,110,230,188,147,66,240,217,250,51,204,162,71,172,157,75,226,13,41,169,207,99,44,19,130,22,149,78,99,249,11,161,234,17,198,182,167,139,44,231,67,225,95,112,122,60,217,14,87,106,162,199,101,149,116,128,238,117,14,97,11,233,53,213,151,79,148,183,215,211,52,245,92,250,99,127,30,201,16,165,241,53,52,2,195,91,154,61,197,188,124,105,204,128,76,22,206,74,155,42,236,209,143,37,204,214,131,183,227,45,33,173,105,150,39,157,194,254,41,89,129,68,107,248,10,16,110,14,164,69,126,243,91,194,209,36,173,99,77,84,216,155,180,89,233,181,33,201,229,141,253,84,69,1,174,112,27,210,24,95,16,112,15,207,66,67,111,85,25,136,253,138,62,113,23,40,218,7,192,81,100,178,249,66,152,94,191,247,206,43,206,83,41,228,4,233,95,35,124,63,56,184,23,216,237,42,41,183,133,57,191,48,58,45,158,71,138,55,207,95,35,103,235,242,223,238,168,1739150281168,/dev/cu.usbmodem1413401
82,215,238,77,205,38,92,232,226,167,252,170,203,154,167,224,72,40,22,210,49,135,97,1,113,202,206,117,231,89,62,25,50,248,67,52,70,233,33,33,177,110,94,112,247,27,13,146,33,241,88,252,12,196,253,4,125,247,110,224,191,184,84,175,93,240,172,84,132,183,38,67,119,151,236,54,56,126,68,247,53,137,196,18,248,193,215,243,165,41,130,192,45,131,180,228,50,112,246,211,249,222,139,75,249,223,137,242,3,138,57,46,94,1,157,152,235,176,42,248,182,151,251,115,94,159,219,154,191,79,73,167,45,76,41,26,61,68,223,36,6,36,199,82,97,231,240,51,10,72,226,213,60,153,1,54,114,167,81,203,159,222,92,122,208,121,140,69,73,106,208,35,202,23,84,171,220,193,226,202,59,150,190,164,202,133,206,161,127,228,94,101,198,186,33,98,61,25,158,13,52,109,211,12,220,20,250,116,29,13,1,113,194,59,178,36,221,57,24,60,27,175,84,234,125,59,217,139,189,132,252,219,170,177,84,138,1,110,20,200,121,103,230,2,137,125,62,139,103,247,1739150281169,/dev/cu.usbmodem1413201
222,126,227,228,254,149,79,165,148,204,199,99,16,155,55,237,198,206,119,124,15,202,83,130,117,238,141,213,92,9,49,122,32,69,239,94,5,197,177,191,206,81,223,184,129,183,23,41,159,50,52,68,128,171,246,59,157,152,225,68,213,55,102,252,125,218,210,78,114,201,174,92,94,124,165,169,253,198,152,57,154,132,92,181,55,126,147,166,57,163,162,243,106,97,186,148,232,185,179,242,203,252,89,238,14,96,46,13,150,173,113,205,87,170,40,27,207,109,189,59,194,194,241,178,242,231,79,87,243,87,73,186,33,59,170,47,213,29,158,89,52,159,168,151,185,10,82,109,46,244,132,131,54,8,71,84,12,247,26,36,71,144,80,26,180,138,52,205,235,103,109,19,222,181,77,42,168,139,95,124,54,19,181,203,177,99,112,244,245,122,208,227,237,217,43,104,79,78,180,83,100,4,149,56,100,206,156,130,182,53,186,139,156,123,240,63,25,80,39,90,208,190,117,131,12,213,99,203,127,223,106,78,78,0,117,100,94,121,234,31,203,100,36,173,161,228,82,192,58,116,1739150281169,/dev/cu.usbmodem14124101
97,24,131,122,21,212,18,63,71,17,140,198,129,243,68,196,213,162,248,185,144,212,64,255,45,128,252,192,228,69,11,115,241,235,89,50,174,177,38,67,33,99,12,171,95,89,93,212,179,37,120,203,95,158,102,31,81,76,136,243,22,235,145,129,154,155,125,146,66,110,232,183,174,21,227,127,35,209,0,200,92,240,66,240,99,210,174,213,20,101,57,232,153,219,150,29,54,208,161,93,114,95,60,137,91,81,12,90,224,37,156,128,21,195,177,169,98,197,103,91,113,179,118,170,29,163,142,245,160,168,65,231,69,16,23,73,179,72,142,20,234,41,252,169,186,73,53,0,30,68,207,226,139,172,21,7,221,181,154,137,133,12,57,164,31,126,94,72,213,9,63,198,229,92,226,216,80,218,203,225,61,12,205,27,20,41,67,46,7,208,235,130,195,61,237,92,211,135,110,155,7,251,218,140,68,10,87,243,90,20,223,205,199,15,153,200,167,218,41,15,38,211,91,179,9,192,252,99,62,192,240,77,14,10,89,168,118,43,1,227,147,188,255,104,120,132,102,244,200,234,1739150281170,/dev/cu.usbmodem1413301
86,80,82,180,11,67,204,186,197,85,120,243,14,63,88,69,99,30,4,181,46,96,14,195,224,14,40,170,195,53,109,213,242,189,119,251,16,229,11,57,108,242,118,144,15,81,74,211,106,22,14,147,193,37,107,216,12,121,187,200,86,144,56,163,182,29,116,96,79,130,141,54,134,98,143,42,170,105,241,41,1,130,46,51,240,126,101,72,130,6,30,70,114,160,225,42,61,141,70,49,200,214,92,89,155,127,218,85,225,31,239,237,85,193,175,138,159,141,224,71,135,71,94,134,26,17,66,172,100,183,198,32,60,1,234,185,235,14,110,32,206,187,12,147,172,252,245,26,99,125,208,34,21,122,15,17,67,116,73,92,32,32,231,51,208,238,25,20,131,210,192,54,152,32,254,126,52,152,212,170,226,3,204,20,163,45,31,241,219,68,4,28,188,229,247,53,98,102,17,126,232,255,207,238,36,90,2,190,172,8,248,223,118,232,232,3,159,198,232,36,115,66,136,4,7,164,52,214,218,221,191,165,56,230,57,171,22,193,70,95,13,36,107,151,231,96,94,33,54,218,1739150281170,/dev/cu.usbmodem14124401
123,68,199,219,94,7,160,40,33,50,121,198,193,231,60,90,183,254,255,145,25,140,23,54,79,223,213,113,8,157,227,26,198,252,237,92,224,120,83,32,182,210,139,214,230,94,81,96,194,105,96,142,88,139,155,55,197,147,165,177,63,131,35,129,161,183,97,70,249,41,95,99,121,27,210,183,129,83,162,117,41,3,162,23,113,59,236,174,199,6,194,150,40,244,186,142,217,6,63,122,171,68,238,88,69,248,77,107,161,192,94,136,56,231,28,162,33,200,125,30,151,187,4,132,184,12,43,229,221,179,173,42,100,246,157,236,215,148,114,195,122,245,200,208,135,64,98,171,126,92,70,21,61,106,11,212,61,75,38,86,191,19,78,28,166,196,76,164,224,143,135,56,198,44,243,46,211,154,126,104,63,234,17,202,174,2,25,82,128,155,87,164,129,82,145,227,195,130,183,144,188,92,115,77,199,162,0,113,221,69,140,212,15,97,37,205,53,6,201,61,200,149,237,18,90,101,204,43,46,167,158,31,46,125,15,147,11,68,22,131,243,101,121,90,143,252,130,113,136,183,1739150281171,/dev/cu.usbmodem14124301
103,60,82,50,53,158,184,39,248,175,78,17,169,225,211,44,74,250,209,210,144,102,58,114,52,71,0,103,45,7,26,113,199,253,203,145,187,191,155,59,45,229,189,33,253,61,31,137,172,164,169,167,114,154,121,87,26,205,74,28,222,0,14,236,229,6,20,231,125,144,224,235,222,221,164,214,156,71,34,239,144,131,138,45,225,141,198,20,110,46,175,217,30,64,219,64,136,40,135,249,212,168,132,159,94,35,71,187,214,244,9,181,81,237,131,224,96,221,13,97,244,103,82,38,130,176,194,144,220,178,26,18,195,178,120,217,200,211,43,30,236,107,232,140,110,85,114,179,216,231,93,23,142,21,193,148,197,241,209,50,178,152,128,102,180,161,171,48,9,224,227,93,88,189,187,8,39,168,73,76,86,213,85,242,240,215,120,113,203,170,4,141,56,251,5,79,89,180,12,233,198,219,183,112,11,96,70,49,133,151,7,193,60,234,54,233,38,243,121,117,186,84,62,151,34,71,111,219,197,53,114,149,139,139,41,152,114,116,154,43,201,198,111,56,128,65,101,208,134,216,1739150281171,/dev/cu.usbmodem14124201
211,251,225,117,176,242,221,83,116,189,154,230,135,137,58,26,195,216,26,161,226,29,255,4,19,19,92,221,251,173,82,111,157,142,83,141,42,173,38,72,214,210,55,62,43,231,34,54,224,106,59,10,215,207,19,145,202,179,90,200,106,95,105,95,70,77,83,86,100,3,194,183,0,227,131,68,33,112,57,1,42,209,151,247,112,209,231,103,19,253,189,245,39,124,15,46,36,12,211,105,3,228,139,243,177,53,253,178,91,42,144,239,75,114,155,253,11,57,110,7,149,64,130,7,101,57,111,153,7,186,133,37,186,20,121,10,2,64,208,168,33,128,56,34,8,113,159,168,247,154,113,134,249,223,159,199,54,203,85,59,147,123,56,223,6,34,210,150,11,171,141,247,139,24,157,153,112,25,215,69,115,77,186,162,226,137,53,79,19,183,3,231,86,7,114,29,3,47,129,201,209,105,81,201,142,216,89,214,18,97,78,77,45,24,95,161,214,64,94,196,85,85,1,96,92,191,218,195,10,81,181,234,216,108,255,128,218,76,211,100,108,235,114,198,32,208,207,102,200,229,1739150281172,QBYTE | croce
109,99,58,198,88,48,138,127,59,97,234,97,29,101,30,210,66,47,149,176,31,162,103,33,110,245,64,129,217,106,188,68,12,211,59,39,250,33,2,247,68,143,155,166,179,147,254,205,131,147,229,29,88,4,220,117,18,64,219,139,255,41,127,27,131,215,21,125,80,162,179,235,226,105,239,108,145,7,193,223,110,103,209,182,152,3,203,7,203,248,117,42,122,120,153,118,142,219,117,238,227,242,73,231,235,161,127,242,171,30,255,189,86,156,90,48,10,153,34,35,58,252,201,141,0,102,176,226,75,135,96,91,88,70,244,98,178,247,166,227,126,159,237,123,16,236,64,44,230,140,38,246,229,51,88,37,68,93,202,232,52,117,37,29,102,166,24,204,46,219,148,227,153,121,210,102,164,89,145,41,154,150,188,34,58,26,16,69,204,17,175,94,81,242,172,125,201,22,98,41,8,229,56,183,234,43,56,140,240,221,48,161,38,38,24,251,241,44,237,223,197,29,49,167,65,87,15,105,8,102,204,122,34,73,204,236,255,65,58,170,112,222,88,128,173,199,34,230,245,68,1739150282239,/dev/cu.usbmodem1413101
245,13,166,100,218,216,235,118,117,15,149,55,217,239,105,151,50,199,142,218,56,227,31,71,245,94,104,249,57,55,182,64,135,149,142,235,100,140,42,97,132,149,14,157,36,98,243,102,177,179,217,86,175,43,4,236,159,168,70,147,77,129,85,158,247,171,119,13,203,17,201,197,115,237,247,53,218,53,194,84,88,196,94,148,250,161,11,104,231,237,227,27,230,181,87,189,197,74,28,186,2,175,87,139,184,206,236,99,146,116,206,246,134,166,20,137,44,84,101,245,135,220,10,153,143,140,156,221,193,145,138,225,220,21,45,25,134,225,123,56,172,142,193,163,27,234,214,78,65,10,71,59,0,204,241,38,77,191,73,104,126,76,158,141,182,39,57,144,121,177,158,112,57,79,175,137,45,206,167,203,248,255,193,174,87,135,97,92,254,225,198,184,108,210,188,74,103,102,36,252,48,124,126,244,123,182,121,114,207,234,4,184,124,173,92,232,199,122,135,167,180,23,189,159,253,6,72,254,148,78,213,252,236,184,99,63,14,46,61,20,40,104,33,185,15,72,232,135,125,16,1739150282240,/dev/cu.usbmodem1413401
132,157,95,166,130,46,111,182,93,30,35,173,20,144,158,245,161,5,240,38,140,239,9,154,153,58,84,139,200,178,58,23,198,51,131,53,131,94,163,5,90,3,218,64,156,189,110,130,62,179,199,78,129,112,191,41,195,2,93,159,183,87,102,181,48,4,206,45,27,11,242,115,202,64,46,72,134,66,139,207,179,115,229,159,32,54,147,197,41,86,185,78,200,236,197,99,30,115,146,1,85,69,250,215,78,201,41,79,206,134,148,176,9,155,85,6,67,42,195,232,91,58,59,201,236,32,70,70,25,49,214,137,243,223,212,156,72,123,124,98,99,164,86,165,49,66,8,137,56,190,57,13,182,115,235,147,181,182,141,62,163,183,146,217,110,61,78,91,146,181,206,136,255,18,37,220,234,248,108,36,113,39,84,26,52,238,70,126,79,145,103,145,51,136,180,37,177,217,60,250,63,79,119,167,245,142,65,46,62,6,23,108,236,34,188,37,235,235,214,30,43,79,206,64,30,224,215,181,127,41,162,121,122,197,4,246,111,1,101,150,222,35,53,38,89,254,53,69,248,247,1739150282240,/dev/cu.usbmodem1413201
222,128,155,78,19,5,115,138,174,68,131,241,32,114,44,194,111,228,214,198,124,169,64,31,48,188,45,151,124,209,36,215,229,178,215,148,49,31,184,143,236,161,255,42,122,10,6,253,33,223,216,231,168,191,171,81,49,227,252,189,255,13,153,15,171,169,158,182,30,193,148,203,152,22,130,157,45,214,168,79,50,132,203,43,81,239,181,107,27,29,63,32,129,142,28,149,244,6,186,103,22,105,227,248,134,209,160,253,220,151,251,40,215,231,192,101,10,77,31,137,209,93,34,179,40,68,228,69,161,70,219,144,28,30,97,129,170,7,51,67,214,164,125,52,172,202,143,31,175,162,151,220,61,154,88,56,250,207,154,219,120,234,240,144,193,180,140,91,179,21,57,164,118,255,174,177,3,84,151,71,27,81,232,177,174,238,17,48,188,160,158,75,252,191,109,116,162,140,112,189,107,41,102,51,194,73,29,247,232,201,255,204,16,237,58,209,117,63,150,57,49,26,186,28,120,100,203,55,220,229,58,98,5,168,81,220,130,179,130,43,23,75,48,241,125,127,152,91,45,85,1739150282241,/dev/cu.usbmodem14124101
4,16,101,187,102,61,28,127,6,224,171,40,128,125,103,170,178,131,237,19,59,110,177,84,224,75,185,99,69,197,20,40,238,43,19,122,124,185,131,92,169,25,28,90,0,7,171,245,3,74,164,162,208,43,17,116,161,83,175,197,94,81,50,100,134,173,6,6,66,171,179,86,113,147,247,221,199,225,90,89,34,154,122,113,213,129,88,99,210,33,107,34,15,33,172,112,43,171,139,115,111,152,120,124,130,58,69,216,128,213,5,90,95,5,65,15,160,236,87,190,161,224,207,17,127,30,152,134,2,24,173,51,10,58,210,204,46,141,33,91,125,14,246,143,109,231,241,23,4,85,210,10,120,146,28,78,82,127,0,16,177,205,226,92,241,148,201,61,249,141,116,44,235,33,157,215,163,103,119,236,87,210,65,201,191,230,78,130,66,214,222,9,194,18,231,138,51,251,134,72,180,19,45,206,190,100,59,85,115,106,27,141,84,63,189,204,69,188,95,83,128,153,255,195,198,243,11,87,50,217,199,120,191,198,152,2,69,165,149,120,118,31,121,221,212,243,63,178,129,216,1739150282241,/dev/cu.usbmodem1413301
113,14,227,136,141,224,5,9,227,133,50,7,183,113,2,37,20,93,106,157,87,218,52,142,147,112,244,197,111,143,139,55,42,58,184,125,67,136,139,175,168,187,151,86,179,20,9,156,131,207,215,129,51,83,242,105,12,147,78,182,90,190,37,45,178,128,198,254,76,1,26,35,2,181,148,15,101,193,119,201,252,54,109,37,17,189,148,239,53,44,69,84,189,128,141,31,182,80,179,114,119,207,160,241,58,231,91,238,145,50,193,107,159,83,236,59,131,157,189,4,156,188,252,228,203,76,39,74,241,90,215,185,76,99,230,218,186,41,43,245,85,135,54,93,45,164,239,128,71,252,206,98,138,231,28,135,237,177,216,130,233,124,150,27,53,226,94,206,249,53,82,62,78,57,1,10,126,180,132,133,175,128,220,182,5,217,23,93,37,13,30,69,100,231,170,93,191,47,25,65,103,51,31,211,25,150,112,159,26,59,46,161,5,228,220,60,155,200,61,43,227,139,84,41,69,142,38,39,63,188,60,95,218,60,43,142,158,83,70,129,182,238,120,11,1,170,26,27,98,163,1739150282242,/dev/cu.usbmodem14124401
193,130,92,45,49,9,1,95,59,4,80,197,58,214,196,227,232,8,186,222,27,96,131,164,95,165,21,205,162,182,111,219,135,156,112,83,19,71,4,124,79,103,7,1,215,123,189,163,161,52,188,155,189,242,174,0,153,59,1,120,88,119,163,43,27,185,213,194,22,181,87,202,246,58,43,241,135,22,82,9,239,164,47,149,43,178,185,59,45,142,141,84,220,160,145,188,19,97,93,183,104,207,118,6,178,242,30,204,15,134,192,207,29,228,19,214,141,110,89,54,195,1,155,111,182,59,0,252,245,204,226,45,84,232,138,84,4,45,235,85,108,200,236,163,32,238,145,236,237,36,68,29,87,125,49,233,6,93,156,49,173,222,77,195,223,104,19,163,207,231,193,247,143,211,136,180,241,211,188,248,43,159,91,47,44,175,0,202,9,173,174,130,122,73,130,5,226,232,168,154,67,161,202,82,32,151,228,19,140,213,177,9,74,39,187,43,239,221,62,32,2,34,63,86,241,27,71,223,31,113,31,136,191,223,110,223,185,74,16,55,100,93,163,66,90,162,217,221,167,216,1739150282242,/dev/cu.usbmodem14124301
51,189,75,43,59,87,52,162,249,144,16,25,226,30,44,253,89,222,182,88,169,141,177,201,199,197,201,199,172,131,137,116,197,23,250,171,137,144,200,216,27,16,238,73,54,47,21,95,128,169,137,87,190,245,82,38,46,206,252,79,190,122,186,125,152,127,18,251,212,45,184,235,182,33,185,60,88,213,108,172,242,206,16,86,103,32,165,157,194,170,60,241,211,154,4,151,100,77,232,197,81,96,187,12,61,116,187,213,174,81,209,96,83,181,87,194,149,224,54,202,152,93,148,248,92,253,168,145,36,242,104,195,41,17,62,79,75,25,3,238,158,37,210,243,173,255,222,58,7,175,165,33,132,242,127,135,81,71,236,6,55,77,23,81,125,156,31,90,158,175,151,126,71,208,61,142,229,220,28,206,156,150,26,163,2,163,249,105,12,238,187,45,119,39,199,234,115,204,20,198,147,138,20,196,229,27,250,111,214,33,207,84,236,117,40,117,199,93,208,87,4,71,36,174,120,252,102,110,168,53,19,188,181,130,4,117,165,9,148,185,215,4,0,111,107,109,36,179,5,223,1739150282243,/dev/cu.usbmodem14124201
69,82,201,127,242,64,81,190,154,197,6,249,31,172,72,227,169,1,182,130,9,94,134,84,217,118,192,200,112,65,109,116,46,93,192,146,137,10,247,75,35,109,210,21,35,1,111,65,140,84,101,13,62,159,211,218,101,60,32,126,24,16,219,32,88,58,53,42,82,75,90,194,240,239,69,147,157,69,51,62,116,146,137,1,155,213,54,235,22,119,143,140,104,52,163,121,75,51,204,65,131,137,18,196,172,44,161,12,155,75,139,77,128,65,50,250,84,85,30,241,81,71,230,12,21,26,153,157,16,29,23,199,80,50,236,107,13,250,112,239,189,117,249,203,91,220,64,181,153,184,50,72,79,236,84,15,174,79,60,192,83,70,247,12,25,138,120,86,39,58,141,36,68,192,223,101,169,231,158,222,71,68,29,212,99,174,134,43,163,89,69,223,89,140,193,94,160,213,41,199,111,244,187,92,196,36,72,145,218,93,151,200,81,205,48,73,94,118,166,80,14,40,72,118,208,79,87,212,133,197,118,142,222,59,35,223,219,104,183,116,226,118,222,21,98,152,191,184,28,138,1739150282244,QBYTE | leake
45,124,157,45,244,249,208,47,252,11,194,76,43,199,139,245,92,207,84,148,248,106,241,73,64,162,165,118,56,144,51,25,78,193,240,83,144,71,38,107,160,4,73,46,30,190,151,19,140,128,252,90,84,140,209,250,174,98,254,235,185,162,165,187,160,169,74,64,255,45,85,34,174,133,97,253,201,119,17,97,161,13,249,237,239,60,187,215,2,4,236,38,128,220,201,134,46,94,190,96,222,116,150,144,26,74,77,52,64,238,155,245,192,228,106,116,248,235,192,103,244,237,137,75,81,175,83,242,175,89,84,76,207,83,49,253,176,157,119,37,127,168,57,193,100,14,191,180,133,210,8,102,169,255,100,36,238,221,212,16,64,225,53,197,112,140,246,33,198,39,143,29,115,73,103,249,215,85,85,69,82,215,238,132,11,97,16,241,240,205,0,225,207,183,162,189,172,24,12,255,202,145,126,18,89,108,80,75,73,184,228,110,199,204,213,203,4,21,111,107,63,239,117,236,72,0,215,116,180,147,134,243,8,251,119,241,171,200,11,8,33,108,130,112,181,7,125,219,97,242,1739150283316,/dev/cu.usbmodem1413101
130,180,83,147,9,236,56,221,59,244,121,71,143,191,244,151,226,121,223,179,26,160,148,94,200,216,29,134,218,232,101,15,15,94,149,161,108,67,127,209,166,131,181,128,241,136,138,6,233,57,62,104,133,225,153,241,152,78,0,69,87,39,126,53,11,149,202,97,53,8,248,121,161,62,232,204,173,214,0,9,74,127,88,152,136,99,132,109,238,70,27,0,87,170,248,123,6,188,237,99,109,60,12,209,123,188,167,25,180,222,150,159,107,211,91,166,98,103,161,13,113,254,77,219,129,214,140,49,91,203,240,199,202,187,58,192,44,80,72,99,158,204,176,37,18,221,0,116,97,110,111,237,68,211,168,144,237,38,197,158,186,196,119,65,31,207,107,221,159,176,96,99,53,61,95,192,109,230,160,69,111,164,2,181,18,52,231,69,9,66,210,200,161,74,14,1,253,105,8,1,127,236,77,167,188,131,190,65,215,225,54,158,99,230,113,186,209,43,134,250,47,17,41,154,125,181,212,228,240,226,185,103,232,243,247,121,204,16,34,54,91,222,33,185,128,247,200,161,226,230,1739150283316,/dev/cu.usbmodem1413401
147,158,10,198,175,155,168,251,197,114,89,96,158,35,122,88,196,131,141,131,70,220,10,236,240,202,237,245,250,74,26,141,44,158,26,116,250,42,36,223,225,116,192,179,208,222,139,39,27,1,7,60,140,130,255,30,44,28,115,134,212,185,125,102,123,70,215,30,126,0,171,230,31,151,242,19,128,43,191,20,26,247,242,238,145,144,199,44,49,126,120,159,173,60,246,136,32,86,75,140,27,196,11,202,206,150,17,204,217,71,17,17,175,51,113,146,205,194,207,19,13,161,182,100,178,10,29,83,49,61,233,10,251,142,70,171,112,178,134,165,182,180,168,39,226,171,25,48,127,93,90,161,37,26,246,36,209,129,248,210,180,217,156,216,248,122,157,80,76,44,233,135,142,26,226,156,121,168,93,81,206,19,111,13,35,92,144,62,50,250,27,11,116,205,41,31,172,165,8,244,17,94,165,79,85,198,52,20,156,42,23,132,61,228,219,82,237,154,172,210,26,218,63,176,62,230,103,177,232,43,92,205,33,78,144,220,110,199,168,68,150,176,172,72,0,13,38,110,150,160,1739150283317,/dev/cu.usbmodem1413201
22,47,151,15,208,177,158,58,118,213,65,43,20,114,128,126,65,219,139,240,208,129,20,175,120,2,54,2,47,188,182,81,239,157,12,127,160,109,204,54,94,186,66,87,14,100,201,99,96,209,110,130,252,3,115,208,4,136,41,96,116,162,143,33,1,27,72,220,226,250,229,130,202,255,182,96,62,193,189,74,70,36,163,33,109,78,243,123,141,74,204,84,6,246,187,25,152,66,15,209,165,51,112,55,130,145,189,231,36,111,5,142,22,94,176,175,97,105,137,220,245,35,175,200,42,91,104,46,222,65,62,175,192,8,66,147,223,44,96,254,40,101,192,101,75,165,54,171,152,4,245,81,27,188,129,86,226,151,158,212,221,104,99,82,169,17,37,179,143,216,23,115,174,145,8,150,43,172,144,41,84,201,171,177,94,92,21,132,229,52,126,214,112,114,144,159,251,11,45,148,5,251,203,180,106,29,201,101,83,32,17,253,220,185,229,119,151,60,223,123,108,1,54,117,67,175,219,33,136,143,42,62,180,196,210,237,198,81,106,230,11,113,131,174,163,195,101,153,99,204,1739150283317,/dev/cu.usbmodem14124101
168,13,116,90,55,223,205,157,40,5,89,19,107,145,152,53,40,47,126,3,9,130,17,221,180,197,33,136,188,160,86,228,70,142,73,51,63,107,190,241,159,65,186,127,97,90,27,160,138,9,55,2,58,45,42,67,228,191,213,166,174,12,228,135,230,70,82,220,54,17,14,47,245,115,227,74,224,46,136,1,127,101,243,245,147,11,68,155,179,44,25,69,89,99,0,213,67,93,92,56,107,211,6,30,41,92,228,96,118,81,118,35,39,76,91,129,247,173,22,190,88,190,69,217,54,218,70,82,185,35,10,108,75,220,210,155,186,73,233,53,114,125,69,32,41,116,105,238,108,240,153,12,122,220,181,201,225,6,33,230,176,232,253,127,250,12,24,13,213,120,41,234,247,124,78,208,12,175,3,101,7,156,94,36,38,62,7,140,249,84,68,117,196,213,86,0,238,73,174,115,252,6,147,22,223,93,103,223,151,51,143,30,147,138,23,228,74,217,106,65,120,242,5,10,120,160,24,98,132,164,44,236,170,217,94,24,177,129,174,127,80,57,152,39,190,31,78,231,69,114,1739150283318,/dev/cu.usbmodem1413301
223,56,34,80,248,37,178,32,188,60,110,165,96,173,31,39,172,76,135,11,10,222,200,108,192,242,24,101,116,219,243,74,4,165,133,1,238,225,43,15,74,190,252,78,0,129,161,130,238,255,187,245,108,69,135,105,193,66,211,220,52,131,125,147,139,117,34,228,250,119,111,63,91,61,162,153,159,126,105,165,132,147,187,54,178,205,198,36,177,10,142,168,151,32,216,33,74,226,114,215,111,136,120,4,0,240,53,234,248,116,190,34,152,47,182,65,188,154,128,17,234,113,188,181,163,15,102,230,182,187,104,110,88,182,19,132,239,83,230,199,131,63,77,6,119,174,101,96,68,72,58,77,58,106,13,150,174,183,41,97,54,214,160,17,190,199,183,4,133,126,120,136,40,132,136,151,91,221,185,118,26,171,236,70,215,171,160,116,161,13,214,29,59,75,157,59,5,176,81,75,134,108,194,20,54,71,111,208,84,228,186,194,198,1,61,62,21,148,115,160,195,251,133,149,176,196,167,204,27,242,184,113,172,41,148,15,63,196,35,240,89,208,25,174,20,253,106,32,199,42,1739150283318,/dev/cu.usbmodem14124401
55,189,225,131,126,154,109,183,22,53,245,42,111,65,45,28,187,215,123,205,55,240,238,238,116,124,224,155,28,143,44,163,186,133,199,86,42,49,20,28,173,23,75,6,160,189,152,64,176,239,103,108,31,111,27,65,23,181,157,63,166,209,213,242,195,181,44,53,129,194,158,210,134,104,180,221,22,107,36,111,230,233,193,127,119,226,175,55,18,143,30,108,82,166,231,186,120,161,11,36,6,255,170,70,143,53,237,60,174,158,157,113,87,229,48,3,137,49,192,14,63,62,80,147,217,162,172,120,161,172,58,85,103,175,158,16,94,97,95,219,130,120,136,55,90,182,69,24,28,62,203,105,172,168,73,172,231,70,189,165,222,49,184,171,65,180,94,254,153,103,1,162,177,66,113,199,156,14,245,145,143,229,25,30,144,40,115,101,72,201,238,114,85,197,102,53,52,201,124,207,158,137,245,10,209,165,205,242,45,134,3,251,128,28,90,237,180,106,210,253,223,51,233,125,155,78,247,59,221,33,218,65,213,165,132,193,100,47,47,201,16,37,225,216,200,73,220,18,48,49,1739150283319,/dev/cu.usbmodem14124301
95,83,224,159,68,255,230,28,98,203,175,29,176,215,10,23,159,99,12,72,98,139,94,90,39,212,157,64,85,57,217,247,220,216,41,83,205,204,98,71,227,66,17,128,205,187,12,226,243,58,141,29,191,199,193,151,79,200,142,185,48,28,163,39,84,10,61,163,46,169,191,155,216,20,175,6,135,39,250,169,49,229,60,248,9,13,83,50,237,84,194,13,168,173,129,214,216,150,209,146,108,191,119,14,22,0,200,24,227,84,123,83,80,126,170,77,251,105,71,23,66,110,69,148,184,230,93,73,158,97,216,37,70,226,149,39,19,99,133,29,115,33,252,117,187,249,224,140,126,36,49,174,144,91,211,154,125,122,90,196,148,163,114,63,28,50,235,31,12,245,24,158,251,230,188,42,218,78,163,197,142,159,115,83,148,179,19,26,65,46,187,187,82,164,170,54,105,181,175,231,17,33,241,80,104,110,52,19,187,211,0,154,69,188,203,239,181,59,197,129,130,31,82,3,38,117,86,49,84,174,39,60,187,73,176,221,240,255,142,0,85,55,192,133,210,190,38,61,190,88,1739150283319,/dev/cu.usbmodem14124201
53,162,4,97,119,160,42,37,148,159,206,193,250,131,37,93,155,57,3,217,34,176,18,81,39,45,39,49,182,67,170,48,166,234,81,206,144,52,82,246,34,227,98,253,61,81,113,209,57,74,205,10,87,44,179,57,99,56,177,180,66,220,198,8,43,237,126,77,53,210,163,102,42,225,151,74,52,87,44,84,155,91,69,254,196,168,117,87,173,139,8,97,72,244,194,244,57,126,227,7,99,164,66,238,157,104,178,168,202,247,55,214,170,162,135,97,15,72,54,19,178,14,49,87,188,185,123,59,43,187,243,92,12,73,197,45,43,75,12,41,127,174,157,194,96,72,57,65,73,71,145,253,175,207,153,175,229,96,152,110,95,56,42,244,39,101,63,247,95,247,89,212,243,163,217,153,249,133,212,63,187,228,240,162,145,91,181,137,127,255,112,85,146,189,18,4,176,90,13,142,84,26,8,22,138,229,226,149,4,209,226,52,213,92,33,140,241,132,148,165,128,0,110,82,61,163,161,164,50,12,32,135,29,158,60,178,213,219,199,218,171,136,44,251,38,43,40,101,122,73,1739150283320,QBYTE | unassailably
178,147,130,32,91,110,219,56,195,7,61,37,46,78,110,127,22,137,176,135,42,163,40,30,143,203,12,12,8,191,146,220,255,247,206,24,95,11,119,235,63,126,108,148,219,45,50,53,172,84,159,194,65,2,209,229,220,245,203,214,247,15,37,67,134,200,196,112,236,128,77,163,13,215,168,30,10,193,223,227,66,217,210,18,217,232,65,219,251,144,69,30,184,37,98,98,3,88,121,197,148,174,92,210,25,227,155,236,184,232,199,128,252,88,246,226,171,200,214,253,0,88,50,216,104,105,243,69,118,80,67,108,124,204,238,54,138,205,32,111,62,225,4,201,2,89,119,31,5,75,19,139,71,195,23,55,147,168,249,138,246,105,100,117,67,0,18,252,180,104,25,115,102,177,229,57,169,58,151,191,9,133,2,138,209,26,118,99,105,24,46,132,159,149,183,219,248,187,136,196,201,180,75,2,171,181,247,163,68,9,205,16,48,114,246,50,115,102,187,238,234,152,229,206,240,20,64,201,94,248,209,234,80,44,136,207,144,87,223,4,152,163,25,167,37,99,186,123,210,232,1739150284394,/dev/cu.usbmodem1413101
164,184,164,128,135,236,24,188,55,226,253,0,115,243,127,121,159,230,155,54,10,73,83,176,80,2,233,107,116,104,82,50,251,222,218,251,160,49,31,102,43,8,164,67,45,210,104,47,157,53,142,111,188,31,0,152,135,254,45,253,165,15,107,101,208,155,118,180,128,218,227,190,105,220,157,60,113,48,29,220,70,49,71,235,92,182,189,194,226,196,162,88,156,148,165,86,189,89,167,221,78,43,204,38,12,214,121,101,30,123,19,44,34,238,24,58,131,18,179,242,147,32,254,225,46,149,230,243,248,201,117,56,23,73,173,253,81,153,115,245,87,109,123,223,28,78,184,88,234,39,186,0,104,196,120,146,26,77,209,216,217,251,43,70,180,55,146,11,192,228,114,164,180,10,21,91,158,43,47,21,222,46,74,66,21,170,237,185,242,198,53,200,102,103,37,216,199,63,172,14,237,106,182,29,250,72,125,26,108,17,181,69,106,152,1,81,236,91,107,136,115,137,220,47,169,13,12,98,2,62,158,52,251,58,49,157,190,114,171,105,22,140,15,210,21,18,78,241,196,102,1739150284395,/dev/cu.usbmodem1413401
235,73,113,227,131,232,73,132,137,209,169,140,60,235,48,93,87,171,3,37,81,73,245,92,158,7,57,61,237,147,76,9,154,88,66,232,186,112,233,224,170,147,24,6,68,163,65,117,196,255,112,43,217,199,60,195,176,251,2,32,241,212,235,247,205,157,56,127,199,72,65,193,21,219,211,72,157,8,98,126,212,193,118,255,250,69,119,203,131,43,95,17,222,106,50,214,253,34,184,143,59,56,225,135,89,54,166,7,178,141,133,196,97,119,169,86,187,64,216,160,185,70,109,46,6,146,102,210,7,251,62,151,12,7,142,102,77,157,20,117,64,45,30,76,183,30,234,119,81,56,37,169,254,137,80,189,177,45,205,46,214,148,52,128,226,4,55,19,196,123,116,174,192,102,118,166,239,228,234,58,47,253,39,46,221,234,153,55,85,68,7,197,194,244,170,83,81,144,247,150,75,34,8,214,240,207,76,122,82,108,233,86,192,199,1,118,162,251,153,233,216,208,40,77,202,161,10,243,78,118,17,132,85,126,247,46,125,18,39,115,18,150,168,33,253,171,146,57,62,188,1739150284395,/dev/cu.usbmodem1413201
116,2,108,132,16,22,0,75,136,157,210,226,253,22,122,143,251,186,184,171,14,203,2,134,42,90,114,102,17,127,40,9,214,129,227,84,178,76,148,168,211,27,138,246,217,143,186,11,229,168,253,195,40,81,188,74,179,127,252,238,70,6,189,14,10,33,230,39,101,193,246,117,255,25,191,92,41,77,71,241,203,140,40,7,184,76,254,218,213,196,37,249,165,91,0,192,164,121,140,187,64,64,178,162,69,0,170,226,162,107,227,100,60,16,126,219,109,7,209,245,142,35,218,136,0,34,146,168,18,246,181,229,152,107,201,217,102,25,133,144,133,143,37,110,102,79,42,117,202,164,245,161,206,95,71,186,125,34,111,27,199,107,170,87,162,182,144,55,132,121,139,191,246,101,84,137,133,1,215,104,3,150,174,203,243,27,124,127,93,229,95,183,35,120,203,132,194,144,236,87,51,201,35,215,22,149,174,81,232,58,24,175,94,122,237,157,61,243,240,58,20,155,15,227,86,248,126,94,218,107,193,37,8,174,97,128,159,67,147,85,82,233,53,191,11,221,110,132,255,132,1739150284396,/dev/cu.usbmodem14124101
192,141,242,230,148,30,130,170,109,42,72,109,17,93,206,59,96,32,125,155,43,178,106,207,116,125,83,86,2,0,206,113,13,71,170,91,27,80,209,82,18,159,83,131,89,206,136,232,206,82,157,218,104,179,243,74,19,176,196,173,68,52,175,165,252,34,85,148,134,181,109,160,242,255,204,78,112,196,29,72,1,194,111,188,68,83,152,174,1,45,206,22,229,226,4,45,204,220,34,123,133,201,6,130,205,249,161,104,29,242,51,215,206,29,213,219,112,106,52,255,100,236,27,242,2,78,138,39,236,23,255,166,63,9,66,145,71,21,205,130,138,53,79,109,123,219,65,116,204,155,189,174,173,144,146,69,174,34,98,70,131,15,176,135,119,253,163,39,225,62,172,188,247,132,89,111,155,200,247,114,217,12,88,156,62,27,149,18,212,242,219,35,87,68,185,113,196,97,89,163,15,104,124,28,25,233,212,41,161,103,47,210,59,88,217,223,225,199,20,58,105,220,166,211,42,49,81,54,184,118,218,219,119,107,51,14,130,55,64,153,182,85,250,99,238,149,80,149,214,239,1739150284397,/dev/cu.usbmodem1413301
78,42,135,42,23,226,65,129,8,84,89,102,193,229,152,249,10,68,177,18,223,115,39,250,103,174,210,224,86,55,184,148,98,96,237,20,208,26,92,113,229,213,45,207,223,247,201,120,100,249,204,245,215,212,179,216,43,156,146,89,73,71,169,105,70,172,195,112,69,82,199,81,187,203,63,62,182,80,229,153,238,53,175,2,22,106,95,220,12,184,116,253,219,230,187,245,10,108,0,219,188,112,230,114,51,79,247,118,127,218,33,137,226,127,232,128,47,49,220,84,31,135,222,233,120,70,67,232,206,198,114,130,30,102,18,96,202,37,133,115,232,242,28,137,131,231,135,9,183,135,49,79,135,99,163,240,219,229,123,36,30,225,238,63,118,204,59,62,91,152,135,116,225,80,227,236,193,223,139,147,112,118,110,86,38,179,32,209,1,75,225,72,146,253,208,77,198,242,28,174,225,126,230,43,81,221,15,73,230,130,193,62,60,96,148,27,176,38,76,230,76,226,25,2,80,41,29,148,25,42,178,9,7,239,91,34,12,114,111,221,58,111,133,122,230,66,36,1,224,191,1739150284397,/dev/cu.usbmodem14124401
225,54,162,137,207,50,76,119,12,1,131,199,202,141,73,122,168,8,198,55,25,80,200,229,246,12,115,135,225,235,109,13,163,242,104,80,70,12,239,183,7,225,239,62,133,181,238,126,157,139,87,245,46,111,104,57,105,115,123,200,100,114,95,164,233,71,38,159,49,212,109,192,64,113,190,44,178,198,206,142,186,65,147,110,144,149,220,184,185,239,100,211,48,67,44,93,156,53,60,143,125,28,60,184,236,117,147,30,172,183,190,145,244,177,45,14,230,200,81,217,84,139,60,217,77,131,255,78,224,176,77,184,82,134,37,133,135,30,162,111,69,81,127,31,188,21,231,147,99,113,115,102,185,169,64,87,158,118,16,231,117,169,169,115,211,247,118,114,241,39,106,255,100,87,52,101,149,164,140,134,91,206,101,199,238,159,240,28,83,225,179,204,44,91,182,134,68,106,86,209,78,237,157,93,63,210,251,197,141,172,156,11,251,50,137,81,205,246,249,128,211,31,224,254,16,177,116,127,120,173,32,92,97,102,71,71,15,246,82,173,206,21,61,11,220,123,13,93,70,120,1739150284398,/dev/cu.usbmodem14124301
218,40,75,99,62,195,251,113,136,163,142,197,95,102,137,195,5,52,244,9,24,242,184,1,149,91,45,192,96,171,144,107,234,178,40,31,119,118,187,198,162,197,185,57,78,114,52,232,9,214,241,22,151,137,171,247,183,235,190,89,30,27,68,79,146,171,25,170,169,209,207,10,152,177,194,86,168,90,129,56,35,169,190,40,129,216,72,134,15,223,20,204,12,9,234,29,52,74,65,95,92,46,49,162,105,203,37,104,53,180,150,32,254,52,44,76,176,9,255,119,153,57,214,189,87,129,153,20,101,172,237,141,14,136,8,64,69,115,48,66,242,192,38,178,113,5,60,59,42,232,184,38,22,138,108,216,212,202,173,124,40,99,121,192,241,16,240,161,176,62,93,193,239,9,101,81,140,98,126,212,230,154,129,237,30,145,168,55,106,57,37,231,91,79,233,53,170,210,174,210,123,65,162,122,117,82,100,18,232,223,243,152,22,236,97,201,250,38,232,18,125,62,218,11,246,109,110,242,92,151,167,129,83,185,120,158,123,232,28,141,118,47,68,111,213,243,27,102,29,173,1739150284398,/dev/cu.usbmodem14124201
60,217,167,225,61,113,254,102,20,117,167,66,217,19,205,175,226,38,110,136,138,11,177,165,27,16,113,205,85,76,47,109,110,151,178,95,13,54,204,151,63,144,114,108,38,45,58,98,46,192,107,137,10,10,210,168,190,59,139,128,146,200,5,248,80,141,197,77,149,49,17,146,31,61,214,60,19,188,80,215,109,186,38,249,132,35,38,68,244,30,87,90,93,206,140,186,137,149,181,92,185,118,46,59,114,11,14,4,77,94,136,227,165,54,5,76,247,7,42,95,18,196,84,224,32,70,78,89,60,89,144,55,130,136,121,64,191,141,24,163,121,120,78,125,250,106,18,144,70,117,62,34,154,1,101,152,122,145,46,158,254,73,95,239,148,83,57,25,207,49,136,48,121,50,57,250,30,37,11,75,239,238,19,205,2,231,147,122,127,30,239,126,170,211,197,91,64,175,130,5,135,143,115,14,181,19,44,37,176,216,8,211,46,177,190,212,102,4,240,251,222,69,155,107,89,132,110,41,77,189,112,112,180,157,120,9,54,47,161,47,250,80,141,150,199,88,106,152,186,51,1739150284399,QBYTE | 