ColorZ: 1.650000 RotZ: 1.850000 RNG params: trng True False
18,98,103,157,217,135,135,117,71,74,198,240,201,226,196,85,44,193,231,166,165,146,125,221,19,104,159,156,143,3,8,47,45,127,26,199,242,18,33,77,177,228,131,7,200,68,39,61,249,236,50,182,116,62,181,114,215,139,247,162,153,103,245,218,83,32,6,6,241,202,7,27,72,146,238,216,53,140,102,171,91,83,6,117,165,171,232,119,183,70,242,141,19,239,188,22,107,169,129,13,218,12,100,99,122,164,27,14,221,79,85,250,22,25,190,173,42,217,103,170,240,36,201,140,1,156,246,155,203,28,72,253,200,250,246,115,254,113,28,7,75,113,219,239,185,104,148,68,105,56,18,234,138,118,157,161,110,229,233,158,171,59,88,12,104,164,139,251,22,242,8,149,249,130,108,116,113,223,31,149,46,138,39,111,70,57,247,189,73,199,12,233,33,125,29,98,171,78,67,167,88,108,163,214,49,253,139,174,173,249,204,211,64,5,193,80,153,101,82,165,37,107,102,235,223,113,54,194,215,244,127,61,218,100,87,48,186,226,31,4,4,63,140,187,105,172,182,21,95,250,1739151062811,/dev/cu.usbmodem1413101
104,170,20,248,68,92,98,225,52,110,104,149,119,176,216,239,163,121,129,15,182,184,95,181,223,16,54,182,53,243,163,199,86,96,115,106,118,221,252,94,105,58,39,252,26,120,116,244,154,119,52,63,167,82,111,244,105,24,63,251,147,134,49,71,42,136,182,196,223,44,84,37,121,135,208,188,20,160,160,25,220,66,44,254,6,152,89,53,173,16,76,171,202,253,229,5,66,17,112,72,178,18,174,239,85,56,55,224,56,167,141,77,86,51,139,166,185,237,116,99,126,117,75,114,40,198,125,171,183,114,107,101,19,37,74,47,124,237,121,213,217,225,92,21,174,153,149,89,230,47,54,244,184,64,157,121,159,136,214,10,195,246,128,8,59,155,134,43,62,115,8,41,28,227,16,5,9,181,69,30,251,72,219,76,20,175,213,13,127,27,232,166,60,152,10,74,243,139,30,93,97,195,231,238,53,44,237,161,86,28,169,146,97,64,198,143,214,229,239,208,145,84,74,56,202,61,41,230,248,78,102,64,64,37,199,23,139,64,169,215,86,203,91,11,247,21,175,124,234,158,1739151062812,/dev/cu.usbmodem1413401
250,230,218,140,32,99,4,136,218,57,87,201,117,172,149,196,67,215,171,10,151,244,13,93,35,216,43,144,188,112,169,22,48,181,69,146,198,9,98,234,212,197,21,242,136,249,129,169,130,45,88,58,105,65,137,149,110,90,88,165,22,27,182,96,195,191,230,253,125,174,125,217,170,194,38,73,128,68,23,147,12,37,202,33,7,171,1,27,50,69,90,6,26,234,219,201,232,68,147,49,10,20,76,200,40,121,5,15,104,121,252,232,150,238,94,52,78,68,132,247,55,208,92,71,222,163,8,166,110,188,153,162,80,229,182,167,153,12,62,133,124,150,150,231,199,107,224,37,101,216,192,104,59,108,19,200,2,93,228,83,27,1,16,183,217,122,17,167,97,54,154,121,227,129,138,60,240,170,170,78,4,68,105,15,76,38,4,235,106,214,214,121,16,75,178,165,128,188,106,8,99,117,216,19,61,94,204,108,119,116,154,50,131,25,179,2,32,136,69,160,248,236,120,96,184,3,76,206,93,221,250,106,123,218,95,13,40,82,58,184,127,197,153,251,162,204,146,95,112,144,1739151062813,/dev/cu.usbmodem1413201
47,152,254,134,1,21,160,59,15,29,153,108,125,2,171,23,201,217,165,222,213,186,239,7,100,9,190,37,137,47,165,121,54,249,10,213,73,23,155,228,222,22,221,27,112,203,246,199,0,243,207,164,125,12,176,103,46,128,117,158,80,214,236,122,245,196,99,83,200,226,72,251,238,124,147,199,129,20,135,145,169,172,19,71,34,128,244,88,32,177,158,162,146,204,48,191,28,30,211,208,123,31,70,78,22,110,214,128,73,60,241,105,208,172,63,252,239,43,57,217,204,136,101,237,30,114,112,77,171,45,185,103,26,137,233,53,56,116,254,141,0,18,145,85,116,58,62,204,217,118,213,135,86,36,254,204,54,35,14,45,189,127,223,123,240,142,85,78,68,20,206,96,105,26,99,188,226,250,241,2,86,203,84,221,183,251,153,30,157,182,116,195,14,34,11,225,114,173,109,21,228,82,28,133,172,249,183,205,243,48,240,104,164,47,76,7,203,178,140,118,53,133,49,122,163,202,86,201,14,167,15,161,125,130,126,54,221,98,107,235,74,235,245,104,21,9,63,211,232,158,1739151062814,/dev/cu.usbmodem14124101
21,67,52,155,189,198,166,215,10,134,1,93,114,188,29,166,98,187,230,44,212,73,155,12,121,11,222,241,141,60,11,98,132,210,239,77,113,225,108,35,206,57,26,247,101,191,237,81,22,56,153,10,40,105,112,161,173,202,204,40,112,28,237,39,101,155,217,242,58,104,245,83,137,151,246,77,13,149,70,113,13,191,191,154,3,136,136,122,233,253,214,10,27,90,47,174,227,15,139,134,224,223,87,214,162,250,33,91,90,173,255,230,48,139,192,240,140,213,136,31,55,134,116,132,165,203,152,142,249,138,16,67,135,183,138,6,201,210,8,161,244,79,157,67,104,113,144,50,22,247,191,57,191,186,201,36,202,185,253,92,211,191,150,183,144,152,91,120,120,101,178,12,175,210,47,199,236,72,66,84,145,76,125,237,57,189,26,233,32,212,80,125,48,90,9,240,68,107,112,171,25,72,16,146,175,84,54,139,228,188,239,251,165,172,169,191,17,33,251,89,211,232,103,184,183,39,183,57,57,65,214,97,132,243,127,71,81,111,149,144,160,28,16,181,31,82,120,157,96,2,1739151062815,/dev/cu.usbmodem1413301
151,140,238,9,42,38,197,164,52,179,208,188,239,30,2,203,211,132,183,67,53,231,158,86,166,98,104,100,169,42,130,93,213,137,204,60,97,6,7,199,170,4,211,73,199,244,193,120,57,180,252,153,6,49,213,191,161,207,222,86,166,145,216,223,191,192,62,238,228,145,4,105,238,171,231,180,159,195,253,59,90,180,35,90,182,251,6,157,126,220,46,203,59,124,196,20,40,75,97,103,178,139,178,71,143,140,44,141,125,190,157,108,44,196,251,134,252,241,24,145,108,161,252,243,111,175,25,58,44,168,70,127,114,245,63,16,115,55,179,137,203,1,69,56,84,18,233,39,36,236,20,82,57,201,69,34,179,42,16,178,146,91,169,97,71,232,39,146,57,95,166,194,59,237,227,115,205,216,11,115,175,235,25,9,9,59,215,5,248,61,237,229,180,72,47,149,93,102,247,101,10,190,33,96,177,25,201,197,177,22,39,168,167,189,53,6,212,45,39,108,224,21,236,234,146,103,74,184,237,84,253,251,167,107,237,213,104,229,58,143,160,151,130,241,226,138,141,203,81,17,1739151062816,/dev/cu.usbmodem14124401
183,237,50,235,248,66,70,147,78,218,188,13,104,42,32,93,147,181,153,12,31,34,222,1,143,114,185,33,22,161,102,42,90,128,16,108,32,217,99,161,118,187,15,255,123,203,154,79,75,54,10,140,236,0,149,104,118,253,3,59,96,12,120,209,215,172,202,191,203,86,98,28,93,149,65,100,33,64,71,106,173,23,112,130,194,215,194,23,188,191,68,190,98,5,193,130,154,179,177,30,97,42,216,36,192,43,70,127,54,207,155,66,4,188,59,30,50,137,65,149,227,196,126,113,146,227,118,123,64,254,100,195,23,33,157,183,26,5,32,91,96,18,217,216,182,83,162,127,148,175,255,17,14,179,61,60,120,126,95,13,24,180,210,14,195,193,225,17,86,72,123,129,12,75,46,24,182,3,90,223,61,235,175,130,192,86,7,147,145,177,6,63,134,152,168,144,108,109,1,203,250,189,191,29,20,45,19,58,144,38,209,177,228,240,233,211,183,129,30,104,43,208,52,7,207,237,174,14,102,67,82,22,157,185,141,221,188,29,71,33,23,196,238,125,236,5,6,119,251,41,1739151062817,/dev/cu.usbmodem14124301
180,92,210,180,205,92,164,230,152,11,50,189,183,149,134,63,201,157,5,80,236,76,180,165,96,120,105,100,75,140,238,88,106,107,205,218,60,138,68,133,217,175,86,110,59,171,80,139,142,208,51,130,209,224,160,16,9,168,58,26,253,58,136,162,58,181,143,196,130,237,98,80,93,214,224,101,161,17,138,250,19,96,68,44,39,192,62,130,79,103,27,156,62,158,239,112,211,254,93,137,60,128,22,84,184,123,160,143,28,40,81,75,210,117,156,65,48,220,223,127,240,232,185,183,155,22,61,207,162,226,193,153,101,41,239,42,172,191,194,17,190,224,58,0,131,85,51,137,226,152,0,233,181,181,93,212,179,114,196,164,247,30,63,67,228,123,237,3,174,111,200,227,242,243,82,236,189,7,171,219,247,17,200,6,69,143,160,165,91,191,37,15,4,171,205,203,135,143,236,1,18,239,141,23,191,40,161,44,236,41,94,146,229,182,237,109,85,232,48,66,122,150,97,140,185,6,188,118,124,83,78,169,77,115,192,114,106,30,192,253,185,209,232,190,132,96,99,15,24,251,1739151062818,/dev/cu.usbmodem14124201
46,200,109,162,30,83,192,33,78,228,63,145,244,225,155,102,238,161,165,78,67,164,175,204,187,202,90,79,246,148,166,202,28,227,216,45,7,101,104,221,25,36,252,61,200,37,194,74,11,47,205,138,212,153,115,18,141,25,206,61,7,151,91,12,120,145,151,11,12,232,151,106,18,212,59,18,50,123,32,106,203,228,91,131,214,124,54,115,108,91,221,97,45,137,119,45,95,235,183,210,22,235,235,235,68,173,20,71,201,89,125,181,204,238,200,234,64,42,160,131,61,2,244,229,42,26,57,219,142,193,240,59,22,249,36,69,47,187,252,184,15,168,187,235,173,197,55,23,119,149,101,98,98,11,1,50,119,140,163,173,96,253,197,83,138,1,57,193,180,190,243,9,5,125,37,177,64,174,185,228,115,16,194,145,28,20,213,159,211,91,216,93,5,173,237,82,88,59,48,227,69,44,131,86,32,62,80,246,86,4,72,107,5,36,96,221,131,223,134,188,27,237,187,16,93,46,234,218,178,197,219,147,111,75,110,33,43,27,207,67,201,68,47,164,188,193,36,203,255,171,1739151062819,QBYTE | malignaggi
190,194,179,226,222,41,67,232,253,125,16,8,64,90,24,142,173,110,71,74,250,208,109,187,232,234,97,205,21,122,37,110,14,241,82,12,93,198,42,233,177,249,7,53,107,242,53,246,119,238,231,113,141,55,124,78,8,196,8,221,164,196,122,251,187,62,175,145,88,92,223,128,162,238,238,109,62,82,24,35,160,153,239,180,93,79,15,238,212,126,221,227,123,108,202,192,118,101,192,9,10,136,184,25,29,245,90,120,143,236,131,244,208,173,244,223,236,104,76,151,42,89,215,238,59,224,218,30,27,98,75,95,213,186,36,182,202,212,40,70,251,182,219,216,221,126,28,78,246,224,64,207,41,129,0,188,144,244,145,21,162,166,53,227,216,207,72,24,195,139,80,108,145,34,169,204,175,131,173,51,250,8,112,80,13,75,142,58,86,59,57,140,250,107,41,67,99,182,74,131,44,59,244,4,250,0,109,193,253,111,118,171,223,135,230,170,240,230,237,208,106,81,47,116,23,119,76,142,36,172,232,141,33,69,124,230,247,176,94,161,72,240,139,66,173,105,98,46,109,0,1739151062821,/dev/cu.usbmodem1413101
21,9,167,243,95,47,167,143,247,17,16,10,68,75,38,28,244,29,183,51,218,167,180,250,154,114,216,2,239,181,153,194,15,255,239,140,94,167,9,108,207,215,226,126,108,62,247,73,54,250,114,108,29,24,50,167,8,55,42,240,180,114,124,173,65,106,71,111,70,24,141,248,151,18,73,225,177,230,62,143,57,159,244,141,122,126,152,186,0,227,72,212,125,90,254,118,206,242,244,142,221,232,249,219,15,4,210,108,234,108,69,3,215,80,86,48,139,160,194,81,30,197,224,190,192,166,209,145,224,82,40,26,86,255,38,32,49,156,198,200,3,138,225,51,209,6,186,54,157,244,242,124,43,192,132,64,9,132,89,137,50,237,138,76,129,76,1,27,106,19,1,95,122,232,229,129,90,11,146,24,230,165,198,93,31,155,159,60,21,222,147,190,196,164,183,180,40,227,89,52,192,171,79,27,176,124,182,176,7,76,97,32,115,184,114,180,177,157,180,204,131,101,255,171,131,77,200,225,209,144,178,171,205,96,193,184,221,225,48,63,136,15,206,171,48,156,107,42,180,146,1739151062822,/dev/cu.usbmodem1413401
28,14,235,175,115,203,80,21,117,62,10,214,212,167,155,246,152,61,174,58,213,47,137,129,111,213,241,11,238,43,170,215,47,29,124,75,170,117,129,110,227,173,95,178,233,29,194,182,192,177,5,225,217,180,130,241,240,140,36,144,116,152,22,218,49,163,182,64,46,125,186,199,51,67,132,18,14,215,34,171,179,228,237,52,245,215,240,186,8,47,144,140,157,63,119,159,255,124,22,174,182,186,123,102,173,140,144,44,42,82,136,68,81,129,244,187,50,83,233,215,6,98,64,196,248,2,181,210,92,25,32,229,96,79,237,211,139,57,103,242,213,208,111,238,167,171,194,188,165,242,40,29,30,252,160,239,3,176,241,224,109,153,175,173,36,159,250,77,79,146,4,218,35,165,118,12,19,48,107,186,26,54,238,253,51,171,170,2,167,177,229,71,125,239,172,248,36,66,20,213,145,60,53,61,238,137,119,55,147,64,31,77,107,219,111,98,29,225,199,166,43,193,248,184,7,213,34,222,221,59,9,218,192,255,76,96,216,33,74,94,237,66,145,139,147,13,73,194,226,225,1739151062823,/dev/cu.usbmodem1413201
223,31,114,118,217,167,76,241,34,136,0,205,147,255,65,159,129,114,26,53,255,146,20,188,158,254,217,240,240,137,25,233,37,166,6,254,137,102,1,107,11,242,70,241,83,245,33,65,239,216,43,228,210,39,51,249,183,118,222,149,19,233,247,199,150,198,156,244,233,44,202,87,241,199,84,160,250,97,26,72,12,189,183,105,219,42,37,165,155,13,44,57,245,208,121,122,67,80,133,249,253,197,242,128,103,12,73,134,92,167,236,33,188,120,6,14,127,136,46,160,146,143,213,81,109,91,6,98,181,99,193,110,233,127,209,229,58,227,179,38,134,254,81,34,0,123,31,239,224,70,58,27,96,249,210,207,160,38,145,238,37,46,154,243,52,206,208,217,68,240,119,214,6,79,3,120,213,177,34,199,231,127,154,105,185,41,138,188,5,15,186,134,199,99,195,125,39,95,227,78,228,4,176,13,118,71,125,173,102,33,64,98,65,136,103,3,214,237,222,195,220,4,163,142,121,107,113,108,241,74,173,238,253,152,29,140,4,249,129,1,26,30,209,152,61,102,202,81,57,106,1739151062824,/dev/cu.usbmodem14124101
83,222,36,46,71,64,93,185,30,80,253,98,143,172,250,128,85,3,171,244,114,173,186,154,75,247,36,189,15,129,25,138,168,247,17,118,56,194,42,78,128,81,127,236,153,52,164,107,119,238,11,200,42,207,16,172,191,160,52,104,48,36,217,247,70,151,83,48,116,222,174,66,124,16,46,120,120,251,102,10,249,251,155,63,96,207,204,144,32,195,211,77,124,26,240,144,145,55,57,89,67,240,95,142,75,109,234,58,45,71,234,11,105,174,106,49,51,83,214,206,161,173,13,134,166,53,32,45,193,96,91,116,141,185,1,160,13,88,21,87,47,218,3,77,189,18,241,45,6,221,53,212,205,4,194,45,28,96,255,17,125,141,233,1,223,231,220,197,239,235,231,182,12,115,23,229,215,247,4,71,242,123,148,90,149,224,180,4,16,163,81,98,98,90,76,236,40,240,43,219,248,55,209,239,153,238,74,35,30,189,61,147,133,48,3,158,60,155,253,1,204,9,169,26,143,247,189,187,20,70,193,251,122,79,95,8,47,17,238,136,87,129,240,24,149,152,67,187,152,199,1739151062824,/dev/cu.usbmodem1413301
157,222,43,0,216,179,64,9,43,28,205,171,252,95,114,197,228,177,41,251,169,50,219,2,149,105,80,75,22,138,214,1,28,146,11,223,11,86,194,146,116,25,246,159,118,133,104,204,247,106,245,186,5,219,177,115,213,38,66,109,104,160,32,5,192,105,36,17,198,111,58,59,23,33,126,46,94,254,175,122,228,57,138,124,162,183,200,110,176,191,6,243,88,145,216,206,63,115,69,183,220,127,134,123,207,105,214,216,0,145,89,124,232,58,121,45,218,95,239,21,231,126,83,184,19,213,20,103,225,242,217,59,199,18,57,195,191,206,182,52,92,103,5,9,109,46,209,49,12,27,250,63,180,127,233,3,67,170,48,130,9,1,230,114,190,22,115,241,196,104,18,45,229,99,150,4,175,30,209,234,104,4,180,208,206,199,164,187,27,44,25,206,126,126,231,109,255,160,54,54,94,95,52,48,82,125,112,177,136,2,81,112,251,28,176,149,128,254,17,136,13,250,202,161,125,225,255,54,147,211,10,78,30,30,202,166,33,157,192,72,124,221,168,8,141,176,62,175,139,67,1739151062825,/dev/cu.usbmodem14124401
165,237,63,65,47,38,250,255,210,178,128,156,188,199,0,79,76,211,165,244,3,246,245,222,135,238,175,198,151,91,92,161,142,78,199,177,150,46,182,91,23,146,188,212,216,225,143,6,169,38,88,247,147,168,184,188,87,177,128,165,110,211,216,3,66,165,115,8,10,82,207,218,193,34,87,227,48,169,31,195,71,240,231,139,218,241,22,253,212,131,64,85,217,185,158,85,5,67,252,76,189,2,130,251,139,72,194,244,75,130,166,31,190,222,34,226,107,169,241,164,198,130,23,30,51,121,9,145,180,6,215,235,101,97,153,240,57,176,2,23,154,202,180,159,45,217,42,238,123,88,7,62,205,215,1,98,20,135,9,110,231,219,247,135,127,213,7,44,21,51,144,116,160,245,86,166,194,232,255,111,105,240,201,139,77,148,68,68,40,231,6,27,185,214,71,161,10,243,140,177,120,91,95,135,232,233,122,222,73,65,226,115,212,17,208,70,210,195,225,61,42,67,251,9,141,220,124,71,91,198,99,195,168,143,9,194,126,87,213,171,25,213,89,11,185,54,86,212,200,148,1739151062826,/dev/cu.usbmodem14124301
195,100,9,252,28,77,152,208,89,86,205,35,32,6,135,2,205,214,142,185,112,186,136,142,51,138,112,151,171,198,158,114,5,93,16,180,167,54,178,105,243,124,97,178,186,179,209,170,197,129,126,54,37,232,93,147,109,125,89,219,75,123,218,194,187,81,102,162,155,34,221,45,180,38,162,33,52,102,10,85,239,60,55,248,54,130,139,128,96,30,249,23,154,212,206,23,134,155,59,9,218,141,124,236,46,175,5,129,188,121,3,20,21,234,226,220,125,175,125,179,8,195,234,132,69,250,209,98,19,14,3,232,172,236,204,122,77,83,185,123,3,141,71,138,255,224,191,16,5,106,236,163,164,232,177,110,154,11,55,56,193,206,63,217,92,145,96,91,223,209,112,154,190,72,108,162,204,233,207,115,10,255,101,170,139,193,119,119,237,112,184,43,81,233,129,237,97,87,24,74,169,109,18,46,67,85,62,72,168,183,235,122,164,58,241,127,95,28,137,235,210,96,47,240,94,17,168,175,75,23,8,55,158,166,10,181,151,84,96,98,81,25,205,134,236,189,208,190,191,190,1739151062827,/dev/cu.usbmodem14124201
192,83,180,91,135,242,135,28,227,114,119,111,172,123,235,243,112,139,237,52,162,25,88,180,233,73,58,147,193,251,2,202,52,195,10,153,34,254,79,110,134,215,168,29,48,199,179,67,130,94,99,171,2,232,187,17,23,67,119,83,10,235,28,120,34,59,160,193,250,212,164,102,233,77,210,170,89,200,194,169,147,81,128,84,39,199,219,200,99,94,69,126,9,63,66,79,41,39,28,123,100,31,239,198,249,146,170,41,201,88,180,238,192,164,131,120,213,25,252,125,40,227,1,97,173,124,84,134,149,208,212,130,137,83,83,73,140,231,34,85,65,232,241,118,169,173,206,201,90,84,132,195,108,0,109,254,235,160,89,87,138,101,77,220,11,103,171,212,67,155,55,74,57,141,130,220,69,225,147,231,24,148,78,50,5,32,18,52,47,67,3,111,112,88,156,191,244,188,109,58,238,246,150,89,178,157,175,239,120,11,45,78,136,107,14,77,187,205,196,38,39,33,60,171,203,95,65,184,78,9,94,83,131,58,122,107,17,6,62,200,84,51,201,103,126,61,113,233,102,183,1739151062828,QBYTE | sigint
60,38,131,46,165,105,96,49,8,99,61,159,202,193,168,160,2,99,65,128,243,98,183,169,48,202,158,29,215,219,121,161,171,254,33,112,167,180,165,27,122,66,29,37,61,163,30,59,151,217,185,198,32,79,87,109,132,18,87,104,1,86,72,230,92,61,215,196,82,6,38,154,246,109,57,188,76,175,22,31,62,39,238,237,190,51,66,218,93,17,38,95,135,246,141,93,102,0,65,180,132,191,121,161,54,129,184,117,199,0,218,1,240,147,164,30,245,153,152,122,209,103,154,119,86,136,69,84,229,105,201,61,162,179,126,106,94,117,77,158,36,31,246,35,238,82,21,179,128,29,195,75,169,121,185,13,164,64,255,223,107,190,219,250,151,207,136,93,52,115,175,96,118,81,202,21,4,124,74,108,30,60,208,33,62,78,177,235,156,25,116,232,164,74,108,82,73,92,24,144,129,84,147,47,172,249,78,12,243,150,70,238,1,138,7,178,82,6,41,142,164,243,62,52,161,159,212,90,107,163,240,27,167,50,174,25,44,49,147,115,166,124,250,72,174,162,105,164,38,29,1739151063266,/dev/cu.usbmodem1413101
235,222,71,114,142,239,3,251,170,66,76,22,75,197,103,111,248,229,215,23,7,142,213,1,119,227,166,19,232,13,41,64,33,2,142,52,10,25,72,3,137,96,36,155,75,82,123,71,137,186,148,73,129,18,6,15,227,147,196,255,209,181,88,10,139,150,182,88,51,20,221,10,93,13,150,46,40,118,245,88,153,159,128,59,207,50,90,152,213,239,191,189,46,237,154,30,39,9,97,249,107,151,18,245,122,119,74,121,76,190,214,50,41,65,76,242,132,243,165,181,236,175,69,178,130,100,35,27,131,117,97,0,38,185,78,47,173,225,37,29,50,132,190,219,21,203,106,199,190,69,210,136,198,175,224,136,230,13,148,165,65,52,73,12,62,211,48,129,79,185,79,102,69,143,90,241,234,82,129,92,207,197,184,188,218,234,169,188,164,189,6,234,5,208,7,185,230,11,73,239,241,192,228,110,240,51,145,119,48,94,16,87,199,52,59,99,255,19,168,242,155,232,66,102,156,126,13,123,5,179,100,4,231,100,47,126,198,193,166,12,110,246,72,60,138,224,44,109,45,195,1739151063267,/dev/cu.usbmodem1413401
249,129,162,60,164,38,143,96,177,116,101,116,92,4,61,46,173,135,30,250,235,186,82,144,176,43,35,20,85,197,129,67,239,176,209,106,100,202,2,27,21,90,85,132,160,225,93,36,46,90,177,20,53,90,147,221,202,89,34,55,58,75,196,198,31,159,160,150,49,165,13,110,41,23,126,98,139,55,34,61,168,233,125,224,145,228,178,234,135,210,63,9,61,235,214,229,208,88,131,225,24,239,73,84,55,19,202,114,160,174,41,59,249,11,53,43,21,142,170,73,243,76,187,155,178,46,198,188,65,56,44,249,105,34,136,115,167,85,83,8,59,213,132,17,111,92,25,134,187,43,154,178,59,154,28,8,42,42,85,187,170,246,172,187,145,88,124,95,155,37,57,183,126,0,235,112,134,219,192,41,76,181,0,30,195,15,132,96,148,167,55,184,119,205,33,179,179,212,58,237,53,39,226,176,61,177,0,211,183,109,225,82,235,204,122,1,155,4,99,7,68,253,134,87,169,11,45,53,229,224,13,200,223,59,246,158,241,235,95,250,25,69,246,102,104,61,54,68,66,92,1739151063267,/dev/cu.usbmodem1413201
230,161,227,90,183,99,226,12,47,221,44,82,135,208,56,196,95,84,114,215,18,17,145,172,61,55,21,166,243,171,54,20,38,126,246,144,183,15,95,52,74,79,85,88,56,174,239,236,44,112,181,250,27,60,81,18,6,35,26,244,235,215,201,193,224,104,241,78,32,88,152,136,6,115,72,85,88,84,64,96,70,182,70,55,190,60,33,74,75,22,193,184,184,45,214,36,172,240,125,132,2,21,37,106,21,205,83,107,23,105,66,186,119,193,13,12,142,180,155,71,246,187,33,85,13,115,19,224,219,227,252,59,227,23,40,104,114,38,25,245,142,87,104,145,241,237,192,116,120,236,192,138,203,134,212,88,28,64,231,44,74,148,23,225,177,146,46,41,4,192,48,44,163,189,68,194,6,16,48,238,178,116,15,253,117,2,228,255,173,37,233,151,125,41,80,159,159,252,91,148,4,1,52,216,207,184,38,130,100,43,33,249,27,231,26,148,112,227,151,79,64,190,89,15,137,183,18,210,133,235,36,211,21,85,173,98,142,151,127,69,13,52,10,226,45,169,176,17,162,92,1739151063268,/dev/cu.usbmodem14124101
150,49,135,98,14,88,31,218,181,239,195,236,1,21,211,56,246,100,152,4,139,69,80,125,88,68,154,44,198,252,142,100,2,253,110,41,121,115,62,39,113,92,238,95,139,24,199,117,102,174,245,208,83,59,61,148,200,94,228,12,112,185,107,139,211,186,136,119,155,163,212,98,198,187,144,215,137,202,11,135,54,158,247,102,42,23,223,235,233,155,194,72,126,148,86,120,7,33,35,122,51,218,221,249,108,149,255,246,177,187,234,163,90,92,160,221,125,204,149,244,243,253,251,122,237,231,104,150,55,31,189,67,46,250,65,48,147,22,118,82,173,240,122,153,226,156,136,196,9,133,244,176,213,229,22,229,236,144,203,162,69,147,147,165,201,214,207,72,176,232,214,2,25,148,181,100,248,222,221,252,139,253,223,217,232,198,255,78,71,198,83,54,191,125,216,116,70,244,91,119,181,38,169,87,20,43,141,252,162,15,206,254,162,61,122,160,164,175,247,50,103,3,18,29,76,91,123,252,55,41,193,8,199,74,75,116,172,80,211,66,78,66,149,155,116,116,248,107,32,194,1739151063268,/dev/cu.usbmodem1413301
144,152,88,212,233,102,74,179,29,177,98,84,132,137,192,159,190,170,62,219,178,212,107,230,69,15,0,95,207,113,245,123,183,237,215,68,130,225,195,39,189,224,146,4,196,66,74,121,18,32,4,207,5,174,153,99,87,56,74,203,168,112,24,100,138,214,235,57,125,195,247,5,175,91,13,96,41,111,120,41,217,167,207,167,155,105,118,186,242,206,45,85,141,129,163,40,198,150,99,91,29,35,88,6,154,190,121,82,120,234,89,87,254,87,241,42,48,248,102,189,208,84,163,117,84,140,19,222,130,124,160,9,47,88,255,122,230,83,199,110,159,117,168,118,200,85,25,1,123,25,50,219,74,4,38,168,87,49,120,238,187,14,215,166,207,97,83,203,147,20,176,150,198,233,185,218,16,157,25,7,159,10,249,96,206,187,188,64,76,191,226,118,140,75,128,98,190,75,49,188,29,227,194,93,174,152,219,236,182,143,225,226,72,86,212,81,44,191,164,0,111,200,42,161,89,53,186,84,65,119,86,38,116,36,178,50,139,147,132,172,41,158,245,76,189,62,48,211,171,188,1739151063269,/dev/cu.usbmodem14124401
148,160,192,252,172,33,177,121,124,213,116,74,21,196,72,80,196,93,116,3,22,171,47,111,220,167,233,234,208,60,152,215,137,98,156,128,86,248,233,172,81,224,231,125,178,197,154,233,0,9,143,163,61,108,63,20,232,233,179,33,111,86,25,238,43,151,16,182,104,244,200,31,177,168,43,43,201,208,197,203,255,203,83,15,246,239,128,1,198,9,77,38,38,215,117,110,39,229,10,154,245,20,102,185,251,61,197,182,70,9,69,105,226,107,165,227,255,71,225,244,68,226,112,190,33,175,174,252,114,204,199,96,192,0,200,35,77,90,176,158,68,142,244,226,144,211,200,249,212,246,78,28,227,248,208,1,235,151,73,234,141,84,52,23,174,226,151,109,146,120,205,154,28,117,36,118,80,200,215,217,219,55,154,22,193,178,245,203,172,84,121,236,116,3,241,67,30,144,24,215,36,124,203,203,15,112,255,249,183,168,147,17,117,137,177,124,227,241,31,130,172,75,36,201,208,159,174,240,80,204,216,219,84,184,71,253,198,68,95,37,243,245,232,21,75,128,13,176,51,177,1739151063270,/dev/cu.usbmodem14124301
22,215,199,67,44,129,156,255,83,185,57,115,196,95,222,249,195,52,27,196,6,34,29,164,166,23,5,200,225,180,223,48,4,105,212,159,10,84,3,241,144,224,87,67,137,145,207,45,222,165,80,96,117,162,184,226,189,76,188,38,173,163,118,220,95,107,157,91,109,106,203,113,17,0,183,77,134,229,254,214,70,191,229,239,186,202,80,249,73,191,93,184,35,178,138,86,54,111,102,199,234,14,196,64,168,162,163,153,154,118,56,154,189,12,141,23,72,206,78,23,224,127,10,115,233,101,213,106,240,121,170,214,51,106,202,135,143,131,151,5,25,225,126,98,185,5,72,69,235,66,240,162,16,91,251,48,126,37,198,34,186,148,14,148,148,224,95,58,26,56,93,65,153,105,26,160,34,62,93,219,30,196,12,163,31,201,13,60,157,137,78,92,120,3,129,47,143,41,92,204,11,69,253,109,247,156,21,14,14,205,187,51,227,229,144,74,8,235,138,159,197,173,197,48,219,157,224,167,95,238,98,129,112,53,95,194,46,22,133,111,65,185,35,31,49,73,165,72,151,3,1739151063270,/dev/cu.usbmodem14124201
76,6,93,51,95,93,118,73,187,186,212,46,14,215,79,43,71,242,51,162,36,95,168,196,173,206,120,237,161,189,219,78,123,41,121,204,217,86,167,106,161,139,245,7,154,176,15,124,182,107,7,189,145,96,176,172,97,56,10,148,27,67,1,54,5,204,222,231,147,17,78,127,77,76,152,116,88,42,201,169,31,170,219,32,163,130,242,75,208,217,152,208,218,173,29,234,237,156,242,84,196,49,32,108,203,156,139,158,41,87,169,181,172,116,169,200,16,237,80,107,191,11,103,201,26,16,179,205,203,17,8,3,252,247,44,176,145,123,180,217,204,243,252,23,102,55,183,255,176,183,51,46,243,136,138,169,90,52,229,105,3,181,87,44,181,99,190,126,79,147,31,210,180,2,13,62,244,80,117,14,254,60,215,114,170,175,195,49,59,130,42,221,148,72,50,189,234,121,30,214,198,78,252,133,236,156,69,205,189,107,145,44,74,146,211,131,37,248,179,27,90,117,122,79,3,49,105,57,119,103,144,112,29,219,59,226,90,29,152,100,9,107,229,45,210,85,163,220,196,18,1739151063271,QBYTE | psion
142,32,8,238,136,220,132,223,219,32,59,244,57,103,59,207,176,111,243,244,1,146,98,192,55,25,144,175,96,216,169,247,213,186,167,222,57,228,58,120,86,142,207,130,217,12,220,116,242,106,80,85,194,237,112,252,41,207,221,49,43,121,207,171,179,230,255,225,250,85,92,58,77,204,29,92,91,245,196,166,125,211,180,112,145,243,186,205,246,192,135,78,247,102,105,160,116,191,101,111,73,233,167,186,164,11,115,132,240,228,38,78,162,205,183,6,214,151,253,178,199,211,248,239,109,51,233,94,80,108,18,64,13,94,118,243,207,161,225,136,96,46,99,69,15,162,137,245,5,193,251,184,178,204,112,236,230,98,72,254,34,1,37,86,148,178,197,228,213,14,58,84,237,26,87,24,192,20,29,61,70,207,209,225,77,126,122,182,99,135,255,22,172,247,138,56,94,133,154,239,165,163,54,102,3,234,181,41,129,21,211,230,175,222,48,64,225,103,134,56,81,192,86,114,82,239,79,60,3,37,183,218,171,203,170,170,23,158,154,23,76,34,108,186,150,123,152,66,255,181,1739151064341,/dev/cu.usbmodem1413101
97,37,122,240,53,91,242,80,73,105,77,222,39,131,4,73,139,239,122,233,184,54,111,253,176,246,24,79,90,135,197,104,249,8,204,154,93,18,117,211,36,142,196,119,213,4,192,145,137,164,249,221,80,107,237,49,151,234,181,170,197,145,145,132,145,243,32,221,101,220,150,255,3,170,97,58,227,73,96,169,120,184,195,247,93,210,173,96,149,38,100,184,43,22,166,134,25,171,39,93,239,48,79,77,160,101,7,17,111,209,216,231,127,130,207,167,68,27,106,95,147,205,86,93,195,44,227,219,247,132,250,92,77,110,21,150,103,97,35,56,88,38,121,134,51,229,206,84,241,99,189,199,56,239,42,10,73,56,189,18,252,16,70,136,14,195,230,236,37,24,36,57,16,8,244,45,185,228,139,55,44,147,186,93,241,30,137,214,248,238,90,110,253,74,44,239,253,239,99,58,127,37,108,27,107,73,85,38,142,219,201,65,83,82,137,9,186,93,122,47,149,178,203,233,71,142,187,85,144,2,51,234,164,92,209,127,73,142,101,72,132,161,17,109,195,159,213,22,54,18,1739151064342,/dev/cu.usbmodem1413401
129,250,254,233,107,4,193,239,2,199,182,50,34,170,220,50,108,251,19,7,164,182,250,103,16,118,170,194,223,153,164,141,254,182,48,227,61,202,236,116,209,172,71,138,223,107,132,97,99,242,7,188,55,65,13,243,19,89,168,19,6,207,168,252,115,244,55,126,98,200,21,154,133,197,158,134,20,210,152,60,106,207,146,194,8,208,126,210,210,39,149,133,228,143,152,24,20,98,193,61,11,34,156,253,67,166,52,98,14,81,174,179,241,75,197,240,249,178,211,248,121,94,156,202,202,25,53,222,106,108,192,189,245,34,46,39,119,55,241,249,103,217,24,126,20,195,33,53,90,96,168,182,176,118,236,245,229,143,10,247,207,223,216,196,76,164,227,28,203,156,207,161,68,18,119,231,1,14,244,222,16,246,31,121,4,247,222,212,138,31,49,234,30,83,222,45,178,169,118,146,245,136,79,243,183,170,35,60,17,229,226,135,60,129,211,150,147,250,243,63,243,8,164,100,109,43,178,194,98,59,232,4,89,105,155,10,127,117,180,212,23,194,102,134,95,76,79,156,171,237,1739151064342,/dev/cu.usbmodem1413201
94,121,184,140,230,42,144,223,102,114,48,198,69,100,246,117,47,26,235,20,178,40,142,56,103,155,94,81,40,202,204,228,154,182,72,13,147,102,13,4,216,11,96,222,248,225,59,63,237,160,26,35,50,188,202,222,27,78,72,162,55,89,158,226,22,221,188,214,22,146,201,150,199,224,75,27,28,23,32,24,190,154,117,55,68,3,175,116,149,246,248,12,173,21,241,173,32,41,209,173,195,143,189,207,45,238,112,120,232,234,152,170,119,131,101,75,13,167,140,217,148,231,228,70,76,192,85,183,47,29,9,182,135,241,111,24,65,250,64,30,212,29,166,21,194,253,237,149,219,139,134,189,153,59,0,22,54,239,192,15,87,73,250,96,70,181,246,130,63,128,110,9,8,181,128,39,30,102,102,196,199,244,168,28,235,159,58,125,50,116,210,135,153,166,135,165,206,54,44,202,206,215,118,85,232,36,143,8,184,152,39,114,41,59,209,51,227,206,94,195,144,121,39,248,251,246,25,104,149,15,178,242,51,243,191,46,12,16,238,203,136,231,87,231,9,161,66,86,12,148,1739151064343,/dev/cu.usbmodem14124101
186,203,213,107,20,46,90,147,250,202,11,82,174,208,59,243,98,180,219,108,167,254,10,51,205,182,183,221,0,129,133,38,84,209,100,111,238,123,102,238,254,121,176,134,185,89,157,25,242,33,132,233,215,130,179,116,79,130,226,88,93,125,164,26,70,22,75,66,61,48,233,186,140,128,128,86,208,109,91,49,80,172,53,183,248,135,138,253,131,100,126,228,19,133,173,33,68,111,254,23,65,88,147,20,130,21,238,248,63,193,53,174,30,54,149,224,31,182,197,85,211,57,210,61,121,148,101,241,16,187,63,88,32,56,28,240,146,225,195,183,162,132,199,126,132,189,157,133,213,187,151,40,47,122,92,25,216,33,7,100,129,161,230,189,238,150,98,37,40,158,10,10,48,46,107,235,78,45,199,4,111,197,135,252,159,0,234,95,158,52,94,99,110,213,89,9,179,135,5,188,223,150,24,180,11,9,72,223,0,221,182,219,220,24,234,174,193,91,178,50,174,140,172,41,149,102,129,195,212,227,40,152,15,84,82,50,223,186,190,36,57,87,240,89,238,202,214,157,19,77,1739151064344,/dev/cu.usbmodem1413301
103,9,188,163,183,152,23,75,224,86,176,7,159,243,8,83,255,117,124,86,0,219,47,38,26,245,41,136,166,36,224,203,29,13,13,70,144,184,80,33,94,99,13,87,235,74,74,32,95,147,52,179,249,71,88,55,88,125,64,45,129,15,5,122,92,48,99,202,41,169,153,170,102,226,134,17,254,193,183,179,100,232,0,224,214,27,118,217,69,222,10,29,184,132,54,161,61,186,244,0,47,236,83,30,148,201,15,217,47,186,166,172,75,238,145,221,125,50,193,42,181,93,224,1,17,105,158,14,113,213,113,121,5,198,125,51,100,37,11,204,31,229,163,203,54,227,82,107,206,91,24,182,237,3,22,93,192,232,80,104,32,89,230,236,165,117,83,170,88,92,143,219,46,154,191,218,240,96,136,30,112,154,153,250,237,111,208,224,60,8,156,208,120,209,220,151,244,162,10,21,250,108,60,31,226,203,53,47,180,246,68,95,105,154,112,168,250,145,163,245,226,248,193,245,240,66,167,69,191,205,181,91,92,138,116,235,203,213,3,140,110,214,121,48,145,97,47,199,102,82,1739151064344,/dev/cu.usbmodem14124401
68,183,29,167,124,31,9,184,9,115,36,227,57,192,118,223,13,172,36,100,95,109,222,7,79,166,59,158,102,217,47,119,170,71,160,251,242,138,71,9,126,71,106,144,94,33,235,79,120,27,243,105,23,133,107,15,69,139,213,253,1,214,79,232,9,210,89,206,8,177,137,178,49,237,209,14,214,102,8,92,42,142,195,155,143,234,237,144,254,58,228,192,44,102,254,106,148,69,180,243,236,146,103,247,165,97,190,203,152,99,231,118,125,232,105,86,181,160,14,98,75,115,208,67,97,139,102,113,119,45,115,233,48,23,214,67,139,11,210,19,196,79,119,114,121,217,143,185,62,198,47,228,236,125,131,159,101,128,105,23,211,2,111,168,118,177,208,113,189,63,166,159,253,33,86,205,182,223,100,15,83,254,29,90,68,173,75,108,37,77,102,187,46,213,242,150,94,30,228,31,116,110,115,180,156,163,236,232,239,146,227,50,101,19,232,218,147,132,2,69,113,54,27,34,206,64,16,239,2,53,67,208,191,141,208,251,16,125,134,222,14,32,69,56,175,9,2,182,19,63,1739151064345,/dev/cu.usbmodem14124301
204,170,149,175,19,241,237,24,201,81,40,197,100,55,208,172,120,92,180,106,112,22,217,57,45,29,9,204,112,148,209,161,78,122,115,181,129,109,189,74,229,246,252,33,215,58,43,204,241,117,113,16,52,55,78,50,211,154,228,155,30,222,152,0,13,211,99,225,55,246,224,39,142,226,207,39,70,160,246,53,152,47,10,220,55,5,173,159,111,14,122,221,217,6,112,149,175,152,253,70,52,61,251,130,112,154,115,164,215,203,110,79,243,203,170,25,52,18,181,169,23,9,37,225,17,216,185,96,37,113,30,208,189,7,238,248,100,94,69,172,221,180,176,205,101,73,241,191,111,122,117,214,232,231,115,211,178,106,82,19,111,102,17,139,195,72,78,149,14,105,9,166,111,42,124,85,209,142,149,45,252,92,29,49,106,35,132,135,79,3,215,250,77,216,219,112,233,89,39,136,20,45,121,15,24,43,45,159,86,81,101,64,22,67,126,142,30,75,176,186,67,154,149,128,136,95,54,104,24,251,189,139,224,252,88,132,19,59,40,38,162,145,62,26,239,227,76,236,214,188,1739151064346,/dev/cu.usbmodem14124201
101,89,213,187,252,241,142,199,44,66,71,173,21,254,128,18,144,80,70,58,39,100,91,73,69,250,208,116,125,228,159,205,229,83,169,205,199,126,98,87,64,12,7,193,240,138,180,1,209,64,134,52,154,12,148,158,55,220,27,57,28,4,30,185,89,27,70,51,192,13,15,76,89,46,177,149,14,19,14,192,87,219,108,98,22,129,122,32,115,185,100,155,203,139,179,236,27,87,17,0,216,111,149,186,169,1,28,193,38,93,210,139,128,124,31,104,133,175,119,120,131,185,17,160,48,104,78,2,209,171,2,15,154,13,123,34,135,156,44,147,47,86,7,162,68,183,58,233,63,21,189,216,101,141,12,13,179,25,83,28,91,27,63,8,110,122,153,253,199,158,149,45,61,10,170,92,191,132,186,40,13,163,194,180,15,233,226,157,235,112,53,231,163,65,83,39,47,151,111,179,164,96,77,203,90,103,240,188,171,91,171,164,47,228,183,190,157,11,242,211,217,219,253,121,160,135,95,194,21,243,189,94,105,162,241,87,58,92,182,16,172,150,190,253,60,72,247,158,222,66,1739151064346,QBYTE | green-reading
99,222,98,125,169,186,235,198,253,42,36,16,206,249,41,215,47,121,76,224,120,243,214,14,10,177,193,157,124,34,12,30,141,108,216,163,27,87,207,23,53,191,74,94,250,235,104,217,40,218,36,240,233,167,78,202,4,73,80,137,95,249,124,17,97,30,215,6,168,83,184,197,197,255,177,135,192,49,212,141,82,156,110,112,154,158,163,223,8,152,100,156,33,157,167,58,149,57,15,195,0,217,155,169,113,191,164,149,206,102,171,165,49,20,104,29,75,23,140,74,157,86,242,37,127,28,219,44,49,227,128,110,186,31,161,131,6,190,218,27,79,150,190,132,176,10,96,213,173,53,0,132,147,8,251,86,249,55,36,44,199,152,255,80,178,34,129,72,244,165,71,62,220,230,204,208,93,29,250,189,77,106,33,212,39,163,72,148,71,198,126,78,157,135,26,211,178,116,160,240,135,14,97,220,128,237,247,176,224,33,175,97,98,124,181,236,174,172,224,73,171,10,227,69,209,200,213,111,36,186,30,150,34,189,163,23,6,85,129,26,144,196,115,79,150,87,81,230,226,208,1739151065406,/dev/cu.usbmodem1413101
213,158,194,0,249,234,250,68,44,197,202,131,128,73,135,69,9,111,34,66,88,61,216,165,191,120,230,243,122,196,54,130,118,231,54,153,54,187,135,141,88,63,17,55,82,208,184,144,185,196,204,193,227,121,122,143,153,66,86,63,203,44,20,50,194,21,74,166,202,155,69,138,26,181,143,201,175,51,174,83,55,107,192,151,181,187,60,222,229,110,79,210,211,122,28,53,217,204,8,207,52,45,247,52,243,206,251,170,89,93,65,64,151,48,92,4,100,41,50,245,250,244,113,186,118,234,112,34,170,68,145,178,96,86,46,30,79,99,160,135,100,133,120,158,218,104,17,25,36,254,105,130,144,78,13,112,51,231,82,36,103,36,163,165,73,216,151,27,99,14,88,198,249,54,176,96,105,198,202,252,164,133,80,249,125,92,41,132,157,100,71,119,25,83,202,150,80,155,72,67,118,141,118,124,197,63,116,121,14,70,61,241,114,236,37,250,2,31,137,221,171,229,199,252,179,89,181,53,242,57,61,143,115,144,3,108,21,109,205,121,162,105,77,98,15,73,147,44,144,140,1739151065407,/dev/cu.usbmodem1413401
234,20,55,2,122,186,36,162,167,213,126,221,132,78,208,161,154,226,200,20,120,181,158,213,27,213,248,208,249,173,132,203,135,183,213,73,37,222,121,217,191,233,178,115,185,79,46,38,7,80,86,89,22,245,78,11,42,211,124,231,183,72,187,157,30,198,52,38,149,82,151,45,28,37,83,0,174,85,131,94,80,225,77,180,18,188,207,185,98,191,196,35,129,46,1,188,129,35,91,126,37,124,172,75,105,63,177,199,102,228,160,140,75,24,133,137,9,73,41,209,163,156,157,79,123,36,11,173,182,0,18,228,190,23,111,129,251,189,65,198,148,57,75,158,170,194,140,159,226,173,91,187,247,154,119,40,49,85,130,139,142,183,51,14,143,243,232,163,45,103,75,125,63,117,103,144,69,130,105,132,181,81,194,156,46,25,72,197,114,81,62,14,5,180,71,142,217,105,147,136,117,7,67,129,166,136,117,52,91,1,90,62,4,143,121,133,88,60,183,62,131,197,197,138,171,190,150,28,201,179,211,205,43,63,180,227,197,82,32,137,183,107,15,0,166,115,218,33,27,252,1739151065408,/dev/cu.usbmodem1413201
10,59,187,103,196,129,212,153,229,159,87,2,57,171,14,89,253,251,74,226,190,53,74,50,69,33,97,94,109,56,48,144,44,197,220,220,39,161,96,152,47,28,131,231,219,135,24,150,195,75,199,69,28,115,31,201,110,188,203,50,131,244,29,12,90,230,150,98,155,153,27,177,82,172,217,130,227,139,157,187,158,54,118,16,117,203,35,3,69,117,198,82,233,132,95,79,187,248,184,162,55,33,208,29,252,166,240,120,39,58,119,50,85,59,73,134,233,244,21,253,229,40,118,56,180,209,239,201,24,226,244,237,0,129,99,60,231,234,68,167,50,100,32,245,3,51,162,0,228,99,162,208,25,192,38,114,99,89,254,93,193,200,38,204,217,1,182,75,215,171,37,162,248,6,81,131,117,28,83,245,2,96,128,188,36,21,109,98,97,9,119,37,33,180,27,204,165,254,176,240,27,182,72,219,25,90,44,132,52,106,15,51,134,152,247,22,192,204,245,147,131,240,118,215,201,68,58,170,18,60,1,94,249,46,7,121,79,137,195,210,204,31,182,208,171,253,148,133,176,60,1739151065409,/dev/cu.usbmodem14124101
171,68,182,158,61,204,138,116,161,237,205,36,74,132,143,61,89,254,15,152,234,110,176,172,227,42,179,31,75,240,38,242,48,98,60,221,13,3,241,145,184,87,21,6,10,138,188,233,145,225,35,91,35,145,193,131,229,206,231,207,98,129,234,234,235,98,153,127,175,110,200,109,55,45,52,192,226,63,154,120,68,72,51,70,203,105,45,34,169,173,96,242,214,181,243,158,9,235,188,84,99,25,26,119,148,93,239,104,234,86,81,101,160,2,181,156,56,176,67,180,240,65,56,244,105,202,78,129,30,137,5,36,70,115,215,131,168,250,30,68,119,53,252,119,16,188,75,59,187,26,80,229,155,50,57,253,208,85,193,173,130,211,71,82,144,217,177,122,34,181,38,174,151,233,91,173,25,152,197,201,30,55,69,35,122,120,133,55,230,234,55,174,81,31,2,202,98,183,48,62,56,155,33,191,214,253,26,251,162,215,57,223,181,199,228,176,70,216,64,12,201,59,67,57,141,105,94,223,33,119,244,138,82,87,117,61,89,53,16,220,183,60,83,47,24,116,122,208,227,252,1739151065410,/dev/cu.usbmodem1413301
13,214,69,70,240,38,86,143,243,118,127,188,154,198,133,174,165,183,182,210,222,113,149,180,105,180,139,195,162,124,243,129,106,141,63,23,161,6,151,198,119,10,136,167,1,213,250,173,86,174,67,121,186,162,20,120,235,129,78,64,130,213,12,190,52,183,142,239,23,116,82,122,184,56,99,191,67,170,248,115,49,123,180,25,64,230,85,25,146,104,207,112,199,227,253,156,226,88,182,226,52,200,20,68,39,28,62,156,132,186,133,35,132,164,221,136,210,198,12,99,247,138,33,129,201,147,255,80,4,166,207,204,60,182,239,132,126,205,22,182,14,216,185,248,52,54,175,0,54,71,214,54,235,97,207,102,120,67,202,124,78,81,23,221,86,140,84,130,46,255,116,45,3,184,240,236,116,207,46,191,79,64,111,96,165,205,143,251,6,152,216,169,13,229,240,101,234,150,73,40,209,192,228,246,179,112,46,51,44,216,236,161,221,175,108,145,154,206,122,89,151,126,68,223,68,102,186,217,252,126,88,111,137,24,9,140,136,142,180,244,145,130,69,238,214,38,130,157,247,243,1739151065410,/dev/cu.usbmodem14124401
58,199,53,81,153,18,218,189,123,29,219,145,81,101,224,16,66,19,110,187,85,227,109,131,144,227,47,181,42,147,59,53,124,4,97,127,171,37,248,115,92,77,235,147,209,246,86,41,234,91,61,224,252,94,44,151,223,100,52,108,62,73,163,14,46,34,153,3,161,110,59,137,205,21,225,147,92,30,150,220,47,22,67,185,102,49,249,40,162,192,143,80,251,93,215,142,11,76,124,178,49,61,69,93,16,144,79,197,83,179,176,115,47,70,142,73,155,58,183,83,101,6,185,4,155,94,90,44,143,11,84,34,49,109,18,169,149,55,87,76,204,228,4,199,165,61,113,211,192,98,96,48,20,52,190,74,153,13,84,16,153,51,222,85,153,146,125,106,129,234,160,206,5,73,96,83,102,72,234,89,240,59,231,138,128,165,209,30,242,77,213,157,185,209,7,165,115,96,48,169,50,168,200,96,178,241,185,72,24,61,96,133,131,200,3,50,8,92,70,47,47,201,133,176,21,179,217,122,167,74,121,222,198,84,12,116,114,120,80,56,34,252,4,83,0,14,214,206,200,25,1739151065411,/dev/cu.usbmodem14124301
193,104,90,140,16,113,24,19,10,77,72,201,126,17,136,250,77,43,96,73,56,217,173,36,138,70,36,14,98,138,44,67,77,119,60,94,65,237,163,190,72,144,242,80,145,121,41,41,105,59,124,62,179,144,202,252,148,241,174,140,167,70,235,79,141,222,37,119,184,84,6,54,103,159,7,90,116,138,54,46,82,142,200,197,147,196,245,235,7,160,65,116,204,3,216,38,99,189,253,189,31,56,159,227,162,25,182,87,243,11,25,30,233,167,193,190,165,95,207,32,172,26,25,118,233,103,143,60,97,110,143,149,114,195,128,65,153,246,76,141,85,145,247,160,190,30,253,44,173,106,17,251,240,221,102,144,203,2,250,5,146,79,31,211,229,57,188,239,149,210,244,34,28,142,28,132,247,104,89,73,218,139,251,226,222,14,123,107,254,117,165,41,243,212,41,75,245,42,118,23,230,176,64,100,228,49,32,155,245,199,172,133,143,124,249,190,118,219,180,242,100,112,53,102,127,164,98,194,184,7,69,193,89,161,9,123,7,4,136,22,163,255,83,123,151,137,0,8,187,207,1739151065412,/dev/cu.usbmodem14124201
11,82,176,29,170,226,255,236,176,110,230,140,12,99,18,19,178,126,91,236,191,107,63,243,123,6,141,135,51,230,76,194,59,101,185,68,105,94,108,65,38,245,238,159,129,35,223,189,17,42,88,209,214,165,86,23,156,190,130,12,217,50,96,167,155,2,148,0,205,35,214,123,180,92,5,122,171,221,166,194,163,139,153,96,54,40,7,67,84,153,72,153,188,69,228,86,245,108,111,105,95,125,196,70,22,32,54,230,24,177,64,112,90,64,223,245,27,144,181,55,239,193,209,239,20,99,43,171,193,15,230,138,93,180,41,207,143,124,108,206,109,214,27,153,252,58,55,151,111,80,103,117,121,166,137,61,98,197,175,26,40,61,216,62,23,246,108,198,117,21,119,72,111,53,157,53,248,50,82,86,37,25,5,38,209,237,228,14,37,176,239,161,182,43,80,70,144,19,244,99,162,113,81,183,201,77,119,98,226,249,222,227,246,91,108,40,150,210,227,177,21,38,32,212,163,115,147,82,207,72,97,112,199,134,106,95,61,36,211,62,238,100,198,20,205,69,162,229,190,69,1739151065412,QBYTE | titres
22,104,211,153,114,114,6,10,93,154,108,94,55,175,170,111,155,193,71,91,13,60,30,188,16,201,230,152,22,84,175,91,239,201,167,163,154,161,196,108,152,12,88,178,231,127,189,240,226,44,86,208,43,83,24,237,186,229,52,23,214,237,45,9,38,174,0,161,152,130,97,200,178,194,234,193,112,136,143,31,188,69,237,219,248,224,172,186,172,173,221,108,130,0,154,240,50,219,148,168,96,58,127,45,249,38,133,181,101,252,240,234,179,83,252,208,174,169,239,216,67,63,249,80,49,116,149,211,100,209,124,96,191,192,190,171,105,67,74,237,90,215,228,172,188,210,64,203,128,33,62,102,32,239,250,237,126,75,176,154,220,88,43,236,106,163,223,168,162,137,79,58,113,189,107,176,170,25,162,118,173,145,106,164,214,235,27,195,177,231,26,34,81,159,232,181,135,42,150,239,123,183,78,69,67,240,121,50,15,1,206,153,9,110,159,67,21,34,173,98,192,31,52,111,0,183,215,200,155,228,45,137,78,97,9,178,169,52,232,206,43,243,217,63,14,250,218,60,211,253,1739151066477,/dev/cu.usbmodem1413101
52,246,184,152,195,224,187,10,208,164,11,29,26,179,244,156,46,180,59,251,27,58,249,12,92,167,92,125,72,101,33,153,167,226,131,135,169,62,166,90,195,199,40,125,62,110,43,42,48,255,123,165,100,123,0,63,217,226,168,178,123,142,19,205,14,231,84,105,53,126,229,106,43,35,90,17,35,44,15,200,228,1,161,176,166,248,221,58,144,183,38,249,187,215,14,122,227,19,73,38,17,230,129,107,55,246,207,9,60,209,3,126,129,190,59,114,243,237,162,100,92,107,15,237,20,216,22,49,36,195,148,46,189,145,114,211,60,180,22,131,244,21,149,191,37,6,94,93,36,139,218,170,11,200,127,95,2,66,68,28,128,17,252,210,171,180,231,247,146,67,209,136,200,192,206,2,240,90,20,30,63,49,99,221,189,151,232,164,88,211,3,30,56,138,61,1,235,0,64,165,107,167,141,45,4,35,15,123,249,195,71,9,211,120,171,177,190,3,143,29,71,184,227,5,189,57,7,100,42,82,61,9,212,116,33,154,60,125,130,71,158,119,171,56,65,12,1,165,252,138,1739151066477,/dev/cu.usbmodem1413401
221,188,113,241,66,214,97,48,138,86,69,36,239,237,3,161,246,170,41,174,75,132,7,221,135,130,86,89,16,218,24,226,115,63,209,91,222,143,55,93,40,77,25,175,26,255,125,100,196,129,51,205,179,138,233,218,71,224,113,5,51,126,146,192,16,2,218,141,189,40,129,110,49,177,148,186,94,65,203,90,182,37,182,3,81,39,232,71,233,201,186,81,133,161,208,190,15,95,37,12,168,98,104,108,148,182,6,172,238,161,39,82,196,110,240,235,9,113,106,226,44,34,206,0,38,167,109,119,162,143,243,96,213,2,111,201,255,11,20,67,183,246,87,69,94,53,243,186,130,205,143,82,163,236,197,158,174,76,79,25,190,206,77,154,2,25,79,162,171,220,110,6,148,123,239,137,7,50,39,162,199,218,86,228,37,112,143,208,152,37,69,119,54,242,86,42,129,218,108,41,87,93,4,167,117,191,161,174,83,56,165,66,52,237,220,249,3,236,117,250,58,87,127,50,241,23,223,27,177,67,29,236,11,62,246,227,77,103,240,157,217,156,10,22,4,40,25,76,99,84,1739151066478,/dev/cu.usbmodem1413201
246,222,230,49,251,173,67,89,42,18,86,35,250,225,253,216,244,101,49,157,157,27,31,233,174,150,202,54,222,89,197,52,234,10,177,227,152,80,202,40,41,20,113,199,56,139,62,221,120,28,78,229,189,90,33,21,96,171,201,77,252,213,66,157,238,101,170,58,53,130,183,167,127,138,229,186,118,11,166,150,149,221,132,6,202,172,206,175,76,86,58,227,205,127,172,213,189,76,50,152,1,243,75,158,162,155,164,226,123,155,231,113,19,41,202,247,24,188,187,241,209,208,26,217,60,31,242,72,60,110,122,252,50,92,188,213,254,202,133,133,111,21,179,24,63,130,60,104,213,44,2,208,168,116,156,118,191,180,235,132,152,174,87,90,51,47,159,14,247,140,24,7,143,60,30,235,251,100,97,195,170,2,4,254,90,61,235,132,109,230,1,162,182,213,172,179,228,161,150,45,234,58,79,121,45,126,195,180,134,83,50,115,33,115,246,250,181,116,219,92,155,32,80,116,4,151,22,162,226,120,138,181,74,45,72,97,165,174,183,208,51,44,250,199,247,122,5,178,182,192,1739151066479,/dev/cu.usbmodem14124101
179,154,17,188,27,13,2,222,173,88,27,14,222,180,249,187,38,176,82,246,141,254,215,174,76,228,59,203,189,173,150,211,13,153,13,57,248,114,160,14,190,75,52,162,70,227,121,145,143,159,35,242,215,176,143,210,179,235,87,102,63,37,132,123,71,236,122,132,194,101,148,239,88,48,128,93,40,252,106,37,255,131,166,123,169,222,232,193,214,71,14,16,241,252,104,248,249,90,211,195,215,202,178,213,113,205,232,208,10,142,187,140,188,227,121,38,199,171,167,98,13,7,171,62,27,206,119,15,48,231,227,128,21,215,130,3,189,25,165,29,38,249,180,236,110,7,88,0,217,113,162,143,90,145,66,30,14,67,247,237,164,63,1,207,110,85,225,233,247,43,138,140,138,143,106,65,220,192,134,31,243,157,106,154,2,183,35,5,132,212,62,74,252,222,96,87,3,123,232,131,198,83,94,41,162,62,94,165,34,223,58,46,213,116,16,158,236,57,34,253,208,37,122,246,2,215,134,224,224,51,249,125,124,215,38,72,190,57,123,133,174,219,97,146,248,238,169,114,65,28,1739151066480,/dev/cu.usbmodem1413301
0,54,40,190,245,215,52,25,239,245,191,197,151,123,98,208,117,238,235,209,251,30,91,26,206,148,9,89,255,228,220,241,214,19,196,100,93,238,162,203,0,67,238,191,104,98,49,134,95,211,222,156,201,23,126,45,118,214,75,43,0,199,86,67,44,18,90,80,245,153,110,137,24,225,226,96,217,36,56,9,216,246,117,104,94,226,26,198,209,98,226,49,220,148,14,194,83,112,86,81,0,64,46,247,180,132,21,99,136,179,228,18,72,132,68,42,80,192,200,238,113,253,17,246,51,155,148,43,74,193,160,9,199,246,178,56,110,81,148,30,100,184,230,133,45,93,181,241,186,223,80,205,154,90,137,99,210,234,129,1,65,236,112,57,189,183,244,235,34,120,144,229,15,93,71,156,167,189,252,37,61,125,233,120,106,34,228,84,33,175,127,101,25,168,66,122,231,116,223,163,168,134,171,149,191,155,133,113,230,247,87,50,170,165,195,140,247,107,225,58,0,21,113,127,119,75,10,39,145,248,70,157,59,33,177,175,107,116,235,206,156,9,155,169,107,129,255,101,244,121,1739151066480,/dev/cu.usbmodem14124401
103,50,168,101,204,191,45,214,199,93,70,218,156,99,11,175,197,160,160,255,29,143,189,162,55,151,72,81,65,177,129,133,50,84,174,170,229,137,179,139,154,239,215,129,133,154,251,1,108,93,20,84,190,130,141,11,3,194,197,90,62,104,27,238,51,170,44,4,167,199,196,142,111,189,204,155,241,132,178,67,201,125,133,18,61,176,0,51,55,182,10,82,63,247,48,56,206,236,148,191,11,203,237,85,46,29,89,202,245,142,86,102,32,217,99,78,151,255,19,175,106,177,104,154,248,225,126,40,235,179,161,164,108,165,67,183,64,5,169,239,109,41,166,42,202,132,187,91,60,34,194,118,207,121,1,193,17,49,173,166,42,191,128,113,138,23,94,223,202,78,4,40,51,128,60,169,194,206,175,108,171,2,219,2,12,146,69,157,90,33,233,23,46,242,140,231,8,106,107,2,58,51,24,140,204,20,126,212,19,154,90,19,7,196,9,139,218,65,195,46,89,188,227,179,22,144,110,17,68,115,129,131,155,104,83,66,178,236,51,213,10,100,181,207,21,36,87,84,24,230,1739151066481,/dev/cu.usbmodem14124301
156,171,184,0,113,207,100,231,91,104,194,232,218,130,26,225,237,102,178,145,146,134,104,9,151,93,138,3,32,207,25,207,251,239,70,154,248,23,109,199,187,113,96,31,174,6,51,214,230,211,165,238,140,212,104,100,156,243,193,217,62,213,225,237,91,245,245,54,112,115,11,232,134,219,13,244,8,16,243,93,250,108,171,229,172,151,108,87,160,119,88,183,51,116,77,130,15,165,146,1,21,211,114,7,158,130,140,106,177,153,18,11,157,133,93,151,65,188,202,89,146,93,195,138,85,179,169,14,119,161,170,39,199,94,196,176,159,46,202,78,209,67,233,21,132,246,22,190,82,4,254,215,206,249,181,158,60,85,178,27,87,236,221,36,248,231,152,27,237,208,20,94,107,67,97,136,231,33,7,217,56,182,221,103,93,206,60,140,199,222,2,79,210,235,242,19,16,215,157,249,58,3,129,152,8,90,180,82,19,175,115,14,100,125,213,25,86,237,239,192,230,225,101,44,106,209,217,204,114,200,50,41,32,128,169,120,80,232,125,51,47,227,2,101,79,37,22,85,222,201,1739151066482,/dev/cu.usbmodem14124201
65,201,213,166,91,67,224,159,243,226,84,189,55,62,42,175,204,34,207,218,57,112,166,155,71,192,214,74,179,133,129,124,195,47,101,241,205,66,67,202,197,4,117,36,254,120,85,163,52,140,28,137,109,9,196,141,30,64,60,35,93,151,198,162,213,143,221,153,197,30,135,107,126,109,98,130,115,162,254,41,111,216,131,138,163,136,201,11,9,97,197,227,80,226,243,97,8,184,73,54,17,223,222,196,141,43,192,225,10,61,40,68,172,145,254,107,13,161,42,213,102,176,51,188,186,19,40,223,56,199,41,216,156,213,168,88,88,85,159,10,136,10,136,24,245,75,145,80,254,195,167,173,225,244,163,120,156,60,57,74,226,169,225,93,81,51,59,53,158,87,226,172,127,43,36,44,248,135,34,134,162,44,222,228,45,248,41,115,36,115,247,158,240,93,115,244,245,227,237,149,195,146,228,30,198,249,5,1,231,180,90,160,211,224,17,113,138,71,99,240,73,189,117,58,65,211,34,15,165,253,139,147,39,24,251,119,74,201,243,105,72,97,207,71,117,202,208,113,137,169,1739151066483,QBYTE | knife-sharp
64,125,4,114,156,3,136,15,5,252,251,221,35,34,78,198,93,12,99,195,245,228,193,118,120,145,146,127,50,178,111,66,214,150,183,8,115,189,109,248,144,233,93,50,88,0,137,248,192,161,193,175,138,28,77,27,102,66,253,23,30,251,93,250,42,56,214,27,113,238,232,11,17,235,62,126,56,110,144,78,158,192,164,174,178,201,111,94,14,184,136,238,64,5,59,232,175,169,224,48,222,242,157,106,165,248,35,24,252,238,128,122,45,14,184,132,121,103,179,52,105,155,144,36,95,91,253,142,113,207,200,242,16,161,112,25,35,76,136,43,7,186,83,28,84,232,233,186,244,197,113,2,44,131,210,16,144,95,100,14,75,88,18,210,86,114,178,184,63,164,235,78,235,109,44,61,167,26,16,236,30,25,212,206,151,90,83,198,77,180,196,222,220,61,213,17,99,177,232,210,241,79,103,155,66,167,246,237,190,172,240,246,172,76,217,129,129,38,5,195,165,17,235,0,244,211,183,192,199,191,48,18,65,23,100,230,99,15,248,240,254,195,54,238,59,105,175,55,56,255,1739151067542,/dev/cu.usbmodem1413101
157,175,2,154,151,35,181,246,52,81,67,125,140,141,82,110,81,102,170,187,35,14,84,251,128,82,253,141,206,29,48,254,159,162,178,221,18,250,187,166,111,215,78,22,149,22,156,255,29,120,190,222,150,72,136,142,105,19,94,119,7,143,204,144,129,141,175,48,215,204,169,240,61,247,186,167,18,33,76,80,67,189,114,185,168,130,113,110,135,231,180,122,41,123,157,36,89,38,210,146,120,26,255,231,133,196,111,46,218,146,241,141,244,131,241,204,226,92,66,190,52,174,135,234,237,152,251,250,118,178,96,137,233,207,87,163,181,28,151,163,143,191,221,31,66,159,9,225,57,246,26,145,123,15,170,152,214,103,249,121,118,97,65,144,141,192,221,139,108,182,243,211,136,52,62,61,37,8,243,114,99,95,172,217,44,199,239,24,251,139,5,66,220,210,44,219,79,110,245,170,249,53,72,235,146,107,4,152,107,181,115,39,124,49,167,150,129,245,181,194,62,20,151,245,51,173,29,142,7,97,136,130,230,105,20,34,66,205,59,223,19,179,235,10,82,29,82,7,67,172,1739151067543,/dev/cu.usbmodem1413401
57,130,124,148,90,39,180,194,246,111,210,127,50,188,48,13,60,57,167,44,37,9,214,253,249,18,43,83,171,54,247,97,11,239,153,120,185,146,182,27,80,234,119,19,253,202,113,214,31,67,84,125,83,167,14,143,125,44,249,105,152,79,206,76,235,199,37,204,220,152,196,251,245,207,10,44,140,60,160,58,180,227,133,149,48,31,104,172,153,163,173,194,98,107,199,97,35,223,91,134,102,163,21,137,76,159,76,235,96,41,30,58,242,235,5,41,177,204,196,23,11,203,103,59,138,188,74,185,210,229,226,171,111,23,37,22,39,240,72,123,110,175,135,131,210,80,54,90,180,159,136,199,125,164,225,100,63,133,7,9,146,18,174,103,72,167,166,43,162,111,100,194,237,170,150,237,183,184,92,245,151,238,39,141,73,206,247,111,75,88,174,20,84,96,32,130,200,236,81,152,177,75,249,15,72,179,88,150,228,2,53,128,207,160,21,51,93,247,106,5,117,31,133,144,199,144,26,74,221,110,254,225,176,226,214,140,43,46,20,1,148,165,246,236,104,236,180,124,103,178,1739151067543,/dev/cu.usbmodem1413201
234,133,118,70,25,194,125,10,127,205,138,188,156,222,20,17,91,27,62,9,210,244,142,81,142,228,182,176,45,142,98,87,181,191,49,176,114,186,176,97,66,115,207,75,129,49,203,33,202,10,204,109,9,216,245,101,14,214,135,192,133,210,19,131,82,211,158,65,176,92,185,202,32,124,51,85,156,143,17,49,61,241,40,85,36,90,171,45,45,127,202,215,229,10,153,51,69,192,119,193,59,147,29,218,94,59,160,187,153,147,34,77,21,77,77,53,23,100,212,141,211,143,217,192,84,97,176,163,40,27,26,235,119,64,170,44,167,230,237,254,203,220,134,6,214,222,130,65,137,160,254,136,43,237,112,234,17,18,155,164,177,71,155,85,136,193,95,220,207,212,141,214,247,11,1,27,124,62,79,202,111,228,23,246,48,56,246,231,246,12,114,49,232,139,10,120,127,164,31,148,177,78,199,149,137,119,163,179,195,207,216,159,121,169,50,201,142,96,137,210,158,116,117,32,177,210,243,156,137,80,177,27,69,132,92,186,203,108,199,254,72,81,24,110,91,25,40,62,7,76,1739151067544,/dev/cu.usbmodem14124101
28,4,76,186,74,116,147,85,14,233,197,1,9,49,50,82,120,189,149,234,94,95,33,235,153,74,161,193,80,23,239,243,3,158,217,54,87,42,202,6,90,203,172,238,219,121,200,146,205,130,41,163,106,184,80,177,236,35,97,158,110,29,126,219,177,117,56,44,23,252,234,92,112,61,200,48,74,221,245,88,115,89,204,240,187,78,73,156,34,219,122,10,24,17,225,243,206,190,223,249,205,254,98,114,34,161,57,216,3,106,53,45,131,57,219,144,218,126,42,8,42,106,34,157,98,129,145,150,83,151,127,206,139,92,30,142,210,6,163,132,189,10,10,64,67,150,81,114,207,63,39,105,218,10,218,233,254,85,115,58,241,159,93,52,206,222,141,52,157,88,99,127,24,172,17,19,10,63,254,233,231,60,227,51,7,202,241,84,164,156,37,160,82,100,9,245,163,28,87,10,206,221,214,122,207,59,84,7,149,231,45,7,157,199,213,242,139,215,182,0,136,15,84,145,174,104,54,13,69,201,239,230,194,204,209,61,162,255,59,175,72,162,47,58,226,127,68,142,112,205,1739151067545,/dev/cu.usbmodem1413301
253,111,24,190,87,28,135,69,162,255,222,198,102,8,98,178,217,31,133,2,229,15,75,177,229,122,239,234,32,129,178,97,17,65,61,38,193,109,181,34,86,126,92,238,112,54,192,88,228,152,130,187,237,33,180,139,106,184,70,235,205,225,27,129,57,56,147,197,31,254,65,79,244,224,255,62,145,194,50,138,14,17,243,232,40,13,246,131,75,3,245,110,127,151,132,111,33,43,163,175,197,151,225,140,118,133,40,149,223,195,161,84,100,111,177,182,72,167,116,25,106,154,124,65,228,16,251,131,29,28,244,138,117,96,105,160,23,60,233,49,192,44,241,245,145,46,227,166,175,138,51,157,82,96,129,225,6,5,152,113,174,129,24,254,248,251,216,25,109,25,59,175,28,132,40,140,13,122,103,215,149,112,215,143,58,30,101,39,73,159,242,53,221,183,238,10,49,11,249,29,127,214,196,172,32,153,240,139,208,154,60,183,200,178,45,147,26,6,131,14,153,30,44,15,137,83,18,47,13,219,103,81,54,233,102,31,58,97,189,250,2,73,52,21,162,182,122,182,55,176,1739151067546,/dev/cu.usbmodem14124401
40,156,155,4,122,164,231,37,13,112,218,20,201,255,32,78,2,212,158,29,180,21,56,170,164,237,4,232,168,195,173,4,29,16,39,231,249,145,42,0,55,156,0,246,9,53,171,85,186,19,200,46,226,13,118,195,133,72,89,54,217,30,98,136,156,252,37,208,240,54,232,4,237,120,184,191,59,112,43,75,28,59,229,121,71,2,48,89,150,145,16,89,89,180,4,184,215,116,242,89,183,119,189,128,227,205,163,104,228,99,21,116,108,58,53,145,58,162,138,85,252,198,118,163,87,195,23,160,94,186,174,97,47,9,254,194,166,159,78,77,31,130,58,92,142,227,137,194,123,220,21,100,10,40,15,133,30,217,209,73,63,145,182,223,64,121,93,2,129,50,45,74,166,233,246,200,150,224,40,182,221,255,59,108,125,252,132,2,60,240,77,254,206,173,76,229,8,17,61,76,14,63,193,133,27,106,25,137,159,121,129,237,21,170,231,125,26,141,21,54,193,14,190,81,14,72,189,71,191,82,129,212,115,221,141,117,1,7,237,155,245,163,21,223,12,1,210,35,186,74,1739151067546,/dev/cu.usbmodem14124301
6,132,214,135,187,14,135,144,178,139,204,99,47,142,108,97,112,171,63,21,120,168,17,69,165,79,55,231,91,94,44,153,169,148,211,35,234,38,124,172,40,151,127,100,159,93,109,253,87,238,64,148,128,85,75,22,93,19,130,101,45,133,133,208,169,234,188,75,90,174,215,206,99,9,31,58,82,128,104,116,123,177,195,60,4,205,149,172,166,175,206,151,187,177,229,2,21,186,30,221,20,105,248,172,188,33,126,223,111,255,42,211,133,43,33,241,245,153,144,84,144,89,68,129,6,238,131,201,218,169,11,54,134,20,11,196,135,174,255,75,40,4,114,171,231,214,227,140,237,194,153,69,121,174,23,111,246,126,150,155,195,112,45,123,194,230,157,181,106,181,20,147,54,231,93,240,249,16,222,126,68,41,182,127,2,13,35,249,72,127,3,216,194,92,34,101,133,74,159,40,72,172,121,12,95,182,36,4,183,221,23,132,190,85,87,122,85,134,73,220,14,216,94,250,118,225,141,138,175,44,157,1,105,199,177,36,242,98,60,240,155,73,104,213,198,192,215,70,39,117,1739151067547,/dev/cu.usbmodem14124201
193,166,21,189,148,7,128,148,171,226,237,211,136,133,36,123,184,149,225,189,86,250,142,148,242,167,143,53,249,28,22,133,81,63,189,201,47,159,249,172,254,25,36,238,140,202,97,146,204,119,196,195,163,234,231,144,34,107,33,239,83,142,206,167,175,250,240,212,104,124,168,19,243,3,45,43,136,19,233,248,78,173,98,138,222,130,199,91,100,101,10,43,107,156,124,184,189,203,142,55,80,175,172,12,57,80,108,156,136,243,230,94,48,108,127,18,96,113,165,0,169,30,197,203,187,162,2,18,55,27,126,40,182,24,42,168,242,77,65,190,103,214,60,196,169,116,140,218,6,167,133,9,250,41,170,228,120,88,173,67,189,147,184,30,175,110,3,94,37,111,144,128,237,222,23,81,33,33,159,87,110,214,241,195,128,78,142,222,146,231,132,10,63,38,90,79,132,219,95,7,255,231,187,181,186,118,144,81,159,13,233,23,152,254,17,139,13,158,58,50,174,169,20,112,238,174,87,119,204,140,99,8,188,39,113,129,170,123,71,238,21,133,85,67,208,137,90,47,193,239,1739151067548,QBYTE | geekiest
3,26,118,136,60,171,223,214,29,122,233,97,231,76,57,144,59,252,179,94,95,126,247,84,101,175,202,62,181,26,226,138,15,123,187,128,194,235,245,25,119,233,200,179,47,175,40,175,6,235,66,79,92,195,162,134,172,94,145,53,158,195,81,39,0,76,129,6,255,169,109,254,104,22,197,215,31,248,85,82,57,219,130,242,248,148,132,169,68,84,101,78,13,32,173,186,231,196,224,47,158,38,23,1,200,184,102,84,117,222,169,228,192,8,49,117,174,222,77,31,1,132,52,121,121,207,133,0,196,56,135,99,135,225,177,190,86,25,174,77,35,41,113,188,255,108,48,11,227,202,143,222,18,114,176,33,8,172,220,47,89,136,255,164,144,197,128,69,108,10,177,146,243,73,81,77,140,183,240,228,119,239,38,22,43,249,33,136,158,215,69,65,190,204,207,49,254,88,222,237,87,140,185,42,17,184,242,216,202,162,37,86,12,51,60,99,97,160,240,50,139,129,217,24,43,245,83,242,94,226,123,79,202,26,94,219,123,190,42,200,74,252,229,142,89,174,164,174,91,196,1739151068604,/dev/cu.usbmodem1413101
178,53,253,6,20,222,56,181,17,166,129,128,5,14,157,176,90,39,208,229,29,180,209,199,177,74,121,202,225,31,106,109,114,228,253,67,163,148,115,45,247,80,128,225,31,0,139,14,43,105,41,39,54,184,165,226,225,25,166,139,106,126,115,177,172,142,209,73,121,165,197,241,64,119,170,243,181,47,63,8,246,157,59,200,37,178,229,53,129,141,22,104,254,27,123,40,100,45,196,240,48,231,121,63,219,236,150,88,24,135,229,251,143,145,114,57,200,103,80,176,84,160,56,51,44,164,56,159,97,95,28,167,17,0,82,44,163,101,37,3,18,149,161,90,245,168,54,246,52,9,57,204,203,170,59,149,157,90,34,62,152,97,56,4,180,155,103,239,162,106,40,98,10,116,121,122,68,98,146,4,226,220,158,93,166,80,239,69,225,20,175,5,245,30,126,198,2,22,166,129,241,207,154,28,136,25,150,34,119,93,111,87,195,138,201,25,198,142,140,0,2,79,22,148,61,1,237,11,209,66,246,255,52,139,209,14,122,183,155,64,213,47,48,141,110,211,16,51,56,1,1739151068604,/dev/cu.usbmodem1413401
166,247,143,185,83,25,33,49,49,243,49,249,119,118,216,191,60,15,227,197,112,172,112,139,130,26,50,189,235,237,179,171,138,164,113,246,36,179,176,25,104,141,133,182,242,114,229,26,233,204,112,227,18,89,22,71,216,5,234,152,15,235,166,53,19,17,132,113,11,95,101,73,87,226,220,55,57,239,17,59,48,189,151,62,209,137,40,11,187,40,141,49,82,51,92,94,133,221,154,74,12,151,55,164,140,253,155,226,150,136,8,120,247,201,149,243,44,46,40,62,86,145,82,130,54,53,69,8,167,48,73,112,27,35,54,110,42,186,103,154,201,51,244,134,9,149,106,18,151,169,226,33,165,39,98,109,172,175,55,14,250,101,19,194,187,25,255,84,230,200,54,44,5,108,116,62,106,246,172,29,217,187,134,13,243,191,111,227,17,28,82,160,193,63,140,59,14,239,56,28,215,189,242,85,31,180,141,68,134,26,5,41,212,109,9,11,94,108,152,93,40,141,185,181,191,25,63,116,176,115,171,243,215,182,42,101,244,237,7,107,37,98,10,22,102,110,162,225,179,27,1739151068605,/dev/cu.usbmodem1413201
155,28,245,227,14,59,206,7,95,124,244,164,82,221,237,107,58,184,190,104,247,23,112,7,175,63,55,214,240,13,14,99,248,114,134,195,115,78,81,122,169,134,122,102,144,100,111,140,113,214,20,67,181,28,217,86,230,63,91,121,164,238,173,3,94,214,176,30,129,30,242,201,9,147,240,63,41,210,220,83,243,238,225,175,150,15,173,84,166,164,231,75,193,44,9,159,9,12,187,250,157,85,27,88,236,131,98,84,185,64,113,86,80,75,36,235,239,236,218,251,93,61,18,61,224,150,193,43,189,155,190,163,255,92,134,99,194,106,216,148,89,37,68,16,126,102,151,127,72,187,182,29,135,235,199,102,69,38,89,243,158,7,198,103,88,162,196,39,162,133,113,218,187,19,132,237,4,34,194,137,172,192,194,181,192,63,173,126,157,116,235,189,241,181,135,191,102,226,160,151,219,95,39,190,94,245,173,165,122,111,40,196,67,211,132,225,9,20,40,211,245,172,151,27,169,190,170,69,242,183,1,81,170,76,245,60,93,147,121,3,212,218,12,225,130,87,90,8,57,126,1739151068606,/dev/cu.usbmodem14124101
58,107,84,149,79,174,128,31,149,173,44,238,19,7,131,93,122,128,44,211,193,19,98,178,30,215,246,110,51,152,112,202,47,64,68,172,131,6,18,232,77,205,28,118,195,19,187,75,81,148,176,152,36,235,133,8,164,2,218,3,103,214,187,11,16,147,207,254,80,11,109,185,58,93,96,135,130,80,78,180,30,28,50,185,133,56,167,187,57,67,0,241,77,242,196,42,61,55,239,154,177,138,199,157,145,148,250,135,80,166,58,34,19,122,155,255,191,152,203,129,72,111,29,76,243,166,129,21,62,77,255,108,223,247,164,205,81,138,196,118,229,75,35,65,235,131,251,241,117,181,111,44,49,72,139,2,53,35,160,105,167,62,226,99,10,192,239,11,223,110,80,0,30,23,50,5,173,175,131,213,68,198,0,150,130,23,125,35,33,103,145,221,31,255,2,94,117,133,11,66,142,38,16,44,20,31,230,107,126,152,91,27,41,184,5,52,67,102,129,124,111,143,172,54,14,49,165,195,211,199,221,245,24,201,220,18,114,126,15,66,82,193,144,169,104,217,79,6,87,166,1739151068606,/dev/cu.usbmodem1413301
247,32,25,48,19,26,251,229,238,239,216,227,161,98,80,116,77,32,40,202,9,4,3,166,113,88,199,69,227,84,166,51,190,176,189,223,148,89,176,106,147,51,20,235,11,45,85,163,241,98,164,227,84,74,19,103,63,240,153,95,22,228,244,149,202,85,61,186,167,223,96,18,14,12,168,83,205,169,48,37,210,35,50,164,186,39,155,1,225,4,42,146,252,202,181,220,113,217,245,50,97,230,75,9,65,77,57,74,15,187,160,235,171,239,58,148,210,193,206,198,112,63,54,193,182,97,134,59,240,142,230,64,86,196,81,111,159,20,76,90,20,68,193,46,209,104,56,188,218,222,197,75,253,79,108,206,56,146,48,246,161,142,144,118,74,7,51,14,71,217,133,177,115,166,193,125,133,12,144,45,20,133,236,72,98,162,109,22,141,209,80,230,82,79,91,187,1,218,165,221,252,212,95,172,8,116,68,173,139,92,228,25,0,236,138,226,238,125,47,123,21,234,125,229,224,221,46,153,195,39,182,251,39,42,61,52,193,192,194,212,181,107,29,7,142,169,221,170,61,134,1739151068607,/dev/cu.usbmodem14124401
202,19,205,53,90,76,37,54,148,112,75,40,82,173,17,23,160,23,247,201,117,228,16,113,207,113,212,100,140,191,47,155,30,71,99,232,135,145,131,11,156,196,244,30,224,203,14,211,233,236,150,7,84,218,125,175,188,119,112,81,135,24,107,201,59,98,98,63,147,22,198,132,87,183,227,104,171,236,31,222,253,254,12,138,21,48,35,95,118,94,135,160,0,149,208,164,18,13,241,12,171,245,16,167,95,172,164,2,96,140,45,161,252,60,96,25,182,203,186,9,0,24,132,200,126,123,71,47,9,44,35,135,137,11,179,158,167,5,253,208,150,215,5,57,234,255,107,188,235,61,250,242,51,108,203,26,254,55,16,63,44,184,233,51,183,53,56,214,241,95,43,201,250,28,136,254,222,3,121,154,75,100,255,3,94,133,43,25,40,87,19,240,176,90,129,165,2,99,52,140,112,116,218,201,51,217,113,43,218,81,180,48,81,162,3,220,119,34,36,49,181,76,40,33,73,82,236,128,25,138,168,143,221,229,49,11,52,158,185,10,163,57,135,69,79,55,243,87,152,128,1739151068608,/dev/cu.usbmodem14124301
12,188,165,112,201,164,95,160,233,236,86,61,159,7,94,91,206,142,232,28,157,33,211,74,123,123,85,24,248,97,62,208,120,34,142,68,155,197,233,151,178,56,154,206,162,189,1,243,32,54,120,155,113,87,166,238,93,32,82,193,250,214,132,99,151,94,209,158,21,220,110,62,58,234,5,211,103,81,212,18,9,142,42,49,67,173,137,67,47,206,95,91,118,122,209,50,6,91,48,138,224,134,98,194,157,138,223,50,36,189,25,195,143,12,252,102,162,62,159,237,207,41,155,99,248,92,155,194,120,253,199,164,159,254,43,86,151,250,253,251,109,43,149,102,84,188,55,247,26,189,252,143,152,141,10,85,81,199,73,166,91,181,49,22,59,155,39,8,54,53,248,163,164,208,55,179,19,31,19,86,39,108,4,44,166,119,52,28,40,7,22,129,247,157,102,103,134,140,8,94,50,96,106,249,196,243,13,118,215,227,135,213,145,85,251,252,223,32,220,57,92,54,243,127,159,75,61,161,121,226,127,193,94,251,223,12,239,244,30,53,67,241,150,170,88,252,69,22,40,207,1739151068608,/dev/cu.usbmodem14124201
135,32,212,52,186,11,9,57,100,141,68,164,184,38,13,145,62,85,37,218,229,163,132,48,34,69,6,200,235,247,242,157,248,220,165,41,61,137,175,73,177,176,209,207,216,241,200,255,220,180,245,47,152,18,133,91,9,216,231,147,83,68,137,148,151,255,37,197,125,83,154,158,47,28,109,67,57,174,18,111,52,90,233,13,243,34,114,101,89,130,235,196,167,243,243,51,87,128,222,65,164,28,188,51,97,213,177,71,89,189,155,154,35,190,207,64,220,215,207,201,169,233,120,211,64,40,226,127,0,222,145,24,237,88,62,245,227,205,188,71,171,89,18,64,249,159,100,150,86,58,78,52,156,242,8,60,222,62,89,234,212,54,184,53,11,140,31,2,213,240,216,221,116,63,148,209,67,190,117,64,220,3,235,2,166,110,3,96,95,77,151,19,113,47,4,84,100,243,114,170,154,71,9,109,51,161,154,128,185,252,235,11,177,164,15,102,245,79,154,179,199,240,235,175,56,166,113,179,189,236,155,82,63,150,95,173,192,163,165,73,105,9,79,181,34,255,104,153,51,207,1739151068609,QBYTE | metallic
69,208,136,131,25,40,127,197,238,142,218,149,97,232,229,255,95,151,50,89,141,100,64,180,208,41,61,146,90,252,43,18,181,32,249,101,12,152,82,168,136,169,121,12,201,181,219,198,116,227,120,180,7,61,243,24,242,60,212,100,221,21,2,80,241,223,126,240,178,199,64,21,76,20,65,248,71,206,214,19,214,26,229,189,176,242,169,132,157,164,54,157,80,65,118,34,84,252,68,137,120,89,101,210,200,42,202,243,49,137,112,96,205,252,157,226,76,162,226,188,215,139,193,62,93,8,146,133,223,31,57,131,7,180,232,72,16,222,167,90,103,68,150,208,219,197,230,198,19,213,107,237,179,95,218,141,85,63,252,106,79,133,37,170,189,223,0,255,213,69,33,242,10,89,71,189,71,193,118,182,153,9,148,164,61,169,48,217,110,44,73,92,180,222,20,243,131,233,211,6,193,206,60,119,48,211,135,170,122,144,187,148,180,233,255,68,34,162,149,236,126,201,153,193,234,127,25,30,141,54,41,218,85,32,80,12,86,163,242,65,255,235,92,91,123,70,80,220,255,31,1739151069668,/dev/cu.usbmodem1413101
63,167,86,112,136,221,212,56,217,139,181,178,244,70,190,95,162,229,71,141,155,66,118,64,44,242,232,112,2,237,189,135,84,155,150,181,185,93,36,30,219,45,25,45,9,72,67,45,43,4,181,117,4,180,251,45,170,225,247,184,198,231,111,9,66,129,192,5,193,91,135,238,134,105,29,162,2,97,83,63,130,243,139,74,157,93,111,19,89,140,211,243,210,139,38,145,156,167,124,114,46,1,184,198,138,172,42,38,71,216,133,217,66,45,192,86,200,29,181,121,239,128,38,8,52,227,14,98,14,62,98,132,143,46,3,190,252,93,216,205,124,32,83,31,163,159,171,92,187,101,125,13,162,181,5,23,97,178,154,35,134,56,59,144,253,249,113,111,144,144,35,136,46,217,128,216,21,132,86,107,145,5,72,156,39,166,130,171,157,18,6,224,209,156,89,175,57,193,145,22,23,216,203,143,94,147,151,190,12,131,176,185,210,38,15,28,202,72,140,138,135,104,179,32,3,114,184,40,48,241,232,211,68,166,221,124,80,138,207,158,174,112,188,3,152,35,221,199,245,76,1739151069668,/dev/cu.usbmodem1413401
238,23,128,53,79,16,45,68,43,153,230,244,246,206,127,133,174,199,247,100,136,235,231,28,54,82,69,217,131,148,33,100,110,143,20,132,201,208,171,255,158,230,56,75,133,5,184,157,38,11,55,40,181,189,53,25,164,115,231,199,51,166,96,138,54,150,69,152,214,44,14,254,43,75,110,247,205,76,53,230,44,180,247,129,254,249,251,211,32,175,140,3,149,48,56,143,225,223,232,13,238,68,18,26,23,242,124,206,114,205,243,198,206,51,215,100,55,163,175,93,108,101,71,136,106,28,10,85,88,19,179,254,249,207,170,0,56,66,101,165,23,94,143,155,181,201,95,211,215,204,106,2,211,66,207,207,158,65,32,3,190,204,213,246,183,81,35,248,248,77,198,61,113,152,50,217,127,234,64,132,189,121,57,173,183,34,74,6,107,178,124,114,5,141,120,120,51,238,97,43,170,124,101,83,112,24,53,121,82,236,225,204,154,202,175,243,58,53,32,207,22,71,123,63,134,172,95,63,9,26,12,175,67,176,238,131,69,175,108,106,60,38,111,177,6,168,221,85,79,252,1739151069669,/dev/cu.usbmodem1413201
169,56,65,69,130,151,247,229,151,224,193,137,113,149,204,108,52,166,45,21,196,112,19,65,190,223,163,117,82,187,38,173,212,163,27,59,143,49,210,144,209,179,176,27,145,12,208,133,53,110,134,93,218,78,216,191,64,11,228,153,204,92,24,129,201,68,102,58,251,186,212,92,241,207,158,249,22,194,248,245,181,225,183,34,2,105,118,12,104,175,207,231,89,73,177,88,210,8,248,204,193,57,74,71,10,111,216,9,110,64,90,115,160,96,186,125,223,11,239,86,36,1,44,243,43,171,97,83,160,183,178,88,201,142,96,55,23,164,51,187,8,56,2,192,102,67,137,227,253,213,152,232,151,187,151,81,216,53,18,72,163,19,54,150,108,107,173,185,180,149,231,254,72,199,155,152,248,221,233,198,128,215,161,208,149,109,243,163,119,69,180,216,165,65,4,59,191,212,214,227,0,125,194,204,210,42,163,81,224,247,197,123,99,180,39,81,200,62,242,2,210,194,242,240,111,248,167,40,201,175,104,251,128,100,121,191,247,232,2,189,20,186,217,137,193,112,121,202,114,35,1739151069669,/dev/cu.usbmodem14124101
243,104,150,194,168,37,157,134,83,86,199,52,57,255,16,65,102,250,26,116,192,242,58,26,43,9,77,59,153,128,13,244,177,36,76,113,10,54,3,60,44,102,71,23,214,101,115,248,29,122,135,126,99,147,62,43,254,251,45,28,25,117,158,158,161,219,60,10,64,111,73,36,40,179,147,191,149,100,240,217,28,74,153,57,192,89,35,52,149,173,82,177,186,112,99,164,23,129,19,145,33,46,124,94,248,215,21,153,254,190,85,103,79,8,33,12,81,81,206,34,174,17,124,67,206,217,131,164,161,195,56,180,30,231,244,202,190,43,117,40,237,114,90,11,68,52,0,218,111,33,9,7,243,24,66,33,34,178,10,66,77,119,7,124,140,98,184,204,16,53,118,51,174,17,6,239,177,187,114,234,208,130,161,189,232,3,255,161,99,213,156,108,138,169,75,11,110,70,113,36,201,189,196,249,126,6,60,193,10,167,203,224,26,244,10,107,99,116,201,244,63,71,45,71,245,71,147,160,112,42,90,182,214,166,39,67,34,212,81,39,26,99,230,188,187,161,98,239,185,172,1739151069670,/dev/cu.usbmodem1413301
173,135,56,233,225,110,36,198,76,1,149,75,39,49,194,149,190,38,128,154,144,98,247,188,28,188,175,177,253,37,19,247,149,77,26,106,164,161,80,230,143,98,197,18,131,204,107,249,213,9,28,44,107,73,62,85,207,116,7,232,157,243,181,253,253,106,234,63,181,166,238,10,83,149,8,10,147,236,99,145,14,236,68,245,24,203,9,182,234,51,13,114,172,115,198,119,188,219,74,232,252,89,40,17,178,161,179,184,106,143,8,166,198,81,160,46,187,127,114,215,110,106,39,212,165,17,251,1,12,55,0,90,64,242,126,205,64,156,154,205,57,148,118,67,204,161,40,52,126,69,59,49,147,191,255,223,4,88,92,178,181,121,149,79,151,123,136,27,243,40,16,21,71,169,199,251,1,241,48,46,174,185,150,134,188,27,104,228,49,105,55,131,4,112,48,61,108,254,126,174,88,11,94,90,191,223,160,191,231,173,210,78,199,99,58,50,203,232,244,210,93,255,8,23,9,213,246,29,229,223,254,213,187,110,128,134,184,176,93,169,49,74,200,152,19,137,156,2,250,27,1739151069671,/dev/cu.usbmodem14124401
156,240,35,162,123,25,119,3,94,137,25,148,164,155,57,203,30,146,90,215,108,91,19,206,91,212,115,195,27,39,29,139,32,84,159,228,179,89,97,207,106,28,42,59,72,204,176,105,159,3,156,123,202,158,63,191,129,102,97,189,179,199,159,229,146,178,182,241,29,16,153,230,144,168,91,119,163,184,161,121,167,243,154,34,189,27,64,223,25,94,232,218,16,94,27,98,214,174,120,189,164,239,47,217,115,14,73,55,232,118,189,64,239,129,88,165,86,54,188,152,9,240,153,198,215,1,71,17,85,148,162,86,175,143,221,252,24,134,108,101,35,187,76,162,26,194,232,103,120,111,222,116,6,137,195,23,151,162,147,128,248,238,133,174,198,178,173,220,120,97,36,21,212,250,238,71,133,56,27,70,96,71,224,133,116,100,26,28,177,142,216,201,121,248,181,30,172,174,249,196,231,45,236,243,251,99,219,157,197,4,93,247,237,143,3,100,143,184,47,28,71,140,58,197,132,81,177,142,190,80,196,197,116,187,135,151,9,26,54,90,143,65,164,69,147,190,5,193,240,161,1739151069671,/dev/cu.usbmodem14124301
106,209,245,154,66,212,79,29,199,172,99,134,5,169,200,45,147,224,16,104,126,24,64,192,132,13,14,58,235,25,80,253,236,12,23,123,129,253,90,56,191,167,203,25,154,55,131,154,23,227,224,225,156,4,219,146,217,149,178,8,141,214,59,86,221,4,164,124,23,117,18,103,90,106,166,163,196,151,85,105,252,69,15,250,23,133,169,160,67,43,216,106,26,216,173,3,16,174,245,144,220,233,221,134,50,195,90,207,163,23,72,18,208,250,42,134,185,64,41,209,101,141,184,108,107,250,125,161,213,185,255,146,245,66,165,95,244,50,237,75,152,44,7,17,11,107,96,128,4,6,178,149,212,177,100,114,156,24,102,159,87,113,188,191,121,61,219,173,135,225,141,253,167,145,234,0,255,142,51,230,35,136,151,252,164,177,31,174,12,139,175,20,209,127,146,64,36,134,138,72,0,19,10,56,248,33,132,160,121,242,54,7,157,100,109,230,62,62,157,123,150,119,250,134,137,94,110,219,96,173,177,25,195,14,198,70,188,159,84,164,170,215,208,105,217,150,241,21,235,91,1739151069672,/dev/cu.usbmodem14124201
149,150,103,144,44,244,240,2,13,14,96,55,173,9,203,123,50,189,127,244,24,110,92,1,156,58,172,61,29,165,194,41,179,166,190,235,111,23,103,244,106,110,139,86,83,166,219,1,12,17,155,124,50,58,1,192,213,217,217,195,94,159,154,130,95,139,89,239,161,166,49,246,161,29,202,53,255,134,47,103,132,172,102,64,163,51,136,181,169,195,201,249,82,54,202,214,150,214,252,110,220,84,35,89,84,160,241,203,181,140,244,159,87,160,195,172,105,79,62,114,220,105,246,112,255,111,181,244,4,92,63,139,188,3,211,101,209,102,71,66,107,115,47,111,50,236,59,163,239,164,186,221,231,140,157,159,95,169,247,237,131,243,86,120,63,138,185,119,21,144,236,119,135,12,171,119,31,142,227,251,8,86,4,7,188,141,153,32,0,112,91,36,227,208,109,119,188,130,137,222,10,159,44,15,14,233,69,127,149,244,93,196,50,205,38,33,3,251,68,234,142,103,70,61,241,196,227,201,54,122,116,226,8,47,252,88,155,143,61,120,119,184,12,104,198,189,35,189,111,193,1739151069673,QBYTE | delegations
rotation
14,251,109,146,225,53,43,164,225,200,76,161,0,115,121,203,44,74,204,115,2,108,188,191,159,143,37,103,82,188,72,94,107,130,213,10,81,95,240,228,9,169,242,28,209,249,40,28,219,85,9,141,50,13,152,35,68,37,246,238,245,43,255,109,214,39,177,177,141,124,188,197,12,1,52,97,162,183,131,114,16,16,253,89,97,119,85,195,62,123,126,72,19,93,49,66,3,128,244,107,228,237,209,38,72,133,110,29,2,96,105,61,220,205,145,185,149,95,248,115,206,76,118,168,215,77,161,195,86,178,0,245,116,83,60,151,123,34,89,92,23,2,92,177,81,84,240,142,166,90,28,116,107,52,166,205,125,26,168,167,89,214,79,190,231,21,94,239,112,243,207,187,117,162,42,113,65,200,225,15,246,76,160,37,86,29,84,242,196,206,153,48,238,150,101,122,248,210,28,239,136,136,242,175,12,48,148,181,0,86,1,242,86,232,174,149,88,188,166,166,105,161,99,253,9,5,115,40,121,119,1,224,115,240,221,203,74,182,244,198,191,178,78,115,12,43,42,161,236,108,1739151070736,/dev/cu.usbmodem1413101
47,145,159,183,42,254,63,93,52,176,54,90,228,182,66,205,36,181,81,100,162,12,28,186,181,37,107,150,0,198,216,246,184,91,237,185,22,170,233,63,148,138,118,230,44,169,250,247,10,253,171,254,192,185,221,136,127,135,45,235,23,227,219,135,165,73,69,54,126,105,45,93,29,138,176,249,81,171,165,220,66,173,157,105,208,46,254,16,216,127,134,243,53,138,24,254,24,227,51,191,24,92,170,112,155,225,229,178,107,85,29,128,72,3,228,177,201,234,232,44,0,79,60,7,144,101,123,202,3,18,217,233,184,162,22,75,119,246,55,234,215,246,243,88,87,180,91,175,210,117,77,189,56,152,195,241,27,240,144,252,2,253,237,129,233,222,191,218,122,101,108,120,54,117,189,148,26,75,56,48,121,76,88,180,150,121,115,251,104,101,43,212,243,15,71,163,184,237,121,244,95,49,82,187,69,88,98,131,4,5,17,236,0,196,127,63,15,172,207,152,44,247,65,16,254,75,11,236,51,49,222,43,93,103,228,45,78,104,167,237,134,145,148,216,47,224,149,199,106,29,1739151070736,/dev/cu.usbmodem1413401
193,189,237,216,30,14,174,92,224,21,111,138,153,173,185,53,174,167,237,165,82,52,139,246,107,79,55,5,62,41,199,239,247,101,143,226,208,72,213,14,50,140,185,219,181,162,220,166,154,223,130,175,9,129,245,81,151,248,140,56,79,155,100,225,124,123,179,251,221,82,55,181,62,246,176,124,176,28,191,147,41,58,70,191,54,226,133,228,229,100,252,67,2,17,154,46,129,124,198,193,16,218,207,176,142,106,11,162,171,76,6,183,173,240,20,103,139,174,245,157,217,7,180,177,104,169,198,130,123,106,237,76,64,1,77,242,122,216,137,234,143,198,214,236,122,33,132,48,226,229,1,97,223,198,58,83,153,57,244,63,191,72,184,181,110,245,113,197,53,231,60,235,200,162,137,70,38,62,235,97,46,93,40,171,163,183,149,240,189,89,69,48,35,219,251,134,189,196,162,54,76,71,174,76,129,104,235,109,114,231,243,157,238,169,246,140,65,209,160,24,124,125,137,85,150,20,216,155,173,223,232,17,164,149,246,5,47,79,29,115,122,44,104,159,62,188,80,203,178,116,1739151070737,/dev/cu.usbmodem1413201
159,222,120,39,210,42,251,173,82,234,200,182,25,121,81,77,70,8,234,25,33,224,241,214,234,88,153,129,51,172,246,20,230,75,211,92,10,203,62,23,211,173,171,162,185,223,29,137,61,67,89,8,156,231,62,53,238,75,252,106,139,215,242,232,25,114,92,28,43,91,99,222,157,123,233,234,16,131,75,254,162,128,254,101,145,214,200,208,128,106,188,56,253,242,37,85,221,156,227,58,227,188,122,16,56,115,137,146,233,154,164,98,201,97,150,172,247,113,228,103,114,203,133,126,154,5,201,210,38,191,218,229,123,253,27,140,88,219,60,57,75,204,147,128,254,159,150,154,23,249,168,196,217,92,56,1,17,80,167,113,31,72,198,203,46,25,147,27,178,153,223,68,129,81,109,0,42,182,150,199,59,219,66,26,40,185,117,71,208,130,105,95,93,29,190,254,44,192,134,186,184,78,72,191,166,68,158,29,137,138,168,213,178,158,60,92,203,149,40,45,210,251,85,118,208,196,75,74,0,148,125,2,69,162,53,213,87,141,123,254,219,0,10,140,104,127,238,239,65,144,1739151070738,/dev/cu.usbmodem14124101
201,55,116,143,185,92,125,87,105,151,201,97,73,183,98,177,29,245,221,48,122,38,118,252,8,93,84,48,88,193,121,103,164,128,52,75,85,67,126,65,103,90,90,81,21,46,174,160,230,245,62,65,10,2,71,133,163,71,109,71,184,165,152,201,141,221,239,20,72,19,75,225,82,230,145,207,46,135,69,194,90,255,190,217,29,86,70,61,72,125,28,21,189,1,13,182,166,133,102,18,168,115,138,105,241,152,125,180,3,111,122,69,96,148,129,212,251,70,20,254,174,168,162,90,215,169,64,117,150,159,154,54,247,101,170,61,145,137,77,144,88,90,59,224,218,234,180,121,223,15,158,17,206,75,94,116,149,35,171,99,96,235,2,20,92,116,182,134,195,59,135,167,227,19,238,70,255,228,10,117,212,255,182,111,23,124,225,13,156,131,185,164,255,226,119,186,217,168,230,161,198,172,42,144,119,153,150,68,89,145,183,100,238,134,58,106,36,1,159,177,228,249,50,74,31,15,195,65,166,222,92,24,251,161,200,211,239,177,90,145,36,241,66,165,219,186,56,48,81,248,1739151070739,/dev/cu.usbmodem1413301
15,88,196,196,56,20,34,132,108,32,148,10,149,28,173,191,119,79,163,214,37,247,54,55,141,106,88,177,108,38,45,5,180,88,142,205,167,199,92,228,231,170,180,54,79,207,174,251,147,69,84,231,179,241,77,18,22,203,70,51,237,37,13,86,11,188,240,133,157,192,163,74,174,121,234,2,244,136,111,91,47,55,100,246,234,157,5,131,165,168,190,154,100,139,232,171,79,161,130,204,104,146,166,10,152,70,122,196,101,174,120,255,20,213,98,60,150,170,218,236,196,64,97,245,17,217,244,144,149,113,211,179,9,95,90,206,144,145,22,211,136,136,55,145,234,68,1,215,220,180,17,211,250,208,83,250,37,43,244,183,120,1,143,151,174,39,86,244,40,57,134,87,61,94,177,235,74,142,154,65,125,107,7,80,130,68,143,179,240,202,254,73,210,42,136,128,222,201,76,54,26,151,251,40,182,250,42,48,254,155,117,208,210,231,185,23,219,168,59,127,231,79,237,151,74,221,132,220,116,35,16,183,96,115,118,67,51,11,19,90,130,174,15,214,231,13,175,241,251,80,1739151070739,/dev/cu.usbmodem14124401
22,129,34,116,29,196,199,70,14,71,199,223,47,123,243,1,51,137,3,56,62,181,31,232,241,68,141,253,71,199,241,169,128,174,134,81,206,166,216,126,138,80,41,81,92,157,124,86,240,241,132,118,238,196,130,120,232,54,247,45,215,183,78,112,60,67,71,78,150,73,120,183,134,5,175,150,25,170,162,120,38,175,77,63,137,241,235,12,94,122,20,191,113,119,136,158,220,174,151,184,241,93,93,235,230,9,25,89,15,185,176,148,23,176,136,208,176,65,60,80,34,170,209,128,224,100,85,45,202,73,228,206,143,128,150,208,123,230,170,250,58,175,55,80,112,22,245,80,11,185,69,52,26,195,115,61,210,237,30,175,104,232,108,96,29,193,110,75,221,17,50,196,219,179,105,167,127,104,26,164,217,92,134,223,128,130,17,141,10,138,0,187,140,124,210,225,113,7,206,198,67,197,120,157,144,41,206,19,214,59,85,6,142,149,215,36,45,240,141,63,90,222,101,191,184,198,8,91,48,222,135,57,92,214,176,167,183,233,17,14,191,83,196,59,226,94,165,132,75,227,1739151070740,/dev/cu.usbmodem14124301
98,174,230,244,215,231,121,2,79,24,235,173,95,160,199,107,23,138,151,173,14,39,89,157,33,126,231,83,215,111,144,67,78,213,113,56,152,72,165,212,157,121,80,9,209,105,65,199,179,170,78,213,5,23,101,179,17,184,30,177,190,122,106,116,17,138,14,180,199,38,227,167,198,2,54,140,59,249,213,202,14,126,39,255,18,235,11,75,87,106,73,102,161,188,69,14,213,253,151,125,78,82,85,44,70,218,28,237,229,125,49,229,105,16,65,136,141,213,125,162,94,159,71,213,92,191,33,108,211,177,58,83,83,156,146,216,198,131,222,251,166,6,31,244,65,223,95,163,179,167,250,162,246,33,165,32,27,244,59,115,90,118,222,22,253,79,94,192,42,130,243,16,174,9,24,25,144,66,81,128,183,85,59,200,123,103,177,35,92,212,7,102,48,153,25,71,139,185,179,233,28,25,188,105,218,220,180,101,142,2,154,140,165,80,76,79,91,217,250,84,31,189,250,147,152,18,170,143,195,4,144,77,114,138,134,123,36,10,170,53,96,33,162,186,213,232,20,53,24,171,1739151070741,/dev/cu.usbmodem14124201
205,73,19,17,76,132,160,159,35,111,172,222,200,97,40,26,174,233,112,216,188,247,220,155,254,176,134,90,251,176,148,219,28,84,41,226,57,28,173,205,235,219,1,188,38,56,46,14,64,223,217,209,53,242,99,147,14,19,105,191,26,201,3,120,189,207,77,11,129,160,182,72,14,158,63,217,171,223,143,232,132,30,104,5,122,188,69,30,103,207,71,150,208,117,190,74,167,244,6,52,112,57,234,82,172,112,11,91,167,230,85,163,250,190,221,115,112,18,142,69,115,18,46,154,207,47,21,253,18,99,121,173,213,43,136,89,146,170,244,39,72,133,206,80,131,57,166,214,58,150,200,56,141,79,188,253,151,146,17,29,209,95,227,180,92,250,211,18,145,121,128,72,161,211,93,176,13,75,127,137,93,27,158,8,37,183,9,174,251,103,222,187,242,114,83,61,44,228,150,47,160,87,83,171,229,210,69,68,0,13,70,104,29,191,3,108,84,212,50,174,173,5,190,63,196,152,14,92,198,42,17,3,122,46,114,122,51,69,199,86,225,34,147,74,126,9,39,50,140,117,1739151070741,QBYTE | recyclability
115,41,93,80,40,5,81,26,38,200,221,144,192,135,187,10,246,175,79,110,27,196,216,8,179,65,224,229,166,166,96,120,211,247,4,208,183,200,21,191,200,19,29,106,157,181,121,76,192,224,144,124,125,65,98,90,20,70,237,24,52,83,63,69,211,234,125,94,252,25,251,32,164,185,108,185,184,80,212,253,176,224,160,247,236,36,41,129,204,83,35,147,136,19,146,164,185,148,193,23,174,0,114,247,177,196,219,92,9,208,227,72,226,254,196,102,144,198,197,129,9,60,112,231,248,220,200,38,149,148,114,41,2,113,180,204,92,162,119,217,102,185,161,190,67,192,175,208,89,218,179,142,198,176,93,53,6,195,15,48,84,215,226,15,148,81,29,236,124,58,189,23,14,123,204,102,226,186,8,77,45,143,102,89,161,191,7,189,104,222,248,63,72,123,187,95,50,35,8,132,121,114,169,22,34,148,138,4,224,6,178,162,231,96,188,202,158,239,216,231,27,120,118,180,119,14,107,70,47,49,114,0,53,197,220,93,17,57,27,229,141,250,59,128,123,29,59,39,171,87,1739151071807,/dev/cu.usbmodem1413101
8,49,158,42,129,82,180,150,26,19,74,1,57,133,198,32,209,12,227,64,69,65,231,137,240,215,92,137,107,141,255,153,232,238,248,142,231,173,211,251,85,76,118,148,181,91,194,137,210,52,171,220,81,112,161,13,53,50,128,11,165,46,111,87,64,79,53,149,148,225,152,12,148,129,246,243,105,77,180,124,176,8,49,237,243,245,70,144,166,160,171,101,255,72,236,163,125,103,164,147,175,62,22,156,182,112,208,133,65,150,96,55,22,189,237,91,213,61,48,29,122,68,96,170,113,34,233,182,92,14,92,52,66,219,212,55,172,109,13,134,176,214,182,76,152,39,164,167,109,29,11,177,78,130,209,143,98,148,173,130,111,85,140,143,182,95,71,242,138,242,23,130,176,13,122,11,55,176,120,75,218,185,171,64,171,177,49,255,140,42,220,154,149,213,10,45,231,214,115,141,54,42,245,27,47,235,20,164,141,180,209,81,47,45,243,32,121,62,201,51,240,194,58,73,8,126,1,18,80,82,35,52,172,0,99,78,244,172,251,191,86,72,140,10,39,28,200,16,36,106,1739151071807,/dev/cu.usbmodem1413401
176,40,134,252,185,145,47,146,110,24,239,148,240,85,91,99,119,191,247,205,71,81,66,99,182,195,240,65,162,72,159,114,27,143,69,100,254,152,90,24,87,108,236,84,177,184,195,211,76,91,2,68,206,63,204,142,129,229,31,169,3,163,159,62,133,196,144,160,238,125,172,37,63,240,219,65,29,2,58,176,181,209,136,198,41,206,1,29,61,26,220,2,233,202,201,129,192,42,228,118,110,250,19,224,153,246,53,228,67,9,143,189,88,45,188,214,201,67,244,8,24,114,38,168,30,102,174,237,230,78,188,27,112,13,216,156,21,72,90,63,74,182,189,221,124,29,28,184,36,22,20,105,216,194,133,83,95,120,110,246,178,60,152,6,65,7,146,9,147,79,93,247,160,191,207,136,33,4,214,128,56,122,102,163,115,158,143,34,112,5,65,47,136,66,250,193,198,100,85,48,36,56,120,165,72,122,104,114,162,236,76,24,211,29,248,34,75,85,202,196,3,229,7,93,130,253,47,165,92,60,150,198,81,21,58,111,133,216,188,83,135,253,102,113,119,111,94,137,168,110,1739151071808,/dev/cu.usbmodem1413201
185,129,89,75,46,160,243,133,56,161,29,155,179,85,7,188,115,165,201,122,35,113,161,10,147,29,95,162,87,118,27,235,116,203,111,178,136,139,221,53,21,23,69,206,65,43,6,254,10,34,105,85,40,111,15,128,238,136,67,101,242,50,17,123,150,81,46,108,104,42,163,131,155,49,157,175,144,126,66,164,111,0,168,19,145,237,99,82,210,252,189,37,75,210,181,15,192,164,204,89,146,161,78,91,213,197,54,168,113,119,24,167,127,1,36,223,78,200,214,71,242,169,53,75,65,226,75,102,103,33,140,177,2,121,73,138,240,32,127,100,132,24,102,66,112,118,65,244,53,114,242,82,58,66,1,112,176,15,243,28,200,20,138,106,197,175,202,167,193,62,100,209,37,57,82,158,140,108,106,191,47,239,140,207,84,192,209,167,193,221,190,184,198,176,167,145,30,196,41,10,182,225,16,195,127,147,174,122,1,165,42,38,180,225,123,108,60,53,236,29,48,137,243,161,99,41,149,131,208,175,244,219,121,2,31,168,122,165,138,241,193,130,143,166,156,227,42,171,45,223,1739151071809,/dev/cu.usbmodem14124101
142,165,131,57,146,136,90,4,61,91,183,171,225,131,241,231,145,202,114,49,116,19,219,172,92,182,33,247,233,208,9,165,35,203,100,108,75,55,190,5,117,238,118,89,217,234,2,110,142,27,224,217,193,115,250,158,163,156,173,36,132,76,3,92,102,213,91,136,125,97,16,4,32,45,5,15,146,158,138,13,203,142,189,33,238,38,151,17,111,234,144,46,152,143,217,111,128,62,198,186,74,255,41,104,153,144,119,84,89,251,122,232,168,87,121,108,251,121,222,115,202,157,73,54,200,25,126,174,58,215,132,2,173,167,45,149,159,242,198,177,232,54,166,187,67,162,51,59,215,252,6,205,90,79,141,203,90,85,9,225,125,85,34,198,21,242,145,50,122,169,72,236,177,114,160,37,95,70,214,85,134,81,118,91,59,168,252,52,9,98,91,43,185,153,145,102,6,107,41,136,71,172,35,171,5,149,20,67,103,38,66,166,150,40,101,111,110,231,166,180,96,180,171,26,24,213,5,216,111,121,26,229,83,167,211,226,243,15,16,177,22,106,137,85,96,211,14,219,121,136,1739151071810,/dev/cu.usbmodem1413301
203,67,126,49,29,160,65,253,223,173,128,54,127,8,145,201,53,187,221,218,223,28,135,196,0,86,245,129,238,154,31,91,42,190,53,8,79,38,249,207,178,216,236,7,109,38,151,41,209,126,55,116,14,185,48,36,122,113,94,67,48,204,74,68,45,134,138,53,97,25,75,162,40,122,94,162,202,170,13,184,84,137,100,40,114,126,205,89,145,61,73,131,228,219,238,33,27,76,33,157,97,251,219,157,147,9,164,209,98,58,176,86,216,201,111,32,201,119,23,37,109,212,121,30,183,245,236,174,109,8,255,25,107,170,130,84,96,215,208,188,75,228,137,127,201,74,113,162,3,76,211,168,60,176,125,217,190,176,115,194,78,4,50,76,229,236,11,244,38,104,25,12,199,230,60,233,122,255,97,111,205,18,9,222,59,25,163,89,174,130,5,14,101,246,34,46,125,96,161,73,99,39,164,242,254,192,176,129,114,122,192,141,38,229,239,100,181,23,76,196,28,220,144,78,134,44,26,183,187,127,48,195,216,141,102,160,14,77,247,35,113,58,20,141,153,24,211,244,243,152,1739151071811,/dev/cu.usbmodem14124401
140,72,205,243,149,15,156,7,164,76,64,193,240,114,143,154,138,116,187,184,1,255,11,171,184,93,121,197,255,251,194,212,194,126,196,47,223,71,149,108,184,4,247,46,179,221,1,20,13,236,219,205,72,234,107,200,249,13,115,12,172,210,128,153,80,177,47,194,249,33,16,15,156,129,187,66,49,246,9,116,186,115,114,42,177,70,228,4,207,122,57,61,190,64,41,201,14,164,246,224,7,1,195,142,153,247,155,152,95,15,13,155,133,95,247,214,63,213,155,203,151,149,132,196,215,114,198,163,35,131,43,113,136,28,182,211,68,7,128,232,67,127,63,208,179,184,1,183,240,78,253,195,16,140,225,188,88,184,121,114,196,37,130,213,219,208,60,16,37,182,248,47,246,239,116,148,2,244,10,8,21,93,68,91,1,23,216,223,139,153,50,243,169,202,242,133,84,118,91,227,248,35,21,49,7,33,208,124,151,219,82,114,223,133,176,216,43,2,67,227,177,134,183,249,119,56,204,126,32,213,149,121,36,15,217,215,33,74,206,248,169,186,68,90,118,67,127,207,199,26,1739151071811,/dev/cu.usbmodem14124301
145,81,246,128,142,103,169,142,82,141,26,14,223,127,48,210,231,32,171,34,67,54,157,208,51,131,232,228,50,40,48,172,114,27,147,211,108,227,45,242,136,157,0,204,157,170,111,187,58,243,0,253,38,12,77,254,149,116,39,219,188,97,229,43,164,2,44,13,46,231,231,186,231,38,6,235,246,158,151,10,15,84,149,161,22,145,121,70,242,86,219,60,18,2,208,103,185,4,20,234,204,151,214,9,27,234,153,28,24,191,195,119,102,85,61,243,254,89,162,85,39,187,132,173,230,236,245,165,121,202,67,77,61,244,243,172,63,96,105,51,3,110,63,78,39,39,183,7,102,48,145,44,85,251,115,9,70,122,171,113,189,130,245,250,114,196,93,167,221,51,97,223,201,199,173,123,59,205,64,230,4,34,181,240,25,14,69,76,181,151,50,70,105,60,47,28,168,37,1,238,69,137,6,83,81,225,23,17,120,185,245,209,102,41,234,29,176,51,113,230,138,182,253,82,239,181,108,187,246,200,216,89,29,227,190,145,144,84,40,184,96,153,94,160,3,183,69,109,90,206,1739151071812,/dev/cu.usbmodem14124201
42,78,218,182,170,38,23,235,126,85,8,204,11,132,254,147,234,156,45,232,211,99,22,251,177,118,86,216,242,140,255,254,237,77,208,16,145,195,190,61,40,139,175,216,66,198,133,0,60,215,92,44,107,77,236,213,251,141,150,111,196,223,242,253,63,208,36,117,37,17,192,153,231,9,58,160,195,61,1,94,240,25,143,77,156,125,202,84,70,238,210,125,5,85,204,105,232,175,72,134,29,247,222,162,195,3,217,148,6,73,16,55,64,251,109,93,49,242,39,27,142,196,51,239,152,8,101,29,69,99,13,144,65,59,27,83,145,229,160,210,251,2,227,55,201,251,162,18,103,109,231,142,73,58,106,62,113,7,151,120,11,92,27,73,255,172,249,193,0,253,91,163,114,76,110,88,100,226,49,237,186,159,169,91,53,248,170,57,204,194,133,162,143,197,130,243,138,13,213,255,68,160,160,80,151,3,59,7,52,197,32,69,166,208,28,106,208,112,239,120,159,142,201,254,152,208,111,216,241,235,84,47,3,20,72,208,86,180,215,42,51,190,217,127,59,178,96,152,29,72,1739151071813,QBYTE | phalluses
157,205,32,198,215,233,170,208,252,56,151,15,216,243,2,239,246,45,3,24,191,23,14,91,59,131,165,83,247,52,7,183,116,34,98,111,85,108,190,19,188,6,231,51,98,48,143,40,129,251,79,251,211,208,144,126,111,231,16,177,162,115,43,10,206,234,117,111,157,149,10,190,29,139,228,40,34,20,225,186,222,77,233,80,47,197,137,224,138,11,13,155,199,183,45,204,102,13,72,201,55,187,83,249,253,141,78,103,10,136,68,194,195,9,79,199,28,7,78,209,164,184,196,92,122,156,217,249,176,95,23,101,78,233,110,172,27,150,110,67,137,240,37,124,136,60,95,109,251,237,181,238,53,71,82,150,216,7,26,2,16,222,247,230,97,24,25,30,68,146,39,216,149,245,61,127,172,55,56,203,46,169,40,163,191,149,186,80,133,190,72,255,221,77,153,8,254,170,207,224,112,18,248,86,174,125,97,99,93,129,14,5,127,152,102,139,53,129,81,101,245,178,62,190,99,122,8,72,13,212,93,51,21,197,53,83,164,108,251,71,174,17,60,7,42,61,60,149,102,24,1739151072877,/dev/cu.usbmodem1413101
208,142,141,153,218,156,22,180,68,186,247,13,127,75,122,190,71,109,51,91,218,97,137,59,141,184,174,162,123,73,95,146,19,229,60,92,47,219,213,162,99,236,91,237,200,214,232,93,18,112,81,228,4,138,171,206,86,5,41,226,181,45,202,165,45,9,20,196,97,132,231,250,219,79,52,35,141,206,242,110,86,150,163,254,104,159,89,107,235,80,66,9,122,216,172,215,86,69,118,136,24,232,145,232,237,198,77,253,25,181,17,204,201,127,114,100,7,219,206,29,180,197,65,35,38,211,183,163,169,220,169,222,194,7,176,26,154,39,65,189,211,7,135,7,148,77,14,2,53,183,169,205,190,38,85,1,21,191,26,45,1,177,33,69,119,207,143,133,135,44,116,150,54,77,45,147,50,117,223,162,198,38,54,152,14,124,168,176,136,195,246,86,72,43,133,32,71,199,198,209,161,8,135,188,11,175,185,3,129,55,130,103,173,69,201,197,250,176,50,99,123,183,11,242,159,142,30,50,178,56,17,183,127,122,34,8,50,246,132,85,23,57,200,93,182,17,127,70,72,107,1739151072877,/dev/cu.usbmodem1413401
96,126,10,110,216,230,111,36,135,13,21,123,16,166,88,138,4,102,132,254,39,33,224,30,208,169,209,79,22,8,99,34,202,150,36,174,7,56,71,158,67,232,151,31,131,116,173,200,60,77,137,189,121,161,20,23,252,47,113,242,190,139,252,153,204,219,205,184,233,21,33,252,23,2,171,187,30,99,178,67,169,95,238,51,63,146,59,67,136,37,222,55,221,9,97,236,139,93,174,50,149,91,225,79,103,123,204,182,204,140,180,130,213,254,111,44,21,31,15,72,215,50,83,167,144,174,122,208,90,127,177,115,142,70,166,217,239,247,216,253,4,62,103,203,136,51,111,188,100,139,84,32,185,234,214,217,37,139,99,57,118,32,166,19,243,106,80,152,209,221,173,113,58,253,227,211,134,147,185,174,44,254,101,228,107,111,142,207,163,25,203,122,233,49,151,177,135,56,40,16,233,94,172,145,180,175,118,228,36,103,123,197,100,3,146,130,67,103,189,24,249,190,243,213,86,64,101,11,119,221,221,228,122,81,237,214,190,244,176,31,0,208,155,42,87,66,53,82,208,170,1739151072878,/dev/cu.usbmodem1413201
40,58,107,177,41,157,223,47,206,78,18,254,78,84,122,237,14,48,212,248,111,247,2,78,155,192,85,168,62,217,105,208,98,52,242,132,90,42,214,184,65,144,154,211,26,232,192,77,210,176,186,54,33,110,187,176,179,212,143,33,73,237,126,106,163,54,44,56,217,131,135,188,57,95,109,61,82,147,239,241,237,191,36,253,183,239,129,74,135,97,132,35,105,96,78,187,111,13,69,251,21,74,57,232,148,100,54,85,232,9,141,36,96,54,100,161,27,112,191,213,218,184,160,122,71,151,232,152,24,8,146,128,223,1,141,141,70,188,74,20,78,243,209,43,222,68,36,100,28,58,217,148,251,5,55,100,70,46,108,247,111,220,104,183,0,89,177,61,121,132,232,33,74,74,155,204,130,28,72,86,148,155,40,81,89,88,27,101,240,228,102,186,111,145,7,141,244,116,72,83,82,73,120,213,106,16,116,135,77,193,15,81,55,22,22,48,23,161,196,97,3,250,122,52,90,247,28,90,8,112,111,220,99,70,4,75,231,61,65,28,43,108,55,145,246,90,176,29,102,203,1739151072879,/dev/cu.usbmodem14124101
12,141,132,125,92,224,7,50,126,6,235,25,197,173,186,208,0,56,127,208,109,184,198,89,158,197,255,172,224,141,146,122,43,10,192,45,183,240,185,132,21,56,238,116,203,192,206,133,168,94,95,136,236,67,42,99,254,254,251,124,157,133,160,208,8,192,183,98,5,64,51,112,221,80,171,159,61,129,227,37,192,32,141,200,252,211,31,46,170,164,214,0,244,65,65,248,233,203,191,177,248,154,155,93,71,74,39,71,99,246,41,211,240,149,79,181,212,123,32,151,144,199,139,250,162,171,16,235,54,164,5,61,11,222,92,113,132,213,38,15,255,80,210,121,22,67,129,111,234,228,160,86,115,195,254,185,85,88,125,107,247,222,118,200,137,10,77,78,43,224,185,149,8,111,189,64,225,93,240,55,83,116,75,71,16,134,87,85,76,161,252,85,187,164,61,133,236,252,133,154,177,191,92,60,157,213,108,39,229,10,254,44,161,233,215,207,123,243,63,146,185,123,3,179,9,37,58,64,79,69,87,105,245,149,201,50,233,7,74,164,68,138,251,41,163,5,122,146,171,148,1739151072880,/dev/cu.usbmodem1413301
53,177,160,0,6,229,7,155,221,62,225,18,53,128,190,114,105,250,226,178,187,166,237,150,98,143,74,10,163,55,240,236,220,107,163,46,240,72,149,188,110,132,238,219,2,176,153,246,38,136,96,180,24,207,192,216,49,29,181,241,173,194,96,135,126,182,161,58,228,239,96,166,79,62,74,218,230,168,152,29,176,127,8,67,126,121,170,202,249,170,111,172,105,6,29,252,63,37,184,10,113,160,17,149,149,182,67,51,0,27,127,30,204,10,71,41,91,41,62,54,91,51,70,205,138,140,163,127,216,34,118,133,172,91,70,133,138,204,84,129,65,147,49,214,183,243,28,184,178,179,11,63,247,193,70,118,246,102,166,74,253,184,215,118,244,210,69,196,124,222,101,212,133,216,243,178,70,98,166,71,146,28,23,104,178,119,17,196,188,124,59,82,200,241,141,74,211,150,120,7,132,114,21,52,113,211,133,171,162,128,166,24,108,217,242,215,80,43,255,42,130,111,194,85,225,161,104,47,30,98,192,99,104,65,64,229,169,224,199,175,186,212,183,172,36,31,206,242,150,13,1739151072881,/dev/cu.usbmodem14124401
75,196,57,193,160,41,63,19,76,136,172,243,112,84,154,18,223,110,150,40,46,174,150,82,33,41,251,205,44,243,215,17,193,99,217,237,250,113,151,144,143,150,229,84,222,22,202,147,15,67,244,128,143,148,86,96,202,52,122,199,31,9,99,40,2,126,22,37,131,147,173,228,119,140,218,2,215,171,147,112,238,198,205,115,155,244,103,173,250,130,2,178,7,192,163,212,66,189,166,37,106,30,157,77,4,222,244,97,137,114,19,227,3,100,80,198,72,205,66,203,154,64,205,125,96,208,189,255,111,45,0,45,98,63,185,107,32,160,252,195,80,95,148,192,127,237,183,42,145,122,120,228,83,19,247,47,239,112,158,192,72,149,14,122,164,149,209,24,181,61,223,224,124,228,133,3,236,150,24,63,184,71,251,46,117,55,34,238,84,182,114,36,119,178,63,146,192,190,225,147,191,128,213,215,31,247,207,253,200,128,138,3,239,97,134,65,12,183,247,172,149,88,189,197,121,59,40,231,86,23,167,4,110,99,196,210,91,208,40,28,240,217,83,250,6,2,162,105,240,216,1739151072881,/dev/cu.usbmodem14124301
163,234,70,236,174,107,229,236,204,54,45,88,47,34,205,100,154,54,220,40,42,223,152,81,80,103,124,34,236,80,180,210,235,21,217,110,128,234,233,196,143,87,158,25,149,103,101,133,203,68,45,120,126,225,210,42,182,171,196,76,105,57,49,183,61,144,49,199,9,59,39,162,101,102,161,207,55,74,44,59,214,106,98,147,77,36,196,211,94,45,135,52,109,65,82,114,234,115,23,178,31,104,71,194,74,136,105,5,247,60,230,54,120,217,252,92,232,60,30,79,235,111,132,60,155,87,220,8,31,106,237,62,27,44,30,251,195,187,35,245,161,107,135,43,95,243,248,241,3,72,40,25,24,190,223,188,204,254,190,15,98,136,254,213,192,111,239,150,41,250,105,97,7,35,49,120,168,51,195,5,21,173,147,233,213,33,92,126,18,231,246,82,219,250,144,230,31,150,141,96,251,41,239,117,229,5,111,109,238,201,129,63,64,106,239,73,61,154,137,42,180,152,107,74,36,75,63,101,85,56,118,33,74,127,149,75,136,131,207,16,117,250,171,19,191,27,137,24,165,46,1739151072882,/dev/cu.usbmodem14124201
212,21,151,208,168,73,214,57,210,71,236,39,86,17,9,226,151,140,183,39,255,207,64,252,112,86,189,95,39,181,83,130,18,114,235,153,26,134,168,251,166,239,202,240,177,123,242,149,55,167,203,80,138,108,250,230,197,101,55,134,166,79,241,148,197,150,177,145,167,128,146,148,104,29,140,5,216,226,138,21,132,200,170,11,155,93,124,24,153,190,41,172,254,192,3,238,170,56,99,164,83,14,74,241,127,254,0,105,42,27,207,176,248,156,146,40,58,16,114,116,167,44,242,212,88,214,46,113,197,53,3,227,3,63,72,134,197,248,16,175,95,205,228,223,203,168,200,187,124,142,106,3,6,33,118,118,46,173,244,15,40,232,73,22,252,198,65,58,160,30,124,222,37,127,146,122,121,87,155,219,60,104,103,102,129,57,191,75,232,12,80,24,204,219,147,175,42,99,248,28,27,105,216,4,109,153,147,31,212,211,171,254,227,243,103,236,129,2,164,65,110,149,171,196,69,183,42,198,146,73,184,147,202,96,38,136,92,231,228,22,233,233,236,141,3,55,89,141,240,125,1739151072883,QBYTE | elysium
178,85,195,66,81,134,84,166,169,117,143,215,95,250,72,150,240,205,173,82,9,209,60,156,3,198,240,62,205,127,253,211,32,3,105,63,8,255,174,84,208,135,176,183,202,104,31,175,252,138,61,46,168,167,65,117,147,125,11,157,243,145,166,191,67,91,107,210,205,158,31,14,87,43,248,42,29,247,168,169,65,227,109,251,69,73,239,242,155,213,174,51,122,40,40,195,136,122,147,132,5,109,23,154,61,54,226,175,151,154,20,235,126,246,75,231,19,193,115,211,117,111,1,208,156,41,63,236,68,132,84,231,95,147,115,142,131,172,200,167,154,69,119,51,217,119,54,0,211,9,198,165,153,120,94,32,142,183,99,227,181,135,213,213,109,240,222,155,111,110,158,144,122,166,241,24,92,251,245,69,119,60,48,159,250,192,252,72,95,20,47,157,179,255,138,255,103,239,198,243,195,195,123,186,49,23,78,97,17,106,45,87,55,156,146,165,137,147,24,182,135,100,87,221,194,105,163,195,102,38,199,4,189,167,24,42,255,151,246,228,56,233,170,113,101,35,108,176,30,211,1739151073949,/dev/cu.usbmodem1413101
131,14,92,200,4,249,87,28,180,250,20,171,125,114,173,202,22,89,168,1,58,163,124,210,119,167,37,168,245,150,174,229,28,52,164,29,226,46,104,194,218,68,80,223,244,20,80,127,130,168,225,52,124,72,80,59,27,137,103,180,40,0,235,179,233,106,34,249,202,208,131,209,12,160,243,213,124,183,181,185,82,201,199,173,70,123,31,47,188,160,49,188,38,217,5,54,207,2,90,139,29,97,54,150,97,253,159,61,215,174,165,179,222,60,209,222,203,161,140,208,142,4,194,33,237,234,70,15,238,251,166,59,28,10,171,102,55,20,149,245,99,115,144,146,246,23,40,146,50,100,86,26,239,12,141,129,41,56,100,206,14,65,118,125,221,103,102,201,140,238,197,133,75,228,233,19,172,52,62,162,55,63,199,138,168,66,140,217,112,98,131,218,138,236,4,72,144,29,227,189,215,134,249,238,180,116,11,24,67,114,206,141,161,49,30,193,174,136,188,71,59,193,253,105,141,103,91,50,51,173,13,7,63,71,45,71,33,162,47,162,98,157,125,4,136,20,84,152,159,38,1739151073949,/dev/cu.usbmodem1413401
199,124,100,241,26,235,25,131,34,133,132,125,17,41,62,142,196,132,141,63,242,187,54,106,254,199,94,16,24,16,225,18,1,247,178,224,41,2,116,196,141,83,171,173,201,203,226,8,92,206,112,71,97,114,94,255,88,235,231,168,31,110,55,144,48,90,151,130,148,188,78,39,227,93,203,14,251,3,48,165,135,66,161,113,8,16,234,236,0,151,170,104,128,47,129,247,92,69,67,100,60,12,150,174,220,185,223,156,49,247,206,72,131,101,230,78,140,221,149,46,59,120,23,83,234,191,3,119,213,199,146,29,98,82,254,213,117,141,106,110,230,88,48,74,109,106,231,30,246,238,42,27,38,144,20,187,248,136,247,90,108,70,198,225,59,247,174,164,226,140,143,51,47,33,12,87,91,41,65,168,30,158,206,210,196,171,171,165,146,79,52,87,75,83,56,183,237,59,176,33,39,49,39,140,46,173,109,246,225,26,192,47,27,243,135,132,189,138,185,185,28,199,110,76,210,103,238,121,175,26,227,143,45,162,149,210,252,240,243,32,119,181,170,219,195,248,156,104,75,84,1739151073950,/dev/cu.usbmodem1413201
167,191,85,4,142,184,71,185,88,138,159,213,64,11,11,146,106,248,15,218,167,241,71,79,97,207,255,90,172,64,13,160,186,90,89,217,239,211,188,88,124,142,150,14,188,62,1,31,149,138,204,130,65,30,10,56,210,38,66,103,72,61,230,224,115,211,62,43,206,158,224,122,113,11,99,128,82,238,3,179,217,207,43,129,253,192,151,243,72,155,12,100,120,108,48,134,244,205,137,205,210,69,66,8,102,151,76,119,159,175,151,172,181,174,228,84,192,118,44,85,9,67,82,61,43,114,231,130,10,144,122,158,30,252,23,226,251,217,108,0,122,36,199,56,119,66,49,82,82,100,91,42,180,137,172,235,120,159,118,1,232,91,190,149,30,184,246,207,139,144,72,84,82,243,189,123,104,112,51,141,124,98,43,61,121,172,8,161,87,113,24,99,130,56,237,192,39,50,225,59,37,209,83,197,132,225,90,158,172,244,27,241,78,29,78,85,236,16,54,251,116,140,203,184,27,179,201,231,184,167,120,5,249,218,160,148,94,186,91,235,241,131,3,41,110,158,86,73,46,70,1739151073951,/dev/cu.usbmodem14124101
191,25,116,25,147,230,178,121,228,103,32,215,208,157,51,169,93,121,167,17,142,108,249,54,178,161,154,222,168,207,112,34,247,248,212,80,88,18,162,115,241,10,239,101,34,72,164,217,199,60,91,41,36,169,248,152,145,250,159,175,202,105,239,202,194,203,136,218,124,16,83,84,154,209,128,37,92,11,172,243,58,241,105,62,162,234,191,105,126,196,29,234,18,119,185,61,181,244,127,209,22,209,173,0,45,178,104,111,180,109,231,112,53,169,216,147,104,169,163,177,56,249,48,96,64,126,232,195,73,37,95,222,219,237,174,62,120,122,62,15,38,94,235,60,62,81,84,214,148,195,203,168,246,237,214,15,16,9,249,162,248,231,10,209,129,81,134,234,126,101,59,249,46,68,236,42,65,90,251,239,121,104,107,138,243,37,183,87,182,94,165,48,193,98,230,54,3,161,172,14,254,146,149,103,142,38,21,170,48,62,172,90,193,38,224,89,12,81,62,138,122,43,111,36,134,14,135,44,162,190,24,88,40,167,56,121,184,71,188,188,71,143,34,175,43,101,246,164,231,95,1739151073952,/dev/cu.usbmodem1413301
144,92,220,250,113,33,134,31,9,224,113,201,74,143,215,173,255,86,41,22,11,237,203,135,73,27,49,235,38,51,214,37,164,28,126,38,245,44,20,85,170,97,215,253,5,246,204,165,42,78,112,201,41,227,152,152,8,184,30,20,28,255,44,116,253,224,14,141,164,218,180,215,1,240,171,133,106,165,48,138,61,255,125,25,15,201,180,241,142,82,180,144,241,142,205,198,142,159,33,55,182,41,98,244,202,157,71,220,132,61,174,165,233,57,82,6,228,245,42,97,217,57,187,83,144,77,219,254,221,51,129,200,248,245,227,207,183,141,26,76,113,77,201,87,240,66,138,58,96,70,212,46,42,222,77,187,245,45,168,44,226,146,230,143,148,4,34,142,117,207,144,53,242,16,120,41,247,190,14,120,166,250,165,73,72,94,66,249,195,121,179,118,8,14,108,132,6,189,141,161,54,237,202,25,243,14,139,74,82,200,211,156,153,149,57,249,91,228,44,98,238,75,147,42,189,171,74,176,15,35,152,216,154,59,135,207,89,16,219,138,181,219,234,148,231,186,193,87,201,79,1739151073952,/dev/cu.usbmodem14124401
108,60,86,33,3,159,142,133,175,126,51,114,254,92,94,195,15,159,74,126,13,235,70,54,118,64,19,238,64,127,10,64,31,169,73,36,119,110,125,178,90,189,59,44,147,24,86,211,227,32,147,197,86,15,5,156,62,57,254,150,242,180,68,227,249,18,228,194,184,22,56,196,75,81,139,219,175,60,121,2,168,227,159,3,45,161,100,172,203,10,227,250,92,90,106,123,112,200,137,60,36,151,26,136,156,169,119,246,5,203,164,36,220,96,121,199,119,224,218,11,0,24,41,24,175,47,124,60,58,94,8,77,29,20,134,14,215,247,181,158,150,216,193,64,241,236,99,194,116,202,142,233,26,205,195,170,253,167,162,88,164,54,118,85,233,237,246,99,151,68,151,103,181,240,148,241,240,62,143,137,181,240,53,134,78,46,31,21,28,99,51,112,232,204,233,46,132,191,12,84,200,148,132,255,201,8,126,191,237,18,226,126,125,39,116,8,5,12,126,191,175,175,6,141,0,80,65,189,134,47,77,178,148,207,52,46,156,45,226,119,37,20,241,253,34,87,110,52,164,78,1739151073953,/dev/cu.usbmodem14124301
121,185,3,229,111,73,85,28,155,138,236,220,124,93,65,18,48,151,58,186,24,94,116,153,45,238,135,80,142,169,173,195,61,170,146,178,67,25,94,157,141,136,187,161,73,163,79,94,42,21,147,90,126,113,187,201,224,219,12,213,55,240,211,113,38,220,94,112,242,21,123,78,29,146,73,252,213,194,213,22,36,116,40,4,143,77,206,212,151,214,196,115,124,90,105,40,197,249,44,121,245,41,90,180,100,191,159,11,113,133,6,244,102,241,125,41,166,142,202,241,180,206,5,220,118,15,191,149,172,24,95,149,179,110,135,184,224,227,160,210,159,44,236,153,236,26,245,180,23,17,117,191,115,198,98,2,228,119,12,222,162,18,144,13,187,46,6,122,226,114,224,183,86,147,57,142,62,96,0,44,74,111,88,125,100,223,129,199,39,213,139,189,53,36,61,122,126,253,84,195,132,43,216,211,32,14,92,157,101,162,162,51,187,42,139,78,203,98,123,212,182,244,16,62,146,28,149,171,73,9,98,37,211,89,20,107,100,253,116,36,147,51,133,219,243,82,85,214,9,42,1739151073954,/dev/cu.usbmodem14124201
107,88,83,88,79,61,178,127,190,243,14,100,107,185,43,149,213,207,121,117,246,12,49,117,75,125,75,87,204,147,190,0,246,125,87,251,181,73,155,3,119,64,101,222,182,140,221,54,147,33,75,160,209,183,155,220,69,153,186,30,159,16,200,80,9,93,220,103,207,165,150,139,4,63,74,246,132,253,30,107,198,62,131,134,249,45,44,34,195,51,183,112,103,75,235,44,97,170,248,5,135,3,122,98,249,220,41,55,170,114,3,185,240,0,22,88,201,249,223,82,156,70,33,104,185,29,109,130,119,120,147,145,178,85,125,152,194,15,106,51,59,173,31,97,230,173,128,68,210,185,5,94,81,85,81,237,219,108,121,126,35,138,209,218,210,78,180,68,244,0,64,110,115,167,144,91,187,44,195,240,2,242,177,194,126,15,184,233,164,217,46,248,228,252,5,38,194,165,13,108,146,101,245,79,187,1,206,211,245,176,7,143,93,253,99,83,239,90,60,48,89,213,229,253,47,51,198,229,32,141,254,158,163,146,159,216,101,248,128,232,152,49,194,154,93,139,254,24,103,147,1739151073955,QBYTE | 