ColorZ: 1.650000 RotZ: 1.850000 RNG params: trng True False
65,66,62,31,164,105,120,218,121,137,81,23,78,110,200,40,34,111,177,95,94,182,172,143,206,114,62,106,70,252,22,139,41,133,22,53,143,241,13,232,49,45,193,90,160,28,213,132,122,119,9,67,147,141,91,67,68,173,29,58,16,11,0,120,24,155,74,143,221,1,27,6,4,89,93,111,98,221,65,84,205,138,5,13,0,238,116,63,126,220,170,165,206,226,48,78,160,150,181,8,41,10,22,232,163,136,109,229,99,183,144,144,53,1,237,38,240,216,193,77,87,36,74,246,20,107,85,83,154,43,9,68,97,116,53,229,166,235,40,159,110,164,237,126,37,161,46,130,85,35,87,117,151,171,102,66,15,243,140,29,17,109,198,104,203,174,204,59,62,54,5,45,177,189,161,131,98,66,231,29,204,200,49,183,163,49,23,19,111,138,228,194,165,58,184,191,17,38,32,157,251,181,107,254,35,216,180,152,236,237,165,218,191,101,132,253,52,33,154,141,86,138,126,110,107,163,192,69,19,98,125,79,128,137,61,185,150,69,108,121,117,68,218,184,94,135,124,90,159,47,1739093439574,/dev/cu.usbmodem14201
164,163,137,24,218,27,140,41,108,131,82,193,166,135,30,37,203,80,184,149,179,166,40,243,241,108,135,120,123,85,100,142,215,102,215,47,10,253,229,237,172,27,236,4,91,204,247,83,92,68,192,66,188,63,15,208,181,96,66,207,91,30,42,66,28,45,1,217,139,231,162,233,88,116,93,181,159,1,152,24,20,189,144,17,37,145,83,59,93,120,58,213,239,198,245,203,4,14,53,97,82,236,103,59,180,24,71,191,188,190,77,155,113,160,241,243,1,15,154,36,6,234,170,44,229,233,145,213,252,107,42,207,82,48,229,202,40,237,35,57,86,230,224,44,158,62,63,117,219,203,64,76,7,44,79,181,43,34,217,228,34,59,108,120,8,110,25,110,139,29,234,245,64,24,96,137,120,58,185,237,214,31,245,77,212,55,62,144,66,117,64,110,26,183,124,10,187,153,172,103,38,247,49,111,213,51,69,6,156,90,249,225,189,79,2,30,0,193,246,164,24,143,249,176,175,200,114,175,225,7,247,116,162,10,26,29,39,63,223,68,203,38,45,76,35,96,0,222,127,231,1739093439574,/dev/cu.usbmodem14201
75,150,124,137,86,50,233,184,14,57,188,118,188,63,60,14,239,30,172,65,62,103,95,57,79,71,172,43,245,93,10,184,191,219,154,214,131,67,218,101,131,162,171,207,139,172,65,139,124,38,199,24,248,129,144,132,231,71,196,154,81,22,227,199,52,74,74,244,254,230,10,94,213,232,253,233,2,106,12,157,150,54,35,238,130,41,203,196,142,218,50,6,145,251,232,106,236,123,157,115,25,130,94,2,136,156,99,35,104,27,188,32,171,250,255,23,176,14,53,148,22,24,207,179,121,97,53,249,82,20,255,115,164,231,126,81,89,51,239,73,95,128,149,122,197,61,245,122,31,100,121,19,136,150,182,164,2,34,215,93,252,65,43,20,26,141,201,69,201,119,94,89,203,179,8,68,143,116,181,177,80,156,33,85,16,125,6,48,241,245,179,23,77,59,52,77,122,28,65,120,152,60,217,187,153,18,114,121,114,140,229,219,247,81,39,4,48,114,101,155,196,233,175,129,136,5,45,121,167,129,178,242,10,76,198,121,30,98,251,151,212,248,192,196,38,219,81,144,63,78,1739093439575,/dev/cu.usbmodem14201
95,229,234,172,194,127,45,83,129,23,123,221,193,142,212,7,3,58,171,208,139,240,222,252,207,244,130,73,200,205,17,124,4,173,12,149,21,66,112,80,74,251,59,161,246,150,15,90,199,4,146,131,180,59,59,109,205,97,96,164,95,107,32,239,213,63,255,222,18,122,225,33,14,186,68,76,4,5,138,143,2,65,238,166,211,118,204,151,114,113,52,108,32,241,102,218,182,112,127,57,201,146,198,203,191,76,239,198,80,123,175,167,228,27,181,160,1,95,115,195,118,19,9,202,16,80,19,35,55,166,40,145,103,218,235,205,9,32,49,197,181,153,230,252,137,162,103,94,204,161,18,108,202,161,66,6,69,13,47,221,39,162,86,15,78,227,66,226,128,73,53,35,3,217,32,213,123,110,77,16,248,161,66,251,52,200,207,101,6,85,137,50,191,101,221,16,49,200,128,123,100,179,7,226,88,65,60,166,38,186,23,85,160,38,200,50,132,57,163,77,25,136,47,172,79,94,237,85,245,118,142,4,87,152,153,198,53,73,81,142,102,96,0,193,225,187,112,134,8,46,1739093439576,/dev/cu.usbmodem14201
160,231,76,35,8,247,222,151,254,182,233,170,197,1,104,133,177,2,121,185,109,73,246,169,157,133,182,128,121,3,231,207,54,54,22,98,86,223,202,229,229,251,223,70,69,253,0,56,126,227,194,162,255,203,126,132,102,84,126,18,48,201,213,23,102,34,87,215,232,82,127,179,221,200,210,71,129,225,46,59,50,212,182,50,34,20,66,214,144,70,234,78,244,193,51,139,113,122,149,37,231,126,2,46,97,46,133,149,237,73,55,201,206,216,47,134,228,164,157,93,114,71,131,237,71,182,193,101,126,25,231,126,149,54,213,131,237,106,170,138,152,36,196,80,57,21,132,211,152,144,90,3,170,163,155,167,201,183,135,197,164,240,79,66,46,50,226,52,213,101,51,208,13,182,252,213,13,28,232,217,44,206,82,66,130,99,186,170,10,31,23,245,197,105,132,175,150,61,100,11,56,26,101,2,86,82,107,26,129,170,130,57,113,193,58,148,77,123,11,250,145,2,31,48,69,133,254,84,72,118,199,120,178,133,60,172,247,234,247,70,254,56,33,138,167,85,143,147,112,101,1739093439577,/dev/cu.usbmodem14201
27,186,162,18,215,247,204,117,9,34,101,117,10,223,106,250,184,95,53,29,144,205,85,82,166,88,28,248,1,217,218,24,189,97,246,69,235,35,193,15,36,41,146,58,217,207,214,137,146,105,64,44,8,161,246,155,126,31,164,201,246,196,248,16,118,168,187,199,120,56,127,116,66,184,126,57,138,218,128,207,182,180,138,137,51,33,46,110,90,73,110,100,117,160,50,182,77,146,176,82,95,70,143,231,108,69,239,109,150,154,16,124,186,95,39,145,193,18,32,188,126,214,45,22,125,24,157,254,76,45,220,135,231,58,43,54,39,152,222,77,64,234,78,163,75,51,121,42,144,15,132,133,183,85,177,180,117,164,92,251,92,35,204,163,7,197,150,45,230,93,64,42,95,99,241,240,5,78,170,210,217,245,241,71,14,17,23,7,247,119,70,149,17,17,170,144,114,1,177,191,246,96,100,7,103,246,113,21,230,140,120,220,135,181,78,49,254,191,125,236,233,36,224,94,195,58,177,189,40,206,166,195,152,189,118,178,97,231,224,243,164,39,221,106,189,30,51,252,240,141,1739093439577,/dev/cu.usbmodem14201
228,54,105,19,238,224,152,210,45,201,28,97,81,134,85,173,145,56,139,87,52,239,69,18,141,182,249,4,76,33,171,8,151,89,205,252,33,44,26,174,252,2,66,90,189,153,2,44,169,191,200,111,57,208,177,225,132,204,247,229,146,220,0,134,207,178,4,155,37,236,182,125,54,217,215,130,189,17,49,213,187,170,92,198,61,11,19,198,103,34,46,154,14,106,100,94,103,112,183,122,8,142,215,105,131,214,9,120,161,51,3,34,247,192,77,90,237,198,96,7,77,127,225,65,39,94,194,182,92,128,161,121,66,193,178,118,166,106,13,222,22,207,188,97,90,141,124,136,170,128,156,222,76,159,18,193,198,192,214,226,225,98,57,188,31,129,134,33,70,112,8,131,13,18,208,252,73,189,152,132,172,141,187,222,218,180,188,204,244,11,189,58,140,165,1,38,193,143,140,51,69,150,225,18,124,150,161,6,74,170,18,134,228,79,196,109,155,252,3,218,253,3,86,87,72,80,178,108,36,16,155,242,125,136,125,246,208,94,125,233,204,84,235,129,45,246,178,110,229,39,1739093439578,/dev/cu.usbmodem14201
70,223,73,238,234,33,93,200,145,66,95,98,79,21,246,11,185,195,43,194,20,226,52,152,220,155,177,2,146,121,180,207,160,157,206,14,100,44,83,214,198,14,139,23,89,234,116,168,28,97,54,74,141,100,190,151,125,242,162,53,236,182,76,230,91,252,185,107,14,192,37,217,163,233,15,127,83,153,151,18,38,166,251,207,89,13,202,19,63,246,183,215,52,248,142,91,167,149,40,104,98,142,246,109,185,54,91,128,90,153,159,105,166,84,158,163,2,211,44,77,60,73,159,105,214,203,238,101,23,59,73,37,165,40,166,254,165,154,8,225,255,170,19,191,167,147,11,17,207,95,143,109,27,229,152,70,13,135,229,173,180,185,159,156,242,139,59,182,125,20,215,72,63,183,28,68,89,69,26,56,213,17,28,95,30,82,189,188,144,171,78,208,240,203,213,231,255,39,63,208,228,147,154,227,24,79,89,168,179,21,220,253,154,225,41,37,115,250,93,117,145,164,92,245,39,60,87,62,93,222,96,105,252,78,28,51,101,123,176,206,59,137,159,101,89,94,165,244,156,244,1739093439579,/dev/cu.usbmodem14201
232,38,239,238,49,254,231,224,209,59,11,161,68,21,159,221,36,189,226,106,133,14,215,200,213,93,117,14,166,187,75,209,249,6,180,140,235,241,0,162,175,177,57,1,254,171,204,51,196,69,224,49,32,214,120,19,58,158,116,192,253,15,136,117,97,7,175,156,1,60,193,243,141,63,205,252,30,0,87,109,84,44,195,230,1,19,149,58,77,212,139,125,43,221,160,13,2,158,216,70,121,206,69,215,23,203,158,191,103,16,117,114,46,83,141,140,138,37,236,149,76,98,246,112,83,136,146,20,122,125,39,204,101,156,175,142,23,23,164,210,227,240,91,249,120,56,9,179,48,109,177,115,152,60,125,193,20,170,69,8,69,189,242,202,83,83,151,124,244,73,40,147,89,191,40,6,246,200,102,230,62,77,163,208,27,39,76,11,67,151,60,3,229,197,215,22,59,255,43,174,78,178,254,60,98,197,93,224,186,24,154,43,221,135,240,56,219,105,130,70,135,229,242,63,234,227,216,125,185,228,44,237,212,169,83,192,185,121,195,182,161,56,191,245,212,100,246,103,46,147,1739093439580,QBYTE | dpt
83,43,18,113,60,168,151,20,64,152,174,84,202,133,98,69,126,172,38,238,210,229,229,21,135,108,108,235,232,158,165,31,62,1,142,158,119,180,186,229,200,215,240,171,138,255,62,239,241,52,44,56,58,214,8,247,225,23,97,254,60,190,105,122,146,153,210,59,4,165,195,67,44,150,15,114,162,125,27,180,247,110,58,46,191,11,153,237,47,215,184,1,249,202,101,139,129,126,107,170,38,187,91,251,199,218,30,172,214,177,223,212,166,18,135,43,236,211,188,173,130,215,148,255,235,104,64,177,122,239,94,220,131,243,90,80,182,137,28,225,207,228,90,216,212,56,171,41,255,228,20,141,202,49,172,221,147,248,52,102,202,167,70,104,36,158,75,199,146,210,19,166,45,13,0,3,231,142,11,201,108,55,87,181,20,53,226,138,141,251,116,19,93,238,169,177,192,237,253,79,234,49,90,15,246,13,69,115,182,209,109,184,182,137,116,104,89,164,221,0,230,208,7,71,169,216,88,170,104,198,248,215,238,109,98,101,160,68,105,31,217,155,166,146,236,198,93,175,71,9,1739093439581,/dev/cu.usbmodem14201
80,51,61,17,40,189,103,220,189,193,82,157,83,225,21,82,192,198,137,208,228,65,23,141,134,24,54,239,158,91,249,137,248,135,219,232,186,41,143,167,137,59,85,120,230,147,234,98,112,73,142,215,251,74,255,86,186,155,66,193,144,144,202,161,221,124,44,150,164,190,5,15,189,152,234,136,76,214,24,250,86,142,178,112,34,224,161,133,123,250,162,116,30,53,66,209,212,182,97,199,44,220,246,100,216,12,69,41,66,142,66,62,209,203,205,8,45,247,85,124,64,125,50,11,115,114,111,89,166,156,167,208,163,164,216,226,81,95,75,86,108,126,178,33,249,88,25,168,54,173,30,51,153,220,117,114,76,119,135,81,155,86,102,72,208,156,53,246,65,97,239,240,119,87,45,190,162,203,90,147,149,209,184,206,91,90,222,192,236,98,112,117,138,198,174,198,195,62,120,84,39,47,131,151,200,37,73,234,25,173,228,98,204,41,26,24,234,238,213,85,42,174,59,122,138,148,65,77,154,242,183,21,46,186,155,129,193,203,97,92,143,59,153,223,142,106,210,214,71,44,1739093439581,/dev/cu.usbmodem14201
1,200,84,48,175,23,255,6,168,18,189,119,159,128,37,240,16,237,126,177,61,208,203,123,169,91,7,74,135,98,54,252,72,136,119,57,186,217,89,206,35,221,101,143,123,219,122,206,57,176,231,118,84,108,198,26,217,146,185,183,77,134,209,169,180,73,115,172,135,58,43,177,48,12,252,213,60,83,87,91,15,114,251,51,224,88,237,82,1,10,115,142,25,200,136,40,160,38,137,232,200,240,5,220,170,161,216,99,175,115,70,99,176,86,109,233,112,70,75,200,199,130,91,54,170,160,232,238,155,98,74,31,196,130,225,162,156,48,119,117,17,132,179,204,142,115,235,160,106,182,64,175,113,37,30,111,11,114,40,197,37,188,125,98,156,23,246,225,88,43,57,213,72,87,183,75,243,179,10,166,55,83,7,161,37,151,64,5,184,158,70,222,15,248,239,78,85,59,162,156,244,17,142,30,226,69,56,170,52,160,46,252,192,247,97,39,65,26,148,99,139,37,31,239,61,127,134,12,183,94,68,194,102,216,233,220,82,121,100,95,161,7,201,115,165,241,114,182,227,208,1739093439582,/dev/cu.usbmodem14201
215,83,35,32,105,159,66,38,105,198,208,81,131,55,173,19,219,119,25,209,179,121,123,227,177,213,85,140,55,94,74,87,54,180,176,224,236,171,78,175,30,93,228,182,61,254,98,39,120,14,173,177,133,206,25,12,46,29,216,240,29,196,241,127,252,253,181,101,3,47,18,95,246,229,24,212,147,109,104,146,44,167,186,106,143,24,33,235,248,5,196,142,96,91,166,96,165,48,84,88,87,30,102,27,21,44,34,226,122,171,177,88,152,199,105,249,20,131,204,176,189,168,187,142,142,57,202,213,120,169,10,93,68,74,92,175,35,71,74,221,104,19,123,110,88,79,5,69,185,154,228,232,255,99,47,112,212,197,250,147,171,235,179,73,216,223,17,81,221,10,176,240,95,68,71,151,23,211,192,246,119,168,75,105,56,40,123,138,9,110,193,5,108,204,185,68,186,26,176,211,142,140,207,174,26,199,77,52,125,132,7,84,194,227,162,205,209,76,195,180,27,204,241,233,33,16,177,16,174,112,68,187,66,109,83,44,247,179,20,21,163,25,12,223,53,74,202,192,21,203,1739093439582,/dev/cu.usbmodem14201
142,2,13,137,192,162,176,142,234,116,14,149,50,127,236,160,60,137,179,21,141,236,48,128,252,235,133,225,165,81,27,253,199,168,252,191,153,169,59,146,209,75,1,120,149,106,220,143,123,235,82,59,138,88,29,66,36,253,151,80,122,98,205,247,201,203,35,81,89,120,60,22,218,252,219,196,117,65,57,120,68,192,188,112,31,91,55,212,254,93,49,52,229,49,216,93,220,50,48,80,2,103,187,154,164,42,116,125,74,200,231,235,166,104,65,105,112,229,214,94,166,98,3,181,70,215,188,137,216,215,228,190,231,160,50,59,168,234,110,172,191,232,24,99,140,60,204,169,92,145,109,105,154,73,210,57,188,61,57,28,179,227,20,157,135,30,66,124,87,81,245,7,10,36,153,43,27,20,1,115,73,11,44,105,75,70,44,169,136,253,77,231,42,147,112,245,42,9,104,230,12,131,218,32,234,48,42,69,36,15,150,229,100,205,90,32,194,183,189,228,129,179,103,170,145,27,68,139,90,126,209,207,4,183,244,53,57,249,91,34,202,62,33,222,45,68,234,238,107,29,1739093439583,/dev/cu.usbmodem14201
150,203,80,64,225,21,4,78,132,48,26,251,0,171,234,30,143,72,44,246,95,107,209,188,231,31,29,238,76,208,242,197,76,49,93,186,84,5,152,52,91,255,244,131,181,202,86,52,79,213,67,149,239,38,186,84,244,219,60,65,117,33,234,5,109,88,62,35,150,157,48,113,179,240,165,29,35,77,169,230,157,156,255,166,241,170,184,244,25,36,168,116,123,15,150,124,152,15,246,30,65,151,9,27,179,69,164,63,244,187,90,211,96,115,240,99,1,48,184,89,90,20,122,66,42,202,85,47,188,76,65,113,85,12,171,176,218,58,190,215,205,193,105,85,192,245,235,175,82,254,219,179,248,133,200,206,244,119,241,46,31,168,130,43,111,172,84,223,105,183,63,253,129,79,96,231,122,42,34,134,7,61,211,223,140,0,167,135,192,152,83,248,139,243,55,140,176,119,115,226,195,212,127,72,227,211,133,201,47,72,103,11,0,70,10,116,0,18,124,62,38,125,30,193,60,144,120,21,0,209,150,16,86,151,254,220,111,174,134,63,127,68,145,96,55,108,123,99,11,117,1739093439584,/dev/cu.usbmodem14201
137,254,36,115,255,112,78,3,85,78,193,70,233,224,172,90,204,42,136,132,214,26,165,130,91,131,109,130,243,75,61,170,145,79,81,160,89,44,69,181,212,201,58,142,75,240,51,192,226,86,218,155,34,222,45,142,47,162,97,131,223,131,194,53,61,220,170,20,130,102,251,211,237,84,195,153,90,160,205,69,63,138,20,241,158,196,156,183,247,170,138,42,175,149,16,231,151,165,53,64,75,200,106,43,149,135,61,213,191,166,202,84,255,213,79,177,72,61,89,92,48,190,139,213,108,235,52,88,122,105,176,153,52,147,43,166,88,74,250,190,91,74,108,240,147,177,11,232,21,223,97,183,113,222,161,2,54,224,232,5,51,202,116,52,102,153,239,105,253,233,219,173,118,213,229,67,167,77,235,178,171,176,176,80,251,145,25,2,82,191,169,216,194,183,126,118,90,173,23,228,103,8,201,173,63,41,88,63,129,239,246,241,186,76,146,207,106,107,170,186,31,95,116,252,122,241,123,170,124,184,47,67,31,198,109,18,159,80,3,154,143,214,249,228,16,191,24,251,154,254,1739093439584,/dev/cu.usbmodem14201
55,214,152,151,114,24,89,215,119,230,13,132,66,139,220,87,85,13,239,152,105,156,34,216,239,202,71,235,238,108,129,182,13,160,115,43,29,26,247,94,208,36,234,97,1,41,59,192,173,49,118,54,65,255,113,195,87,7,202,247,39,166,131,21,182,8,134,74,151,70,213,116,99,240,121,240,154,17,181,85,84,36,5,217,227,67,150,145,157,64,246,162,32,48,167,154,8,160,184,51,154,46,37,11,84,112,141,129,191,17,70,227,207,19,187,145,226,149,179,246,3,247,230,45,190,142,136,69,158,154,229,87,164,145,172,92,173,196,163,22,20,52,78,88,156,14,65,240,122,99,194,184,28,235,186,44,94,186,217,78,159,198,183,251,183,228,147,172,16,149,45,13,228,144,125,57,29,81,64,157,163,115,225,252,129,65,173,204,226,40,187,185,71,123,168,147,216,127,149,161,41,133,43,139,172,129,115,245,114,214,67,23,134,6,188,76,181,231,234,82,98,231,57,213,4,44,129,48,109,131,57,50,85,206,199,52,173,62,3,231,31,137,179,111,226,138,131,246,49,255,1739093439585,/dev/cu.usbmodem14201
115,98,185,93,126,66,238,252,112,97,73,67,28,108,137,71,95,22,48,161,213,12,36,102,182,71,186,164,50,95,117,25,175,204,17,33,18,117,51,110,242,53,1,254,64,48,78,223,187,154,85,43,22,97,211,236,4,128,66,29,11,10,229,223,40,22,9,72,254,203,221,98,176,79,197,75,215,40,212,9,48,199,155,249,97,221,113,215,32,177,72,189,143,247,240,78,139,230,156,224,7,159,51,249,118,195,193,18,255,35,91,94,169,149,11,25,126,156,234,4,119,191,82,67,2,251,88,104,191,208,73,79,130,49,33,206,223,255,227,204,231,90,115,197,184,42,49,122,123,182,187,44,210,82,233,105,32,40,152,24,223,225,187,114,137,5,243,231,133,8,73,41,84,103,188,215,122,7,19,208,255,232,13,169,239,70,56,37,40,155,143,195,144,176,192,225,244,94,14,21,54,89,223,102,92,225,253,65,30,38,228,122,32,117,211,77,62,53,222,176,134,225,230,121,236,117,232,255,160,142,30,21,252,74,227,219,160,124,165,105,113,155,0,212,26,10,61,143,61,87,1739093439586,QBYTE | mischler
238,188,181,28,186,117,108,144,165,123,116,194,128,50,183,122,246,51,249,85,73,77,55,107,142,184,70,168,39,237,136,208,18,164,238,32,208,132,130,227,193,229,135,163,166,45,184,218,47,209,47,53,196,196,210,90,205,255,144,100,169,94,67,129,245,123,37,17,80,17,149,82,194,231,248,195,214,201,121,51,196,26,212,55,54,92,163,6,108,157,159,85,26,16,149,121,106,231,17,243,206,224,212,88,160,93,158,188,250,84,42,167,164,206,144,107,9,169,48,223,107,62,37,76,112,180,93,56,7,120,137,119,117,216,239,194,55,73,211,130,40,54,195,42,105,4,33,88,84,74,119,189,119,121,218,64,163,110,110,110,49,188,129,6,213,70,245,30,252,112,134,107,188,9,22,165,17,91,18,78,91,202,73,230,192,165,90,134,104,45,85,65,102,189,219,204,69,94,157,115,9,67,72,21,45,102,66,93,126,149,94,219,159,133,223,27,52,109,229,55,133,94,136,151,94,97,127,177,76,149,106,98,200,249,59,9,60,227,242,103,214,208,150,137,21,57,24,173,33,231,1739093440493,/dev/cu.usbmodem14201
37,119,137,52,181,156,120,169,134,195,130,253,167,9,75,184,68,252,201,229,156,41,194,12,148,226,171,24,169,162,88,116,168,166,176,206,154,94,102,241,252,122,135,152,158,196,246,110,169,152,1,34,254,245,179,153,36,118,180,180,249,163,2,76,52,234,205,99,125,196,161,150,94,75,128,58,108,44,170,24,76,102,78,202,213,236,38,248,135,100,15,47,114,24,102,176,111,242,130,137,104,65,163,227,46,48,75,184,198,21,42,1,146,255,53,175,78,125,36,193,232,19,161,119,149,251,130,194,152,111,164,58,43,94,101,20,128,87,75,18,182,127,101,43,152,184,106,223,240,145,117,15,155,19,242,107,41,53,118,131,10,206,13,179,66,69,122,42,23,228,121,91,11,114,128,104,218,93,195,175,158,32,178,236,79,95,161,92,3,234,93,129,184,230,6,170,233,17,15,244,78,84,129,25,73,105,182,122,108,83,115,251,97,19,98,146,94,28,142,250,192,19,25,143,19,221,11,54,15,219,214,234,204,184,102,152,248,94,100,184,161,56,9,145,187,0,216,85,145,243,1739093440493,/dev/cu.usbmodem14201
239,28,234,68,44,57,6,122,230,61,3,116,142,21,71,216,219,132,37,93,18,50,204,11,48,219,28,74,228,32,41,94,98,211,203,167,48,54,8,198,45,230,28,244,119,204,85,123,113,207,161,76,161,228,171,217,70,194,21,132,141,201,236,165,162,222,139,225,182,205,200,190,42,253,62,81,206,229,242,191,184,89,12,188,53,133,167,237,233,206,134,9,152,212,239,166,148,37,236,109,32,28,116,55,182,116,194,115,100,112,169,100,215,132,34,19,50,58,227,247,219,5,251,153,219,41,28,32,214,66,194,114,138,239,152,220,16,172,197,72,105,254,40,54,89,245,232,200,126,134,232,44,157,60,152,208,82,251,84,229,228,23,198,167,83,243,98,17,205,183,30,226,172,196,226,102,170,95,60,47,49,214,32,113,223,85,58,104,177,2,126,1,177,91,194,36,210,247,86,215,151,248,77,94,108,15,21,123,22,235,76,30,38,214,34,234,131,32,39,156,193,143,93,128,98,26,168,208,70,132,217,73,138,99,16,140,199,20,199,78,155,39,190,19,107,187,254,208,2,29,1739093440494,/dev/cu.usbmodem14201
19,219,185,41,143,211,156,81,94,55,38,86,69,63,32,37,27,148,149,175,10,95,113,22,207,38,242,77,227,209,41,240,31,66,193,79,166,75,168,212,174,247,231,109,215,157,106,122,142,123,229,244,208,65,164,50,20,119,141,122,137,225,58,214,142,172,70,88,1,41,140,161,158,54,170,14,242,194,215,175,14,159,48,87,255,241,147,33,24,173,3,17,60,144,174,1,249,164,35,114,81,249,131,226,1,171,149,131,235,54,109,201,126,75,101,36,87,96,240,215,190,131,214,148,254,26,35,95,16,232,224,230,99,193,18,218,103,204,88,8,249,140,74,192,18,233,251,140,201,130,114,0,88,220,149,161,21,234,231,0,136,242,141,10,190,8,185,146,175,228,185,249,187,74,209,163,118,111,231,63,151,243,238,5,139,211,218,62,84,157,192,173,255,11,79,109,146,101,64,104,21,11,184,105,46,72,209,139,122,69,99,236,60,135,228,98,144,231,87,149,113,105,2,63,253,78,8,74,243,14,163,79,159,244,139,212,31,234,201,5,95,109,235,208,61,76,5,0,247,118,1739093440495,/dev/cu.usbmodem14201
135,201,149,63,196,211,236,96,152,50,130,231,134,142,176,135,141,185,178,13,55,167,97,40,27,250,45,125,114,213,83,143,135,99,253,223,32,159,123,99,88,223,149,17,59,7,170,218,43,5,145,46,141,89,169,216,192,249,127,20,133,77,9,223,128,39,44,87,71,36,53,57,173,215,138,98,172,247,233,8,225,53,162,188,50,114,255,233,153,217,169,143,113,175,171,163,59,188,109,134,128,8,8,168,182,76,114,16,100,81,75,122,38,175,215,161,145,75,139,165,92,28,61,79,187,243,249,191,207,102,38,125,90,110,131,10,3,224,39,206,103,112,104,55,22,62,141,222,250,19,56,132,243,243,158,182,22,17,155,153,0,15,37,219,46,58,170,224,83,216,7,178,110,159,158,213,146,131,142,153,72,171,250,177,230,113,165,204,24,197,225,133,3,8,191,136,125,241,55,217,113,14,8,62,40,36,226,70,234,26,189,228,51,134,176,71,182,224,35,55,95,245,234,148,191,216,194,208,158,127,131,31,159,109,122,237,40,50,154,212,78,2,162,45,1,220,54,102,8,193,1739093440495,/dev/cu.usbmodem14201
50,4,159,19,164,69,12,89,21,18,47,37,80,116,107,231,211,158,248,177,132,149,55,62,74,148,209,69,162,234,20,233,23,50,1,37,154,255,175,216,112,109,121,118,13,84,105,85,83,7,159,133,99,43,99,219,209,104,121,186,56,212,109,62,253,142,178,215,93,146,217,85,84,183,22,229,132,253,253,210,244,217,172,122,15,228,48,219,201,64,138,19,108,36,202,249,195,200,173,178,224,219,121,59,77,127,247,92,209,13,55,126,217,77,167,121,46,50,112,231,80,78,10,132,172,222,25,52,183,253,225,202,88,218,159,165,18,105,124,76,207,195,130,71,129,191,37,93,128,7,156,109,229,73,217,125,243,252,229,128,73,198,195,196,1,5,91,27,87,117,70,75,236,244,49,80,215,228,254,51,50,42,196,88,74,138,25,161,75,186,107,66,233,238,242,145,111,238,107,138,185,153,112,87,235,10,135,10,150,99,133,161,157,193,205,146,218,81,27,239,254,8,116,82,81,228,43,199,37,96,92,95,17,248,107,83,245,51,188,28,182,66,222,60,83,232,3,38,8,86,1739093440496,/dev/cu.usbmodem14201
121,169,242,228,181,207,108,213,203,33,240,60,187,85,72,88,77,49,255,57,241,49,218,169,141,166,224,175,243,68,146,111,62,210,47,30,110,172,45,211,163,235,153,190,10,72,253,67,178,191,106,176,159,159,160,119,172,30,59,6,98,114,88,183,124,181,119,239,243,90,10,127,120,12,248,86,49,181,74,208,18,249,200,16,154,163,236,209,6,206,51,71,197,98,5,90,102,29,81,209,203,59,141,209,69,224,171,157,161,14,224,89,136,126,222,161,34,217,22,117,210,202,88,94,236,68,85,11,65,26,98,19,46,195,14,213,117,234,124,84,160,44,60,47,15,193,158,8,248,14,185,242,27,213,207,220,19,136,219,98,230,210,65,18,220,147,31,50,154,189,230,152,91,75,170,116,194,25,71,235,130,128,75,68,221,147,193,213,253,176,19,201,58,10,240,219,28,94,201,161,65,222,87,13,212,89,24,122,162,130,136,124,181,191,220,150,57,24,20,27,77,15,73,142,115,42,97,209,245,162,139,112,69,2,232,92,124,44,12,79,186,242,248,29,56,179,157,178,130,127,1739093440496,/dev/cu.usbmodem14201
137,158,64,106,87,107,254,100,128,249,77,109,32,229,220,178,213,56,195,120,10,201,253,233,165,62,188,73,195,72,239,219,111,240,43,92,179,219,57,141,136,10,137,140,149,209,9,132,134,219,28,33,203,143,145,144,136,99,87,121,124,101,244,233,84,224,104,183,182,232,223,209,53,153,17,134,128,136,179,197,153,173,213,232,45,135,77,56,14,104,243,34,219,248,107,162,196,111,245,81,94,195,199,13,255,121,84,248,67,233,1,177,142,139,113,232,174,193,88,223,230,4,85,59,28,243,117,66,181,251,4,231,3,18,34,22,47,150,123,95,239,203,226,199,153,169,154,53,19,145,199,15,128,224,157,186,240,10,76,80,203,21,253,144,23,78,231,17,252,23,127,3,78,94,122,160,136,109,93,221,172,252,231,175,119,21,142,117,66,118,136,184,106,118,168,237,94,210,221,21,228,114,194,188,246,196,106,170,78,206,62,229,243,237,8,245,244,118,116,155,29,247,95,239,46,54,60,107,10,71,42,17,20,29,211,135,228,230,181,107,150,52,123,178,40,249,219,56,216,28,1739093440497,/dev/cu.usbmodem14201
114,246,215,231,46,49,252,154,93,74,195,142,161,91,212,181,180,241,246,191,133,195,57,44,156,81,163,105,105,141,234,216,6,224,172,190,187,176,132,229,189,221,7,247,49,114,70,253,53,155,18,149,241,246,149,204,142,208,214,255,247,91,95,1,184,31,164,19,197,53,73,25,156,146,153,241,31,245,27,244,160,2,181,40,163,118,223,233,66,165,246,155,207,93,189,204,50,146,56,209,34,111,187,33,120,24,248,221,228,188,89,231,102,233,61,98,17,239,178,214,222,55,147,152,39,230,32,71,213,199,174,154,152,205,48,188,139,139,89,89,233,111,240,111,187,73,244,125,130,84,66,138,164,5,48,247,203,37,66,35,51,153,157,133,158,26,93,111,235,192,128,73,55,139,218,89,24,37,96,109,55,50,167,124,221,1,232,65,98,225,167,218,42,145,69,0,188,78,204,223,168,223,209,227,199,251,39,75,238,93,140,14,12,210,210,183,216,105,67,156,4,174,70,0,97,200,96,176,178,62,184,175,206,92,236,172,89,136,7,120,103,36,53,101,186,176,72,226,31,139,1739093440498,QBYTE | total-body
23,6,86,97,55,57,159,114,237,195,199,197,224,121,72,102,164,4,254,170,194,184,149,180,172,227,231,75,27,249,2,44,20,20,170,209,2,181,158,208,178,237,170,46,64,8,93,92,251,81,143,150,112,25,190,174,242,174,211,127,18,112,190,195,47,26,12,124,187,147,114,50,75,73,250,112,130,176,183,6,207,33,14,15,254,77,172,177,154,71,237,233,169,193,90,165,238,107,56,48,202,86,104,46,212,89,53,129,107,191,194,178,28,89,188,172,224,144,102,24,121,136,12,170,79,248,234,20,232,172,204,198,85,28,228,201,97,47,229,208,12,156,110,7,194,185,238,32,224,62,238,128,59,245,239,32,71,55,204,161,186,77,42,226,212,152,158,30,113,5,75,241,4,61,244,59,7,147,214,32,251,32,8,219,24,94,35,156,212,122,180,240,0,34,233,163,220,214,214,97,130,203,158,244,168,72,203,100,63,81,15,134,210,69,204,192,111,2,97,61,95,158,167,210,74,20,207,62,69,182,53,162,136,105,85,170,189,243,56,177,159,0,79,159,20,213,252,54,220,115,1739093441613,/dev/cu.usbmodem14201
235,0,12,72,143,3,137,149,206,142,22,255,4,7,65,150,192,23,250,180,194,43,134,163,227,139,157,105,197,53,63,245,110,21,115,9,254,193,59,92,131,69,30,57,186,200,95,244,99,105,30,209,122,232,67,160,136,249,126,189,236,170,227,134,66,14,160,65,102,59,33,37,243,110,151,27,94,223,5,157,64,149,254,123,211,35,27,125,210,17,170,57,181,211,24,244,210,140,99,52,185,185,29,183,29,104,24,153,5,244,196,173,40,23,7,162,176,99,182,16,36,224,238,206,3,67,202,55,90,205,57,185,118,244,245,115,129,124,53,85,178,137,190,215,99,248,164,117,225,63,29,36,14,71,193,164,12,90,32,206,252,49,173,223,25,162,129,172,251,85,192,150,169,74,12,164,181,143,87,3,232,185,101,255,139,152,230,96,111,75,35,255,165,45,195,137,2,122,75,118,49,254,71,102,117,69,211,1,226,251,129,75,57,194,52,35,227,211,114,14,172,138,209,146,28,203,147,179,190,75,147,62,209,89,52,130,37,190,32,76,133,60,219,65,251,79,30,23,120,14,1739093441613,/dev/cu.usbmodem14201
232,156,146,43,90,57,109,46,187,46,36,93,202,45,130,4,227,211,7,182,145,43,192,37,71,139,189,25,109,216,182,84,78,143,214,2,162,25,175,177,22,29,198,38,82,37,249,189,216,171,2,254,200,237,170,126,96,217,174,190,242,79,40,58,12,35,91,104,232,165,145,201,116,103,106,7,203,122,157,63,72,60,71,223,99,183,5,109,185,104,43,252,207,103,108,107,237,225,162,138,126,104,13,153,50,122,48,219,123,226,195,83,214,206,129,88,112,239,207,27,98,39,6,113,255,12,91,243,51,58,232,51,2,51,166,101,115,214,235,7,109,98,131,12,19,12,156,52,244,146,147,154,104,55,219,18,35,234,228,170,48,61,151,185,162,180,118,219,117,84,223,176,90,155,53,103,77,73,216,183,137,238,178,78,28,188,47,210,231,222,59,141,184,227,6,171,102,214,103,4,101,102,96,73,15,188,28,142,127,162,104,98,18,111,75,76,18,157,200,123,171,23,79,181,148,5,59,24,205,178,36,109,14,72,21,232,180,75,239,131,31,206,146,16,216,210,37,242,152,184,1739093441614,/dev/cu.usbmodem14201
181,109,223,233,46,213,121,118,243,4,47,45,223,5,14,78,211,217,149,53,108,48,8,31,191,4,155,216,0,186,3,32,79,0,171,35,181,97,34,8,39,79,130,107,157,106,156,45,214,238,220,19,55,134,23,146,148,52,240,11,139,44,10,95,232,135,27,210,99,9,15,39,100,15,200,92,244,2,62,110,144,242,22,42,184,161,208,251,102,124,251,108,169,175,190,213,52,159,7,66,124,147,70,220,181,189,41,183,132,202,201,196,32,227,229,11,203,215,66,143,79,233,5,211,102,160,56,1,187,147,132,126,135,208,71,180,166,71,113,67,212,112,222,175,249,4,234,226,164,64,130,93,199,24,32,68,216,158,79,46,203,114,43,85,63,115,0,172,167,97,222,243,160,74,246,144,29,225,18,250,235,8,146,212,5,180,114,174,33,206,63,143,247,8,210,36,49,160,58,76,139,2,174,114,130,194,91,238,213,81,86,44,223,121,219,108,215,139,220,25,143,133,255,255,92,40,162,148,22,100,202,50,125,134,235,1,33,133,61,138,245,251,116,72,145,38,129,3,57,46,1739093441615,/dev/cu.usbmodem14201
219,104,150,14,165,90,227,142,73,211,7,231,85,222,245,210,37,143,173,96,173,76,12,128,243,24,33,214,100,156,105,13,160,2,25,141,227,66,225,178,38,131,16,228,17,170,163,70,179,191,226,176,194,87,20,212,14,151,202,61,155,247,111,37,155,178,209,126,228,36,117,184,252,215,213,90,243,86,201,210,232,13,110,213,211,92,114,228,99,81,185,59,94,110,119,207,71,140,53,2,91,242,231,168,243,133,132,243,76,30,165,146,2,118,94,74,177,87,131,121,118,191,246,52,2,241,176,79,93,8,190,72,233,36,222,228,14,141,165,240,96,163,32,237,191,250,140,39,2,203,253,184,64,68,146,87,166,111,79,142,39,61,214,108,199,136,239,147,191,136,36,185,241,203,73,178,103,46,141,254,208,240,142,105,85,42,82,142,66,96,172,213,30,82,86,213,148,106,182,239,16,54,26,203,197,82,64,93,159,2,139,163,206,190,144,13,149,116,102,66,251,162,61,215,137,192,44,133,250,205,32,179,235,242,20,57,123,193,3,154,109,196,72,27,99,2,24,203,55,54,1739093441615,/dev/cu.usbmodem14201
136,45,186,116,193,127,16,176,162,71,58,178,152,143,120,159,35,53,221,86,255,198,99,236,206,250,173,162,71,108,194,106,157,100,168,52,162,123,167,134,11,189,247,35,91,191,43,217,12,171,210,94,73,8,66,62,252,194,11,30,51,25,77,80,224,211,159,127,2,249,94,41,45,233,8,81,52,164,242,46,156,26,102,64,187,114,88,45,253,19,185,103,131,50,124,205,248,204,3,41,1,111,226,223,201,103,123,226,71,70,21,84,97,15,235,83,198,137,198,162,73,212,168,154,174,96,156,81,251,240,68,124,101,152,166,129,144,182,103,90,249,194,102,145,160,205,249,130,64,205,111,28,41,54,89,9,44,250,3,9,0,187,149,248,162,46,193,56,113,253,213,111,113,5,251,6,223,127,227,246,232,58,22,203,97,205,91,4,75,212,239,201,244,131,136,22,172,122,170,34,80,79,13,75,63,58,59,201,247,7,249,6,255,129,20,124,138,212,41,68,128,25,1,190,103,194,35,254,3,185,222,13,200,152,29,238,135,39,28,107,44,117,168,17,202,13,10,87,181,240,1739093441616,/dev/cu.usbmodem14201
127,97,36,86,36,188,44,210,28,93,52,51,214,35,213,2,16,186,88,154,56,190,142,10,29,178,73,75,17,58,226,40,204,49,211,171,134,130,133,134,25,60,63,215,240,168,55,50,190,150,24,198,65,91,121,184,225,35,155,109,65,106,30,251,117,11,22,225,110,227,253,64,10,154,112,31,28,104,171,246,95,134,151,196,47,114,72,89,22,109,150,173,102,5,80,28,118,86,86,41,39,105,139,228,134,159,16,63,222,213,127,211,39,194,172,126,127,152,77,165,78,236,144,205,200,71,32,104,175,159,219,200,249,51,125,58,172,77,182,123,59,219,58,129,94,237,153,13,115,210,164,222,108,104,193,110,13,61,163,4,235,61,230,98,112,1,11,75,243,101,44,80,255,193,149,26,124,154,107,26,62,254,91,194,90,172,222,78,191,109,23,83,34,165,144,31,32,13,15,173,186,188,45,239,37,147,161,0,227,121,159,196,23,244,46,129,213,164,137,106,128,191,228,19,109,65,136,220,245,25,231,133,169,112,196,77,29,187,82,234,235,154,157,102,80,125,78,108,205,104,1739093441616,/dev/cu.usbmodem14201
95,217,34,234,43,226,176,50,45,85,59,210,222,38,208,81,218,174,112,202,106,181,141,110,31,101,192,73,23,191,4,134,253,245,51,53,142,80,31,67,186,152,103,139,186,217,76,56,118,132,54,167,17,197,182,53,80,108,8,73,114,41,94,60,50,241,169,20,56,27,197,151,147,91,192,76,13,168,251,183,236,249,225,181,104,0,61,38,109,201,200,248,33,165,202,149,19,11,42,151,39,228,35,107,25,210,46,179,21,138,203,141,49,146,59,123,57,180,94,200,77,165,36,63,35,80,157,8,178,10,181,145,176,246,177,197,130,219,51,172,111,226,28,251,154,206,188,147,53,29,188,222,243,154,76,199,14,190,120,71,82,149,173,231,239,190,155,209,252,94,183,23,227,22,67,111,147,37,63,103,207,228,139,246,7,121,229,221,162,140,60,17,206,224,176,114,71,254,178,122,228,125,6,75,211,28,21,116,170,74,249,223,92,99,250,205,72,54,109,190,0,230,180,109,95,140,19,149,45,90,120,124,222,104,75,73,207,73,114,143,220,219,72,190,202,142,63,167,50,139,1739093441617,/dev/cu.usbmodem14201
210,10,61,45,167,173,109,97,177,251,232,254,52,2,13,164,152,183,206,251,253,9,183,37,136,210,89,149,150,219,197,100,119,44,245,222,162,231,244,196,142,96,79,193,53,235,148,173,225,123,81,37,46,91,217,133,205,160,161,112,28,20,29,146,181,43,29,115,230,33,222,191,224,176,162,104,53,37,122,119,144,18,223,101,217,36,61,236,114,164,201,73,224,38,1,100,63,132,180,89,43,4,147,36,235,89,245,233,81,100,8,16,183,74,253,65,218,57,11,42,76,132,11,154,146,145,210,175,129,165,13,95,99,114,68,241,133,111,13,188,202,95,237,117,144,93,108,184,85,26,104,199,108,29,147,37,57,15,208,47,35,29,51,192,170,228,215,244,153,43,224,181,203,191,95,169,181,90,113,27,184,175,5,40,227,252,170,153,105,116,251,83,236,112,0,11,214,57,97,69,67,233,43,141,92,148,144,229,86,111,164,61,92,57,56,254,203,245,172,131,44,100,170,29,66,61,81,51,1,28,41,132,126,140,25,18,35,151,245,96,134,249,71,84,149,146,37,135,120,206,1739093441617,QBYTE | woodcock
142,125,97,184,108,12,145,196,210,213,110,25,189,155,88,111,206,232,2,89,94,35,18,178,247,70,215,130,224,135,91,4,134,5,163,13,231,96,57,170,94,109,79,42,248,30,234,221,80,44,73,210,177,251,103,157,220,202,150,123,204,42,33,156,53,232,131,107,10,124,168,110,17,249,231,79,91,229,6,34,246,146,6,251,156,249,247,255,86,187,202,183,207,109,204,222,4,235,142,113,132,174,15,86,107,0,83,190,117,153,206,23,141,23,101,104,156,235,181,57,72,69,160,14,232,238,111,148,214,89,7,201,157,28,45,34,223,214,59,116,254,241,45,63,5,153,183,224,50,142,153,117,152,168,181,191,89,185,93,164,144,118,144,119,32,114,41,233,108,168,42,17,123,42,227,38,33,132,93,69,212,0,4,164,152,139,95,206,102,105,64,83,184,83,192,195,116,62,70,90,163,207,101,22,206,108,55,60,105,165,210,46,67,246,146,45,207,65,148,7,125,80,80,253,64,167,202,132,218,49,146,201,254,252,235,135,43,218,77,35,146,203,98,114,165,112,234,38,77,200,1739093442705,/dev/cu.usbmodem14201
194,196,152,127,76,64,91,26,95,135,165,94,234,62,246,212,73,187,66,90,223,105,89,235,24,188,85,217,99,206,9,40,194,146,93,112,152,36,76,8,17,200,238,173,144,101,5,219,144,27,250,156,69,50,55,5,150,80,64,131,142,82,246,7,165,172,7,170,41,245,221,200,167,80,252,49,99,65,183,28,248,121,114,70,247,17,200,68,14,126,37,149,237,233,53,107,177,67,88,40,14,155,120,182,175,92,90,208,160,100,144,129,78,100,98,169,102,4,64,50,48,48,213,212,141,202,187,177,115,195,130,60,219,89,34,226,190,151,94,153,216,193,113,37,105,46,149,19,79,238,246,203,232,49,28,252,46,225,77,28,99,75,46,97,213,156,141,185,166,41,25,185,138,18,209,122,81,101,77,63,132,125,227,21,123,63,224,147,145,152,73,93,204,209,215,22,168,145,155,248,161,182,10,45,168,255,97,6,179,208,113,132,237,196,127,28,38,89,208,181,126,229,183,82,213,129,143,103,212,199,210,107,193,162,130,34,232,107,161,129,118,243,222,37,233,129,144,178,249,143,1739093442705,/dev/cu.usbmodem14201
221,200,236,179,228,37,253,94,200,90,202,105,119,142,222,121,10,48,237,61,53,42,82,131,214,203,1,133,176,158,245,160,96,119,12,176,70,189,214,29,23,252,185,139,209,184,111,243,101,222,105,74,91,40,247,234,181,137,249,140,213,59,42,176,95,227,81,171,177,18,240,144,169,9,26,245,244,90,12,86,209,165,12,94,236,131,136,210,211,166,190,80,158,165,107,169,32,234,188,34,217,57,180,251,82,213,247,1,50,220,63,121,226,56,161,181,179,153,127,230,165,18,151,118,240,24,12,172,61,216,63,91,63,59,177,148,214,150,168,215,159,149,164,77,2,164,98,56,219,207,249,146,145,180,185,155,62,115,96,42,84,37,237,154,14,245,83,44,78,221,210,156,108,251,235,30,44,219,130,69,158,166,188,209,238,159,157,4,138,48,143,129,79,196,206,115,41,0,135,66,176,18,142,133,88,130,131,13,197,72,149,205,141,72,189,91,160,53,229,159,36,161,10,193,244,134,181,172,141,61,38,168,129,173,162,27,114,164,105,21,199,135,39,142,75,220,182,165,105,137,1739093442706,/dev/cu.usbmodem14201
62,70,39,15,13,52,81,23,109,133,100,128,1,158,92,111,112,27,174,185,196,63,14,247,106,74,223,26,239,54,184,145,216,147,184,8,109,38,94,8,152,178,109,32,67,6,101,140,32,24,33,251,225,16,83,27,51,139,145,224,190,82,125,207,245,157,226,142,69,23,58,252,236,113,22,77,209,135,194,156,183,124,190,84,102,124,89,25,111,158,132,22,24,202,51,96,21,208,124,113,236,167,247,83,100,246,202,163,239,176,51,208,241,216,212,141,91,232,18,45,104,39,113,229,172,229,64,247,79,66,79,44,228,224,231,164,242,43,169,235,91,148,251,69,109,227,212,47,239,170,88,219,145,78,124,11,166,170,238,119,187,149,10,175,200,151,181,85,17,57,142,204,26,244,128,99,115,18,81,29,236,228,152,227,11,117,182,122,16,113,132,240,67,191,153,12,253,118,6,133,123,66,191,24,24,72,184,75,119,153,62,47,205,108,114,244,182,106,128,205,69,115,102,82,57,217,15,38,229,215,54,72,119,122,190,68,230,71,193,26,161,214,248,230,233,81,126,98,62,188,1739093442707,/dev/cu.usbmodem14201
198,175,198,108,70,63,22,188,236,109,214,24,40,141,78,20,40,203,244,69,116,62,69,239,193,44,26,214,68,238,13,244,58,174,185,243,76,64,82,160,58,245,160,215,199,243,125,87,87,190,211,63,52,46,129,223,117,32,251,91,229,211,62,11,146,52,244,220,28,61,100,70,195,3,10,21,91,153,125,17,81,158,161,101,117,116,37,211,185,67,118,37,33,95,68,138,13,201,106,52,59,119,151,230,215,245,11,37,44,14,219,54,144,247,91,184,244,46,173,187,231,68,55,231,42,149,65,219,125,59,233,226,32,130,153,128,59,73,139,6,86,128,172,115,226,178,225,254,105,186,150,82,47,181,196,231,152,36,253,100,237,1,224,59,238,131,253,55,240,37,154,127,197,18,68,12,193,30,166,46,66,163,135,225,92,166,251,176,215,217,183,153,1,181,75,17,39,158,168,114,119,85,68,63,137,111,125,137,94,49,199,242,169,223,192,88,194,212,22,240,13,76,115,104,51,181,245,95,246,226,72,229,240,161,230,110,6,53,226,44,81,11,179,32,46,69,247,191,195,169,1739093442707,/dev/cu.usbmodem14201
130,220,58,238,62,8,128,14,44,121,112,243,119,116,13,35,183,11,70,245,131,118,40,240,229,19,229,147,200,160,90,245,8,190,133,251,102,119,115,180,186,226,52,133,50,79,204,211,255,197,245,38,207,119,33,23,254,156,121,215,131,79,107,35,39,231,83,7,34,95,217,25,85,246,102,40,37,107,130,105,0,185,55,166,98,250,104,215,160,174,128,186,253,219,35,25,109,121,134,90,102,98,231,84,86,159,241,71,204,50,52,95,7,126,88,247,230,16,83,15,52,191,208,15,133,53,195,163,57,104,147,215,216,64,65,23,220,79,198,71,70,22,7,228,124,111,105,252,217,174,121,156,186,126,187,59,108,114,3,199,148,196,108,80,68,122,79,97,224,142,213,164,124,11,181,145,24,175,165,138,145,123,92,62,24,55,82,175,46,250,96,219,109,210,147,147,64,223,184,173,118,118,206,211,164,45,199,4,12,236,158,214,221,137,150,69,103,33,126,49,123,27,20,224,116,172,22,233,38,0,99,241,91,132,231,117,81,137,130,73,215,0,168,84,174,184,147,249,104,155,1739093442708,/dev/cu.usbmodem14201
58,168,98,232,189,120,46,121,79,245,129,58,191,169,107,105,171,242,142,206,78,208,31,17,31,1,54,166,7,9,159,32,248,91,220,33,225,108,82,83,116,197,236,244,211,33,207,163,128,131,204,206,81,99,37,96,17,112,153,25,34,71,0,186,105,53,118,62,152,89,138,235,55,187,194,147,64,197,68,116,49,72,185,155,205,149,250,231,73,132,121,110,33,183,142,30,225,216,77,200,213,135,83,92,222,158,132,168,109,18,73,171,74,129,175,131,19,35,149,132,45,75,50,84,176,116,240,140,226,141,50,193,208,63,147,5,117,165,173,39,7,238,1,7,230,165,230,41,75,157,30,80,174,237,181,13,231,45,124,230,182,197,141,241,201,33,16,6,66,244,5,226,176,71,228,163,71,72,67,2,14,20,37,205,1,174,63,227,238,122,128,201,229,90,204,0,127,27,98,86,188,178,119,157,13,130,145,65,184,74,4,59,200,140,221,249,194,99,7,33,224,176,192,160,215,147,58,170,115,201,20,222,163,47,61,112,109,215,121,253,80,165,110,159,4,101,98,118,30,135,1739093442708,/dev/cu.usbmodem14201
72,171,90,236,169,211,160,43,213,18,224,52,209,91,140,147,190,98,179,236,79,99,32,11,93,210,40,59,15,210,155,9,181,143,236,203,170,226,164,104,132,75,215,134,96,44,183,41,100,71,49,200,39,138,253,113,120,220,59,43,57,233,193,210,41,48,166,181,226,39,118,35,150,110,189,200,61,189,64,178,144,171,238,154,242,8,139,76,95,3,31,177,29,82,229,178,128,22,17,138,159,214,4,106,62,34,29,209,25,160,8,30,14,111,99,26,170,57,229,87,20,58,25,225,174,232,3,57,14,1,161,102,15,12,250,163,75,95,146,84,75,109,143,191,98,2,128,239,157,85,176,120,64,60,235,181,85,50,250,128,10,255,96,107,147,22,115,177,125,9,177,232,232,150,240,4,59,226,246,46,88,136,182,146,40,215,151,169,247,44,62,50,175,109,255,112,43,132,1,44,30,208,146,83,156,120,96,37,166,158,69,141,208,13,243,164,180,76,178,167,180,3,212,158,23,33,248,184,132,123,143,56,178,94,154,75,241,37,152,148,211,241,7,56,225,117,145,33,60,233,1739093442709,/dev/cu.usbmodem14201
153,71,246,253,165,193,126,119,114,126,162,75,16,190,136,96,119,40,140,21,134,164,69,40,53,151,189,28,88,116,76,53,131,183,70,39,53,102,42,152,176,114,218,12,188,116,44,119,201,78,32,224,195,65,140,176,46,136,158,42,84,35,20,164,207,236,64,180,147,144,254,93,196,241,4,160,30,243,132,74,152,246,7,117,201,4,210,223,235,151,69,36,68,138,173,67,129,236,166,38,168,239,19,204,147,169,87,215,156,31,252,227,3,244,189,47,185,186,22,167,95,202,95,20,136,229,233,179,127,223,28,16,186,111,232,193,156,0,22,227,190,36,38,61,25,138,122,32,47,217,143,17,11,121,77,183,169,200,230,32,217,114,56,210,195,66,147,200,186,51,148,41,102,255,188,27,138,51,117,170,167,123,139,3,107,182,149,118,141,197,107,198,94,169,171,88,59,7,47,192,106,104,49,132,154,225,38,149,36,173,16,218,130,193,90,222,44,157,252,167,64,131,248,138,223,210,222,205,65,76,224,176,115,221,211,218,156,28,197,161,135,54,17,236,139,145,37,66,106,46,1739093442710,QBYTE | exonerated
75,136,70,195,249,221,139,159,182,226,156,37,44,173,230,89,119,235,65,159,100,242,229,24,70,16,81,1,47,42,54,176,213,84,201,165,66,5,253,13,7,10,188,153,104,113,211,97,164,10,91,217,133,218,38,230,52,192,25,229,103,159,148,51,37,9,38,23,137,36,92,126,73,252,116,157,198,34,13,135,225,52,13,176,27,115,138,142,64,172,55,60,219,126,36,7,24,208,62,107,238,82,218,46,181,75,120,231,106,12,1,76,70,51,137,238,25,225,107,165,127,81,85,149,143,53,217,154,38,164,57,199,181,7,126,186,237,54,68,12,230,105,224,222,72,22,42,86,248,95,213,138,86,155,33,25,133,123,0,166,96,13,220,149,29,168,95,114,193,110,198,23,89,114,113,53,24,211,70,72,85,122,158,52,85,136,170,171,173,18,100,214,32,43,79,164,37,51,60,21,229,208,113,208,175,57,210,89,202,18,205,215,43,189,150,41,230,20,178,116,124,106,12,219,94,1,201,244,245,91,202,161,187,123,83,134,204,35,202,50,21,52,168,238,54,170,150,38,167,216,1739093448324,/dev/cu.usbmodem14201
80,10,30,132,195,76,168,31,11,65,50,61,116,229,8,127,94,146,59,90,108,52,194,167,82,75,226,74,139,104,101,108,163,231,225,197,43,19,147,220,71,172,60,136,225,244,254,105,78,62,52,145,119,2,134,223,21,179,245,228,182,38,189,132,167,173,240,106,35,96,161,161,207,203,232,28,23,250,173,138,238,172,242,140,182,172,48,151,137,240,52,235,86,19,58,47,217,89,194,110,25,113,240,147,245,56,206,205,103,162,122,61,22,222,152,160,187,53,9,246,208,134,247,231,69,32,176,26,43,237,66,76,28,247,103,218,214,73,36,189,221,31,250,10,205,28,140,250,120,163,110,61,72,93,249,93,8,246,235,55,250,233,60,100,131,61,51,233,88,92,232,169,127,141,153,119,42,104,138,18,240,19,248,24,249,214,23,170,137,94,0,14,180,125,157,209,4,191,70,203,17,190,76,185,73,165,130,58,57,221,164,237,80,32,192,114,230,110,65,133,239,83,141,63,8,158,46,242,166,235,31,76,218,239,40,19,248,223,183,201,197,205,21,255,163,132,9,32,252,161,1739093448324,/dev/cu.usbmodem14201
78,111,184,235,90,45,28,214,9,237,249,152,208,150,12,157,234,84,110,30,134,48,7,43,199,148,132,50,104,191,147,75,156,115,139,212,239,3,173,253,231,169,71,247,97,196,59,255,178,244,61,11,138,33,87,218,201,254,215,75,202,0,41,56,120,196,102,227,13,40,35,83,167,163,45,94,227,9,179,176,70,178,50,68,82,135,116,120,2,30,104,81,6,148,229,240,90,1,205,102,32,133,46,192,167,65,195,178,131,17,195,184,36,216,23,10,239,1,112,28,227,68,41,49,55,177,104,65,83,114,165,121,242,100,150,45,238,103,218,193,138,11,105,137,54,0,134,101,10,91,206,51,124,125,85,14,135,47,56,101,169,107,171,68,50,7,96,58,196,246,101,223,201,76,112,76,193,130,196,136,253,47,134,61,64,148,173,145,255,179,193,219,152,176,180,62,218,168,24,83,231,182,23,64,1,51,214,248,105,70,32,149,16,159,201,200,192,240,159,133,15,1,179,97,166,11,12,224,8,176,72,201,191,143,216,217,136,126,29,186,142,139,39,64,33,242,60,171,145,24,1739093448325,/dev/cu.usbmodem14201
208,140,254,70,240,162,220,251,5,186,48,165,195,193,126,199,152,58,152,195,67,82,141,164,213,174,241,190,31,48,23,24,249,57,56,204,144,143,99,120,112,131,24,184,12,11,207,245,79,211,247,155,254,46,148,241,249,35,77,103,149,165,167,247,70,217,160,219,48,174,227,131,223,198,76,96,177,57,181,123,106,120,120,235,127,164,133,61,81,110,74,132,200,138,202,201,235,55,66,67,61,169,9,192,6,48,10,127,64,239,250,78,204,166,186,187,87,212,200,15,59,51,82,142,113,114,7,49,58,146,71,212,243,17,154,29,19,152,37,133,101,47,234,103,130,213,148,120,189,200,69,37,242,157,40,139,52,12,106,196,249,18,42,218,159,202,195,62,193,169,179,66,133,174,253,136,122,66,117,226,83,9,106,30,245,204,7,158,248,45,83,229,160,121,39,28,123,38,157,168,44,170,106,213,39,99,190,47,140,157,209,175,203,26,156,144,48,105,208,234,247,64,33,49,111,187,65,5,159,17,216,142,68,233,55,152,134,64,17,107,206,244,96,237,232,14,62,204,81,101,1739093448326,/dev/cu.usbmodem14201
201,202,224,148,130,1,148,54,165,99,235,126,162,81,144,48,185,212,44,235,162,74,192,230,160,183,69,46,45,62,189,180,164,201,57,250,23,161,32,54,189,68,185,206,242,176,153,16,1,237,205,120,87,109,50,150,211,47,103,82,215,166,215,11,71,225,2,89,212,250,144,122,52,73,151,154,48,202,37,166,117,34,96,45,126,16,60,119,210,235,178,244,176,57,80,184,119,182,165,48,142,130,80,142,96,107,184,123,14,213,231,214,42,193,171,51,86,177,162,64,128,68,215,223,123,39,3,0,28,27,188,160,237,62,4,245,203,172,8,176,49,182,60,186,31,59,15,124,142,136,79,104,1,223,11,59,123,76,116,54,139,150,64,220,28,177,98,219,199,200,199,81,252,129,133,11,18,244,79,199,36,172,209,33,210,47,94,28,24,59,202,20,117,162,157,95,221,185,250,18,185,101,196,102,26,78,126,205,40,98,149,92,67,126,242,7,69,146,122,212,62,249,73,220,190,128,196,11,83,54,14,125,150,166,176,187,107,172,106,86,237,90,4,34,212,247,236,208,235,208,1739093448326,/dev/cu.usbmodem14201
242,94,33,185,111,205,35,120,177,178,87,66,245,122,214,140,75,162,182,98,109,50,9,137,235,140,114,240,205,84,171,47,200,175,157,183,6,64,75,207,52,220,124,120,47,16,60,0,12,188,177,217,188,108,169,94,170,185,213,249,199,96,228,174,107,135,101,48,214,236,181,141,203,225,231,76,115,178,200,177,107,29,143,168,6,44,112,157,41,95,174,128,106,173,208,202,232,158,13,33,190,207,94,117,192,234,49,138,210,166,201,149,129,152,81,117,223,90,37,244,70,40,48,5,203,166,60,247,20,155,94,147,3,144,39,248,194,105,55,138,161,141,188,132,66,72,109,146,198,141,185,43,238,121,58,65,208,32,159,131,175,158,88,228,138,84,44,141,16,103,228,126,253,93,192,58,53,157,204,164,187,157,231,202,71,23,8,243,126,43,222,18,142,131,229,253,56,213,8,41,145,57,156,7,105,254,207,77,177,202,179,127,92,239,29,109,41,142,115,100,170,94,74,205,45,164,71,186,51,80,44,62,5,213,185,140,152,22,168,85,69,253,102,230,191,209,105,148,86,189,1739093448327,/dev/cu.usbmodem14201
42,104,182,79,35,92,17,40,20,164,228,233,87,255,171,169,157,41,14,73,209,213,228,106,63,71,154,117,43,241,24,34,229,75,79,240,52,177,139,72,38,42,250,253,44,159,164,8,223,22,130,54,111,77,68,20,118,212,22,193,252,213,142,72,107,143,184,77,203,226,34,60,167,166,42,62,91,187,244,221,141,101,54,6,66,97,107,15,180,115,154,73,162,194,74,61,228,241,36,173,245,115,26,189,145,67,33,164,218,105,48,187,153,179,65,161,102,136,69,84,19,32,36,111,24,47,245,65,228,48,68,193,207,119,234,44,75,215,171,61,35,118,242,144,128,47,146,25,19,143,248,136,255,58,196,192,48,40,220,115,102,68,60,141,205,124,137,131,112,140,67,179,236,97,20,223,117,67,170,158,124,221,251,183,145,168,37,79,81,168,167,250,221,32,88,86,88,166,238,77,56,137,31,201,58,150,12,196,240,108,27,97,226,151,250,79,149,139,172,42,229,160,87,178,193,3,144,184,230,37,238,77,160,17,113,92,18,96,68,37,34,177,212,106,43,60,195,185,62,155,1739093448328,/dev/cu.usbmodem14201
34,78,77,59,52,148,148,28,2,95,220,211,241,15,159,38,14,100,123,237,234,110,72,52,212,226,29,171,106,94,178,25,179,189,15,196,122,29,56,81,234,133,32,79,203,75,135,113,220,52,161,165,237,216,151,201,79,199,77,31,55,72,17,74,82,194,229,72,253,65,109,80,88,104,5,164,58,182,23,245,98,90,211,139,40,74,141,225,10,255,178,104,9,37,199,160,157,219,138,244,145,153,244,23,61,140,141,171,220,236,237,140,169,51,123,152,48,169,245,133,43,156,179,58,232,82,222,112,176,185,1,137,35,74,50,139,137,31,155,45,211,96,175,114,140,128,7,49,185,206,134,73,224,243,147,199,49,147,34,202,113,90,218,1,95,155,118,129,29,46,239,154,35,1,250,59,1,100,234,158,171,6,202,198,118,26,211,101,27,214,37,182,34,239,10,210,102,88,67,23,249,120,173,96,225,83,198,49,129,85,78,111,104,6,50,156,105,71,197,78,49,74,18,44,15,183,44,63,207,70,16,4,10,162,114,232,45,61,62,65,151,17,98,247,146,195,238,178,61,19,1739093448328,/dev/cu.usbmodem14201
182,211,36,179,106,26,209,215,179,222,227,35,186,196,238,79,58,44,99,53,57,103,200,1,166,255,118,199,114,8,107,47,41,105,127,1,73,215,120,180,146,187,192,90,222,62,95,107,25,96,250,234,239,67,43,7,81,43,159,88,85,71,11,223,169,146,42,41,163,119,87,148,254,52,162,243,161,157,168,249,210,82,191,155,146,235,225,88,223,20,21,87,50,0,60,254,150,189,117,104,190,168,237,236,237,76,90,25,20,166,177,243,35,74,124,128,197,203,237,37,137,112,169,66,204,42,18,54,56,160,62,93,170,22,238,250,13,141,144,223,180,127,68,230,96,3,67,119,213,43,184,35,96,73,195,188,148,121,172,60,249,139,159,219,55,90,126,203,38,96,119,37,164,161,206,83,218,53,190,83,67,165,141,149,107,140,183,203,15,188,96,172,168,113,107,113,91,144,160,68,214,223,170,52,104,185,67,193,254,133,235,45,53,24,36,186,96,51,220,74,43,53,85,59,194,191,149,213,141,20,153,160,163,50,158,87,246,37,201,77,141,129,46,229,142,11,53,46,37,225,1739093448329,QBYTE | vibratory
128,252,115,64,252,227,195,106,167,47,115,183,215,199,57,116,118,62,3,162,137,112,80,215,170,50,133,224,231,19,243,147,142,39,120,254,16,111,74,245,245,79,192,44,41,59,235,66,215,21,228,154,153,76,230,249,224,71,84,6,33,159,106,141,63,174,169,69,191,103,146,68,210,181,74,52,1,174,78,245,43,31,166,229,37,111,252,85,66,45,63,228,170,132,3,214,152,70,81,15,220,221,147,29,225,181,11,117,187,8,78,197,105,216,107,62,130,130,205,123,68,19,201,222,252,231,181,220,177,115,74,199,111,50,93,134,158,59,177,253,66,185,23,122,190,230,42,160,14,252,77,122,11,249,86,103,197,212,123,193,196,60,165,142,238,187,101,91,11,40,199,198,122,208,84,41,95,232,124,7,27,169,125,85,68,164,1,148,39,186,189,42,21,73,226,21,10,175,57,68,110,245,117,206,165,255,39,249,61,195,172,87,80,148,24,103,254,36,53,91,164,27,245,235,41,215,148,124,194,145,127,151,27,144,136,139,130,170,193,122,14,79,199,30,121,160,70,227,170,73,1739093450527,/dev/cu.usbmodem14201
255,2,33,121,221,150,101,71,250,182,55,96,22,139,105,11,101,89,0,90,49,114,138,202,137,152,181,215,12,195,118,253,56,4,117,108,21,85,90,100,66,99,156,224,5,110,50,42,50,173,63,244,166,157,174,217,30,56,44,33,232,212,134,122,9,46,45,152,82,94,184,141,139,60,15,109,120,116,54,171,188,188,192,133,119,215,224,9,247,227,54,166,37,76,186,223,61,243,190,102,133,254,145,129,239,27,37,78,224,210,43,50,27,137,35,53,238,200,62,92,40,95,193,167,7,166,43,197,201,152,155,7,205,7,62,68,86,92,234,65,140,67,83,128,126,212,46,88,163,118,92,85,228,23,202,97,79,67,201,196,144,165,144,16,220,50,141,36,110,131,160,77,19,51,194,98,57,11,23,220,184,104,75,74,229,50,160,164,167,231,127,176,72,214,178,209,19,209,112,227,175,37,41,98,160,106,231,77,212,46,18,247,140,200,246,223,96,228,135,255,28,177,176,217,10,211,134,186,24,78,75,217,129,4,119,203,64,44,35,133,107,185,167,244,118,127,163,95,57,85,1739093450528,/dev/cu.usbmodem14201
209,225,252,65,39,230,248,104,129,89,182,249,223,78,80,10,105,203,160,186,138,212,249,85,158,231,204,9,149,252,123,59,130,5,32,79,221,105,40,14,236,83,96,247,193,165,32,173,200,68,90,170,75,34,175,34,177,26,15,222,225,24,41,250,116,103,16,155,218,135,147,247,91,201,44,68,4,159,164,75,202,212,27,188,152,56,49,213,191,44,194,3,94,84,193,234,77,76,74,126,154,58,104,29,16,106,143,223,115,167,97,156,41,16,20,80,207,88,135,117,98,54,44,31,214,227,183,248,147,15,91,64,34,242,164,82,108,228,16,124,166,249,186,122,172,237,106,205,160,61,102,159,74,35,96,109,83,180,255,253,204,5,76,53,30,12,174,64,178,62,239,51,37,9,212,175,36,26,135,248,40,12,154,175,50,72,215,83,35,25,118,157,234,132,149,12,43,196,110,51,202,214,45,169,41,59,85,221,32,125,144,18,43,47,21,75,36,200,228,234,196,145,66,33,176,2,52,37,85,161,80,26,201,42,223,71,147,19,27,79,6,232,144,118,215,72,66,255,234,185,1739093450529,/dev/cu.usbmodem14201
195,239,207,232,112,226,1,104,67,169,60,187,42,24,135,238,165,48,244,93,102,76,155,122,249,63,152,9,89,252,16,189,201,247,46,148,15,147,180,15,196,57,156,70,160,37,181,58,222,5,233,132,97,122,231,196,117,3,89,11,66,134,179,235,194,142,99,79,144,226,155,99,144,82,59,13,47,230,100,206,147,198,173,79,147,195,53,224,231,95,187,100,55,78,223,207,135,230,255,117,17,136,154,137,208,173,231,124,183,15,91,190,97,224,124,110,41,242,24,73,197,142,127,196,153,169,53,69,180,232,239,207,65,211,150,175,46,255,29,160,28,252,96,31,169,65,74,212,164,106,183,110,27,173,50,122,191,225,133,228,237,148,73,151,19,105,88,148,172,156,211,47,63,114,236,120,38,88,117,72,246,162,144,167,251,199,42,250,188,222,40,167,142,0,182,13,254,24,76,181,177,145,194,109,2,236,84,92,47,208,199,7,220,124,243,138,32,157,102,95,124,178,65,176,0,205,96,53,216,166,178,50,236,48,91,169,11,174,103,79,183,227,102,111,19,227,181,254,79,40,1739093450529,/dev/cu.usbmodem14201
145,85,90,91,6,120,107,119,133,126,30,39,218,202,138,229,61,115,191,25,176,192,14,66,171,216,97,33,247,210,251,39,217,62,44,29,52,87,96,201,9,158,121,26,12,153,156,186,112,244,115,143,187,162,154,37,157,156,73,181,61,123,60,4,8,244,149,224,148,225,22,103,230,119,167,90,53,59,173,53,4,120,158,3,225,102,202,190,27,228,157,61,3,159,250,139,242,169,85,20,108,172,242,178,156,243,150,167,75,46,179,154,174,120,77,137,39,117,47,215,240,209,211,152,122,129,195,106,248,105,127,180,130,45,240,144,82,211,118,118,143,141,236,126,187,186,182,99,193,133,244,16,5,163,14,139,29,103,117,249,238,143,135,3,172,16,131,185,191,122,154,176,228,196,78,247,134,146,200,185,154,198,170,47,205,225,204,4,250,54,155,220,131,2,192,232,158,223,182,147,134,14,137,75,31,147,128,52,25,236,35,18,146,141,121,191,46,7,20,192,73,15,204,165,16,70,183,217,117,21,35,68,231,5,126,225,178,104,174,90,53,173,113,199,86,72,159,6,85,57,1739093450530,/dev/cu.usbmodem14201
190,202,102,24,174,120,79,200,145,138,251,21,146,193,245,189,174,152,195,56,252,62,66,108,216,210,148,127,92,60,149,9,164,8,194,51,200,250,241,86,227,225,24,202,167,44,4,166,65,122,247,140,174,3,254,90,155,183,201,64,170,116,166,238,164,59,137,241,243,67,8,123,26,84,62,251,69,7,10,210,252,61,226,87,94,23,70,74,212,254,185,64,27,188,139,105,232,252,63,87,166,215,146,128,187,23,238,25,166,198,128,131,132,190,235,223,24,42,194,124,43,164,254,45,249,144,144,186,124,138,127,51,62,243,29,53,49,153,156,208,250,37,109,141,232,151,221,232,131,39,143,57,161,229,3,158,134,88,12,159,162,12,92,108,41,152,201,209,62,221,222,60,81,202,246,110,89,214,200,233,210,109,0,74,238,225,35,50,171,146,147,160,145,60,13,183,135,140,193,190,41,38,105,104,64,180,97,33,97,1,78,202,229,161,181,253,114,33,134,205,114,163,143,180,177,12,196,165,218,255,63,228,72,237,114,47,156,225,163,240,209,234,79,253,122,79,93,129,119,109,1739093450530,/dev/cu.usbmodem14201
118,88,29,77,19,173,220,143,154,212,145,13,88,188,25,79,109,99,13,220,136,167,249,241,153,136,164,143,76,231,22,234,229,36,247,107,166,253,185,2,237,86,94,102,13,173,20,90,137,136,94,124,225,142,220,60,179,5,251,223,121,130,62,171,98,10,109,181,108,151,234,23,110,117,15,242,129,81,252,131,143,148,1,77,200,194,147,121,140,229,129,234,103,250,32,28,144,76,215,4,117,84,36,216,244,9,183,32,32,210,51,181,44,251,173,148,36,119,65,131,103,114,55,47,250,227,140,172,189,236,225,196,247,108,59,37,52,151,106,154,89,4,236,158,185,158,174,73,236,56,12,22,189,165,31,158,56,70,239,115,84,201,172,9,15,252,114,118,64,153,162,254,53,170,253,167,104,170,87,59,69,214,166,177,93,1,104,156,43,230,95,130,84,36,206,168,51,224,69,110,144,40,178,230,6,220,214,61,129,163,54,83,88,148,61,220,154,158,249,23,148,134,131,104,135,135,34,176,142,27,90,206,13,171,167,27,199,82,224,129,247,135,174,170,81,26,48,67,161,86,1739093450531,/dev/cu.usbmodem14201
148,141,44,30,156,136,19,197,175,93,108,15,168,197,54,168,109,122,236,180,192,35,149,19,11,146,150,140,141,132,219,29,164,108,144,102,36,138,241,251,12,254,172,195,52,88,252,23,102,116,254,77,220,65,224,117,245,4,187,95,237,169,123,120,97,242,44,249,15,5,159,99,228,252,200,27,161,134,218,61,163,205,138,225,69,218,71,54,174,35,135,175,134,205,205,122,40,24,37,21,96,237,130,239,31,180,46,7,188,37,132,120,154,105,232,214,252,201,102,139,148,123,211,248,91,154,72,30,142,183,85,2,91,253,30,130,44,122,241,174,229,157,90,187,195,254,76,214,163,175,11,182,228,229,20,89,186,229,70,87,4,220,73,81,231,71,199,56,120,205,240,3,193,168,173,88,112,94,152,1,96,248,58,209,21,111,20,213,24,207,163,153,20,153,130,129,250,139,109,196,161,131,89,165,19,37,76,159,15,228,87,162,168,254,75,103,230,114,20,23,29,115,143,255,147,105,164,158,236,162,28,10,180,34,114,81,141,150,249,79,98,49,37,72,65,175,139,138,250,185,1739093450532,/dev/cu.usbmodem14201
160,186,108,128,81,84,180,216,190,20,214,165,140,104,215,36,76,110,202,86,80,224,152,254,165,98,163,106,77,93,77,49,193,175,138,106,169,26,85,246,148,145,51,8,223,149,60,174,45,139,76,114,61,231,88,240,122,76,238,135,105,241,169,223,47,94,170,84,163,108,73,53,228,184,12,88,2,72,57,130,26,173,39,107,107,42,64,210,0,97,82,29,31,198,59,168,205,30,194,48,13,83,54,13,2,48,167,1,238,109,219,1,166,245,195,33,109,1,166,184,227,136,146,192,150,99,139,198,232,180,209,14,209,91,153,61,241,219,39,242,189,206,169,73,236,211,173,245,164,232,188,87,67,102,200,195,127,94,24,94,105,158,14,11,82,223,225,141,194,250,77,230,50,148,70,250,163,17,86,1,16,234,10,18,3,119,207,230,125,23,104,199,107,152,242,179,28,154,52,166,36,20,184,8,100,156,186,130,16,234,229,156,172,73,178,128,186,95,79,28,178,208,9,37,38,111,179,132,154,139,140,2,169,239,162,42,62,118,138,155,165,12,35,43,247,198,107,243,79,54,1739093450533,QBYTE | twenty-eight
254,69,66,172,170,191,121,116,86,193,138,123,175,199,12,216,91,117,131,233,181,73,30,150,40,251,216,31,41,97,48,102,209,189,41,212,218,108,249,204,158,20,173,224,82,182,36,102,148,201,84,226,73,162,21,109,164,188,58,0,5,246,19,24,235,122,145,79,3,241,186,7,12,85,203,0,33,191,212,11,112,163,237,8,5,193,178,166,153,104,134,129,152,192,76,101,106,106,247,227,186,123,90,111,0,100,17,194,115,145,32,166,79,76,133,241,66,246,150,92,232,176,3,21,195,33,141,183,241,33,182,192,193,93,88,245,77,140,95,105,4,58,226,92,105,110,50,137,79,8,198,183,143,184,143,115,196,29,161,9,171,254,230,2,106,22,90,76,80,105,165,73,21,122,189,97,51,74,66,109,249,181,54,1,221,30,98,92,105,46,50,92,182,188,8,207,101,30,60,90,212,141,199,25,236,100,116,202,96,234,132,94,37,198,45,103,161,169,172,163,210,152,79,213,34,83,196,179,101,105,9,185,131,9,54,246,118,174,24,117,79,193,173,52,89,82,116,5,70,65,1739093451934,/dev/cu.usbmodem14201
243,184,143,81,96,72,205,94,12,195,245,48,127,80,102,110,119,60,225,41,184,150,243,202,168,125,216,224,88,152,225,10,76,160,21,18,237,230,236,206,246,136,23,8,83,248,104,165,204,37,115,121,198,205,158,78,113,84,12,80,60,32,64,160,131,175,6,31,21,93,42,209,175,239,234,24,125,44,62,178,161,63,7,148,3,201,95,47,57,67,230,142,74,184,158,108,91,112,250,240,54,164,49,5,182,199,159,18,167,78,168,23,104,163,59,98,251,50,68,20,160,24,75,158,39,128,251,200,153,49,248,166,111,49,143,206,163,48,67,205,53,185,115,87,203,10,104,83,192,229,59,97,213,188,208,197,159,56,197,196,239,214,105,24,71,223,134,191,139,140,150,58,178,44,125,202,218,224,125,162,179,111,221,172,55,41,123,95,163,30,223,55,73,184,87,1,127,35,105,175,138,41,118,142,42,18,185,16,207,238,23,158,82,20,111,138,7,71,7,161,49,101,184,168,142,254,231,76,43,130,179,42,69,16,118,87,4,94,210,105,238,86,192,36,130,65,245,18,149,14,1739093451935,/dev/cu.usbmodem14201
130,158,65,236,225,254,215,173,202,129,69,247,74,167,89,16,208,110,25,222,212,188,2,55,246,169,57,132,65,216,102,204,150,15,179,31,245,220,74,38,138,188,150,149,167,95,166,173,75,58,43,68,25,223,214,211,143,117,9,190,64,19,48,27,94,122,82,255,128,57,217,194,167,169,160,157,90,142,153,234,216,110,249,15,213,248,229,126,66,203,171,205,19,72,157,64,162,4,148,21,113,207,118,245,253,137,8,193,167,106,169,195,199,85,173,25,165,231,128,99,206,91,165,253,10,174,9,149,99,245,54,171,173,72,3,133,226,65,156,182,185,175,74,166,36,255,117,17,112,2,43,42,16,220,46,151,172,209,122,129,153,14,211,240,153,70,99,195,135,145,84,231,238,48,235,148,190,253,167,91,128,12,221,177,38,6,159,123,120,78,196,215,85,118,82,62,117,179,21,168,99,183,70,240,216,6,49,187,119,146,36,88,12,68,57,122,88,148,246,227,165,253,6,141,56,233,240,181,52,18,32,106,251,56,83,79,152,107,201,127,183,125,204,241,74,227,65,250,110,0,1739093451936,/dev/cu.usbmodem14201
222,170,145,251,8,74,70,197,155,50,9,172,24,208,237,93,225,230,49,124,209,112,224,121,200,200,120,96,218,161,148,55,189,68,111,231,193,63,23,199,200,228,237,224,249,62,87,219,182,42,51,29,196,42,155,27,170,194,24,88,217,122,235,139,211,160,156,52,140,250,246,57,170,203,108,204,106,162,67,28,164,0,191,233,195,185,10,24,233,46,182,199,8,228,175,91,32,236,248,4,165,23,150,191,159,36,120,161,99,196,41,65,24,60,101,163,56,166,223,110,10,37,186,58,123,177,199,222,41,155,163,216,94,76,198,11,5,222,143,1,11,101,142,107,159,249,116,139,21,81,231,88,129,36,52,235,226,76,29,246,218,158,90,60,70,114,191,71,24,0,147,211,249,167,202,207,149,251,29,249,234,99,3,106,133,243,155,79,234,67,159,165,20,238,118,182,2,64,62,252,216,173,138,116,30,146,114,15,88,129,162,206,129,195,46,3,212,146,54,75,176,90,9,16,212,125,210,4,73,171,251,124,101,142,25,108,72,20,217,97,205,75,185,100,240,151,232,90,67,107,1739093451937,/dev/cu.usbmodem14201
109,29,242,239,95,222,55,200,178,214,154,11,175,107,193,128,221,70,58,185,192,199,9,181,211,172,249,6,100,146,96,241,231,55,186,46,49,31,14,37,69,195,47,178,90,224,85,146,106,111,218,74,255,141,116,157,50,69,163,150,165,25,220,106,244,111,213,135,85,146,142,43,44,51,103,80,23,86,226,166,135,142,60,229,148,158,148,152,138,117,77,116,194,33,250,118,213,123,186,194,66,138,64,75,232,0,38,86,30,248,54,206,152,36,104,30,80,47,21,251,188,61,124,7,254,126,23,229,51,45,188,253,199,200,90,149,183,168,218,44,47,145,194,103,167,146,106,193,41,94,178,101,186,19,43,95,220,179,79,188,35,20,56,242,151,57,125,122,142,28,197,183,213,129,26,61,122,246,38,12,49,17,188,93,210,228,98,160,43,142,220,114,228,138,191,231,205,167,198,173,139,242,22,10,138,63,215,142,158,182,62,215,217,105,117,13,140,50,245,225,253,31,215,145,144,0,206,103,106,218,80,138,85,193,66,212,139,119,142,25,163,184,137,140,68,107,208,32,64,26,1739093451937,/dev/cu.usbmodem14201
122,246,96,208,58,183,121,236,82,158,228,124,28,62,1,139,213,13,30,89,167,169,27,222,149,166,24,206,180,63,123,114,78,122,102,225,164,31,206,16,231,109,215,122,60,170,132,77,22,40,1,223,164,156,235,71,111,1,33,110,93,244,13,194,128,53,83,197,48,129,22,69,220,11,240,42,61,181,214,206,61,167,206,92,108,16,241,104,14,11,164,27,254,211,58,188,98,68,215,79,131,60,94,142,163,7,94,14,193,98,114,17,206,197,115,124,88,207,59,201,48,142,124,14,161,148,77,24,123,91,158,33,212,228,159,74,244,158,205,32,218,153,203,88,149,119,49,226,162,227,149,91,156,221,8,202,173,164,163,47,129,177,176,35,49,220,65,246,118,241,215,130,48,227,208,194,138,19,94,56,240,52,9,83,17,7,9,244,116,112,166,5,232,212,103,141,34,116,183,101,185,57,62,249,142,24,219,234,46,192,219,158,150,68,132,51,2,39,140,159,87,243,213,33,9,224,226,54,153,64,62,168,98,49,19,81,104,237,176,84,244,211,95,30,9,70,112,53,209,26,1739093451938,/dev/cu.usbmodem14201
17,80,90,72,193,143,227,139,102,173,107,62,195,171,184,82,203,240,53,201,231,107,86,200,148,44,88,10,118,17,1,88,139,32,200,102,237,203,214,107,209,4,220,165,119,61,38,123,127,137,9,81,245,105,89,47,35,80,174,107,124,83,75,101,104,50,191,114,254,128,190,9,200,221,169,82,176,22,15,229,251,6,69,184,154,153,154,82,60,63,167,30,180,114,202,108,178,85,183,108,23,34,17,64,18,120,183,233,112,39,24,55,132,187,159,114,29,170,239,176,17,116,192,254,170,212,60,91,7,184,251,121,178,60,33,167,30,149,241,28,133,206,5,210,46,98,85,99,176,84,151,98,162,76,254,37,95,72,251,95,135,76,176,107,196,89,186,44,65,225,105,234,37,96,139,130,87,210,18,174,40,203,126,27,120,193,224,145,53,136,171,112,51,97,113,95,149,129,39,251,12,248,143,237,2,53,224,191,58,16,7,161,89,51,109,136,18,176,117,221,21,246,44,7,247,41,126,84,204,216,76,190,162,220,216,122,160,145,236,19,201,216,67,225,204,82,23,67,98,198,1739093451939,/dev/cu.usbmodem14201
7,69,158,248,164,47,121,225,61,71,19,209,40,101,46,152,64,19,38,55,114,52,163,61,103,61,165,132,140,112,162,45,210,243,35,140,125,144,222,129,81,96,180,232,182,164,24,112,225,227,220,127,169,110,214,113,242,105,30,121,136,47,65,195,240,239,129,229,6,26,179,204,217,6,113,160,96,132,255,126,205,85,247,20,241,118,120,131,165,217,51,194,28,128,208,108,94,90,17,20,96,246,109,186,131,80,199,139,147,227,141,111,0,123,174,187,33,227,202,216,111,33,8,111,240,226,72,27,5,182,216,75,157,14,181,43,100,137,32,112,212,56,136,241,3,62,50,189,219,226,194,106,126,161,12,197,121,65,237,188,52,141,131,14,24,252,119,49,192,37,197,105,82,130,197,46,138,127,245,117,40,24,26,162,77,100,74,223,207,234,21,144,246,87,22,9,229,189,199,13,234,215,106,244,193,48,7,253,2,96,184,86,6,234,195,21,73,103,150,149,93,119,50,62,158,165,102,24,212,230,83,242,195,132,245,24,223,94,117,165,47,114,101,224,205,120,140,203,4,107,1739093451940,/dev/cu.usbmodem14201
80,55,75,101,35,138,241,12,176,19,53,136,218,123,136,58,158,105,125,124,250,34,232,140,11,252,93,93,192,76,155,97,70,200,215,27,6,50,128,60,8,14,81,24,248,252,82,97,71,209,49,121,85,140,214,111,124,34,21,92,172,46,83,38,9,136,225,78,135,230,42,134,79,59,162,193,150,206,244,188,33,136,236,111,131,40,133,206,22,86,0,182,93,212,58,216,232,194,170,247,238,101,233,31,14,33,246,138,44,47,217,180,42,167,92,130,16,44,134,31,126,48,159,212,144,98,150,137,104,6,218,251,97,118,67,230,48,9,201,115,39,183,209,218,6,219,103,189,10,181,67,146,49,223,148,191,66,166,249,202,22,220,189,98,136,189,241,230,61,93,74,241,34,65,101,163,239,228,26,130,225,67,228,193,191,132,220,45,253,161,114,142,119,244,196,122,242,33,239,159,49,90,176,249,199,192,101,72,8,17,79,232,234,161,10,55,255,42,241,156,20,55,228,105,176,85,53,83,216,246,16,235,14,7,118,101,62,218,125,249,106,96,232,22,45,96,19,42,9,137,1739093451942,QBYTE | perfectly
96,254,86,197,251,49,210,31,105,36,133,179,148,82,187,93,99,134,42,161,219,230,61,225,218,200,65,32,56,45,84,98,236,157,113,91,234,106,82,84,85,238,88,234,3,85,240,152,179,58,94,144,171,22,106,194,44,210,215,128,139,202,164,231,195,98,138,180,13,227,35,167,84,159,114,163,59,200,233,106,114,156,92,227,139,199,35,72,174,214,233,93,154,143,243,127,219,17,7,239,207,200,200,41,193,43,100,133,136,105,87,169,135,120,231,100,158,67,170,201,6,194,93,204,100,253,223,140,198,135,225,216,58,199,230,76,26,34,226,164,75,186,217,142,196,28,92,37,60,166,164,32,127,240,25,166,41,46,85,21,96,226,121,82,37,70,30,178,230,208,81,55,255,248,16,105,59,113,127,89,129,7,89,141,99,222,204,123,82,254,55,203,28,151,15,141,234,191,202,56,77,132,213,151,247,253,179,13,23,236,96,246,142,211,73,205,208,9,129,199,251,28,190,173,38,100,149,136,215,208,152,189,78,101,236,95,45,184,219,89,10,251,210,245,82,214,87,218,94,73,1739093453149,/dev/cu.usbmodem14201
164,84,128,2,203,17,221,23,57,190,121,198,242,151,63,149,83,52,99,110,117,173,152,10,0,50,41,158,126,217,158,20,10,5,168,37,89,98,137,209,208,111,123,59,210,177,138,49,120,157,79,77,53,148,170,250,16,13,167,156,44,56,113,188,185,48,17,83,32,201,122,208,43,1,178,79,61,88,114,86,213,146,169,32,176,145,128,220,162,172,29,199,148,153,14,14,242,179,238,173,243,189,184,23,75,252,23,155,84,129,230,114,146,137,72,47,223,137,244,20,58,237,17,37,99,207,244,141,192,186,246,228,187,101,136,240,148,41,207,52,242,182,213,165,227,219,152,147,147,230,232,4,142,244,82,143,63,3,22,74,111,40,119,179,93,106,99,196,255,86,107,184,187,40,120,212,7,159,8,154,119,54,65,121,82,175,125,84,166,15,37,20,210,173,202,107,26,127,204,102,202,188,103,104,228,181,112,208,236,80,28,221,98,230,236,49,73,128,141,227,122,134,33,211,35,68,143,212,130,91,105,199,235,225,152,59,194,183,98,18,26,86,91,205,23,192,39,167,88,65,1739093453150,/dev/cu.usbmodem14201
245,0,30,72,207,80,145,153,240,115,224,27,28,217,15,112,94,207,15,254,245,55,100,142,236,226,254,112,175,137,143,61,101,211,238,30,101,104,213,76,244,229,84,128,30,210,204,240,22,48,123,140,158,6,52,168,117,103,74,184,166,124,241,229,25,110,117,127,133,63,106,101,68,154,33,142,138,211,174,238,222,52,252,172,95,112,1,209,155,10,198,218,88,41,154,251,173,187,188,183,210,107,9,153,61,9,7,152,48,209,43,83,180,72,238,14,67,235,173,146,100,62,204,60,14,166,249,240,155,185,174,102,196,174,194,183,33,174,44,121,187,168,129,236,182,172,141,135,47,54,41,166,52,112,64,144,62,48,2,78,159,165,1,150,87,43,110,142,210,207,20,28,170,75,122,251,107,204,68,29,188,202,137,108,29,180,213,122,223,48,130,174,58,102,202,163,92,41,64,168,114,233,22,188,92,98,195,40,32,175,150,202,9,130,114,89,195,192,94,30,86,0,190,44,172,252,180,246,207,152,246,215,129,148,223,146,179,56,17,179,176,140,146,37,89,191,233,129,84,182,1739093453150,/dev/cu.usbmodem14201
123,213,244,109,126,207,61,183,86,247,154,180,197,162,5,56,183,97,248,77,154,131,247,224,44,210,57,210,96,97,92,150,171,28,54,188,165,176,60,155,61,203,6,44,169,77,50,57,187,215,84,139,68,107,176,124,222,156,193,191,178,232,239,160,176,238,235,217,82,227,91,58,156,140,33,150,217,83,117,221,190,170,227,44,166,165,73,244,191,41,55,83,211,121,177,84,22,158,108,170,69,33,113,162,156,31,204,226,105,9,216,6,127,236,33,49,11,159,144,148,217,101,133,110,72,25,115,78,148,213,131,100,57,108,137,238,186,161,64,193,229,132,147,54,47,211,123,236,57,247,108,220,219,82,218,36,169,117,99,211,16,102,199,97,120,179,189,252,179,26,174,175,6,132,255,40,110,172,58,99,41,242,51,239,103,252,233,160,11,155,221,158,237,123,108,55,17,133,13,173,155,81,59,110,118,237,3,169,2,165,117,151,179,92,255,91,138,1,65,21,232,18,231,151,102,202,235,16,207,221,255,252,89,64,155,169,167,151,174,3,117,64,179,140,11,19,254,99,236,69,1739093453151,/dev/cu.usbmodem14201
36,125,234,158,247,14,27,33,40,113,33,148,184,40,203,201,125,104,53,156,220,65,24,27,14,188,63,227,86,92,196,221,188,227,98,152,230,201,249,85,253,99,116,4,76,206,49,135,201,149,78,63,200,179,69,6,194,88,224,245,8,138,50,63,195,145,150,36,28,195,17,53,91,169,48,50,5,21,94,137,162,141,87,161,71,70,166,159,145,76,148,25,59,13,128,142,228,207,195,101,5,55,18,167,221,56,102,184,14,156,8,244,114,174,165,174,217,182,129,7,189,22,63,19,0,167,212,132,237,114,125,213,173,212,156,41,238,160,104,94,186,72,42,198,78,82,206,107,104,24,87,136,9,242,138,36,79,139,162,3,148,51,33,16,248,101,81,70,94,156,231,151,17,34,15,233,88,141,111,89,55,57,85,74,216,8,148,120,101,179,57,212,69,219,144,119,219,133,166,237,25,191,51,241,77,92,228,60,123,249,82,94,15,195,142,160,23,204,125,213,151,80,237,194,61,122,31,236,241,250,65,112,143,78,164,152,46,174,44,73,217,223,3,88,81,104,20,122,44,111,1739093453152,/dev/cu.usbmodem14201
247,153,6,220,243,184,1,235,80,23,153,95,238,30,196,226,18,140,218,72,164,191,155,212,82,152,16,160,82,227,99,174,131,164,204,156,30,199,224,32,236,122,10,29,46,5,139,156,184,32,238,225,95,115,144,183,132,210,212,36,189,135,35,240,163,44,104,14,25,163,134,247,176,183,77,99,173,201,7,138,91,238,54,199,94,80,18,71,19,240,1,12,62,245,116,155,121,5,133,85,122,77,112,213,235,245,138,154,44,77,2,52,9,84,209,98,188,246,91,203,204,212,100,128,50,195,69,170,138,218,229,53,29,187,199,70,18,31,238,107,105,18,34,33,231,111,24,55,98,132,41,119,179,93,90,124,210,210,3,107,203,169,204,229,222,173,254,226,10,43,128,31,183,220,95,94,18,143,74,173,88,231,73,48,179,170,126,84,226,223,166,180,92,32,81,169,126,29,174,182,45,4,95,196,252,124,63,76,156,233,134,151,39,110,134,14,183,181,167,150,104,212,178,37,162,12,148,100,4,98,37,3,79,83,157,149,71,24,33,238,141,247,87,178,157,255,234,68,2,160,1739093453153,/dev/cu.usbmodem14201
13,89,6,139,17,243,250,207,37,198,73,251,203,40,120,159,80,9,233,193,134,174,173,226,0,3,248,82,29,23,233,131,17,18,70,48,169,203,20,130,170,216,116,147,86,214,34,129,195,119,0,102,245,139,196,184,79,200,39,194,191,35,58,29,241,188,157,160,233,225,244,55,115,71,170,254,160,179,23,158,110,155,184,20,136,134,91,155,59,249,203,70,103,92,101,21,53,146,133,114,102,208,244,149,237,226,131,178,57,88,117,233,255,155,12,210,251,6,112,141,164,46,75,46,198,194,177,139,86,217,108,134,83,55,184,56,188,92,33,166,84,25,86,60,109,86,162,150,152,79,47,159,104,182,1,193,242,192,34,71,254,123,245,209,184,81,53,15,1,113,252,105,59,198,146,68,195,248,191,7,58,55,175,49,181,144,146,2,51,250,254,102,114,211,78,183,153,220,179,83,224,101,122,247,167,42,220,46,20,1,34,72,229,65,94,9,142,219,236,44,237,71,29,192,249,54,144,110,252,35,93,92,245,175,29,181,127,220,36,75,136,85,49,11,64,99,31,254,98,232,1739093453153,/dev/cu.usbmodem14201
191,80,46,14,31,3,185,135,239,115,83,131,37,53,213,60,183,95,99,165,234,67,166,176,155,211,73,139,182,2,31,18,157,104,74,21,21,33,244,125,137,192,231,60,232,146,251,136,34,215,153,117,126,34,139,171,3,216,237,39,105,46,143,63,55,10,155,118,69,212,47,93,190,45,223,2,85,59,203,180,95,220,45,54,135,69,211,206,17,101,22,42,240,207,94,106,116,83,32,7,199,50,213,117,85,235,129,204,248,127,158,26,220,53,69,6,191,175,166,130,150,46,215,137,174,146,140,105,219,89,227,238,14,215,202,8,47,126,200,147,230,144,172,181,162,19,254,226,44,232,71,183,160,148,153,202,166,127,120,201,195,85,26,159,227,222,81,164,1,210,108,137,212,231,229,38,79,105,29,202,33,16,103,99,86,107,251,32,52,114,165,66,185,18,119,185,238,197,206,46,110,183,63,135,129,149,202,212,244,130,77,247,194,101,112,122,110,112,134,231,129,213,34,127,245,103,229,220,48,151,253,100,65,62,169,142,189,78,220,159,134,239,6,204,60,98,46,175,236,137,1739093453154,/dev/cu.usbmodem14201
43,146,248,37,139,249,250,164,68,205,36,105,7,149,44,8,81,174,219,204,213,236,190,24,221,62,49,134,38,182,72,63,155,106,163,253,55,52,203,216,126,174,156,203,186,244,231,114,246,85,7,23,88,134,222,78,157,190,5,47,208,102,111,243,117,217,253,189,83,163,36,128,129,252,200,89,8,68,197,38,15,180,30,7,212,86,215,60,128,121,77,106,23,45,25,180,78,140,218,26,117,167,75,151,165,5,86,56,102,198,163,189,134,1,93,108,40,87,111,24,194,182,194,143,27,185,13,115,227,121,45,182,145,239,12,186,122,153,46,40,134,243,236,159,216,192,184,245,7,186,31,137,108,171,153,206,72,142,217,36,226,189,202,173,42,243,101,11,44,71,119,84,161,192,202,187,255,29,142,132,23,240,118,95,195,96,14,251,160,190,137,171,203,29,155,162,111,237,62,125,212,233,182,104,174,88,206,214,222,37,36,0,89,98,14,35,144,154,163,167,172,158,166,157,92,49,187,128,108,226,60,26,9,220,189,105,80,132,243,136,143,243,203,188,167,44,168,240,30,85,1739093453155,QBYTE | offended
92,125,42,203,81,147,151,176,63,189,222,35,253,108,251,188,21,104,44,34,165,255,180,107,98,10,126,154,167,183,197,143,24,241,190,209,41,59,204,199,66,251,69,2,51,158,215,35,148,189,42,134,124,144,45,232,154,47,164,152,27,147,60,62,180,229,66,243,32,233,176,40,137,111,88,105,100,62,32,103,43,5,22,96,199,45,148,11,87,245,211,56,77,35,139,103,136,8,6,130,37,184,35,205,138,193,25,227,144,65,235,226,118,101,240,180,59,57,78,243,76,137,234,108,217,249,56,38,23,223,49,29,32,154,200,0,49,22,127,91,201,153,63,56,203,112,49,159,221,120,101,52,237,150,66,173,215,163,178,80,10,48,123,105,198,190,172,173,101,168,46,189,84,147,151,174,105,167,25,5,95,65,10,3,58,173,215,222,246,215,132,19,106,97,62,87,198,55,118,179,147,75,205,109,12,62,204,17,63,183,10,55,171,39,118,155,49,181,103,157,37,181,124,92,90,58,246,99,59,73,7,181,205,122,79,229,11,183,38,58,46,85,119,65,16,223,32,234,142,155,1739093454269,/dev/cu.usbmodem14201
252,0,201,134,197,95,77,11,133,199,211,23,128,185,119,0,32,176,28,186,45,49,228,129,32,250,26,79,169,154,135,227,215,246,182,71,77,231,154,171,119,82,18,54,156,111,242,199,211,151,33,126,199,103,251,252,141,207,227,252,152,74,51,84,98,65,169,88,148,39,64,11,221,96,84,112,50,105,44,164,238,197,150,190,142,78,65,5,196,99,88,47,14,131,88,160,185,44,123,174,33,164,14,194,199,1,21,83,79,166,100,91,38,212,33,147,27,63,239,237,184,59,78,129,226,103,93,204,163,211,48,217,125,106,86,235,168,254,180,96,43,75,68,218,201,215,28,11,4,99,70,151,154,43,188,109,21,95,222,116,42,51,245,52,132,180,113,29,149,156,147,255,120,58,82,139,196,115,135,111,102,175,213,8,209,130,41,146,84,171,235,220,242,110,151,97,163,84,186,191,157,181,197,255,233,159,173,41,101,111,111,175,169,138,216,250,11,147,69,138,16,197,191,80,198,60,140,11,71,126,158,56,10,180,228,168,114,51,233,154,121,249,36,145,79,184,175,136,217,203,1739093454270,/dev/cu.usbmodem14201
174,95,175,217,90,27,109,120,194,93,76,199,91,41,134,188,175,229,141,201,210,130,229,34,109,195,180,114,246,1,152,94,45,81,104,240,179,174,240,228,119,78,128,4,132,158,110,12,35,242,134,92,218,24,128,93,46,143,107,215,188,230,211,78,117,132,229,94,154,139,156,137,112,207,127,85,87,100,51,18,98,157,52,113,175,88,155,177,168,233,35,168,24,245,127,222,62,145,77,176,240,34,247,34,249,215,108,54,247,136,12,122,196,45,28,89,39,153,148,161,112,251,202,104,255,149,61,59,223,59,251,195,226,40,108,101,127,215,142,35,244,1,20,85,164,31,151,21,89,181,128,24,80,94,3,215,156,243,161,79,199,53,84,183,76,243,6,21,180,235,129,133,85,215,211,57,150,122,211,244,242,77,43,78,178,226,184,86,43,31,87,52,14,134,111,191,2,182,68,159,236,66,25,254,165,15,4,141,184,120,167,82,220,230,130,252,130,223,51,17,220,28,72,152,99,14,41,135,95,91,120,120,67,58,179,109,216,63,222,109,120,134,59,100,74,224,148,88,145,67,1739093454271,/dev/cu.usbmodem14201
47,242,3,58,26,38,188,210,15,3,171,135,91,47,119,65,165,196,119,179,235,14,77,251,18,5,125,47,70,51,85,204,47,178,64,32,162,25,69,213,46,77,10,92,115,93,97,239,81,223,137,249,88,104,64,26,67,127,70,129,228,137,132,119,232,52,215,99,227,237,29,235,106,56,35,232,146,136,106,131,74,233,171,49,152,120,12,255,128,8,224,33,127,76,166,116,94,248,184,134,3,52,48,192,144,110,249,238,152,47,32,41,82,178,2,118,204,253,140,21,80,160,255,122,76,89,254,120,188,204,140,15,169,66,255,213,124,63,72,95,111,166,58,245,159,209,177,233,247,152,125,255,18,80,2,177,58,56,191,163,133,54,31,205,107,133,192,120,162,92,183,65,250,64,56,239,210,196,5,98,201,205,249,74,55,252,121,235,229,34,172,64,173,189,123,80,118,17,252,56,126,56,191,76,172,162,140,174,70,165,11,111,56,80,96,139,74,218,82,224,211,29,4,106,167,178,152,34,139,144,152,15,105,183,129,68,223,73,110,33,58,243,24,190,57,193,194,93,226,38,1739093454271,/dev/cu.usbmodem14201
21,72,183,118,218,164,131,204,46,43,226,63,87,115,31,226,72,48,126,49,144,224,169,197,52,254,217,152,239,66,106,246,161,174,116,89,239,103,74,57,82,231,180,73,139,31,138,237,166,225,238,249,227,225,5,13,67,130,114,116,34,84,192,196,96,246,205,16,123,20,144,144,105,49,118,85,215,65,187,101,159,53,225,98,66,226,11,0,123,171,37,74,18,183,67,59,74,199,164,219,142,204,10,240,152,115,112,201,35,26,157,159,165,89,12,245,13,85,112,28,194,178,122,88,23,166,239,20,38,151,21,152,244,146,218,113,224,75,221,34,6,202,184,123,175,213,127,46,81,127,229,240,57,133,198,134,160,132,62,55,232,56,26,0,244,72,88,205,160,209,176,6,34,236,221,216,161,51,53,165,54,196,44,47,232,105,141,223,26,6,11,229,62,135,130,6,118,147,248,36,75,192,150,243,234,121,124,88,160,174,96,220,204,203,184,193,31,193,160,90,186,120,249,74,105,50,84,214,50,33,151,125,170,169,165,154,221,6,158,15,205,191,83,11,204,193,255,48,143,245,1739093454272,/dev/cu.usbmodem14201
203,167,156,230,217,81,211,9,16,212,1,226,26,200,89,20,177,143,90,130,246,247,239,186,188,253,226,100,121,53,84,157,204,87,46,168,218,171,114,233,122,133,33,52,219,59,159,186,121,180,157,33,192,114,212,246,155,167,85,149,223,174,81,223,47,60,69,46,131,26,223,18,236,108,136,217,239,111,44,58,33,31,254,245,182,232,208,57,80,124,236,11,158,255,120,66,58,254,111,9,18,208,102,194,98,109,193,34,132,58,6,53,58,127,181,174,171,73,226,59,45,158,34,91,88,87,240,150,64,26,119,55,242,85,230,130,187,15,223,177,142,234,14,136,209,77,78,120,201,248,74,109,124,165,250,97,163,6,255,187,191,56,22,221,46,226,250,139,89,80,72,244,124,220,165,212,172,233,53,50,5,198,237,162,105,174,209,178,250,156,3,158,210,14,162,231,138,115,237,136,29,172,97,57,148,129,121,122,51,81,105,111,220,148,17,36,155,45,108,44,195,214,216,40,173,25,220,153,64,227,34,103,216,105,11,68,30,119,133,233,217,172,235,148,121,80,16,191,239,157,1739093454273,/dev/cu.usbmodem14201
164,79,94,204,176,193,22,108,145,200,228,170,200,206,92,105,236,99,82,56,219,236,157,152,78,19,28,27,240,250,172,136,86,18,208,232,10,125,238,125,96,201,172,237,124,2,235,93,68,152,34,96,32,19,17,145,22,223,169,48,136,126,185,18,192,223,84,85,66,172,147,157,129,191,41,41,255,120,225,28,201,61,129,74,210,194,211,96,69,209,157,57,132,154,101,1,53,88,69,182,28,196,36,244,37,232,92,51,176,41,237,119,62,191,236,90,202,204,225,19,17,206,110,124,153,126,200,126,128,47,127,189,6,232,230,203,110,223,159,143,178,17,243,254,238,186,121,27,105,26,143,125,101,150,117,30,129,29,86,108,39,107,246,128,125,146,212,202,67,213,86,221,127,99,37,2,207,6,75,248,33,25,136,5,11,201,167,246,61,149,63,103,98,204,36,17,55,6,50,157,42,114,192,160,31,20,180,77,89,242,51,59,149,254,25,59,65,16,125,106,135,4,216,144,91,112,142,184,14,132,72,82,195,1,83,38,229,65,135,184,223,198,39,59,182,50,81,42,91,173,1739093454274,/dev/cu.usbmodem14201
62,177,69,36,78,74,24,90,35,101,130,142,48,73,139,53,44,123,26,210,53,184,78,36,234,123,172,152,121,36,107,11,209,62,92,209,15,251,12,21,126,51,1,172,110,192,102,42,239,31,10,54,134,71,34,74,106,160,40,67,206,106,98,243,155,254,132,16,116,72,45,95,155,228,227,194,92,105,163,88,191,178,211,17,148,178,244,97,237,142,216,126,77,205,48,74,29,255,143,248,140,143,80,141,131,10,97,61,108,108,92,176,233,229,182,12,41,201,76,210,157,37,125,244,20,220,152,133,177,75,117,8,88,123,93,23,164,108,74,156,198,13,81,31,239,63,167,48,175,252,180,18,111,132,148,125,151,138,234,78,86,149,216,196,51,105,233,48,214,132,162,81,18,3,150,152,92,207,13,13,120,183,201,59,174,124,101,233,81,89,47,18,126,236,1,98,203,105,31,247,161,2,100,56,231,64,115,161,103,84,205,103,75,98,213,212,183,177,124,98,134,44,199,87,61,41,8,126,225,20,38,225,139,169,40,63,225,16,159,214,89,191,40,69,231,241,235,43,60,136,1739093454275,/dev/cu.usbmodem14201
101,193,127,214,41,143,85,226,251,118,111,141,200,239,236,235,6,94,166,187,57,1,109,240,17,93,38,247,161,182,118,22,39,49,246,142,69,33,57,229,90,50,229,80,26,212,178,39,65,213,95,211,188,64,244,115,222,74,204,160,96,88,18,169,95,255,129,237,3,66,128,1,209,254,100,195,8,132,128,73,37,17,82,82,204,57,190,120,56,255,196,152,97,6,100,95,9,211,137,134,251,93,242,166,120,133,21,141,203,37,137,135,142,82,44,5,142,123,134,76,183,46,218,116,74,1,233,208,128,18,30,18,78,206,138,116,11,247,218,199,133,73,65,80,70,116,228,21,41,87,74,182,122,129,34,34,113,34,15,102,68,254,231,190,241,45,132,97,138,83,135,248,176,110,229,101,119,121,14,158,104,194,141,188,74,67,161,131,224,23,140,181,203,157,184,75,17,75,76,109,65,152,253,114,106,160,43,213,9,92,62,74,40,216,41,28,128,110,142,152,66,247,177,91,250,200,197,68,53,174,162,83,215,43,76,163,185,210,124,100,135,179,199,235,200,20,140,233,35,120,1739093454276,QBYTE | planet-hunting
241,35,165,91,160,33,169,80,24,87,183,225,140,45,169,249,199,178,139,22,76,151,144,115,158,45,115,20,147,6,59,46,218,169,87,212,27,87,113,236,150,228,73,88,226,51,205,141,100,239,241,26,193,69,112,4,135,120,156,62,44,83,213,209,82,83,223,175,218,2,133,227,118,60,47,176,22,98,72,93,142,207,98,204,139,6,73,126,96,249,150,235,97,11,225,171,16,6,247,113,19,17,154,193,119,207,83,216,8,178,14,252,145,147,68,123,236,154,179,180,152,230,87,139,216,43,103,99,182,50,205,91,4,210,203,205,128,180,21,22,250,142,22,238,121,16,169,101,100,228,243,59,216,153,6,68,223,245,190,142,137,231,38,13,12,192,103,55,111,185,28,5,83,84,239,43,214,13,135,111,243,11,220,95,17,61,37,118,121,27,177,7,105,7,114,251,61,140,197,109,222,236,34,164,225,87,105,19,177,10,120,38,235,180,88,110,55,226,116,62,103,134,83,101,235,117,99,50,65,31,110,172,234,133,178,243,53,110,2,16,184,211,156,12,126,231,208,132,179,177,1739093455628,/dev/cu.usbmodem14201
199,117,150,201,158,160,159,35,202,123,101,141,18,106,240,93,91,52,161,134,229,143,241,142,95,52,186,33,39,57,247,148,223,193,100,251,182,194,137,15,170,233,248,196,3,9,148,133,253,9,219,93,96,39,105,91,57,38,14,25,47,84,130,138,65,244,129,207,38,222,14,76,248,165,184,68,83,45,161,220,67,38,242,233,155,168,178,108,139,238,223,60,239,116,78,196,15,101,90,126,202,3,240,57,238,155,96,201,47,76,160,181,181,13,232,24,222,113,179,194,134,252,140,172,170,18,240,129,94,192,248,126,88,138,51,177,185,250,248,16,18,143,165,122,253,47,227,106,5,43,151,189,71,212,113,1,49,173,206,63,142,152,239,218,182,87,5,209,138,232,121,107,217,233,73,109,150,23,71,203,72,72,221,10,221,181,188,84,134,178,148,95,233,128,158,195,233,26,117,134,196,102,107,233,184,213,120,193,48,109,220,1,157,13,236,234,63,223,252,241,228,215,80,188,48,44,82,178,254,95,97,125,250,174,40,156,204,67,214,32,130,248,177,20,217,230,217,7,219,226,1739093455629,/dev/cu.usbmodem14201
17,21,139,83,217,173,129,27,207,3,206,218,214,71,11,158,149,161,254,110,140,212,30,109,73,207,162,88,154,221,75,53,207,117,160,127,31,96,149,232,20,90,57,236,171,139,146,63,70,166,220,30,53,199,83,188,16,178,31,50,239,12,110,45,186,252,32,86,242,64,250,214,237,241,180,133,44,127,166,90,219,53,202,218,194,59,148,192,101,152,151,22,127,124,193,150,65,189,171,54,246,31,253,250,138,105,237,9,216,76,133,28,231,69,64,102,226,202,184,57,225,65,148,115,245,206,74,98,96,76,86,1,204,71,39,27,7,245,234,99,189,156,55,193,82,156,199,157,0,214,61,28,58,146,240,127,172,7,216,33,36,91,108,59,157,205,77,226,53,185,215,237,61,174,145,151,128,121,165,245,104,196,211,15,124,105,142,146,98,89,161,186,215,33,112,167,50,27,141,55,220,161,106,169,254,156,202,63,11,64,29,45,80,135,208,60,157,50,150,66,41,242,237,241,143,0,166,221,206,247,236,213,53,160,251,6,239,244,91,164,255,103,151,156,145,200,76,152,1,40,1739093455630,/dev/cu.usbmodem14201
71,9,250,160,243,24,228,169,104,82,179,163,89,165,226,35,44,222,31,61,125,107,193,232,240,153,171,84,44,84,44,71,236,122,177,57,232,20,10,45,31,98,251,202,196,237,222,61,245,225,127,1,35,164,232,17,133,87,98,251,18,153,200,154,83,101,202,46,156,199,86,146,162,27,76,95,33,178,38,7,159,184,31,3,135,46,198,158,188,219,130,4,175,102,57,85,233,87,72,245,144,79,103,144,94,116,174,168,17,53,125,78,119,147,92,246,63,127,189,130,205,225,205,90,218,130,10,115,120,232,111,40,100,87,45,254,220,5,167,161,89,116,148,93,253,158,26,177,241,98,2,170,176,27,4,77,137,234,159,51,102,182,47,39,191,30,50,213,21,232,220,49,169,17,44,194,99,162,77,217,169,211,35,39,180,201,21,232,196,228,1,222,251,69,81,229,205,85,54,108,233,39,173,210,168,108,71,182,141,206,221,143,241,144,240,90,133,175,91,249,207,163,19,6,90,215,207,90,89,228,161,13,15,151,212,146,132,65,247,106,50,68,152,16,73,216,72,154,125,239,1739093455630,/dev/cu.usbmodem14201
9,179,118,54,38,222,10,38,33,225,245,27,19,234,245,12,199,94,186,206,29,31,113,199,168,151,91,192,37,135,56,107,239,188,5,52,19,221,237,34,51,240,7,175,178,184,202,122,7,235,240,117,35,183,97,182,149,49,131,9,160,91,220,96,163,72,65,101,128,199,229,43,193,215,74,239,242,139,205,112,226,68,119,216,195,139,50,140,230,158,205,2,90,87,22,161,61,51,130,74,87,190,131,129,164,177,236,149,213,136,45,63,82,146,55,149,141,92,2,69,127,252,132,202,23,133,63,212,120,168,161,254,20,145,184,226,96,251,175,125,144,204,5,102,254,220,119,110,187,115,68,151,4,98,7,223,43,27,152,149,31,141,65,142,21,48,51,45,169,30,227,56,180,154,12,16,136,80,185,197,36,154,58,168,55,109,15,209,1,227,4,155,202,164,68,83,148,45,226,139,154,65,221,240,107,93,239,255,65,192,94,21,99,24,74,253,249,214,114,115,208,133,153,242,167,80,172,136,12,64,207,124,230,61,91,139,123,166,191,56,51,216,66,20,202,100,11,105,75,235,1739093455631,/dev/cu.usbmodem14201
158,118,154,47,219,105,11,52,118,157,39,132,33,176,71,240,213,203,99,90,223,47,237,83,149,191,224,24,46,22,111,45,191,242,182,226,220,140,133,174,243,233,177,6,222,106,144,169,40,31,222,79,197,67,185,102,25,92,160,96,183,152,170,169,237,238,149,183,63,124,99,157,31,190,124,14,48,240,32,58,227,227,253,92,212,68,240,12,178,63,74,18,174,7,146,106,145,200,34,16,28,157,50,215,74,234,162,84,175,124,250,111,103,202,201,252,202,56,49,62,24,112,66,77,145,222,214,115,93,41,9,19,214,113,125,83,157,150,122,71,125,82,153,88,194,20,87,172,248,124,167,193,166,234,232,110,167,205,141,244,219,129,255,170,71,89,229,150,63,230,190,97,255,34,167,158,231,69,54,250,121,53,120,79,136,53,176,57,40,202,141,171,87,96,137,195,193,3,249,212,147,151,57,182,243,57,4,84,12,86,98,245,33,195,221,154,11,109,102,157,74,64,245,144,176,66,229,107,103,43,102,195,241,103,11,167,181,241,97,242,112,0,116,131,161,78,196,97,149,78,1739093455631,/dev/cu.usbmodem14201
244,222,88,126,145,236,14,221,180,19,106,58,36,121,74,87,59,109,143,60,175,70,58,197,147,27,139,244,223,244,85,146,185,71,52,87,165,142,120,55,225,243,104,224,18,117,174,147,36,26,163,92,15,219,1,224,28,237,202,76,101,178,203,55,165,167,224,119,224,86,216,146,255,242,216,168,154,149,178,67,105,200,229,125,94,8,162,199,172,112,249,198,32,181,73,19,118,213,168,145,141,127,195,192,95,86,98,228,42,121,11,151,161,204,144,178,237,8,195,71,27,80,70,44,66,110,225,167,73,39,38,95,150,64,161,165,209,50,179,254,181,72,135,197,186,249,181,206,141,163,66,119,234,2,216,186,90,37,154,222,3,247,91,212,150,132,114,133,167,23,29,211,195,206,108,245,112,88,195,40,173,47,30,0,112,103,236,11,56,210,84,85,12,27,219,43,206,242,195,208,223,222,226,206,136,205,219,92,171,151,94,227,124,178,71,205,183,159,224,222,113,187,106,104,213,196,53,208,115,192,116,236,67,199,170,98,165,242,182,44,252,253,84,90,68,30,250,179,114,94,1739093455632,/dev/cu.usbmodem14201
116,124,61,64,42,32,81,75,153,194,103,104,37,178,18,153,83,76,130,155,199,18,24,155,41,129,144,64,180,159,63,139,15,110,204,45,62,92,224,98,101,209,35,243,104,125,156,172,158,203,68,201,139,51,81,180,82,226,189,131,2,69,27,9,186,168,101,192,48,98,59,164,185,20,26,116,230,32,114,180,160,37,64,166,176,125,193,199,88,167,228,100,159,63,47,60,129,153,185,58,59,172,143,174,146,1,28,210,17,245,28,63,105,79,12,223,71,0,192,92,198,74,91,48,118,184,214,50,82,229,195,37,240,222,244,41,23,51,200,224,146,212,239,199,124,179,25,72,98,156,99,147,15,126,164,31,205,220,113,159,170,113,226,194,26,65,173,209,252,13,209,153,23,197,5,59,17,28,252,39,94,62,105,43,251,34,112,65,161,249,205,111,148,168,101,63,164,8,217,45,63,176,40,1,129,39,210,72,218,211,253,27,200,37,67,185,104,148,14,122,86,31,253,146,226,229,51,11,61,53,148,96,120,228,196,201,108,195,157,78,242,180,225,174,90,43,139,51,88,152,1739093455633,/dev/cu.usbmodem14201
119,45,203,70,82,79,13,69,15,208,112,216,34,52,90,43,95,77,31,240,242,195,0,178,255,253,96,85,98,76,150,151,192,0,105,197,14,98,151,255,115,14,142,0,152,134,125,230,191,132,64,247,213,29,42,118,233,217,187,72,142,166,87,27,171,151,229,125,253,212,66,107,89,252,155,19,246,76,68,97,65,46,106,163,172,1,8,204,146,34,198,119,21,191,181,72,236,62,255,61,66,178,13,170,110,69,64,71,175,255,150,227,73,147,210,247,2,50,53,173,136,44,89,149,239,248,9,193,206,21,65,155,80,54,98,164,217,210,14,224,198,235,228,52,209,191,27,103,60,75,153,130,82,48,16,99,208,154,201,131,40,24,141,249,70,232,20,62,8,226,255,161,129,177,217,83,173,144,152,184,212,234,196,177,48,53,33,250,233,22,149,54,169,148,190,254,20,12,10,18,198,180,160,191,158,252,126,228,59,59,251,157,33,226,7,241,61,16,191,62,216,97,6,182,46,189,23,63,13,205,11,58,6,101,139,124,149,254,141,86,186,153,161,247,10,14,179,9,224,247,1739093455634,QBYTE | kamp
81,181,182,51,34,216,69,110,251,48,58,230,254,110,146,115,53,143,190,34,164,154,112,40,45,97,54,32,83,180,94,252,205,80,37,91,104,246,152,163,218,79,58,53,79,27,243,82,140,239,164,39,207,5,214,139,50,24,161,210,135,231,214,221,236,43,109,148,196,27,196,102,93,203,94,73,246,171,209,236,80,195,171,173,189,70,215,161,92,108,144,151,167,196,90,149,177,231,222,139,183,63,66,168,200,49,25,90,68,185,154,70,103,129,150,203,104,193,237,82,113,231,102,99,162,161,139,0,231,57,213,156,62,31,198,81,62,184,163,94,161,53,8,196,187,26,216,107,237,29,98,139,206,135,148,108,233,84,133,236,122,245,129,104,217,126,84,178,212,236,235,23,236,8,73,88,68,165,44,33,237,184,235,187,242,5,51,51,149,222,44,149,250,32,206,234,20,3,16,220,165,96,180,139,74,208,69,193,183,200,5,228,157,214,77,58,165,148,120,135,171,220,185,244,52,214,138,34,89,184,49,141,50,11,162,218,76,88,171,85,241,238,56,91,149,218,235,209,69,243,1739093456773,/dev/cu.usbmodem14201
251,89,179,77,232,37,68,191,153,225,246,200,36,58,68,71,209,48,82,40,66,148,191,120,141,54,9,80,98,121,198,207,136,150,133,22,246,216,143,106,20,18,108,232,59,128,106,43,103,107,220,179,222,100,111,8,71,189,200,144,104,42,205,231,87,98,145,183,185,61,224,50,25,19,231,213,149,47,27,193,31,83,7,11,161,247,38,69,170,162,172,137,196,205,248,147,185,157,165,123,230,254,41,58,25,3,78,187,2,86,166,234,176,118,5,197,169,211,154,154,115,121,171,125,57,193,49,148,110,244,134,37,112,88,73,147,92,152,16,221,1,37,209,121,25,80,116,187,69,116,208,152,214,129,224,45,201,204,208,100,220,135,19,97,49,248,21,138,207,169,61,149,68,12,27,150,193,175,163,62,89,148,38,160,78,71,61,114,143,43,147,54,166,36,88,27,165,243,156,78,45,202,129,82,110,225,29,103,175,236,127,78,11,156,3,243,216,252,178,72,160,170,188,111,96,157,53,182,19,49,89,238,205,175,138,199,144,186,171,235,43,29,228,51,81,179,130,175,126,151,1739093456774,/dev/cu.usbmodem14201
241,93,227,48,53,175,122,206,133,190,85,50,117,100,251,144,182,0,14,229,241,251,238,255,125,114,8,235,234,118,99,199,50,7,199,133,102,151,135,61,149,38,83,237,43,228,70,130,230,99,13,178,222,90,101,204,174,181,73,64,62,81,27,44,198,180,96,59,219,128,69,36,197,238,33,228,44,61,175,86,174,126,220,214,104,8,237,184,89,165,206,233,60,10,54,45,191,4,222,74,74,27,106,33,173,81,5,224,116,182,9,129,47,7,252,130,93,163,169,73,17,186,107,5,103,153,102,44,135,95,207,173,149,128,173,243,77,86,183,50,77,72,80,112,115,21,242,134,253,250,221,207,133,243,21,37,167,188,98,249,128,224,143,8,134,58,70,162,86,82,221,176,63,55,22,28,233,190,139,127,149,211,13,126,188,14,23,11,104,18,156,23,81,147,33,102,207,211,114,137,217,166,44,54,74,165,48,18,46,67,237,181,154,101,131,68,24,30,96,7,33,194,54,91,129,223,141,208,189,83,39,115,236,202,219,196,143,171,51,125,66,188,205,205,49,231,68,198,0,250,1739093456775,/dev/cu.usbmodem14201
7,35,234,208,131,99,35,16,237,25,96,122,179,90,33,5,17,26,171,70,237,39,65,200,24,191,224,68,88,142,156,14,71,215,55,49,157,0,77,231,206,68,134,185,197,195,240,53,164,146,75,59,150,100,232,250,128,139,45,20,252,172,206,32,216,172,81,9,168,63,147,50,92,182,74,231,26,141,91,18,85,176,51,15,109,46,70,91,108,123,82,189,223,121,185,151,223,154,37,28,15,67,236,192,103,52,161,228,110,211,177,96,15,118,157,165,219,175,155,32,105,220,217,232,171,204,60,239,16,111,65,101,85,21,208,231,218,126,141,52,194,8,31,239,104,120,18,224,247,197,100,114,239,106,54,112,17,97,224,160,240,188,91,46,185,49,219,25,152,69,84,104,49,95,79,20,148,152,33,199,193,26,229,171,100,146,133,76,229,55,171,36,122,109,160,11,203,11,158,21,173,246,230,222,95,192,176,13,73,178,19,21,74,61,191,102,94,3,96,182,136,230,48,91,200,236,160,87,212,33,231,136,98,66,107,241,118,22,12,63,90,20,49,167,1,141,224,249,179,44,1739093456775,/dev/cu.usbmodem14201
67,93,74,195,95,212,177,249,135,176,183,29,103,253,27,41,115,105,146,172,186,73,245,44,169,209,242,7,216,76,50,230,95,148,17,39,42,102,217,1,10,151,215,97,6,79,77,238,208,114,130,145,64,70,112,22,124,169,191,166,128,115,122,106,121,180,135,53,112,81,149,170,165,53,223,64,168,18,249,63,68,241,36,189,90,82,94,63,143,78,136,160,246,18,44,179,164,175,141,116,120,128,102,88,98,179,212,112,141,33,172,82,39,225,35,191,101,80,165,49,251,63,178,101,191,5,66,190,119,226,98,202,168,187,109,14,245,85,43,252,86,54,226,116,99,148,85,60,4,151,154,174,185,68,0,160,189,40,149,229,210,199,196,36,92,19,54,85,241,75,153,91,17,124,149,232,223,237,11,104,156,240,6,153,105,81,222,11,154,1,251,233,20,236,0,220,108,61,138,57,190,158,64,169,170,75,62,224,192,88,151,23,101,4,172,172,227,128,156,241,148,39,218,249,228,74,180,119,174,19,242,161,152,183,227,125,3,219,48,49,176,150,37,148,184,115,78,95,165,70,1739093456776,/dev/cu.usbmodem14201
25,141,116,226,211,158,4,162,252,24,180,122,52,160,133,14,216,181,170,245,33,210,241,233,181,159,232,0,22,203,74,10,55,183,220,177,232,63,113,161,67,50,210,124,82,175,195,109,196,213,60,212,253,68,95,5,130,76,158,62,116,206,147,51,192,154,70,217,120,49,3,233,74,11,231,81,130,144,243,182,130,232,71,4,33,242,136,11,41,91,8,239,52,70,57,243,183,243,92,94,141,90,214,59,213,196,90,218,81,99,249,84,173,182,168,16,231,227,211,58,186,51,204,236,150,95,185,23,120,111,21,207,241,95,117,124,248,105,64,229,88,196,51,22,227,160,78,228,15,118,230,145,173,158,158,14,200,76,182,101,41,253,172,240,87,36,6,52,11,208,106,169,31,152,85,198,47,90,87,3,160,112,154,10,225,37,204,55,124,115,213,189,104,121,33,181,89,66,213,189,252,134,36,33,31,199,20,53,60,93,95,173,154,46,30,241,248,91,64,5,212,178,164,202,109,86,150,67,44,234,217,157,48,63,185,24,155,103,177,175,211,7,132,120,219,211,125,67,197,51,1739093456776,/dev/cu.usbmodem14201
228,163,176,170,118,50,188,242,83,2,168,92,127,97,80,233,179,34,163,42,249,139,215,152,91,53,130,139,200,250,100,104,156,195,188,213,71,203,138,246,135,88,91,56,202,192,213,233,190,86,33,172,11,75,232,101,61,1,190,227,23,201,224,251,230,243,113,153,52,222,114,221,68,70,131,124,18,226,242,5,251,26,125,82,165,36,235,165,83,102,180,42,106,155,16,10,153,144,65,136,44,189,57,12,239,85,188,207,102,2,252,124,239,43,231,211,250,229,7,59,149,31,172,39,113,41,179,126,119,22,59,248,27,160,41,2,41,24,142,110,111,49,43,84,35,142,146,68,76,156,64,70,146,35,230,103,168,108,189,204,167,230,247,80,41,94,113,41,58,251,208,88,60,24,69,122,129,165,199,131,163,4,31,4,202,190,224,180,89,185,83,41,157,199,163,42,217,173,74,131,56,169,157,155,27,182,168,55,157,44,235,55,111,13,218,1,137,251,129,208,54,156,174,60,120,186,23,11,121,194,58,173,99,177,152,143,207,135,240,167,222,236,125,7,47,124,30,61,187,205,1739093456777,/dev/cu.usbmodem14201
160,122,173,227,242,75,94,19,207,35,223,72,159,5,33,239,117,229,83,204,71,208,54,16,73,89,202,62,181,179,174,195,228,141,2,95,136,184,217,186,2,183,27,131,55,234,230,205,162,137,134,183,121,207,229,68,24,102,161,203,5,192,168,145,170,187,116,175,3,230,167,152,17,83,198,117,165,250,59,129,46,16,50,237,3,71,57,115,254,52,137,200,124,151,255,167,17,191,183,47,105,202,77,151,196,208,128,121,248,85,238,219,118,246,48,83,147,248,73,36,241,104,208,149,117,52,41,207,159,32,201,105,187,172,112,1,174,34,35,0,47,158,156,47,50,141,151,117,226,223,194,235,110,86,105,107,125,213,70,228,47,43,182,22,192,134,89,95,99,172,223,159,135,74,130,115,167,163,141,121,231,214,204,116,150,228,98,75,4,135,29,128,54,90,136,34,0,109,211,128,238,87,80,136,57,84,156,224,201,18,50,9,10,127,200,134,81,50,158,30,71,240,21,54,193,92,229,177,67,99,1,123,222,32,186,146,82,120,31,83,112,234,228,73,8,73,3,101,105,66,1739093456778,/dev/cu.usbmodem14201
66,155,47,246,116,2,15,181,237,255,141,21,175,83,227,128,46,190,129,22,223,18,133,42,203,184,133,109,48,251,213,189,32,123,35,229,104,147,38,255,89,117,198,47,51,118,146,105,161,13,39,67,150,217,22,135,128,25,51,166,203,132,111,5,80,55,9,203,49,193,177,68,103,171,175,135,200,174,253,100,167,77,111,121,196,84,94,229,200,87,29,231,84,34,215,81,243,151,167,43,164,52,41,139,135,165,65,249,30,159,195,236,228,12,174,6,172,176,125,181,95,131,125,200,122,114,129,79,249,70,88,229,119,58,179,167,127,14,79,242,97,13,240,59,40,16,82,95,7,244,245,60,154,48,70,182,54,152,15,121,165,217,111,189,53,98,196,148,118,158,163,111,19,218,12,225,46,157,51,54,152,183,106,45,176,240,12,197,44,156,232,109,160,242,29,253,89,151,166,137,104,28,86,170,166,58,198,187,215,238,149,142,220,74,210,49,248,103,9,68,147,171,198,162,45,130,66,157,155,163,184,114,100,53,224,80,32,28,81,150,15,204,24,160,176,150,227,5,58,72,1739093456778,QBYTE | 