ColorZ: 1.65 RotZ: 1.85 RNG params: trng True False
171,20,48,166,183,43,234,245,77,132,161,158,206,126,13,20,168,22,97,213,83,37,30,22,112,180,155,50,213,23,162,187,171,66,113,35,89,157,168,215,186,83,253,150,132,198,8,198,234,115,25,83,39,54,102,108,27,37,71,152,140,217,143,16,90,141,156,85,166,115,34,138,52,48,91,41,147,96,120,26,123,30,11,172,168,168,11,177,140,249,126,157,226,99,30,236,185,12,51,214,27,4,68,23,156,70,57,221,236,253,99,77,93,254,219,196,100,213,220,71,238,103,174,110,208,71,224,160,47,117,188,2,255,114,46,148,61,199,194,139,50,179,250,207,150,177,244,4,40,173,174,165,235,55,247,51,36,68,23,215,7,55,201,146,117,208,35,177,165,127,92,62,183,130,34,103,110,241,179,253,102,128,127,254,151,48,18,88,83,237,50,85,130,96,111,2,223,63,121,150,178,21,169,191,208,166,106,210,131,170,177,15,168,83,62,173,210,96,166,219,142,241,97,254,25,33,95,189,228,124,162,131,240,220,230,191,219,69,47,145,206,113,50,193,37,224,236,188,60,232,1739147297444,QBYTE | lewison
63,54,189,202,67,217,162,117,92,69,52,102,103,231,224,46,68,133,54,70,29,22,127,225,74,151,215,37,79,106,236,40,181,214,236,217,163,153,101,208,149,46,218,214,19,17,159,172,104,20,61,130,125,87,95,170,41,151,246,216,164,87,115,212,113,6,0,226,17,81,167,206,46,79,35,107,226,221,174,222,110,2,112,60,132,138,44,18,223,200,176,150,103,35,220,189,191,126,254,35,116,119,5,150,23,46,65,40,43,254,171,199,90,203,148,234,253,38,124,133,110,235,146,75,244,174,194,190,211,201,129,41,121,137,154,33,115,50,92,143,93,203,189,45,207,110,186,8,188,39,255,92,71,227,46,151,103,45,248,70,188,32,249,235,221,145,72,147,26,122,139,105,74,232,142,77,12,70,84,49,189,233,103,246,84,141,41,92,205,54,201,32,145,62,88,144,101,227,172,181,51,217,44,231,175,6,185,67,61,148,177,219,103,174,244,112,22,138,209,124,119,245,142,62,232,116,174,200,134,107,26,39,86,143,139,123,228,236,188,65,31,114,169,220,254,80,140,235,149,185,1739147297445,QBYTE | polkas
117,164,127,1,38,182,119,110,27,61,160,145,119,200,203,2,180,44,112,59,113,27,36,13,48,4,178,0,212,120,148,39,245,74,19,200,168,92,243,222,131,32,174,144,56,149,168,90,87,121,70,45,215,5,127,198,220,80,30,139,203,172,0,223,211,254,71,54,108,4,190,140,99,234,217,102,149,145,123,131,141,40,179,194,5,172,213,63,96,95,206,180,145,218,48,82,194,60,90,100,122,18,160,67,113,178,216,194,47,144,3,183,221,48,121,56,1,215,46,240,128,208,156,233,22,60,32,27,145,138,137,109,66,79,57,249,127,82,127,72,234,248,230,76,240,66,67,71,191,91,249,95,161,2,53,226,0,247,32,63,100,51,138,109,92,53,96,30,1,74,240,228,190,35,124,97,179,232,214,0,49,165,75,147,24,108,249,21,34,51,178,250,40,143,127,252,145,244,110,91,192,156,100,131,248,15,76,99,35,81,37,72,224,18,172,1,189,30,234,239,73,106,65,159,81,198,131,81,234,73,162,62,3,194,18,101,181,228,23,190,45,173,43,118,95,145,217,73,5,178,1739147298098,/dev/cu.usbmodem14201
51,77,252,36,98,252,146,67,177,124,6,29,49,162,131,134,80,146,87,85,252,131,243,239,22,104,216,122,50,255,119,156,0,244,242,67,3,216,49,60,205,127,126,90,123,235,207,59,140,164,170,142,187,84,120,67,177,156,75,162,146,151,209,42,219,11,15,192,207,23,54,223,192,253,45,13,134,96,20,143,53,32,218,246,6,107,172,15,174,103,221,214,93,88,252,41,115,105,241,126,137,250,87,47,131,207,76,66,6,192,175,119,6,233,105,133,246,199,156,89,251,50,166,105,202,28,0,132,190,43,20,45,84,242,54,151,188,190,73,80,167,75,156,28,184,45,242,191,186,223,250,246,6,183,28,163,70,62,112,29,1,245,203,77,110,110,15,58,248,124,118,4,131,46,193,245,179,0,202,193,136,150,89,69,255,59,6,195,192,172,2,255,158,28,183,5,5,216,34,169,72,52,250,169,84,13,192,155,3,5,224,63,246,251,173,192,41,194,95,195,179,196,152,82,193,253,229,158,204,160,107,232,110,46,255,120,245,36,171,251,142,210,62,173,81,176,100,111,25,232,1739147298098,/dev/cu.usbmodem1413101
109,57,193,20,127,161,67,137,99,172,236,253,238,191,232,70,158,206,29,203,56,15,6,34,203,93,219,104,250,150,58,97,123,62,132,199,11,119,208,98,47,38,75,8,95,97,126,111,150,70,49,68,67,249,101,88,112,80,47,192,139,204,191,66,141,43,184,208,74,102,107,75,245,59,203,248,252,82,181,141,190,24,255,174,125,205,175,123,97,107,188,231,84,216,4,45,121,73,82,20,78,86,231,246,75,84,68,69,237,247,89,253,70,43,232,8,37,117,219,98,188,85,192,206,227,46,178,72,29,201,13,238,115,176,119,42,170,246,122,142,48,66,14,2,241,106,10,24,208,48,242,4,244,58,200,215,225,248,6,131,170,229,144,78,181,133,55,237,225,217,146,166,182,232,98,152,55,186,22,50,89,230,99,119,223,66,98,219,176,111,182,115,24,98,177,202,125,23,19,203,196,7,134,60,58,149,176,233,163,181,157,92,89,207,14,87,130,131,84,226,79,116,155,120,218,212,182,75,63,49,177,255,36,181,21,192,85,208,73,168,167,191,253,74,223,170,5,136,114,51,1739147298099,/dev/cu.usbmodem1413201
47,33,246,94,99,28,224,202,170,11,13,219,203,86,223,73,130,228,125,187,168,210,94,143,169,45,178,88,223,149,101,38,251,107,82,105,185,239,206,3,172,242,34,135,68,69,123,130,88,100,18,231,189,47,18,17,140,86,72,92,110,138,111,117,249,192,143,37,119,67,110,113,120,160,221,144,55,97,163,236,0,109,175,12,40,65,151,13,217,255,102,95,237,148,208,149,158,27,184,222,132,25,251,141,16,195,111,59,141,182,135,78,194,213,222,163,69,239,139,112,228,149,252,50,133,53,137,123,29,253,79,196,221,219,76,187,54,124,234,5,106,218,232,100,120,5,244,14,57,224,3,127,233,141,177,252,68,85,148,52,44,149,20,104,174,158,179,81,199,91,91,102,139,53,79,99,125,59,89,63,65,128,231,195,228,17,227,160,145,239,130,50,0,168,84,212,6,134,187,11,106,36,58,130,246,221,153,71,181,37,120,247,82,243,239,196,70,221,42,68,122,101,174,73,25,17,64,90,97,129,226,232,75,172,64,75,239,239,121,116,175,111,95,39,243,110,97,2,78,2,1739147298099,/dev/cu.usbmodem1413401
217,95,40,123,102,163,126,237,64,80,190,163,2,88,9,167,202,8,142,27,109,192,169,0,106,147,130,143,251,119,219,190,183,67,35,190,49,96,91,30,65,149,31,98,227,88,98,67,226,157,25,97,197,51,127,17,149,51,196,59,37,133,215,227,18,40,217,108,41,163,83,244,118,100,207,166,104,207,50,96,6,206,154,89,205,124,115,149,144,143,54,187,203,246,179,235,132,75,180,131,92,156,120,211,245,34,207,78,149,49,167,201,202,242,188,74,198,23,166,35,215,80,55,77,176,35,80,184,246,159,103,180,132,58,126,141,83,219,210,6,128,51,187,178,68,153,243,221,107,208,82,70,60,123,108,43,224,108,110,215,238,222,19,91,15,69,241,211,143,39,110,242,219,20,78,117,205,35,176,96,207,247,127,84,7,105,96,158,184,211,6,21,195,15,212,207,65,202,4,215,243,84,105,8,155,182,170,133,161,136,182,115,132,129,247,128,61,106,236,143,249,200,90,108,120,51,249,113,221,73,200,72,252,114,165,125,68,46,238,225,67,189,166,250,36,96,109,71,176,246,1739147298099,/dev/cu.usbmodem14124201
161,111,226,190,185,91,26,63,53,240,169,73,92,228,231,173,151,82,4,185,223,80,50,185,200,104,56,195,26,173,178,128,187,185,159,65,101,253,216,111,254,200,96,171,173,91,62,90,7,17,245,4,91,222,74,238,145,57,237,28,201,113,80,130,155,226,96,135,167,206,171,176,103,234,205,29,147,56,122,65,133,250,246,105,245,50,101,55,61,125,80,177,215,231,97,194,43,166,231,79,64,22,159,18,254,208,240,150,94,66,147,83,192,150,58,42,60,106,225,202,243,48,168,105,203,211,136,151,16,251,184,89,195,152,233,169,246,217,119,185,5,214,204,78,174,205,131,111,173,44,237,217,96,143,72,126,158,179,90,246,13,143,230,58,107,132,5,63,68,128,185,42,133,43,156,110,105,242,211,147,175,180,161,102,68,230,46,119,167,41,168,61,116,159,70,164,255,3,141,194,12,151,239,62,142,31,115,75,131,156,120,200,64,162,241,85,159,109,232,189,211,239,159,94,109,244,108,225,141,70,32,214,196,253,174,37,122,200,42,104,89,98,186,40,196,87,122,213,148,204,1739147298099,/dev/cu.usbmodem14124401
194,240,72,23,144,141,167,55,55,251,193,167,187,121,163,176,43,189,116,178,107,78,77,110,56,229,104,195,144,200,248,112,37,233,172,88,229,85,213,189,164,48,27,243,121,14,67,106,93,243,43,98,24,80,218,71,70,189,3,34,102,75,244,149,171,155,69,3,88,35,198,190,56,28,220,74,101,237,134,216,248,92,25,97,76,2,216,25,24,204,136,227,108,188,68,182,94,83,65,217,58,135,43,40,236,154,211,161,96,182,198,46,207,18,34,71,127,7,205,140,231,247,68,87,194,28,41,229,3,180,44,188,194,182,32,194,205,137,169,224,210,74,167,64,112,225,52,206,119,87,66,84,138,95,81,161,15,52,189,130,177,209,113,129,113,3,198,42,225,246,215,122,43,14,144,235,26,146,59,146,37,148,216,193,147,151,64,35,117,177,242,140,19,113,18,128,1,110,69,205,85,54,245,106,190,249,230,52,181,92,183,87,230,29,82,169,137,134,112,103,71,205,202,71,75,43,137,142,134,212,252,171,166,112,221,145,55,220,153,20,10,95,191,55,29,38,224,176,241,200,1739147298099,/dev/cu.usbmodem14124101
52,72,117,153,122,30,81,127,174,138,147,178,173,242,24,121,191,9,163,223,160,54,135,90,10,135,38,164,24,89,53,187,187,199,43,140,11,237,243,153,118,253,107,41,102,180,228,166,104,154,43,203,218,65,167,101,208,198,205,85,180,116,122,67,98,243,60,216,127,0,163,136,63,146,52,42,111,254,114,37,184,183,85,114,204,19,179,192,100,165,154,183,220,129,45,115,179,244,20,32,49,160,87,147,150,227,65,144,239,172,143,126,125,6,57,90,16,20,154,2,220,115,158,156,70,223,230,214,33,17,53,91,53,127,63,40,110,74,214,96,91,224,93,117,126,87,250,199,103,101,157,218,115,219,4,155,84,195,32,5,25,145,131,148,123,51,28,148,129,62,113,136,118,73,163,96,7,41,109,70,53,200,9,176,240,101,90,17,125,154,173,241,14,24,50,114,44,37,99,157,205,55,202,151,239,44,97,46,161,159,193,33,152,252,21,166,127,91,233,123,185,87,132,254,102,178,79,247,150,239,78,74,238,221,228,190,198,34,87,198,37,54,65,66,53,57,234,225,31,216,1739147298100,/dev/cu.usbmodem14124301
117,164,127,1,38,182,119,110,27,61,160,145,119,200,203,2,180,44,112,59,113,27,36,13,48,4,178,0,212,120,148,39,245,74,19,200,168,92,243,222,131,32,174,144,56,149,168,90,87,121,70,45,215,5,127,198,220,80,30,139,203,172,0,223,211,254,71,54,108,4,190,140,99,234,217,102,149,145,123,131,141,40,179,194,5,172,213,63,96,95,206,180,145,218,48,82,194,60,90,100,122,18,160,67,113,178,216,194,47,144,3,183,221,48,121,56,1,215,46,240,128,208,156,233,22,60,32,27,145,138,137,109,66,79,57,249,127,82,127,72,234,248,230,76,240,66,67,71,191,91,249,95,161,2,53,226,0,247,32,63,100,51,138,109,92,53,96,30,1,74,240,228,190,35,124,97,179,232,214,0,49,165,75,147,24,108,249,21,34,51,178,250,40,143,127,252,145,244,110,91,192,156,100,131,248,15,76,99,35,81,37,72,224,18,172,1,189,30,234,239,73,106,65,159,81,198,131,81,234,73,162,62,3,194,18,101,181,228,23,190,45,173,43,118,95,145,217,73,5,178,51,77,252,36,98,252,146,67,177,124,6,29,49,162,131,134,80,146,87,85,252,131,243,239,22,104,216,122,50,255,119,156,0,244,242,67,3,216,49,60,205,127,126,90,123,235,207,59,140,164,170,142,187,84,120,67,177,156,75,162,146,151,209,42,219,11,15,192,207,23,54,223,192,253,45,13,134,96,20,143,53,32,218,246,6,107,172,15,174,103,221,214,93,88,252,41,115,105,241,126,137,250,87,47,131,207,76,66,6,192,175,119,6,233,105,133,246,199,156,89,251,50,166,105,202,28,0,132,190,43,20,45,84,242,54,151,188,190,73,80,167,75,156,28,184,45,242,191,186,223,250,246,6,183,28,163,70,62,112,29,1,245,203,77,110,110,15,58,248,124,118,4,131,46,193,245,179,0,202,193,136,150,89,69,255,59,6,195,192,172,2,255,158,28,183,5,5,216,34,169,72,52,250,169,84,13,192,155,3,5,224,63,246,251,173,192,41,194,95,195,179,196,152,82,193,253,229,158,204,160,107,232,110,46,255,120,245,36,171,251,142,210,62,173,81,176,100,111,25,232,109,57,193,20,127,161,67,137,99,172,236,253,238,191,232,70,158,206,29,203,56,15,6,34,203,93,219,104,250,150,58,97,123,62,132,199,11,119,208,98,47,38,75,8,95,97,126,111,150,70,49,68,67,249,101,88,112,80,47,192,139,204,191,66,141,43,184,208,74,102,107,75,245,59,203,248,252,82,181,141,190,24,255,174,125,205,175,123,97,107,188,231,84,216,4,45,121,73,82,20,78,86,231,246,75,84,68,69,237,247,89,253,70,43,232,8,37,117,219,98,188,85,192,206,227,46,178,72,29,201,13,238,115,176,119,42,170,246,122,142,48,66,14,2,241,106,10,24,208,48,242,4,244,58,200,215,225,248,6,131,170,229,144,78,181,133,55,237,225,217,146,166,182,232,98,152,55,186,22,50,89,230,99,119,223,66,98,219,176,111,182,115,24,98,177,202,125,23,19,203,196,7,134,60,58,149,176,233,163,181,157,92,89,207,14,87,130,131,84,226,79,116,155,120,218,212,182,75,63,49,177,255,36,181,21,192,85,208,73,168,167,191,253,74,223,170,5,136,114,51,47,33,246,94,99,28,224,202,170,11,13,219,203,86,223,73,130,228,125,187,168,210,94,143,169,45,178,88,223,149,101,38,251,107,82,105,185,239,206,3,172,242,34,135,68,69,123,130,88,100,18,231,189,47,18,17,140,86,72,92,110,138,111,117,249,192,143,37,119,67,110,113,120,160,221,144,55,97,163,236,0,109,175,12,40,65,151,13,217,255,102,95,237,148,208,149,158,27,184,222,132,25,251,141,16,195,111,59,141,182,135,78,194,213,222,163,69,239,139,112,228,149,252,50,133,53,137,123,29,253,79,196,221,219,76,187,54,124,234,5,106,218,232,100,120,5,244,14,57,224,3,127,233,141,177,252,68,85,148,52,44,149,20,104,174,158,179,81,199,91,91,102,139,53,79,99,125,59,89,63,65,128,231,195,228,17,227,160,145,239,130,50,0,168,84,212,6,134,187,11,106,36,58,130,246,221,153,71,181,37,120,247,82,243,239,196,70,221,42,68,122,101,174,73,25,17,64,90,97,129,226,232,75,172,64,75,239,239,121,116,175,111,95,39,243,110,97,2,78,2,217,95,40,123,102,163,126,237,64,80,190,163,2,88,9,167,202,8,142,27,109,192,169,0,106,147,130,143,251,119,219,190,183,67,35,190,49,96,91,30,65,149,31,98,227,88,98,67,226,157,25,97,197,51,127,17,149,51,196,59,37,133,215,227,18,40,217,108,41,163,83,244,118,100,207,166,104,207,50,96,6,206,154,89,205,124,115,149,144,143,54,187,203,246,179,235,132,75,180,131,92,156,120,211,245,34,207,78,149,49,167,201,202,242,188,74,198,23,166,35,215,80,55,77,176,35,80,184,246,159,103,180,132,58,126,141,83,219,210,6,128,51,187,178,68,153,243,221,107,208,82,70,60,123,108,43,224,108,110,215,238,222,19,91,15,69,241,211,143,39,110,242,219,20,78,117,205,35,176,96,207,247,127,84,7,105,96,158,184,211,6,21,195,15,212,207,65,202,4,215,243,84,105,8,155,182,170,133,161,136,182,115,132,129,247,128,61,106,236,143,249,200,90,108,120,51,249,113,221,73,200,72,252,114,165,125,68,46,238,225,67,189,166,250,36,96,109,71,176,246,161,111,226,190,185,91,26,63,53,240,169,73,92,228,231,173,151,82,4,185,223,80,50,185,200,104,56,195,26,173,178,128,187,185,159,65,101,253,216,111,254,200,96,171,173,91,62,90,7,17,245,4,91,222,74,238,145,57,237,28,201,113,80,130,155,226,96,135,167,206,171,176,103,234,205,29,147,56,122,65,133,250,246,105,245,50,101,55,61,125,80,177,215,231,97,194,43,166,231,79,64,22,159,18,254,208,240,150,94,66,147,83,192,150,58,42,60,106,225,202,243,48,168,105,203,211,136,151,16,251,184,89,195,152,233,169,246,217,119,185,5,214,204,78,174,205,131,111,173,44,237,217,96,143,72,126,158,179,90,246,13,143,230,58,107,132,5,63,68,128,185,42,133,43,156,110,105,242,211,147,175,180,161,102,68,230,46,119,167,41,168,61,116,159,70,164,255,3,141,194,12,151,239,62,142,31,115,75,131,156,120,200,64,162,241,85,159,109,232,189,211,239,159,94,109,244,108,225,141,70,32,214,196,253,174,37,122,200,42,104,89,98,186,40,196,87,122,213,148,204,194,240,72,23,144,141,167,55,55,251,193,167,187,121,163,176,43,189,116,178,107,78,77,110,56,229,104,195,144,200,248,112,37,233,172,88,229,85,213,189,164,48,27,243,121,14,67,106,93,243,43,98,24,80,218,71,70,189,3,34,102,75,244,149,171,155,69,3,88,35,198,190,56,28,220,74,101,237,134,216,248,92,25,97,76,2,216,25,24,204,136,227,108,188,68,182,94,83,65,217,58,135,43,40,236,154,211,161,96,182,198,46,207,18,34,71,127,7,205,140,231,247,68,87,194,28,41,229,3,180,44,188,194,182,32,194,205,137,169,224,210,74,167,64,112,225,52,206,119,87,66,84,138,95,81,161,15,52,189,130,177,209,113,129,113,3,198,42,225,246,215,122,43,14,144,235,26,146,59,146,37,148,216,193,147,151,64,35,117,177,242,140,19,113,18,128,1,110,69,205,85,54,245,106,190,249,230,52,181,92,183,87,230,29,82,169,137,134,112,103,71,205,202,71,75,43,137,142,134,212,252,171,166,112,221,145,55,220,153,20,10,95,191,55,29,38,224,176,241,200,52,72,117,153,122,30,81,127,174,138,147,178,173,242,24,121,191,9,163,223,160,54,135,90,10,135,38,164,24,89,53,187,187,199,43,140,11,237,243,153,118,253,107,41,102,180,228,166,104,154,43,203,218,65,167,101,208,198,205,85,180,116,122,67,98,243,60,216,127,0,163,136,63,146,52,42,111,254,114,37,184,183,85,114,204,19,179,192,100,165,154,183,220,129,45,115,179,244,20,32,49,160,87,147,150,227,65,144,239,172,143,126,125,6,57,90,16,20,154,2,220,115,158,156,70,223,230,214,33,17,53,91,53,127,63,40,110,74,214,96,91,224,93,117,126,87,250,199,103,101,157,218,115,219,4,155,84,195,32,5,25,145,131,148,123,51,28,148,129,62,113,136,118,73,163,96,7,41,109,70,53,200,9,176,240,101,90,17,125,154,173,241,14,24,50,114,44,37,99,157,205,55,202,151,239,44,97,46,161,159,193,33,152,252,21,166,127,91,233,123,185,87,132,254,102,178,79,247,150,239,78,74,238,221,228,190,198,34,87,198,37,54,65,66,53,57,234,225,31,216,1739147298101,QBYTE | low-income
rotation
112,67,213,79,57,191,186,147,244,222,30,207,56,194,55,4,232,18,168,6,53,6,133,43,170,206,149,21,138,148,44,236,211,84,21,27,236,4,70,97,155,239,178,90,79,216,206,101,78,159,132,213,247,152,116,85,17,31,233,82,88,185,95,148,41,151,61,143,96,67,179,78,129,20,150,216,215,164,33,36,177,12,127,222,73,72,171,60,250,246,12,218,171,129,234,10,127,10,55,157,114,30,29,83,207,125,47,155,92,110,73,250,111,212,177,108,67,250,87,199,24,4,152,239,216,146,108,211,199,37,37,19,83,142,163,123,61,241,241,212,212,12,50,36,72,178,191,127,12,230,145,178,98,243,36,95,17,216,58,213,14,209,118,49,108,140,205,7,60,176,51,87,181,0,31,24,105,9,28,185,200,25,215,24,117,60,97,98,125,191,146,184,41,150,50,85,69,60,155,151,11,57,201,165,134,250,213,54,57,211,72,80,241,54,86,90,58,234,173,236,28,11,160,189,191,117,36,69,236,222,9,183,222,32,196,5,146,10,241,103,147,240,17,204,39,223,85,132,46,177,1739147299173,/dev/cu.usbmodem14201
44,156,241,173,104,195,194,99,97,249,28,48,7,208,199,226,59,141,79,2,30,92,250,185,94,79,114,63,231,175,207,39,240,106,228,202,197,14,82,115,37,116,115,118,249,8,113,137,177,31,212,178,198,37,178,229,10,53,27,89,37,29,83,145,73,37,190,159,242,63,6,220,199,0,207,75,211,218,16,194,178,78,23,208,87,4,165,75,248,95,36,11,48,234,188,111,208,160,155,142,125,42,94,147,78,61,182,23,97,182,93,65,189,117,199,1,162,170,47,17,232,226,88,8,169,33,83,87,208,240,133,6,229,165,120,74,161,132,213,56,22,105,8,108,213,121,57,117,208,243,241,183,177,69,26,240,7,132,152,242,119,17,103,192,154,0,183,82,225,231,137,106,178,138,0,163,26,166,57,24,94,55,62,54,167,197,88,152,241,187,247,85,175,164,107,110,234,145,192,85,138,114,237,173,115,203,176,191,226,61,6,180,27,49,173,236,35,152,60,119,140,108,61,227,40,235,7,70,157,163,0,7,133,109,50,176,41,186,223,117,116,89,19,4,173,14,75,178,129,19,1739147299173,/dev/cu.usbmodem1413101
52,169,14,20,10,100,179,65,91,111,84,133,23,100,34,228,207,237,119,49,116,15,222,166,145,24,173,182,224,143,211,95,4,196,241,29,140,160,186,219,247,101,22,98,62,206,203,134,173,42,199,83,227,162,233,114,139,183,242,241,52,65,216,103,100,168,22,174,241,18,87,217,109,53,54,15,45,2,129,35,178,255,143,36,159,187,124,212,210,183,133,181,214,126,244,52,15,229,223,16,180,232,176,105,59,212,159,150,198,43,240,26,210,103,253,98,113,92,85,104,194,211,41,224,237,104,68,165,195,127,67,53,85,95,80,146,153,159,152,114,73,165,124,240,199,218,22,140,9,29,224,53,135,250,36,75,247,210,103,16,188,205,252,10,161,161,158,167,212,243,189,224,188,54,22,105,82,190,145,33,240,201,109,130,4,201,204,93,122,47,98,2,109,28,247,168,222,32,173,233,115,69,51,171,83,116,96,235,113,105,18,96,113,112,0,169,12,239,14,201,101,163,107,1,74,106,7,204,32,47,138,227,2,31,205,236,140,155,188,83,1,78,47,188,121,3,174,78,194,245,1739147299173,/dev/cu.usbmodem1413201
116,113,50,231,227,117,147,20,144,210,14,71,11,188,114,180,223,202,52,131,142,96,90,199,94,64,107,122,139,250,140,59,64,214,189,164,250,93,153,48,84,189,208,240,239,155,14,54,24,4,34,41,37,244,179,251,25,127,173,157,229,224,52,220,230,11,171,129,92,88,117,148,164,204,99,147,63,154,49,188,157,158,73,44,221,78,95,29,1,145,210,9,21,61,127,7,220,247,94,104,69,179,50,229,175,98,168,237,171,222,156,20,85,94,70,74,93,186,246,123,232,0,134,44,187,250,30,189,189,199,204,62,227,164,199,70,187,61,129,223,90,4,221,218,137,133,40,150,223,170,28,223,137,119,141,183,48,240,193,247,197,119,7,197,92,172,153,112,200,33,121,227,79,38,104,102,48,40,193,99,85,38,125,188,162,28,129,34,239,58,189,32,84,214,89,165,148,69,80,7,136,245,74,89,136,217,135,120,193,110,201,102,121,224,201,241,154,136,120,184,246,81,67,179,193,241,199,116,14,252,19,145,12,105,175,101,96,128,226,169,240,73,155,224,93,130,194,169,201,2,1739147299173,/dev/cu.usbmodem1413401
142,184,92,63,6,15,113,241,133,102,255,76,194,180,113,139,150,56,248,110,40,91,180,178,75,85,206,150,214,22,71,40,61,231,168,83,139,173,172,102,146,202,86,219,101,60,114,125,142,137,133,39,142,102,107,236,32,187,46,134,58,75,100,187,28,173,32,41,206,202,122,235,41,176,54,214,42,59,206,79,231,240,249,233,152,5,138,123,32,137,57,139,9,209,60,54,187,10,215,43,12,51,68,231,96,119,237,182,15,193,53,84,179,236,32,91,255,197,5,4,227,100,10,139,3,187,74,209,239,255,179,153,59,114,211,99,17,137,175,87,95,151,70,98,143,44,110,227,12,74,26,204,242,43,99,11,27,252,85,111,197,25,106,176,73,228,80,63,156,181,233,209,224,66,228,190,104,46,134,10,178,107,240,87,160,136,154,139,244,177,247,235,225,158,186,160,131,3,218,147,113,148,11,150,13,199,212,72,200,174,127,16,208,70,175,174,57,235,168,113,81,57,16,7,104,251,112,104,95,219,112,92,39,159,176,196,180,45,252,120,137,143,27,245,201,31,176,97,81,27,1739147299174,/dev/cu.usbmodem14124201
60,78,109,253,108,231,45,153,248,45,204,32,26,94,72,233,160,152,53,9,106,205,203,167,71,13,150,10,217,78,147,124,245,76,75,145,80,109,187,174,57,182,10,48,96,209,217,86,219,70,170,167,179,97,120,252,43,190,233,189,126,59,206,8,89,251,92,115,73,215,178,169,9,37,220,209,128,209,131,200,73,8,198,2,179,128,253,3,96,110,143,94,14,157,122,242,21,191,99,222,235,232,254,242,82,99,152,6,173,242,13,65,249,89,36,1,49,52,169,111,31,91,176,219,63,124,168,201,63,15,189,185,5,128,152,131,253,194,235,150,54,5,244,180,183,26,220,213,21,2,201,247,254,66,166,94,156,204,190,165,139,102,120,46,224,37,1,61,202,187,147,175,152,140,176,8,206,87,210,19,84,37,49,217,212,196,163,110,52,218,154,252,239,173,250,177,70,95,235,19,112,78,96,69,81,238,122,201,1,177,68,69,190,121,137,76,41,149,117,138,82,123,222,199,48,15,186,183,157,207,1,82,139,40,204,109,179,178,225,43,16,204,69,66,245,197,154,107,147,9,1739147299174,/dev/cu.usbmodem14124401
94,248,21,231,132,174,78,103,86,19,121,20,35,97,84,197,143,117,213,93,24,17,182,149,102,215,193,164,246,90,207,181,88,243,145,139,231,216,49,41,181,82,118,183,252,84,194,117,64,123,118,104,238,239,151,83,251,102,105,224,238,225,181,121,12,234,21,60,216,237,175,215,62,188,213,233,51,194,58,38,54,104,9,8,29,70,144,23,1,214,147,70,38,231,13,86,60,117,66,33,6,46,25,120,217,76,187,13,215,245,39,58,157,228,193,23,41,72,97,52,101,162,74,12,142,153,230,114,67,25,186,235,235,92,228,57,177,8,231,47,232,160,126,50,165,10,247,66,208,109,205,63,143,200,102,62,106,224,160,146,184,145,112,57,170,132,147,6,96,51,53,240,103,18,174,12,210,189,193,14,119,117,204,248,55,130,194,227,247,235,15,159,205,3,65,2,71,96,111,225,0,39,219,44,84,224,215,199,28,113,105,226,212,246,153,133,242,5,80,225,156,46,25,227,105,10,127,146,96,93,44,46,120,219,93,133,185,242,209,160,56,221,197,19,190,73,196,160,116,112,1739147299174,/dev/cu.usbmodem14124101
78,193,222,167,23,103,155,52,19,73,127,143,45,145,69,82,4,48,116,66,202,253,29,221,133,57,211,13,132,26,247,148,14,117,73,98,55,223,93,211,125,198,9,50,177,183,0,0,175,70,75,46,34,76,142,43,204,92,153,122,239,218,187,44,188,114,60,142,37,79,2,226,238,52,23,50,131,178,176,81,18,168,64,124,190,233,121,43,192,178,33,177,232,18,166,87,233,115,240,178,174,122,7,16,34,89,59,236,52,191,1,185,10,64,178,135,8,201,25,14,17,245,13,203,118,235,73,165,29,103,237,121,169,73,24,228,107,83,238,30,3,39,203,155,224,116,72,158,126,212,14,192,9,108,103,14,23,74,111,239,0,88,0,194,13,152,142,152,10,24,107,198,128,233,128,236,26,222,182,82,91,38,195,187,30,194,145,226,69,151,232,218,92,204,169,25,220,247,69,149,69,50,117,115,142,96,79,157,192,81,61,93,161,173,183,238,251,136,139,173,253,39,227,53,155,229,44,34,203,203,48,140,149,137,69,104,66,252,164,82,129,235,115,174,42,215,161,117,247,168,1739147299174,/dev/cu.usbmodem14124301
112,67,213,79,57,191,186,147,244,222,30,207,56,194,55,4,232,18,168,6,53,6,133,43,170,206,149,21,138,148,44,236,211,84,21,27,236,4,70,97,155,239,178,90,79,216,206,101,78,159,132,213,247,152,116,85,17,31,233,82,88,185,95,148,41,151,61,143,96,67,179,78,129,20,150,216,215,164,33,36,177,12,127,222,73,72,171,60,250,246,12,218,171,129,234,10,127,10,55,157,114,30,29,83,207,125,47,155,92,110,73,250,111,212,177,108,67,250,87,199,24,4,152,239,216,146,108,211,199,37,37,19,83,142,163,123,61,241,241,212,212,12,50,36,72,178,191,127,12,230,145,178,98,243,36,95,17,216,58,213,14,209,118,49,108,140,205,7,60,176,51,87,181,0,31,24,105,9,28,185,200,25,215,24,117,60,97,98,125,191,146,184,41,150,50,85,69,60,155,151,11,57,201,165,134,250,213,54,57,211,72,80,241,54,86,90,58,234,173,236,28,11,160,189,191,117,36,69,236,222,9,183,222,32,196,5,146,10,241,103,147,240,17,204,39,223,85,132,46,177,44,156,241,173,104,195,194,99,97,249,28,48,7,208,199,226,59,141,79,2,30,92,250,185,94,79,114,63,231,175,207,39,240,106,228,202,197,14,82,115,37,116,115,118,249,8,113,137,177,31,212,178,198,37,178,229,10,53,27,89,37,29,83,145,73,37,190,159,242,63,6,220,199,0,207,75,211,218,16,194,178,78,23,208,87,4,165,75,248,95,36,11,48,234,188,111,208,160,155,142,125,42,94,147,78,61,182,23,97,182,93,65,189,117,199,1,162,170,47,17,232,226,88,8,169,33,83,87,208,240,133,6,229,165,120,74,161,132,213,56,22,105,8,108,213,121,57,117,208,243,241,183,177,69,26,240,7,132,152,242,119,17,103,192,154,0,183,82,225,231,137,106,178,138,0,163,26,166,57,24,94,55,62,54,167,197,88,152,241,187,247,85,175,164,107,110,234,145,192,85,138,114,237,173,115,203,176,191,226,61,6,180,27,49,173,236,35,152,60,119,140,108,61,227,40,235,7,70,157,163,0,7,133,109,50,176,41,186,223,117,116,89,19,4,173,14,75,178,129,19,52,169,14,20,10,100,179,65,91,111,84,133,23,100,34,228,207,237,119,49,116,15,222,166,145,24,173,182,224,143,211,95,4,196,241,29,140,160,186,219,247,101,22,98,62,206,203,134,173,42,199,83,227,162,233,114,139,183,242,241,52,65,216,103,100,168,22,174,241,18,87,217,109,53,54,15,45,2,129,35,178,255,143,36,159,187,124,212,210,183,133,181,214,126,244,52,15,229,223,16,180,232,176,105,59,212,159,150,198,43,240,26,210,103,253,98,113,92,85,104,194,211,41,224,237,104,68,165,195,127,67,53,85,95,80,146,153,159,152,114,73,165,124,240,199,218,22,140,9,29,224,53,135,250,36,75,247,210,103,16,188,205,252,10,161,161,158,167,212,243,189,224,188,54,22,105,82,190,145,33,240,201,109,130,4,201,204,93,122,47,98,2,109,28,247,168,222,32,173,233,115,69,51,171,83,116,96,235,113,105,18,96,113,112,0,169,12,239,14,201,101,163,107,1,74,106,7,204,32,47,138,227,2,31,205,236,140,155,188,83,1,78,47,188,121,3,174,78,194,245,116,113,50,231,227,117,147,20,144,210,14,71,11,188,114,180,223,202,52,131,142,96,90,199,94,64,107,122,139,250,140,59,64,214,189,164,250,93,153,48,84,189,208,240,239,155,14,54,24,4,34,41,37,244,179,251,25,127,173,157,229,224,52,220,230,11,171,129,92,88,117,148,164,204,99,147,63,154,49,188,157,158,73,44,221,78,95,29,1,145,210,9,21,61,127,7,220,247,94,104,69,179,50,229,175,98,168,237,171,222,156,20,85,94,70,74,93,186,246,123,232,0,134,44,187,250,30,189,189,199,204,62,227,164,199,70,187,61,129,223,90,4,221,218,137,133,40,150,223,170,28,223,137,119,141,183,48,240,193,247,197,119,7,197,92,172,153,112,200,33,121,227,79,38,104,102,48,40,193,99,85,38,125,188,162,28,129,34,239,58,189,32,84,214,89,165,148,69,80,7,136,245,74,89,136,217,135,120,193,110,201,102,121,224,201,241,154,136,120,184,246,81,67,179,193,241,199,116,14,252,19,145,12,105,175,101,96,128,226,169,240,73,155,224,93,130,194,169,201,2,142,184,92,63,6,15,113,241,133,102,255,76,194,180,113,139,150,56,248,110,40,91,180,178,75,85,206,150,214,22,71,40,61,231,168,83,139,173,172,102,146,202,86,219,101,60,114,125,142,137,133,39,142,102,107,236,32,187,46,134,58,75,100,187,28,173,32,41,206,202,122,235,41,176,54,214,42,59,206,79,231,240,249,233,152,5,138,123,32,137,57,139,9,209,60,54,187,10,215,43,12,51,68,231,96,119,237,182,15,193,53,84,179,236,32,91,255,197,5,4,227,100,10,139,3,187,74,209,239,255,179,153,59,114,211,99,17,137,175,87,95,151,70,98,143,44,110,227,12,74,26,204,242,43,99,11,27,252,85,111,197,25,106,176,73,228,80,63,156,181,233,209,224,66,228,190,104,46,134,10,178,107,240,87,160,136,154,139,244,177,247,235,225,158,186,160,131,3,218,147,113,148,11,150,13,199,212,72,200,174,127,16,208,70,175,174,57,235,168,113,81,57,16,7,104,251,112,104,95,219,112,92,39,159,176,196,180,45,252,120,137,143,27,245,201,31,176,97,81,27,60,78,109,253,108,231,45,153,248,45,204,32,26,94,72,233,160,152,53,9,106,205,203,167,71,13,150,10,217,78,147,124,245,76,75,145,80,109,187,174,57,182,10,48,96,209,217,86,219,70,170,167,179,97,120,252,43,190,233,189,126,59,206,8,89,251,92,115,73,215,178,169,9,37,220,209,128,209,131,200,73,8,198,2,179,128,253,3,96,110,143,94,14,157,122,242,21,191,99,222,235,232,254,242,82,99,152,6,173,242,13,65,249,89,36,1,49,52,169,111,31,91,176,219,63,124,168,201,63,15,189,185,5,128,152,131,253,194,235,150,54,5,244,180,183,26,220,213,21,2,201,247,254,66,166,94,156,204,190,165,139,102,120,46,224,37,1,61,202,187,147,175,152,140,176,8,206,87,210,19,84,37,49,217,212,196,163,110,52,218,154,252,239,173,250,177,70,95,235,19,112,78,96,69,81,238,122,201,1,177,68,69,190,121,137,76,41,149,117,138,82,123,222,199,48,15,186,183,157,207,1,82,139,40,204,109,179,178,225,43,16,204,69,66,245,197,154,107,147,9,94,248,21,231,132,174,78,103,86,19,121,20,35,97,84,197,143,117,213,93,24,17,182,149,102,215,193,164,246,90,207,181,88,243,145,139,231,216,49,41,181,82,118,183,252,84,194,117,64,123,118,104,238,239,151,83,251,102,105,224,238,225,181,121,12,234,21,60,216,237,175,215,62,188,213,233,51,194,58,38,54,104,9,8,29,70,144,23,1,214,147,70,38,231,13,86,60,117,66,33,6,46,25,120,217,76,187,13,215,245,39,58,157,228,193,23,41,72,97,52,101,162,74,12,142,153,230,114,67,25,186,235,235,92,228,57,177,8,231,47,232,160,126,50,165,10,247,66,208,109,205,63,143,200,102,62,106,224,160,146,184,145,112,57,170,132,147,6,96,51,53,240,103,18,174,12,210,189,193,14,119,117,204,248,55,130,194,227,247,235,15,159,205,3,65,2,71,96,111,225,0,39,219,44,84,224,215,199,28,113,105,226,212,246,153,133,242,5,80,225,156,46,25,227,105,10,127,146,96,93,44,46,120,219,93,133,185,242,209,160,56,221,197,19,190,73,196,160,116,112,78,193,222,167,23,103,155,52,19,73,127,143,45,145,69,82,4,48,116,66,202,253,29,221,133,57,211,13,132,26,247,148,14,117,73,98,55,223,93,211,125,198,9,50,177,183,0,0,175,70,75,46,34,76,142,43,204,92,153,122,239,218,187,44,188,114,60,142,37,79,2,226,238,52,23,50,131,178,176,81,18,168,64,124,190,233,121,43,192,178,33,177,232,18,166,87,233,115,240,178,174,122,7,16,34,89,59,236,52,191,1,185,10,64,178,135,8,201,25,14,17,245,13,203,118,235,73,165,29,103,237,121,169,73,24,228,107,83,238,30,3,39,203,155,224,116,72,158,126,212,14,192,9,108,103,14,23,74,111,239,0,88,0,194,13,152,142,152,10,24,107,198,128,233,128,236,26,222,182,82,91,38,195,187,30,194,145,226,69,151,232,218,92,204,169,25,220,247,69,149,69,50,117,115,142,96,79,157,192,81,61,93,161,173,183,238,251,136,139,173,253,39,227,53,155,229,44,34,203,203,48,140,149,137,69,104,66,252,164,82,129,235,115,174,42,215,161,117,247,168,1739147299176,QBYTE | anti-crime
85,52,230,121,197,140,255,227,191,51,18,253,218,6,240,81,230,169,135,86,74,32,112,157,216,125,27,144,74,246,252,205,97,11,19,4,55,182,14,119,187,179,190,189,55,78,79,39,231,94,197,95,98,160,162,239,123,117,156,206,234,233,163,108,97,42,34,21,147,158,209,235,127,158,152,80,35,20,209,176,54,11,123,68,223,248,180,135,205,91,215,223,187,148,19,184,85,203,73,207,146,165,51,10,0,64,158,6,47,239,100,136,219,173,124,74,110,246,153,215,37,19,3,25,253,98,221,86,5,169,82,157,80,40,23,120,48,32,23,100,197,26,104,176,46,175,136,38,67,167,219,10,51,73,207,243,177,214,240,194,30,167,171,182,171,203,81,11,117,129,239,153,8,203,228,26,58,194,208,58,84,216,103,44,154,162,203,161,149,152,72,205,153,25,174,188,195,255,182,194,86,235,30,34,38,187,118,204,164,110,187,76,104,148,104,103,177,190,143,224,250,224,237,158,128,241,162,110,129,194,239,67,177,178,131,149,47,19,11,101,116,14,249,36,180,20,23,97,159,233,1739147300231,/dev/cu.usbmodem14201
104,15,75,18,95,68,176,10,244,230,187,17,245,120,198,173,254,231,19,128,100,212,126,42,86,179,243,229,206,66,116,100,81,239,50,200,67,142,15,112,182,47,8,34,78,105,70,18,2,108,27,118,196,88,154,99,232,151,89,111,165,68,249,223,246,221,203,30,255,78,208,103,119,83,169,18,53,36,176,247,77,173,12,183,128,162,92,161,4,222,184,244,57,177,192,251,165,16,192,220,126,211,182,209,182,123,43,26,149,117,59,189,112,74,109,201,154,238,239,116,143,65,48,151,11,24,155,252,56,202,206,231,112,27,40,91,251,119,223,116,133,161,144,194,235,125,116,217,128,64,56,39,189,25,60,206,118,217,241,136,205,53,159,162,52,220,246,9,92,195,24,116,144,106,142,30,3,217,35,211,127,94,255,206,81,196,34,142,26,141,173,228,125,31,143,37,52,147,237,195,181,176,109,193,106,56,219,45,185,194,207,132,228,124,206,62,78,153,150,200,30,57,54,102,46,63,37,65,248,23,199,13,105,233,91,175,131,251,225,125,100,120,18,89,250,83,160,192,229,250,1739147300231,/dev/cu.usbmodem1413101
11,106,81,95,45,234,57,18,58,9,114,71,206,212,26,12,213,112,239,233,178,69,36,116,243,246,45,124,192,169,108,233,137,69,6,34,125,121,79,232,12,60,140,121,232,211,223,67,101,102,99,162,91,85,57,243,19,247,147,55,23,126,14,34,48,226,195,77,229,196,1,228,204,68,10,14,197,95,229,50,242,244,84,136,226,193,80,57,18,126,220,166,202,255,47,105,161,192,151,17,100,32,201,171,215,228,26,162,22,154,3,58,173,88,137,27,55,164,96,17,29,75,241,180,69,104,15,200,93,189,57,234,187,71,114,107,39,187,138,180,253,123,202,249,227,115,7,240,52,207,237,166,79,184,247,178,187,35,173,222,140,222,139,29,191,20,180,110,53,142,140,107,255,32,23,63,188,154,168,126,200,95,32,102,86,4,240,111,134,32,124,192,30,54,125,210,32,173,62,227,110,73,226,228,221,254,172,75,43,233,100,36,163,159,184,234,63,65,73,41,160,236,24,226,44,37,226,46,66,104,167,86,236,110,6,3,116,125,169,147,177,21,18,135,238,17,47,235,27,228,1739147300231,/dev/cu.usbmodem1413201
139,111,153,162,255,124,242,39,17,209,220,129,228,159,129,30,32,183,57,253,236,235,49,60,104,112,36,34,245,84,189,19,74,100,233,193,202,221,30,183,82,199,172,201,207,104,61,224,9,62,100,202,150,119,14,242,6,214,30,105,131,228,168,46,195,241,27,111,111,66,48,178,96,29,232,153,141,230,56,175,158,203,14,117,96,110,120,125,229,172,173,80,89,120,193,48,121,218,109,138,103,78,249,234,77,148,40,186,182,219,115,197,24,148,223,35,147,152,215,176,104,228,140,216,90,121,100,134,214,179,237,183,103,30,204,200,87,1,15,213,121,68,205,192,28,103,188,114,72,1,211,228,84,100,186,72,117,130,99,117,158,70,43,50,121,202,196,212,254,119,227,99,240,251,64,130,18,192,109,38,159,96,109,94,10,96,88,2,108,202,133,204,70,13,134,5,53,70,56,181,59,241,236,142,237,41,10,157,0,188,52,52,34,69,188,158,56,247,244,253,187,134,97,255,159,35,89,14,72,80,15,144,54,192,183,184,138,143,35,14,79,4,201,154,75,192,216,34,10,24,1739147300232,/dev/cu.usbmodem1413401
221,176,230,135,104,136,73,111,52,250,199,252,148,180,95,133,185,119,0,67,134,207,211,122,39,170,244,225,230,199,231,160,1,139,59,151,212,98,125,216,51,27,187,130,138,123,158,43,227,116,3,141,177,64,186,243,17,122,244,142,19,155,40,89,232,112,209,227,219,175,64,199,228,80,4,109,201,179,146,200,41,178,147,177,41,36,52,131,150,111,125,206,134,169,128,18,156,56,131,199,7,76,208,158,63,32,231,146,17,55,156,22,84,189,0,222,62,140,209,246,10,136,92,137,213,78,216,176,244,183,245,109,116,42,83,219,58,99,83,144,133,25,207,201,103,29,123,78,154,230,26,178,133,195,19,120,241,224,78,183,93,165,164,54,172,252,25,132,202,76,62,187,153,59,211,145,64,204,4,159,151,122,172,202,120,81,235,30,77,243,199,165,30,187,246,61,254,193,83,26,11,252,164,123,83,34,47,244,143,189,200,1,88,113,151,66,130,81,185,66,55,254,197,30,45,242,61,173,122,216,140,250,210,118,27,163,253,147,219,92,8,165,65,40,133,61,162,107,16,23,1739147300232,/dev/cu.usbmodem14124201
7,39,71,154,33,85,122,168,146,90,177,201,168,159,130,19,102,144,144,113,107,195,187,132,176,192,14,151,77,180,168,193,51,184,18,217,209,5,163,48,27,194,161,111,238,148,90,144,19,9,161,87,32,121,75,19,216,204,255,178,50,126,13,50,10,222,110,84,123,220,180,113,73,23,199,83,1,103,162,58,34,177,243,8,204,110,117,36,43,122,172,95,59,164,30,68,179,131,187,103,95,171,207,230,34,7,216,125,202,39,115,59,186,114,2,15,59,189,22,75,101,178,84,87,4,221,37,98,44,160,90,137,162,77,79,164,23,41,78,12,166,67,97,138,156,135,114,174,15,228,137,65,150,96,180,85,227,41,194,248,23,155,169,125,156,126,38,160,121,218,252,23,42,179,174,123,217,136,47,251,222,211,100,170,175,173,184,251,36,99,255,177,172,15,199,239,230,169,247,8,174,77,247,54,112,189,165,115,99,173,234,164,53,92,31,40,158,21,222,101,64,222,0,25,194,139,203,162,208,94,254,222,178,174,68,64,237,211,160,47,139,0,92,27,71,169,232,62,247,34,1739147300232,/dev/cu.usbmodem14124401
30,238,76,124,99,156,108,157,210,181,44,213,75,153,117,106,72,44,104,73,64,114,84,158,70,98,155,27,216,166,142,165,45,158,254,107,229,56,44,135,59,34,246,225,116,78,216,57,41,228,231,53,201,232,64,238,174,205,52,83,25,197,118,130,193,159,161,56,248,39,52,169,87,195,187,232,183,185,170,0,241,159,125,228,16,137,140,173,153,62,151,239,208,185,79,231,88,54,88,169,138,254,32,73,101,67,88,129,103,87,51,200,108,214,100,17,167,127,88,26,12,218,249,102,68,49,251,79,209,116,74,159,17,26,218,82,55,57,235,153,255,70,190,21,212,251,176,102,17,54,112,193,91,123,182,115,215,247,240,212,245,229,98,86,217,197,18,114,37,23,112,106,254,231,16,141,64,149,229,49,97,136,21,98,27,98,235,6,29,157,247,198,238,110,157,122,24,18,140,86,13,14,33,18,123,101,36,18,167,52,157,140,128,148,238,30,35,47,150,13,49,181,204,173,99,38,204,232,85,209,57,59,223,172,100,105,22,44,175,38,154,13,17,120,218,136,16,79,171,192,1739147300232,/dev/cu.usbmodem14124101
93,78,199,164,75,12,163,55,238,64,42,157,73,78,250,169,167,239,69,172,101,198,171,119,90,57,46,232,121,147,5,203,140,216,178,114,127,113,176,171,124,100,202,146,84,208,86,85,210,133,150,93,55,12,215,100,9,102,122,43,190,134,30,207,215,230,30,92,219,134,193,15,242,81,73,228,122,29,173,94,180,56,145,101,5,151,108,78,189,152,60,48,147,191,167,101,180,117,139,37,175,244,113,127,156,77,202,73,40,57,14,247,191,6,196,47,233,219,16,62,95,21,52,188,120,112,123,175,58,151,46,27,79,41,31,160,103,208,117,245,15,238,69,224,60,5,240,67,98,39,51,166,64,53,143,41,24,232,200,212,141,178,233,231,130,223,17,172,223,143,195,217,44,153,174,173,90,73,110,62,189,190,8,142,32,235,199,84,191,69,225,70,43,0,172,171,69,49,51,157,228,212,51,118,15,82,15,163,134,61,117,199,146,5,221,75,146,50,205,213,88,197,121,255,181,108,108,181,35,30,182,196,203,66,139,18,120,135,89,125,37,84,81,5,78,215,168,226,115,111,1739147300232,/dev/cu.usbmodem14124301
85,52,230,121,197,140,255,227,191,51,18,253,218,6,240,81,230,169,135,86,74,32,112,157,216,125,27,144,74,246,252,205,97,11,19,4,55,182,14,119,187,179,190,189,55,78,79,39,231,94,197,95,98,160,162,239,123,117,156,206,234,233,163,108,97,42,34,21,147,158,209,235,127,158,152,80,35,20,209,176,54,11,123,68,223,248,180,135,205,91,215,223,187,148,19,184,85,203,73,207,146,165,51,10,0,64,158,6,47,239,100,136,219,173,124,74,110,246,153,215,37,19,3,25,253,98,221,86,5,169,82,157,80,40,23,120,48,32,23,100,197,26,104,176,46,175,136,38,67,167,219,10,51,73,207,243,177,214,240,194,30,167,171,182,171,203,81,11,117,129,239,153,8,203,228,26,58,194,208,58,84,216,103,44,154,162,203,161,149,152,72,205,153,25,174,188,195,255,182,194,86,235,30,34,38,187,118,204,164,110,187,76,104,148,104,103,177,190,143,224,250,224,237,158,128,241,162,110,129,194,239,67,177,178,131,149,47,19,11,101,116,14,249,36,180,20,23,97,159,233,104,15,75,18,95,68,176,10,244,230,187,17,245,120,198,173,254,231,19,128,100,212,126,42,86,179,243,229,206,66,116,100,81,239,50,200,67,142,15,112,182,47,8,34,78,105,70,18,2,108,27,118,196,88,154,99,232,151,89,111,165,68,249,223,246,221,203,30,255,78,208,103,119,83,169,18,53,36,176,247,77,173,12,183,128,162,92,161,4,222,184,244,57,177,192,251,165,16,192,220,126,211,182,209,182,123,43,26,149,117,59,189,112,74,109,201,154,238,239,116,143,65,48,151,11,24,155,252,56,202,206,231,112,27,40,91,251,119,223,116,133,161,144,194,235,125,116,217,128,64,56,39,189,25,60,206,118,217,241,136,205,53,159,162,52,220,246,9,92,195,24,116,144,106,142,30,3,217,35,211,127,94,255,206,81,196,34,142,26,141,173,228,125,31,143,37,52,147,237,195,181,176,109,193,106,56,219,45,185,194,207,132,228,124,206,62,78,153,150,200,30,57,54,102,46,63,37,65,248,23,199,13,105,233,91,175,131,251,225,125,100,120,18,89,250,83,160,192,229,250,11,106,81,95,45,234,57,18,58,9,114,71,206,212,26,12,213,112,239,233,178,69,36,116,243,246,45,124,192,169,108,233,137,69,6,34,125,121,79,232,12,60,140,121,232,211,223,67,101,102,99,162,91,85,57,243,19,247,147,55,23,126,14,34,48,226,195,77,229,196,1,228,204,68,10,14,197,95,229,50,242,244,84,136,226,193,80,57,18,126,220,166,202,255,47,105,161,192,151,17,100,32,201,171,215,228,26,162,22,154,3,58,173,88,137,27,55,164,96,17,29,75,241,180,69,104,15,200,93,189,57,234,187,71,114,107,39,187,138,180,253,123,202,249,227,115,7,240,52,207,237,166,79,184,247,178,187,35,173,222,140,222,139,29,191,20,180,110,53,142,140,107,255,32,23,63,188,154,168,126,200,95,32,102,86,4,240,111,134,32,124,192,30,54,125,210,32,173,62,227,110,73,226,228,221,254,172,75,43,233,100,36,163,159,184,234,63,65,73,41,160,236,24,226,44,37,226,46,66,104,167,86,236,110,6,3,116,125,169,147,177,21,18,135,238,17,47,235,27,228,139,111,153,162,255,124,242,39,17,209,220,129,228,159,129,30,32,183,57,253,236,235,49,60,104,112,36,34,245,84,189,19,74,100,233,193,202,221,30,183,82,199,172,201,207,104,61,224,9,62,100,202,150,119,14,242,6,214,30,105,131,228,168,46,195,241,27,111,111,66,48,178,96,29,232,153,141,230,56,175,158,203,14,117,96,110,120,125,229,172,173,80,89,120,193,48,121,218,109,138,103,78,249,234,77,148,40,186,182,219,115,197,24,148,223,35,147,152,215,176,104,228,140,216,90,121,100,134,214,179,237,183,103,30,204,200,87,1,15,213,121,68,205,192,28,103,188,114,72,1,211,228,84,100,186,72,117,130,99,117,158,70,43,50,121,202,196,212,254,119,227,99,240,251,64,130,18,192,109,38,159,96,109,94,10,96,88,2,108,202,133,204,70,13,134,5,53,70,56,181,59,241,236,142,237,41,10,157,0,188,52,52,34,69,188,158,56,247,244,253,187,134,97,255,159,35,89,14,72,80,15,144,54,192,183,184,138,143,35,14,79,4,201,154,75,192,216,34,10,24,221,176,230,135,104,136,73,111,52,250,199,252,148,180,95,133,185,119,0,67,134,207,211,122,39,170,244,225,230,199,231,160,1,139,59,151,212,98,125,216,51,27,187,130,138,123,158,43,227,116,3,141,177,64,186,243,17,122,244,142,19,155,40,89,232,112,209,227,219,175,64,199,228,80,4,109,201,179,146,200,41,178,147,177,41,36,52,131,150,111,125,206,134,169,128,18,156,56,131,199,7,76,208,158,63,32,231,146,17,55,156,22,84,189,0,222,62,140,209,246,10,136,92,137,213,78,216,176,244,183,245,109,116,42,83,219,58,99,83,144,133,25,207,201,103,29,123,78,154,230,26,178,133,195,19,120,241,224,78,183,93,165,164,54,172,252,25,132,202,76,62,187,153,59,211,145,64,204,4,159,151,122,172,202,120,81,235,30,77,243,199,165,30,187,246,61,254,193,83,26,11,252,164,123,83,34,47,244,143,189,200,1,88,113,151,66,130,81,185,66,55,254,197,30,45,242,61,173,122,216,140,250,210,118,27,163,253,147,219,92,8,165,65,40,133,61,162,107,16,23,7,39,71,154,33,85,122,168,146,90,177,201,168,159,130,19,102,144,144,113,107,195,187,132,176,192,14,151,77,180,168,193,51,184,18,217,209,5,163,48,27,194,161,111,238,148,90,144,19,9,161,87,32,121,75,19,216,204,255,178,50,126,13,50,10,222,110,84,123,220,180,113,73,23,199,83,1,103,162,58,34,177,243,8,204,110,117,36,43,122,172,95,59,164,30,68,179,131,187,103,95,171,207,230,34,7,216,125,202,39,115,59,186,114,2,15,59,189,22,75,101,178,84,87,4,221,37,98,44,160,90,137,162,77,79,164,23,41,78,12,166,67,97,138,156,135,114,174,15,228,137,65,150,96,180,85,227,41,194,248,23,155,169,125,156,126,38,160,121,218,252,23,42,179,174,123,217,136,47,251,222,211,100,170,175,173,184,251,36,99,255,177,172,15,199,239,230,169,247,8,174,77,247,54,112,189,165,115,99,173,234,164,53,92,31,40,158,21,222,101,64,222,0,25,194,139,203,162,208,94,254,222,178,174,68,64,237,211,160,47,139,0,92,27,71,169,232,62,247,34,30,238,76,124,99,156,108,157,210,181,44,213,75,153,117,106,72,44,104,73,64,114,84,158,70,98,155,27,216,166,142,165,45,158,254,107,229,56,44,135,59,34,246,225,116,78,216,57,41,228,231,53,201,232,64,238,174,205,52,83,25,197,118,130,193,159,161,56,248,39,52,169,87,195,187,232,183,185,170,0,241,159,125,228,16,137,140,173,153,62,151,239,208,185,79,231,88,54,88,169,138,254,32,73,101,67,88,129,103,87,51,200,108,214,100,17,167,127,88,26,12,218,249,102,68,49,251,79,209,116,74,159,17,26,218,82,55,57,235,153,255,70,190,21,212,251,176,102,17,54,112,193,91,123,182,115,215,247,240,212,245,229,98,86,217,197,18,114,37,23,112,106,254,231,16,141,64,149,229,49,97,136,21,98,27,98,235,6,29,157,247,198,238,110,157,122,24,18,140,86,13,14,33,18,123,101,36,18,167,52,157,140,128,148,238,30,35,47,150,13,49,181,204,173,99,38,204,232,85,209,57,59,223,172,100,105,22,44,175,38,154,13,17,120,218,136,16,79,171,192,93,78,199,164,75,12,163,55,238,64,42,157,73,78,250,169,167,239,69,172,101,198,171,119,90,57,46,232,121,147,5,203,140,216,178,114,127,113,176,171,124,100,202,146,84,208,86,85,210,133,150,93,55,12,215,100,9,102,122,43,190,134,30,207,215,230,30,92,219,134,193,15,242,81,73,228,122,29,173,94,180,56,145,101,5,151,108,78,189,152,60,48,147,191,167,101,180,117,139,37,175,244,113,127,156,77,202,73,40,57,14,247,191,6,196,47,233,219,16,62,95,21,52,188,120,112,123,175,58,151,46,27,79,41,31,160,103,208,117,245,15,238,69,224,60,5,240,67,98,39,51,166,64,53,143,41,24,232,200,212,141,178,233,231,130,223,17,172,223,143,195,217,44,153,174,173,90,73,110,62,189,190,8,142,32,235,199,84,191,69,225,70,43,0,172,171,69,49,51,157,228,212,51,118,15,82,15,163,134,61,117,199,146,5,221,75,146,50,205,213,88,197,121,255,181,108,108,181,35,30,182,196,203,66,139,18,120,135,89,125,37,84,81,5,78,215,168,226,115,111,1739147300234,QBYTE | off-the-shoulder
132,217,72,177,186,235,62,54,77,23,108,158,249,50,126,195,148,80,162,247,243,67,48,216,81,114,164,50,48,111,187,57,253,51,200,115,35,114,204,246,123,112,61,75,151,172,244,37,138,209,14,66,110,75,2,121,47,81,140,49,137,237,11,86,172,93,29,208,45,71,150,238,43,114,5,39,227,82,109,88,28,108,89,253,138,129,49,29,163,132,230,90,158,195,159,163,200,98,34,160,62,54,39,17,91,160,18,144,128,83,9,190,147,238,163,95,206,173,169,8,79,67,193,47,49,12,115,102,155,210,141,215,231,71,27,59,24,108,232,185,190,171,90,166,93,142,202,217,117,125,174,70,31,81,236,24,63,183,157,27,10,107,229,115,12,56,185,36,15,172,7,92,131,12,204,29,45,166,119,67,72,87,71,61,229,104,147,4,110,209,236,10,158,8,39,68,109,93,122,173,156,45,80,251,216,240,116,99,171,69,210,98,196,95,245,55,115,79,81,235,229,246,57,55,225,182,51,5,119,26,97,245,97,86,244,226,233,8,177,32,195,138,5,169,227,24,90,78,71,73,1739147301293,/dev/cu.usbmodem14201
162,151,42,1,22,86,6,56,235,50,62,39,86,160,51,101,29,5,139,5,230,202,98,93,26,171,32,255,233,223,101,61,236,204,109,0,174,250,72,39,71,18,26,45,78,235,80,80,98,95,91,67,93,98,198,124,187,188,138,209,211,131,38,126,109,33,142,85,129,123,121,15,208,229,111,210,131,241,97,170,230,102,240,134,48,236,75,206,200,83,86,240,161,1,139,250,137,173,207,88,82,188,90,57,209,218,203,48,74,0,148,118,76,188,71,145,70,87,218,32,68,64,86,145,114,81,54,196,101,75,223,184,65,62,209,239,201,102,85,213,67,141,189,67,146,156,128,229,14,243,234,107,64,41,140,67,176,103,5,128,39,141,168,145,205,52,224,182,144,189,130,82,164,89,112,186,84,20,23,99,134,104,177,29,35,205,92,28,34,37,242,250,210,112,156,115,133,134,222,18,68,138,227,68,191,82,57,42,171,251,47,183,30,111,39,34,127,239,40,95,67,81,37,201,50,116,119,81,238,134,81,60,27,127,65,128,223,255,193,25,184,131,136,146,3,188,44,55,117,29,1739147301293,/dev/cu.usbmodem1413101
66,78,227,112,93,44,83,83,181,251,12,242,121,10,209,203,181,244,59,252,166,23,85,96,212,25,186,217,100,199,207,7,119,223,190,56,240,50,167,132,93,105,100,82,94,78,228,26,255,152,58,149,233,161,251,212,104,223,242,171,109,203,63,40,188,30,140,85,186,179,118,223,109,93,101,201,165,145,234,145,207,253,230,39,169,115,53,203,23,150,19,190,162,221,227,41,165,159,128,109,168,169,172,141,140,184,250,148,91,105,115,178,41,175,128,54,65,206,72,138,80,102,249,175,5,97,35,229,227,229,216,98,15,103,68,229,90,171,178,83,134,221,196,163,164,192,215,188,169,105,7,97,65,208,6,140,26,228,14,216,246,112,189,5,46,214,176,205,221,5,63,58,33,179,241,214,72,55,92,92,141,228,3,40,175,219,145,213,189,30,172,88,69,113,207,224,158,105,55,83,18,83,166,108,63,220,17,67,86,165,104,20,113,67,197,93,142,146,202,120,126,124,28,251,225,79,31,229,227,138,213,213,115,254,109,9,202,93,22,211,125,175,55,133,65,145,38,67,102,208,1739147301293,/dev/cu.usbmodem1413201
135,2,163,173,185,82,205,59,157,80,226,122,9,254,190,243,27,139,139,7,232,34,224,239,235,104,217,168,13,140,233,116,11,18,129,5,25,110,156,160,60,188,234,167,35,69,131,25,35,25,4,18,158,143,106,201,246,12,83,250,17,88,86,215,133,149,165,250,255,138,111,208,93,134,223,116,156,147,18,172,145,200,96,67,139,136,141,215,26,32,109,47,154,175,223,206,74,50,137,20,162,157,71,56,223,147,111,185,126,80,91,242,140,81,231,110,131,200,65,225,69,142,236,94,245,109,106,117,142,114,132,76,107,92,88,184,171,74,71,174,134,154,240,6,79,179,189,111,126,213,233,145,157,118,147,206,119,253,25,190,207,62,69,179,24,229,12,214,96,232,104,69,117,94,218,242,217,132,18,195,187,21,133,202,29,230,137,119,82,39,173,68,173,239,67,61,135,234,248,142,189,161,244,151,12,55,115,16,165,220,167,190,32,61,129,179,147,1,194,181,250,220,226,72,127,208,243,153,223,23,88,145,153,39,100,216,164,33,53,191,108,18,45,71,36,180,223,58,63,177,1739147301293,/dev/cu.usbmodem1413401
211,157,176,91,189,154,34,129,152,118,137,42,110,163,103,172,109,192,15,8,145,56,35,63,189,67,32,104,168,59,247,196,61,113,137,148,217,49,252,224,144,206,201,91,182,122,170,213,177,171,139,10,47,60,111,198,34,93,245,232,23,230,57,5,45,24,99,38,168,88,21,29,149,108,103,50,231,190,172,208,222,124,5,93,202,49,109,133,77,139,163,207,144,230,214,71,80,28,45,194,21,254,162,225,170,249,3,36,124,74,217,128,223,232,168,220,225,129,131,164,40,20,150,160,72,242,170,224,67,50,189,222,103,70,68,11,136,108,9,202,218,245,251,20,68,141,232,193,9,33,49,197,45,247,136,33,241,193,166,71,30,106,76,158,168,210,233,116,172,207,32,104,213,142,70,33,223,71,74,148,154,222,113,210,149,142,142,33,107,146,199,148,15,57,33,190,39,67,110,139,172,162,6,188,171,39,128,44,204,144,67,47,63,22,28,115,210,164,202,123,7,113,74,186,229,6,78,180,142,76,230,84,186,206,6,222,205,39,140,55,27,34,25,190,133,25,250,191,212,134,1739147301294,/dev/cu.usbmodem14124201
182,131,235,122,185,150,237,165,223,132,96,198,94,62,3,151,181,243,11,209,224,2,87,193,126,70,99,231,253,66,20,54,215,131,212,63,145,135,19,244,30,2,227,242,166,224,149,33,132,221,213,95,206,234,181,30,104,39,155,113,115,159,61,66,162,100,103,141,83,169,56,197,1,238,92,62,110,107,98,30,137,158,200,30,110,111,232,72,198,147,217,44,138,120,71,237,171,160,66,5,250,189,72,155,110,62,174,45,66,32,179,97,141,24,78,29,255,171,215,239,27,111,50,37,232,99,113,217,5,99,86,76,55,20,27,242,193,94,210,122,141,121,201,219,247,247,189,214,143,26,0,16,12,0,233,61,39,198,183,214,64,76,153,48,206,142,3,89,187,133,168,201,115,181,165,207,195,187,223,231,94,177,96,183,77,162,56,233,226,194,205,218,110,69,219,106,49,202,240,87,129,125,53,92,158,106,125,92,6,86,68,211,210,151,105,189,64,80,177,238,83,226,61,171,13,52,45,74,206,84,200,35,91,167,178,89,204,238,198,7,30,232,123,180,159,191,2,23,234,136,1739147301294,/dev/cu.usbmodem14124401
251,159,168,127,80,81,161,109,117,74,109,172,136,216,30,37,38,44,39,85,24,19,67,192,213,69,148,167,203,44,118,125,17,1,152,170,196,164,145,45,178,152,55,146,76,158,183,149,146,112,71,253,162,56,19,199,9,86,134,121,40,102,227,154,38,211,236,17,79,132,51,135,154,106,150,2,102,73,248,218,253,17,168,218,189,202,46,223,143,56,151,81,227,109,26,12,53,159,244,113,176,237,21,189,120,16,173,34,78,124,21,69,196,83,197,146,138,63,143,193,124,197,165,132,54,136,134,246,100,187,209,32,70,206,1,10,100,249,188,81,164,14,107,10,196,231,245,253,51,159,180,132,206,216,2,6,0,87,104,152,214,107,202,163,113,117,26,67,253,107,108,114,188,114,61,38,222,151,12,151,251,145,225,90,13,149,38,27,28,99,118,229,25,202,7,25,14,114,26,231,60,40,201,153,146,232,102,215,26,157,123,74,162,174,100,50,121,207,115,90,52,108,202,213,75,213,212,105,125,138,17,94,84,196,58,165,1,95,58,253,151,171,86,239,165,34,153,196,243,207,1739147301294,/dev/cu.usbmodem14124101
180,236,125,51,219,45,131,17,62,225,233,81,24,12,254,66,11,64,228,55,234,0,134,120,71,76,200,45,66,143,190,182,100,136,117,14,181,166,170,43,107,30,209,103,4,17,30,108,193,69,118,249,83,213,137,131,12,104,64,172,161,67,203,220,252,235,45,95,194,11,163,117,119,188,163,110,160,42,144,221,174,217,156,78,99,219,2,84,207,53,210,184,115,144,43,214,48,207,11,108,114,64,54,28,230,205,72,108,57,128,83,124,162,224,72,102,120,11,40,15,34,57,154,88,29,24,51,241,0,116,214,244,7,198,187,64,108,52,215,131,155,199,64,37,200,220,27,232,243,146,125,217,103,252,218,175,239,85,10,46,250,191,165,230,22,185,93,109,24,69,46,231,26,175,100,146,174,16,81,175,236,89,17,242,245,43,121,250,110,3,106,75,53,99,23,105,239,198,32,225,0,177,92,153,31,94,70,248,103,4,47,148,246,152,145,101,98,9,247,48,244,197,213,130,13,129,158,127,182,79,229,157,173,248,39,207,218,128,194,116,20,159,143,68,214,15,104,53,220,199,1739147301294,/dev/cu.usbmodem14124301
132,217,72,177,186,235,62,54,77,23,108,158,249,50,126,195,148,80,162,247,243,67,48,216,81,114,164,50,48,111,187,57,253,51,200,115,35,114,204,246,123,112,61,75,151,172,244,37,138,209,14,66,110,75,2,121,47,81,140,49,137,237,11,86,172,93,29,208,45,71,150,238,43,114,5,39,227,82,109,88,28,108,89,253,138,129,49,29,163,132,230,90,158,195,159,163,200,98,34,160,62,54,39,17,91,160,18,144,128,83,9,190,147,238,163,95,206,173,169,8,79,67,193,47,49,12,115,102,155,210,141,215,231,71,27,59,24,108,232,185,190,171,90,166,93,142,202,217,117,125,174,70,31,81,236,24,63,183,157,27,10,107,229,115,12,56,185,36,15,172,7,92,131,12,204,29,45,166,119,67,72,87,71,61,229,104,147,4,110,209,236,10,158,8,39,68,109,93,122,173,156,45,80,251,216,240,116,99,171,69,210,98,196,95,245,55,115,79,81,235,229,246,57,55,225,182,51,5,119,26,97,245,97,86,244,226,233,8,177,32,195,138,5,169,227,24,90,78,71,73,162,151,42,1,22,86,6,56,235,50,62,39,86,160,51,101,29,5,139,5,230,202,98,93,26,171,32,255,233,223,101,61,236,204,109,0,174,250,72,39,71,18,26,45,78,235,80,80,98,95,91,67,93,98,198,124,187,188,138,209,211,131,38,126,109,33,142,85,129,123,121,15,208,229,111,210,131,241,97,170,230,102,240,134,48,236,75,206,200,83,86,240,161,1,139,250,137,173,207,88,82,188,90,57,209,218,203,48,74,0,148,118,76,188,71,145,70,87,218,32,68,64,86,145,114,81,54,196,101,75,223,184,65,62,209,239,201,102,85,213,67,141,189,67,146,156,128,229,14,243,234,107,64,41,140,67,176,103,5,128,39,141,168,145,205,52,224,182,144,189,130,82,164,89,112,186,84,20,23,99,134,104,177,29,35,205,92,28,34,37,242,250,210,112,156,115,133,134,222,18,68,138,227,68,191,82,57,42,171,251,47,183,30,111,39,34,127,239,40,95,67,81,37,201,50,116,119,81,238,134,81,60,27,127,65,128,223,255,193,25,184,131,136,146,3,188,44,55,117,29,66,78,227,112,93,44,83,83,181,251,12,242,121,10,209,203,181,244,59,252,166,23,85,96,212,25,186,217,100,199,207,7,119,223,190,56,240,50,167,132,93,105,100,82,94,78,228,26,255,152,58,149,233,161,251,212,104,223,242,171,109,203,63,40,188,30,140,85,186,179,118,223,109,93,101,201,165,145,234,145,207,253,230,39,169,115,53,203,23,150,19,190,162,221,227,41,165,159,128,109,168,169,172,141,140,184,250,148,91,105,115,178,41,175,128,54,65,206,72,138,80,102,249,175,5,97,35,229,227,229,216,98,15,103,68,229,90,171,178,83,134,221,196,163,164,192,215,188,169,105,7,97,65,208,6,140,26,228,14,216,246,112,189,5,46,214,176,205,221,5,63,58,33,179,241,214,72,55,92,92,141,228,3,40,175,219,145,213,189,30,172,88,69,113,207,224,158,105,55,83,18,83,166,108,63,220,17,67,86,165,104,20,113,67,197,93,142,146,202,120,126,124,28,251,225,79,31,229,227,138,213,213,115,254,109,9,202,93,22,211,125,175,55,133,65,145,38,67,102,208,135,2,163,173,185,82,205,59,157,80,226,122,9,254,190,243,27,139,139,7,232,34,224,239,235,104,217,168,13,140,233,116,11,18,129,5,25,110,156,160,60,188,234,167,35,69,131,25,35,25,4,18,158,143,106,201,246,12,83,250,17,88,86,215,133,149,165,250,255,138,111,208,93,134,223,116,156,147,18,172,145,200,96,67,139,136,141,215,26,32,109,47,154,175,223,206,74,50,137,20,162,157,71,56,223,147,111,185,126,80,91,242,140,81,231,110,131,200,65,225,69,142,236,94,245,109,106,117,142,114,132,76,107,92,88,184,171,74,71,174,134,154,240,6,79,179,189,111,126,213,233,145,157,118,147,206,119,253,25,190,207,62,69,179,24,229,12,214,96,232,104,69,117,94,218,242,217,132,18,195,187,21,133,202,29,230,137,119,82,39,173,68,173,239,67,61,135,234,248,142,189,161,244,151,12,55,115,16,165,220,167,190,32,61,129,179,147,1,194,181,250,220,226,72,127,208,243,153,223,23,88,145,153,39,100,216,164,33,53,191,108,18,45,71,36,180,223,58,63,177,211,157,176,91,189,154,34,129,152,118,137,42,110,163,103,172,109,192,15,8,145,56,35,63,189,67,32,104,168,59,247,196,61,113,137,148,217,49,252,224,144,206,201,91,182,122,170,213,177,171,139,10,47,60,111,198,34,93,245,232,23,230,57,5,45,24,99,38,168,88,21,29,149,108,103,50,231,190,172,208,222,124,5,93,202,49,109,133,77,139,163,207,144,230,214,71,80,28,45,194,21,254,162,225,170,249,3,36,124,74,217,128,223,232,168,220,225,129,131,164,40,20,150,160,72,242,170,224,67,50,189,222,103,70,68,11,136,108,9,202,218,245,251,20,68,141,232,193,9,33,49,197,45,247,136,33,241,193,166,71,30,106,76,158,168,210,233,116,172,207,32,104,213,142,70,33,223,71,74,148,154,222,113,210,149,142,142,33,107,146,199,148,15,57,33,190,39,67,110,139,172,162,6,188,171,39,128,44,204,144,67,47,63,22,28,115,210,164,202,123,7,113,74,186,229,6,78,180,142,76,230,84,186,206,6,222,205,39,140,55,27,34,25,190,133,25,250,191,212,134,182,131,235,122,185,150,237,165,223,132,96,198,94,62,3,151,181,243,11,209,224,2,87,193,126,70,99,231,253,66,20,54,215,131,212,63,145,135,19,244,30,2,227,242,166,224,149,33,132,221,213,95,206,234,181,30,104,39,155,113,115,159,61,66,162,100,103,141,83,169,56,197,1,238,92,62,110,107,98,30,137,158,200,30,110,111,232,72,198,147,217,44,138,120,71,237,171,160,66,5,250,189,72,155,110,62,174,45,66,32,179,97,141,24,78,29,255,171,215,239,27,111,50,37,232,99,113,217,5,99,86,76,55,20,27,242,193,94,210,122,141,121,201,219,247,247,189,214,143,26,0,16,12,0,233,61,39,198,183,214,64,76,153,48,206,142,3,89,187,133,168,201,115,181,165,207,195,187,223,231,94,177,96,183,77,162,56,233,226,194,205,218,110,69,219,106,49,202,240,87,129,125,53,92,158,106,125,92,6,86,68,211,210,151,105,189,64,80,177,238,83,226,61,171,13,52,45,74,206,84,200,35,91,167,178,89,204,238,198,7,30,232,123,180,159,191,2,23,234,136,251,159,168,127,80,81,161,109,117,74,109,172,136,216,30,37,38,44,39,85,24,19,67,192,213,69,148,167,203,44,118,125,17,1,152,170,196,164,145,45,178,152,55,146,76,158,183,149,146,112,71,253,162,56,19,199,9,86,134,121,40,102,227,154,38,211,236,17,79,132,51,135,154,106,150,2,102,73,248,218,253,17,168,218,189,202,46,223,143,56,151,81,227,109,26,12,53,159,244,113,176,237,21,189,120,16,173,34,78,124,21,69,196,83,197,146,138,63,143,193,124,197,165,132,54,136,134,246,100,187,209,32,70,206,1,10,100,249,188,81,164,14,107,10,196,231,245,253,51,159,180,132,206,216,2,6,0,87,104,152,214,107,202,163,113,117,26,67,253,107,108,114,188,114,61,38,222,151,12,151,251,145,225,90,13,149,38,27,28,99,118,229,25,202,7,25,14,114,26,231,60,40,201,153,146,232,102,215,26,157,123,74,162,174,100,50,121,207,115,90,52,108,202,213,75,213,212,105,125,138,17,94,84,196,58,165,1,95,58,253,151,171,86,239,165,34,153,196,243,207,180,236,125,51,219,45,131,17,62,225,233,81,24,12,254,66,11,64,228,55,234,0,134,120,71,76,200,45,66,143,190,182,100,136,117,14,181,166,170,43,107,30,209,103,4,17,30,108,193,69,118,249,83,213,137,131,12,104,64,172,161,67,203,220,252,235,45,95,194,11,163,117,119,188,163,110,160,42,144,221,174,217,156,78,99,219,2,84,207,53,210,184,115,144,43,214,48,207,11,108,114,64,54,28,230,205,72,108,57,128,83,124,162,224,72,102,120,11,40,15,34,57,154,88,29,24,51,241,0,116,214,244,7,198,187,64,108,52,215,131,155,199,64,37,200,220,27,232,243,146,125,217,103,252,218,175,239,85,10,46,250,191,165,230,22,185,93,109,24,69,46,231,26,175,100,146,174,16,81,175,236,89,17,242,245,43,121,250,110,3,106,75,53,99,23,105,239,198,32,225,0,177,92,153,31,94,70,248,103,4,47,148,246,152,145,101,98,9,247,48,244,197,213,130,13,129,158,127,182,79,229,157,173,248,39,207,218,128,194,116,20,159,143,68,214,15,104,53,220,199,1739147301296,QBYTE | ecclesiasticus
31,152,58,40,51,172,77,103,68,44,64,48,63,246,251,95,226,81,10,9,146,31,36,43,9,22,106,178,65,36,219,223,36,65,225,196,35,8,34,85,25,0,110,94,32,208,149,89,169,18,105,86,141,134,224,119,81,118,105,216,205,248,216,141,118,70,213,159,244,81,7,116,14,175,26,189,151,129,49,144,96,31,78,17,228,39,40,34,136,162,196,62,68,177,47,218,164,169,33,166,150,11,87,253,9,236,231,208,83,216,24,188,45,143,10,111,206,240,37,7,177,86,160,16,26,246,70,74,215,187,37,46,50,33,44,131,241,184,215,91,191,200,78,144,164,67,255,1,223,81,85,219,198,85,149,10,215,182,74,201,37,15,34,247,143,242,194,209,155,221,212,227,46,140,150,159,1,236,196,49,137,23,154,167,88,181,166,226,194,104,64,164,177,182,93,4,41,213,100,82,38,147,114,119,121,91,17,122,220,157,69,137,10,195,201,10,77,12,153,15,89,31,185,21,144,184,153,54,79,54,174,254,35,129,3,231,65,214,38,9,5,57,255,233,9,183,162,118,253,130,1739147302359,/dev/cu.usbmodem14201
251,88,250,166,59,80,214,210,76,58,7,186,146,55,2,132,46,175,55,27,98,176,229,214,176,108,195,55,104,118,175,20,189,249,94,217,226,226,252,216,82,92,124,124,137,109,254,204,142,241,5,46,235,76,129,15,23,245,176,195,134,125,10,160,79,223,246,211,4,141,162,106,128,190,190,189,80,77,52,60,141,34,215,0,198,50,126,55,188,209,208,31,42,28,52,150,50,101,27,107,151,6,93,163,88,248,90,57,220,178,235,240,38,190,4,157,241,200,132,227,23,42,76,227,188,223,163,84,226,88,195,34,145,5,0,94,18,78,10,22,90,12,150,157,18,109,235,74,178,20,103,108,83,29,233,125,248,241,227,228,73,217,110,250,27,192,137,40,49,230,57,47,155,177,53,137,33,165,220,69,9,244,158,205,47,184,224,212,1,76,22,154,212,64,198,175,96,184,22,24,108,221,241,84,199,27,36,162,57,175,158,16,235,235,225,25,141,11,48,248,33,122,250,143,252,0,150,155,157,155,146,69,44,36,161,170,209,12,61,219,86,18,1,151,176,2,113,93,92,163,1739147302360,/dev/cu.usbmodem1413101
220,4,51,47,248,185,122,163,224,146,193,128,6,162,38,56,173,218,183,68,209,65,111,141,90,222,187,203,40,17,124,254,242,162,17,37,58,253,233,115,206,36,140,116,234,125,237,43,212,177,18,213,138,127,149,156,142,36,71,141,153,72,111,193,226,167,206,183,189,186,158,103,140,249,77,238,103,84,206,191,204,107,82,54,116,236,30,188,126,118,229,37,17,172,181,232,45,167,96,241,71,85,236,236,46,102,46,194,42,123,54,243,236,39,191,143,206,227,137,210,75,29,228,47,64,204,232,161,58,210,134,231,32,219,86,129,2,170,255,224,235,93,95,92,180,72,236,113,112,219,250,116,28,77,226,225,126,248,91,151,250,96,166,142,193,240,168,165,115,93,159,59,213,44,104,167,117,62,138,0,12,63,40,125,208,182,175,220,72,207,163,25,123,29,47,104,23,177,71,210,24,101,145,44,62,135,48,157,136,93,232,199,10,33,237,235,198,168,247,11,160,131,44,85,118,77,226,247,76,15,57,29,92,133,12,19,237,61,240,47,47,179,204,101,170,148,222,125,230,134,1739147302360,/dev/cu.usbmodem1413201
213,197,82,154,132,12,214,66,23,10,6,220,245,165,180,52,227,20,33,112,177,2,123,85,93,124,24,85,140,227,150,13,207,114,226,16,216,66,213,106,111,95,142,171,106,68,182,111,137,40,205,63,226,239,129,109,163,83,188,176,233,202,249,64,113,126,134,199,42,159,115,94,212,109,61,1,214,183,22,101,122,162,42,75,59,36,215,144,14,113,28,109,38,156,142,11,64,30,89,127,134,201,117,231,17,95,165,181,10,82,171,16,230,133,179,201,155,120,109,215,57,4,108,36,185,81,182,107,22,39,141,198,123,218,222,22,88,158,111,48,203,209,85,175,127,241,83,224,146,91,213,156,36,87,94,159,28,122,198,6,235,187,87,222,198,119,249,173,48,78,121,99,117,120,245,118,72,200,44,121,212,181,12,54,90,25,153,136,197,95,187,152,242,210,56,178,220,47,49,28,183,130,255,150,116,239,142,116,11,126,63,92,205,234,239,26,215,188,79,196,121,140,205,248,186,226,60,202,99,223,179,175,179,206,148,62,154,217,233,234,223,150,211,87,161,197,79,38,234,183,1739147302360,/dev/cu.usbmodem1413401
85,247,62,89,50,15,14,15,62,145,179,182,113,195,199,52,41,136,81,207,140,171,2,48,63,55,117,217,217,145,156,138,154,177,28,12,229,99,6,69,232,18,154,147,39,66,135,7,37,71,229,195,12,27,191,53,66,6,239,209,75,210,123,72,229,15,141,219,224,74,64,67,159,148,130,236,212,80,123,203,248,170,28,80,172,221,162,218,153,116,119,44,44,169,87,203,44,17,181,106,97,251,197,247,94,74,108,216,169,203,252,79,166,202,52,140,165,11,228,169,40,63,206,255,12,219,103,69,100,8,67,194,214,67,127,212,81,210,186,103,85,92,226,94,254,136,169,152,173,180,216,66,164,246,19,132,210,2,175,31,86,75,31,32,13,50,144,149,113,116,40,216,61,58,224,54,56,200,42,199,190,2,207,14,14,171,226,229,242,207,61,43,137,244,223,92,181,187,43,33,10,47,89,87,129,110,5,177,206,198,186,104,102,215,3,214,98,181,53,53,70,95,224,43,191,134,49,238,69,214,238,42,64,168,3,36,234,13,155,211,163,204,169,254,210,66,160,183,37,148,1739147302360,/dev/cu.usbmodem14124201
178,159,202,207,60,86,54,70,19,18,110,98,0,130,178,96,9,136,182,139,23,170,85,180,101,233,91,5,96,173,91,98,99,64,232,14,129,192,38,172,189,197,238,174,152,89,253,68,225,22,73,204,61,49,7,244,107,81,64,48,153,70,104,40,161,251,211,137,231,62,165,187,42,133,150,13,49,178,87,70,65,162,101,215,65,219,118,254,17,227,214,14,39,212,176,97,176,64,112,13,202,157,5,191,64,38,34,138,188,18,240,35,152,72,204,24,5,202,231,34,23,217,175,232,206,79,117,81,217,53,128,102,217,129,249,140,38,192,186,173,206,59,13,75,200,53,88,216,231,172,59,211,47,227,227,3,110,13,177,161,145,159,154,168,135,23,35,145,12,119,2,92,191,139,253,21,178,194,95,179,25,203,123,218,252,17,55,130,238,7,234,182,152,191,40,186,104,184,76,131,177,13,132,178,18,220,213,72,234,229,44,69,74,93,233,45,244,227,106,69,122,211,203,9,108,97,54,26,69,63,70,121,64,190,237,1,195,27,5,100,198,185,209,190,74,159,216,124,237,100,1739147302360,/dev/cu.usbmodem14124401
119,19,27,252,73,209,95,12,49,29,214,199,46,245,253,149,57,193,157,255,62,124,140,83,2,101,160,190,126,81,153,221,231,67,225,154,197,210,147,178,190,152,162,247,93,98,144,255,185,202,237,71,222,62,233,152,31,211,217,48,48,220,11,185,35,203,225,195,194,136,233,7,16,185,21,249,41,183,114,139,180,94,224,95,67,114,54,31,43,99,222,139,247,149,189,38,39,118,231,0,37,241,14,71,158,106,141,129,75,47,18,172,194,121,184,66,23,92,118,189,99,207,41,46,141,79,9,171,159,110,94,141,38,19,103,217,100,232,58,145,81,232,14,96,198,173,209,144,165,120,54,248,144,154,207,160,151,214,197,184,89,37,79,219,143,6,38,83,79,17,204,90,216,166,54,94,205,224,218,112,142,237,251,98,96,175,154,117,10,154,241,250,59,79,51,107,195,121,207,128,37,33,236,220,130,200,177,175,235,230,106,204,196,208,20,34,183,109,201,194,199,140,174,105,195,97,72,219,220,231,246,22,235,161,16,15,102,109,203,124,110,122,99,165,237,37,215,55,0,255,1739147302361,/dev/cu.usbmodem14124101
182,253,82,170,158,110,231,98,75,216,87,50,117,10,44,236,136,105,0,119,151,60,33,88,7,2,148,212,94,151,139,33,52,232,180,231,90,30,174,71,218,219,18,76,65,150,52,220,191,134,193,240,173,188,204,65,42,100,227,149,232,142,17,150,236,46,229,176,101,193,225,99,183,107,166,70,38,162,83,146,7,223,17,48,130,41,217,104,98,16,241,126,106,21,54,84,105,147,63,4,43,198,127,192,75,226,140,0,72,66,124,222,231,154,106,162,177,73,251,211,219,249,35,13,192,126,110,111,144,51,90,15,184,188,97,32,181,140,229,66,157,11,125,242,103,107,242,51,6,24,159,31,208,173,181,193,185,36,3,126,247,18,34,205,246,63,206,74,116,54,32,45,68,107,77,26,187,111,101,62,249,29,44,60,100,123,148,244,87,116,248,133,209,50,238,51,176,69,13,125,41,115,255,97,139,24,46,30,180,226,30,27,152,180,225,133,51,191,18,83,140,171,69,248,75,158,7,127,41,58,16,51,81,57,96,170,253,33,51,50,166,60,162,16,154,94,37,106,62,40,1739147302361,/dev/cu.usbmodem14124301
31,152,58,40,51,172,77,103,68,44,64,48,63,246,251,95,226,81,10,9,146,31,36,43,9,22,106,178,65,36,219,223,36,65,225,196,35,8,34,85,25,0,110,94,32,208,149,89,169,18,105,86,141,134,224,119,81,118,105,216,205,248,216,141,118,70,213,159,244,81,7,116,14,175,26,189,151,129,49,144,96,31,78,17,228,39,40,34,136,162,196,62,68,177,47,218,164,169,33,166,150,11,87,253,9,236,231,208,83,216,24,188,45,143,10,111,206,240,37,7,177,86,160,16,26,246,70,74,215,187,37,46,50,33,44,131,241,184,215,91,191,200,78,144,164,67,255,1,223,81,85,219,198,85,149,10,215,182,74,201,37,15,34,247,143,242,194,209,155,221,212,227,46,140,150,159,1,236,196,49,137,23,154,167,88,181,166,226,194,104,64,164,177,182,93,4,41,213,100,82,38,147,114,119,121,91,17,122,220,157,69,137,10,195,201,10,77,12,153,15,89,31,185,21,144,184,153,54,79,54,174,254,35,129,3,231,65,214,38,9,5,57,255,233,9,183,162,118,253,130,251,88,250,166,59,80,214,210,76,58,7,186,146,55,2,132,46,175,55,27,98,176,229,214,176,108,195,55,104,118,175,20,189,249,94,217,226,226,252,216,82,92,124,124,137,109,254,204,142,241,5,46,235,76,129,15,23,245,176,195,134,125,10,160,79,223,246,211,4,141,162,106,128,190,190,189,80,77,52,60,141,34,215,0,198,50,126,55,188,209,208,31,42,28,52,150,50,101,27,107,151,6,93,163,88,248,90,57,220,178,235,240,38,190,4,157,241,200,132,227,23,42,76,227,188,223,163,84,226,88,195,34,145,5,0,94,18,78,10,22,90,12,150,157,18,109,235,74,178,20,103,108,83,29,233,125,248,241,227,228,73,217,110,250,27,192,137,40,49,230,57,47,155,177,53,137,33,165,220,69,9,244,158,205,47,184,224,212,1,76,22,154,212,64,198,175,96,184,22,24,108,221,241,84,199,27,36,162,57,175,158,16,235,235,225,25,141,11,48,248,33,122,250,143,252,0,150,155,157,155,146,69,44,36,161,170,209,12,61,219,86,18,1,151,176,2,113,93,92,163,220,4,51,47,248,185,122,163,224,146,193,128,6,162,38,56,173,218,183,68,209,65,111,141,90,222,187,203,40,17,124,254,242,162,17,37,58,253,233,115,206,36,140,116,234,125,237,43,212,177,18,213,138,127,149,156,142,36,71,141,153,72,111,193,226,167,206,183,189,186,158,103,140,249,77,238,103,84,206,191,204,107,82,54,116,236,30,188,126,118,229,37,17,172,181,232,45,167,96,241,71,85,236,236,46,102,46,194,42,123,54,243,236,39,191,143,206,227,137,210,75,29,228,47,64,204,232,161,58,210,134,231,32,219,86,129,2,170,255,224,235,93,95,92,180,72,236,113,112,219,250,116,28,77,226,225,126,248,91,151,250,96,166,142,193,240,168,165,115,93,159,59,213,44,104,167,117,62,138,0,12,63,40,125,208,182,175,220,72,207,163,25,123,29,47,104,23,177,71,210,24,101,145,44,62,135,48,157,136,93,232,199,10,33,237,235,198,168,247,11,160,131,44,85,118,77,226,247,76,15,57,29,92,133,12,19,237,61,240,47,47,179,204,101,170,148,222,125,230,134,213,197,82,154,132,12,214,66,23,10,6,220,245,165,180,52,227,20,33,112,177,2,123,85,93,124,24,85,140,227,150,13,207,114,226,16,216,66,213,106,111,95,142,171,106,68,182,111,137,40,205,63,226,239,129,109,163,83,188,176,233,202,249,64,113,126,134,199,42,159,115,94,212,109,61,1,214,183,22,101,122,162,42,75,59,36,215,144,14,113,28,109,38,156,142,11,64,30,89,127,134,201,117,231,17,95,165,181,10,82,171,16,230,133,179,201,155,120,109,215,57,4,108,36,185,81,182,107,22,39,141,198,123,218,222,22,88,158,111,48,203,209,85,175,127,241,83,224,146,91,213,156,36,87,94,159,28,122,198,6,235,187,87,222,198,119,249,173,48,78,121,99,117,120,245,118,72,200,44,121,212,181,12,54,90,25,153,136,197,95,187,152,242,210,56,178,220,47,49,28,183,130,255,150,116,239,142,116,11,126,63,92,205,234,239,26,215,188,79,196,121,140,205,248,186,226,60,202,99,223,179,175,179,206,148,62,154,217,233,234,223,150,211,87,161,197,79,38,234,183,85,247,62,89,50,15,14,15,62,145,179,182,113,195,199,52,41,136,81,207,140,171,2,48,63,55,117,217,217,145,156,138,154,177,28,12,229,99,6,69,232,18,154,147,39,66,135,7,37,71,229,195,12,27,191,53,66,6,239,209,75,210,123,72,229,15,141,219,224,74,64,67,159,148,130,236,212,80,123,203,248,170,28,80,172,221,162,218,153,116,119,44,44,169,87,203,44,17,181,106,97,251,197,247,94,74,108,216,169,203,252,79,166,202,52,140,165,11,228,169,40,63,206,255,12,219,103,69,100,8,67,194,214,67,127,212,81,210,186,103,85,92,226,94,254,136,169,152,173,180,216,66,164,246,19,132,210,2,175,31,86,75,31,32,13,50,144,149,113,116,40,216,61,58,224,54,56,200,42,199,190,2,207,14,14,171,226,229,242,207,61,43,137,244,223,92,181,187,43,33,10,47,89,87,129,110,5,177,206,198,186,104,102,215,3,214,98,181,53,53,70,95,224,43,191,134,49,238,69,214,238,42,64,168,3,36,234,13,155,211,163,204,169,254,210,66,160,183,37,148,178,159,202,207,60,86,54,70,19,18,110,98,0,130,178,96,9,136,182,139,23,170,85,180,101,233,91,5,96,173,91,98,99,64,232,14,129,192,38,172,189,197,238,174,152,89,253,68,225,22,73,204,61,49,7,244,107,81,64,48,153,70,104,40,161,251,211,137,231,62,165,187,42,133,150,13,49,178,87,70,65,162,101,215,65,219,118,254,17,227,214,14,39,212,176,97,176,64,112,13,202,157,5,191,64,38,34,138,188,18,240,35,152,72,204,24,5,202,231,34,23,217,175,232,206,79,117,81,217,53,128,102,217,129,249,140,38,192,186,173,206,59,13,75,200,53,88,216,231,172,59,211,47,227,227,3,110,13,177,161,145,159,154,168,135,23,35,145,12,119,2,92,191,139,253,21,178,194,95,179,25,203,123,218,252,17,55,130,238,7,234,182,152,191,40,186,104,184,76,131,177,13,132,178,18,220,213,72,234,229,44,69,74,93,233,45,244,227,106,69,122,211,203,9,108,97,54,26,69,63,70,121,64,190,237,1,195,27,5,100,198,185,209,190,74,159,216,124,237,100,119,19,27,252,73,209,95,12,49,29,214,199,46,245,253,149,57,193,157,255,62,124,140,83,2,101,160,190,126,81,153,221,231,67,225,154,197,210,147,178,190,152,162,247,93,98,144,255,185,202,237,71,222,62,233,152,31,211,217,48,48,220,11,185,35,203,225,195,194,136,233,7,16,185,21,249,41,183,114,139,180,94,224,95,67,114,54,31,43,99,222,139,247,149,189,38,39,118,231,0,37,241,14,71,158,106,141,129,75,47,18,172,194,121,184,66,23,92,118,189,99,207,41,46,141,79,9,171,159,110,94,141,38,19,103,217,100,232,58,145,81,232,14,96,198,173,209,144,165,120,54,248,144,154,207,160,151,214,197,184,89,37,79,219,143,6,38,83,79,17,204,90,216,166,54,94,205,224,218,112,142,237,251,98,96,175,154,117,10,154,241,250,59,79,51,107,195,121,207,128,37,33,236,220,130,200,177,175,235,230,106,204,196,208,20,34,183,109,201,194,199,140,174,105,195,97,72,219,220,231,246,22,235,161,16,15,102,109,203,124,110,122,99,165,237,37,215,55,0,255,182,253,82,170,158,110,231,98,75,216,87,50,117,10,44,236,136,105,0,119,151,60,33,88,7,2,148,212,94,151,139,33,52,232,180,231,90,30,174,71,218,219,18,76,65,150,52,220,191,134,193,240,173,188,204,65,42,100,227,149,232,142,17,150,236,46,229,176,101,193,225,99,183,107,166,70,38,162,83,146,7,223,17,48,130,41,217,104,98,16,241,126,106,21,54,84,105,147,63,4,43,198,127,192,75,226,140,0,72,66,124,222,231,154,106,162,177,73,251,211,219,249,35,13,192,126,110,111,144,51,90,15,184,188,97,32,181,140,229,66,157,11,125,242,103,107,242,51,6,24,159,31,208,173,181,193,185,36,3,126,247,18,34,205,246,63,206,74,116,54,32,45,68,107,77,26,187,111,101,62,249,29,44,60,100,123,148,244,87,116,248,133,209,50,238,51,176,69,13,125,41,115,255,97,139,24,46,30,180,226,30,27,152,180,225,133,51,191,18,83,140,171,69,248,75,158,7,127,41,58,16,51,81,57,96,170,253,33,51,50,166,60,162,16,154,94,37,106,62,40,1739147302362,QBYTE | teff
27,6,184,117,215,202,125,66,95,26,226,83,120,203,82,173,95,166,167,8,90,77,79,201,34,181,244,248,176,112,53,124,217,139,2,241,231,98,55,16,176,28,159,92,160,130,157,33,20,26,11,223,37,205,222,74,82,182,91,82,162,210,44,51,113,168,244,226,173,97,178,70,100,195,121,20,102,184,112,144,101,232,66,15,8,59,10,175,79,162,202,10,12,140,39,170,2,168,28,173,95,58,215,143,116,126,51,134,168,137,60,203,152,54,145,26,250,110,203,79,55,69,105,200,146,221,182,42,84,108,17,242,169,13,101,116,193,233,24,245,20,238,208,246,151,7,3,205,96,97,86,213,220,95,58,30,103,156,83,2,38,77,73,170,43,238,184,183,205,212,90,234,14,0,35,69,97,36,248,219,128,147,121,136,54,88,195,151,252,161,101,12,82,90,152,64,8,10,109,162,78,157,219,148,115,170,46,94,93,152,104,101,220,23,245,178,44,25,41,107,39,46,98,128,22,61,190,114,98,87,217,176,90,116,21,61,189,13,231,135,17,218,39,217,254,12,85,67,184,18,1739147310286,/dev/cu.usbmodem14201
182,21,165,175,143,92,155,61,253,195,129,96,26,38,99,154,138,137,249,148,240,192,59,158,35,166,8,131,35,112,137,216,199,115,142,91,35,208,222,99,45,46,167,201,57,135,213,116,136,249,71,244,142,8,7,23,122,189,108,208,82,215,85,98,226,0,182,206,139,187,129,91,167,248,153,173,143,111,206,141,101,176,234,181,19,135,7,243,178,42,114,32,35,241,207,124,7,224,234,90,88,249,252,79,246,236,244,16,166,66,130,196,91,184,145,140,151,169,76,181,0,250,40,196,75,79,242,117,130,10,90,218,207,39,68,158,28,163,92,210,123,74,103,162,165,207,86,162,254,209,20,52,40,32,16,190,127,42,76,14,71,112,126,255,157,172,1,245,92,148,130,210,134,123,62,75,118,215,14,5,111,62,192,157,182,234,195,153,91,46,48,127,177,0,127,23,91,34,46,7,156,189,235,225,136,254,203,4,246,180,36,232,210,35,134,66,245,223,251,42,14,122,75,38,9,180,120,155,124,172,70,169,49,199,163,13,223,212,232,220,10,61,241,207,140,201,241,54,95,222,1739147310286,/dev/cu.usbmodem1413101
145,190,177,194,108,163,184,18,161,38,86,189,38,152,30,77,231,190,149,179,68,203,30,66,56,168,97,126,175,46,87,188,251,35,168,152,111,133,188,70,62,81,17,32,171,244,114,151,63,87,39,154,183,254,129,106,42,11,194,144,105,243,233,207,2,66,123,237,199,251,211,176,18,147,161,129,186,176,249,167,30,168,137,112,151,255,123,252,120,28,106,23,125,198,10,102,184,48,196,112,245,111,224,184,122,111,121,170,239,28,163,206,60,13,253,149,245,39,76,137,135,216,119,194,43,21,50,30,250,219,163,107,74,103,187,202,96,176,133,174,158,178,13,91,243,239,255,68,157,162,205,254,155,124,70,182,117,130,112,0,225,167,174,2,188,236,193,219,160,22,185,177,211,44,169,201,66,80,165,210,79,130,32,216,52,19,107,193,100,72,94,166,67,3,14,247,243,36,68,116,112,232,141,26,90,176,89,192,34,69,113,79,137,228,204,63,5,49,11,181,234,200,31,158,188,38,16,84,60,230,161,129,150,50,4,33,14,175,105,247,153,99,100,221,154,148,3,250,42,186,1739147310287,/dev/cu.usbmodem1413201
245,206,213,82,55,64,175,203,186,101,147,197,70,136,43,59,241,138,81,174,84,194,13,148,60,80,62,174,120,83,178,180,23,104,151,212,126,59,43,101,4,190,180,154,204,143,22,52,68,219,232,204,120,14,69,81,23,155,59,253,65,13,213,19,198,182,214,127,23,120,224,99,86,250,38,243,69,231,23,29,141,39,31,94,60,193,183,120,219,85,198,190,241,51,158,205,187,213,0,53,180,63,137,104,209,230,89,200,204,77,195,0,61,206,102,167,169,109,239,186,165,13,161,4,190,19,120,121,245,193,138,82,55,69,7,205,53,84,71,11,21,178,11,132,22,31,133,133,182,242,248,48,108,109,74,132,21,155,224,189,143,7,92,196,56,146,247,80,86,118,58,126,204,248,10,114,121,254,163,173,76,170,121,110,219,129,254,212,217,139,229,110,146,206,9,128,204,6,217,102,134,163,63,186,207,126,242,174,16,190,233,144,236,242,102,217,80,110,82,77,193,174,160,149,33,167,238,151,13,116,125,29,191,114,39,233,0,151,33,221,34,35,47,31,201,24,130,142,128,185,1739147310287,/dev/cu.usbmodem1413401
36,105,175,233,114,80,199,155,137,228,186,77,170,143,6,147,221,29,234,212,86,216,65,224,155,121,117,0,13,178,255,121,40,194,28,197,173,220,76,71,224,239,152,66,120,39,205,249,166,120,97,209,103,145,57,112,191,174,158,60,0,72,77,115,73,65,68,102,35,101,147,150,116,160,33,247,172,129,215,114,37,254,109,20,9,149,25,78,156,14,183,181,218,40,163,255,234,19,201,252,226,122,31,177,178,225,209,37,225,30,191,129,245,119,1,151,247,66,15,86,124,133,213,7,143,141,150,103,55,202,35,154,85,156,66,42,15,61,27,199,125,52,86,30,235,174,47,196,181,75,199,188,159,115,141,101,90,242,53,149,35,29,176,113,32,166,47,55,77,110,25,9,181,80,12,23,60,2,107,176,239,178,201,208,155,32,56,210,225,177,95,52,244,141,86,182,250,102,137,49,86,36,100,136,115,142,34,89,92,141,161,204,38,132,29,18,248,210,217,51,129,20,228,137,10,106,134,110,249,97,86,133,94,71,93,12,61,137,25,41,9,3,11,97,220,76,199,46,141,6,1739147310287,/dev/cu.usbmodem14124201
169,68,140,180,30,99,215,64,88,180,115,194,248,213,79,94,27,187,63,36,82,36,24,121,247,76,85,18,216,5,35,60,34,78,29,6,80,168,219,72,242,170,175,40,34,51,226,25,58,86,54,57,176,85,12,141,41,150,139,95,245,19,100,199,247,26,65,48,136,148,62,196,116,233,193,120,106,7,235,38,219,0,15,240,233,197,3,161,113,177,125,14,243,205,177,26,76,115,85,246,194,35,87,177,214,242,52,192,29,175,132,247,101,24,83,220,235,170,134,255,26,50,238,177,158,138,164,217,59,142,216,3,93,186,223,7,140,204,223,81,63,47,48,43,47,207,105,68,8,194,35,70,35,107,178,75,119,46,175,89,128,142,200,84,148,70,4,133,37,65,44,25,132,41,237,98,113,19,0,73,217,229,141,63,82,79,113,47,167,153,225,229,211,234,194,10,71,91,65,61,148,0,184,171,55,14,249,243,43,4,173,89,69,125,60,138,229,189,93,64,19,56,58,57,241,219,85,79,120,191,90,179,217,183,7,132,10,47,14,208,4,152,200,237,228,127,18,167,112,129,1739147310287,/dev/cu.usbmodem14124401
3,82,71,29,214,164,73,95,91,129,132,33,86,250,17,151,137,6,250,188,5,3,142,187,171,229,110,179,164,1,49,158,187,252,22,242,195,111,101,41,103,201,18,185,10,203,104,15,196,158,30,255,84,215,211,182,83,77,239,78,188,249,45,204,229,19,50,83,13,226,80,19,35,105,214,21,138,146,11,153,76,114,146,128,102,138,159,166,158,15,188,153,190,87,230,108,95,88,122,141,74,6,131,26,160,201,15,87,233,42,216,174,55,170,68,144,64,159,217,219,250,164,30,205,250,179,216,212,72,178,137,78,198,182,97,184,57,20,223,90,16,217,163,252,174,51,5,144,232,202,0,155,221,213,10,128,193,113,109,112,137,55,67,44,30,138,134,20,185,123,52,14,104,200,77,105,142,30,157,33,224,236,31,40,232,252,83,21,126,203,168,41,138,7,176,207,82,5,6,154,150,46,187,118,140,33,247,109,17,226,166,236,76,216,162,130,35,37,50,248,202,212,114,208,11,119,63,62,58,179,172,168,215,66,20,147,166,157,199,120,24,240,195,200,58,164,249,135,44,155,1739147310288,/dev/cu.usbmodem14124101
59,229,245,91,255,244,216,108,71,94,75,8,76,250,69,129,44,229,67,206,5,11,159,62,145,35,228,105,187,115,248,244,93,158,88,177,95,48,120,164,54,246,185,77,79,231,153,152,82,172,165,246,37,201,27,93,134,248,169,58,11,54,244,38,93,120,174,146,82,62,12,247,135,202,22,40,11,103,102,130,225,236,198,251,227,125,229,228,209,85,46,199,34,18,33,249,249,123,29,245,7,137,43,173,14,219,233,55,9,180,125,225,207,93,92,226,17,248,221,230,172,240,91,221,252,108,128,205,30,146,176,6,164,93,70,31,34,92,55,132,71,120,155,165,32,55,79,63,255,44,66,75,58,6,191,142,208,82,128,255,159,138,80,161,155,87,186,168,231,144,236,32,179,121,161,107,190,247,166,81,110,51,136,195,86,225,88,252,137,101,160,243,73,214,98,241,156,167,175,203,203,136,32,125,29,152,136,137,119,16,32,98,251,151,197,46,164,83,4,70,137,27,29,45,194,34,230,8,72,132,104,112,254,85,217,134,251,36,139,211,170,163,218,109,12,230,216,31,85,100,1739147310288,/dev/cu.usbmodem14124301
27,6,184,117,215,202,125,66,95,26,226,83,120,203,82,173,95,166,167,8,90,77,79,201,34,181,244,248,176,112,53,124,217,139,2,241,231,98,55,16,176,28,159,92,160,130,157,33,20,26,11,223,37,205,222,74,82,182,91,82,162,210,44,51,113,168,244,226,173,97,178,70,100,195,121,20,102,184,112,144,101,232,66,15,8,59,10,175,79,162,202,10,12,140,39,170,2,168,28,173,95,58,215,143,116,126,51,134,168,137,60,203,152,54,145,26,250,110,203,79,55,69,105,200,146,221,182,42,84,108,17,242,169,13,101,116,193,233,24,245,20,238,208,246,151,7,3,205,96,97,86,213,220,95,58,30,103,156,83,2,38,77,73,170,43,238,184,183,205,212,90,234,14,0,35,69,97,36,248,219,128,147,121,136,54,88,195,151,252,161,101,12,82,90,152,64,8,10,109,162,78,157,219,148,115,170,46,94,93,152,104,101,220,23,245,178,44,25,41,107,39,46,98,128,22,61,190,114,98,87,217,176,90,116,21,61,189,13,231,135,17,218,39,217,254,12,85,67,184,18,182,21,165,175,143,92,155,61,253,195,129,96,26,38,99,154,138,137,249,148,240,192,59,158,35,166,8,131,35,112,137,216,199,115,142,91,35,208,222,99,45,46,167,201,57,135,213,116,136,249,71,244,142,8,7,23,122,189,108,208,82,215,85,98,226,0,182,206,139,187,129,91,167,248,153,173,143,111,206,141,101,176,234,181,19,135,7,243,178,42,114,32,35,241,207,124,7,224,234,90,88,249,252,79,246,236,244,16,166,66,130,196,91,184,145,140,151,169,76,181,0,250,40,196,75,79,242,117,130,10,90,218,207,39,68,158,28,163,92,210,123,74,103,162,165,207,86,162,254,209,20,52,40,32,16,190,127,42,76,14,71,112,126,255,157,172,1,245,92,148,130,210,134,123,62,75,118,215,14,5,111,62,192,157,182,234,195,153,91,46,48,127,177,0,127,23,91,34,46,7,156,189,235,225,136,254,203,4,246,180,36,232,210,35,134,66,245,223,251,42,14,122,75,38,9,180,120,155,124,172,70,169,49,199,163,13,223,212,232,220,10,61,241,207,140,201,241,54,95,222,145,190,177,194,108,163,184,18,161,38,86,189,38,152,30,77,231,190,149,179,68,203,30,66,56,168,97,126,175,46,87,188,251,35,168,152,111,133,188,70,62,81,17,32,171,244,114,151,63,87,39,154,183,254,129,106,42,11,194,144,105,243,233,207,2,66,123,237,199,251,211,176,18,147,161,129,186,176,249,167,30,168,137,112,151,255,123,252,120,28,106,23,125,198,10,102,184,48,196,112,245,111,224,184,122,111,121,170,239,28,163,206,60,13,253,149,245,39,76,137,135,216,119,194,43,21,50,30,250,219,163,107,74,103,187,202,96,176,133,174,158,178,13,91,243,239,255,68,157,162,205,254,155,124,70,182,117,130,112,0,225,167,174,2,188,236,193,219,160,22,185,177,211,44,169,201,66,80,165,210,79,130,32,216,52,19,107,193,100,72,94,166,67,3,14,247,243,36,68,116,112,232,141,26,90,176,89,192,34,69,113,79,137,228,204,63,5,49,11,181,234,200,31,158,188,38,16,84,60,230,161,129,150,50,4,33,14,175,105,247,153,99,100,221,154,148,3,250,42,186,245,206,213,82,55,64,175,203,186,101,147,197,70,136,43,59,241,138,81,174,84,194,13,148,60,80,62,174,120,83,178,180,23,104,151,212,126,59,43,101,4,190,180,154,204,143,22,52,68,219,232,204,120,14,69,81,23,155,59,253,65,13,213,19,198,182,214,127,23,120,224,99,86,250,38,243,69,231,23,29,141,39,31,94,60,193,183,120,219,85,198,190,241,51,158,205,187,213,0,53,180,63,137,104,209,230,89,200,204,77,195,0,61,206,102,167,169,109,239,186,165,13,161,4,190,19,120,121,245,193,138,82,55,69,7,205,53,84,71,11,21,178,11,132,22,31,133,133,182,242,248,48,108,109,74,132,21,155,224,189,143,7,92,196,56,146,247,80,86,118,58,126,204,248,10,114,121,254,163,173,76,170,121,110,219,129,254,212,217,139,229,110,146,206,9,128,204,6,217,102,134,163,63,186,207,126,242,174,16,190,233,144,236,242,102,217,80,110,82,77,193,174,160,149,33,167,238,151,13,116,125,29,191,114,39,233,0,151,33,221,34,35,47,31,201,24,130,142,128,185,36,105,175,233,114,80,199,155,137,228,186,77,170,143,6,147,221,29,234,212,86,216,65,224,155,121,117,0,13,178,255,121,40,194,28,197,173,220,76,71,224,239,152,66,120,39,205,249,166,120,97,209,103,145,57,112,191,174,158,60,0,72,77,115,73,65,68,102,35,101,147,150,116,160,33,247,172,129,215,114,37,254,109,20,9,149,25,78,156,14,183,181,218,40,163,255,234,19,201,252,226,122,31,177,178,225,209,37,225,30,191,129,245,119,1,151,247,66,15,86,124,133,213,7,143,141,150,103,55,202,35,154,85,156,66,42,15,61,27,199,125,52,86,30,235,174,47,196,181,75,199,188,159,115,141,101,90,242,53,149,35,29,176,113,32,166,47,55,77,110,25,9,181,80,12,23,60,2,107,176,239,178,201,208,155,32,56,210,225,177,95,52,244,141,86,182,250,102,137,49,86,36,100,136,115,142,34,89,92,141,161,204,38,132,29,18,248,210,217,51,129,20,228,137,10,106,134,110,249,97,86,133,94,71,93,12,61,137,25,41,9,3,11,97,220,76,199,46,141,6,169,68,140,180,30,99,215,64,88,180,115,194,248,213,79,94,27,187,63,36,82,36,24,121,247,76,85,18,216,5,35,60,34,78,29,6,80,168,219,72,242,170,175,40,34,51,226,25,58,86,54,57,176,85,12,141,41,150,139,95,245,19,100,199,247,26,65,48,136,148,62,196,116,233,193,120,106,7,235,38,219,0,15,240,233,197,3,161,113,177,125,14,243,205,177,26,76,115,85,246,194,35,87,177,214,242,52,192,29,175,132,247,101,24,83,220,235,170,134,255,26,50,238,177,158,138,164,217,59,142,216,3,93,186,223,7,140,204,223,81,63,47,48,43,47,207,105,68,8,194,35,70,35,107,178,75,119,46,175,89,128,142,200,84,148,70,4,133,37,65,44,25,132,41,237,98,113,19,0,73,217,229,141,63,82,79,113,47,167,153,225,229,211,234,194,10,71,91,65,61,148,0,184,171,55,14,249,243,43,4,173,89,69,125,60,138,229,189,93,64,19,56,58,57,241,219,85,79,120,191,90,179,217,183,7,132,10,47,14,208,4,152,200,237,228,127,18,167,112,129,3,82,71,29,214,164,73,95,91,129,132,33,86,250,17,151,137,6,250,188,5,3,142,187,171,229,110,179,164,1,49,158,187,252,22,242,195,111,101,41,103,201,18,185,10,203,104,15,196,158,30,255,84,215,211,182,83,77,239,78,188,249,45,204,229,19,50,83,13,226,80,19,35,105,214,21,138,146,11,153,76,114,146,128,102,138,159,166,158,15,188,153,190,87,230,108,95,88,122,141,74,6,131,26,160,201,15,87,233,42,216,174,55,170,68,144,64,159,217,219,250,164,30,205,250,179,216,212,72,178,137,78,198,182,97,184,57,20,223,90,16,217,163,252,174,51,5,144,232,202,0,155,221,213,10,128,193,113,109,112,137,55,67,44,30,138,134,20,185,123,52,14,104,200,77,105,142,30,157,33,224,236,31,40,232,252,83,21,126,203,168,41,138,7,176,207,82,5,6,154,150,46,187,118,140,33,247,109,17,226,166,236,76,216,162,130,35,37,50,248,202,212,114,208,11,119,63,62,58,179,172,168,215,66,20,147,166,157,199,120,24,240,195,200,58,164,249,135,44,155,59,229,245,91,255,244,216,108,71,94,75,8,76,250,69,129,44,229,67,206,5,11,159,62,145,35,228,105,187,115,248,244,93,158,88,177,95,48,120,164,54,246,185,77,79,231,153,152,82,172,165,246,37,201,27,93,134,248,169,58,11,54,244,38,93,120,174,146,82,62,12,247,135,202,22,40,11,103,102,130,225,236,198,251,227,125,229,228,209,85,46,199,34,18,33,249,249,123,29,245,7,137,43,173,14,219,233,55,9,180,125,225,207,93,92,226,17,248,221,230,172,240,91,221,252,108,128,205,30,146,176,6,164,93,70,31,34,92,55,132,71,120,155,165,32,55,79,63,255,44,66,75,58,6,191,142,208,82,128,255,159,138,80,161,155,87,186,168,231,144,236,32,179,121,161,107,190,247,166,81,110,51,136,195,86,225,88,252,137,101,160,243,73,214,98,241,156,167,175,203,203,136,32,125,29,152,136,137,119,16,32,98,251,151,197,46,164,83,4,70,137,27,29,45,194,34,230,8,72,132,104,112,254,85,217,134,251,36,139,211,170,163,218,109,12,230,216,31,85,100,1739147310290,QBYTE | plagiarize
20,37,4,17,89,45,34,26,234,130,57,223,83,61,74,105,117,100,226,85,37,199,126,162,0,90,38,238,137,107,228,159,202,211,20,55,187,207,234,21,172,71,156,45,200,179,230,15,55,139,237,171,5,185,63,253,130,2,122,6,10,234,5,216,31,122,121,85,193,13,90,4,234,255,140,66,199,103,167,23,16,119,142,56,171,124,119,180,148,18,220,112,175,22,246,144,124,135,17,46,47,136,110,127,114,114,31,6,124,14,130,178,240,61,77,52,76,221,103,1,240,169,153,57,208,225,29,198,8,63,120,22,4,27,4,223,207,135,28,75,212,215,149,127,137,200,50,190,219,118,97,192,190,157,89,135,37,228,208,108,179,18,251,144,58,70,68,239,206,32,82,112,103,207,101,69,21,136,9,152,197,198,222,234,83,103,44,230,179,162,227,54,248,155,206,23,187,58,14,236,204,246,159,144,5,84,9,117,239,122,181,240,194,30,3,200,245,129,157,227,9,211,81,100,54,164,105,185,81,221,68,2,123,89,253,39,33,37,81,6,183,80,63,111,76,79,108,179,23,184,1739147311357,/dev/cu.usbmodem14201
82,71,108,117,39,213,134,34,177,180,18,25,254,253,252,180,5,175,0,124,90,104,0,240,254,66,46,68,83,147,85,240,5,14,67,30,165,49,79,15,125,112,160,92,181,255,115,41,115,37,36,147,16,206,130,235,174,131,61,248,218,106,85,190,24,115,132,9,13,4,221,68,235,58,221,156,177,16,220,50,112,223,173,229,36,139,94,144,16,26,222,209,123,217,156,212,76,128,144,249,239,78,158,126,193,210,4,243,64,142,68,35,2,235,206,12,41,44,64,7,123,183,81,115,111,202,112,60,158,250,16,136,158,201,198,137,210,153,184,121,211,154,126,31,168,94,105,198,89,241,209,220,48,193,182,187,182,245,214,200,82,33,73,26,159,217,122,146,57,6,11,90,108,255,124,80,183,62,221,231,221,137,153,7,95,90,143,101,49,154,64,227,143,8,19,57,173,13,131,188,117,146,59,208,42,124,39,133,61,130,34,26,173,179,121,172,162,73,198,66,47,213,244,223,38,157,214,105,46,51,161,194,28,41,25,153,170,47,208,132,214,162,123,140,51,187,157,147,188,107,1739147311357,/dev/cu.usbmodem1413101
80,252,71,198,245,237,215,112,16,50,250,175,24,61,200,27,230,144,167,121,227,207,13,148,183,208,162,114,78,138,191,212,117,242,200,214,78,164,176,16,101,82,132,217,13,122,41,75,132,148,131,78,147,250,44,239,202,192,252,120,153,47,224,5,96,112,163,82,188,229,93,201,216,226,40,150,196,78,71,199,201,9,139,245,165,121,50,106,154,152,112,240,248,81,155,203,118,16,242,162,213,86,222,144,86,149,243,207,253,189,29,117,127,47,139,154,3,212,189,134,30,73,242,85,149,151,84,91,62,187,88,56,148,191,229,149,117,225,25,7,158,37,215,101,125,90,55,123,97,131,110,174,27,176,255,126,52,197,246,253,215,95,71,53,213,234,189,73,218,218,211,19,44,193,68,14,36,173,106,228,18,210,179,162,251,80,146,87,179,75,136,169,232,245,87,246,88,70,144,17,166,222,142,1,30,201,39,148,240,158,230,185,6,106,246,203,75,27,152,183,227,166,94,87,233,200,11,242,24,145,243,33,112,28,175,112,109,149,222,120,54,228,187,34,158,186,154,149,240,147,1739147311358,/dev/cu.usbmodem1413201
215,51,151,174,68,19,25,134,137,107,211,145,244,53,42,174,191,66,236,184,123,10,150,47,221,137,116,58,75,146,155,142,42,158,227,191,173,235,12,31,215,93,52,12,9,82,145,123,230,39,174,14,95,103,211,189,207,184,10,21,231,43,38,206,204,164,225,139,21,46,87,112,8,239,1,82,26,155,177,170,141,250,70,234,20,181,203,161,196,227,167,148,62,151,144,2,116,12,233,234,207,185,50,108,157,195,88,245,176,32,162,87,246,82,61,140,70,226,33,174,113,212,23,60,60,149,147,53,216,214,185,225,18,78,132,114,107,75,28,47,173,250,23,118,189,47,251,13,89,8,16,182,189,49,30,47,88,171,171,19,228,26,171,155,35,32,216,3,47,241,235,176,125,12,193,23,79,150,204,12,124,116,178,94,27,168,190,185,187,95,79,88,249,78,159,9,237,186,198,40,228,203,80,62,75,191,231,5,5,175,60,126,57,31,183,86,165,228,145,62,45,90,181,163,53,17,196,77,211,161,64,91,240,61,37,55,172,170,8,8,196,160,61,169,72,156,87,94,27,19,1739147311358,/dev/cu.usbmodem1413401
140,111,50,217,17,79,48,138,227,91,207,90,173,94,119,188,28,243,30,98,167,244,20,81,29,241,5,100,172,219,7,221,138,148,246,242,216,232,235,87,87,190,249,173,157,79,149,252,157,242,164,188,96,187,156,163,204,13,174,224,161,219,241,248,171,145,165,77,97,122,178,116,25,242,67,222,220,55,8,97,125,200,223,174,70,44,79,92,182,105,15,165,0,185,194,113,198,52,36,39,46,16,4,14,182,106,133,54,222,77,130,79,141,70,65,105,181,83,230,180,87,107,57,239,162,81,94,13,115,139,72,65,127,123,100,141,237,118,135,232,230,59,164,118,1,197,157,191,216,199,230,29,245,58,244,160,236,199,180,201,23,155,251,188,245,236,238,27,250,180,158,141,138,219,232,17,18,157,223,169,217,157,62,129,61,223,134,112,64,231,130,171,247,255,141,179,143,18,123,248,139,8,107,92,126,122,32,140,44,220,221,29,8,208,2,206,88,194,43,6,18,56,148,42,86,102,147,15,75,53,119,249,41,131,254,178,228,218,46,239,88,95,185,157,156,217,198,182,16,202,1739147311358,/dev/cu.usbmodem14124201
150,13,26,73,225,177,188,114,93,132,73,143,160,97,153,22,238,47,38,20,44,113,254,108,205,88,12,48,149,175,219,143,46,196,237,195,158,172,57,241,81,236,35,112,253,111,211,43,57,252,148,58,153,211,219,253,212,188,153,189,141,65,213,27,50,155,175,83,143,132,32,134,213,235,142,212,119,167,107,182,185,209,6,153,215,106,49,156,104,26,65,190,5,70,86,241,119,175,72,134,150,59,122,231,144,4,16,10,216,13,110,99,41,223,217,93,119,38,174,54,69,18,220,78,99,223,148,235,181,159,185,0,115,78,205,20,236,130,130,146,250,253,149,154,184,188,222,154,117,36,176,85,177,201,13,129,225,224,107,140,216,62,30,185,16,6,92,133,156,36,229,172,48,34,23,163,203,51,19,197,237,240,244,16,183,196,251,213,125,202,243,230,105,5,33,63,91,222,1,172,145,161,173,101,120,51,232,4,216,226,249,138,119,64,206,85,58,233,16,94,235,102,11,21,232,71,132,172,42,85,65,143,40,97,206,234,233,63,198,98,205,12,10,12,246,235,69,109,158,100,1739147311358,/dev/cu.usbmodem14124401
234,27,200,110,229,226,156,160,101,105,247,121,156,120,20,216,165,212,70,91,146,136,44,226,32,109,227,10,39,213,233,159,97,124,139,79,87,209,159,41,182,46,21,63,225,41,33,120,106,111,208,140,73,137,72,19,116,152,40,26,210,67,136,107,134,214,246,155,117,155,60,120,35,47,1,163,194,33,206,36,29,138,39,212,220,199,160,67,3,157,240,217,102,115,24,39,135,236,2,132,9,23,0,132,195,160,229,134,57,254,149,195,69,49,109,22,86,175,20,12,190,183,42,141,36,178,233,39,72,248,177,66,139,236,209,70,74,37,229,56,156,87,151,100,203,147,209,120,120,212,171,57,231,123,195,124,22,74,221,1,143,71,82,182,22,39,184,80,100,73,186,113,245,128,138,208,73,242,48,88,51,41,58,30,142,185,48,28,61,35,141,221,167,35,209,10,122,240,239,157,93,12,211,32,237,58,118,156,70,164,91,104,131,140,210,129,53,39,203,102,31,178,51,175,122,188,50,72,25,195,200,34,56,9,11,128,84,171,198,69,48,4,108,141,51,87,97,94,33,167,1739147311359,/dev/cu.usbmodem14124101
165,113,198,88,218,69,172,171,77,143,140,79,104,179,2,213,241,10,197,152,55,75,143,240,120,39,236,164,223,139,219,77,30,67,145,96,192,118,129,220,188,77,66,152,97,190,76,82,199,198,207,55,199,17,19,132,32,238,60,200,187,28,65,116,184,206,149,240,94,82,161,169,220,99,174,139,129,111,91,168,158,224,74,185,105,151,18,231,68,252,53,120,230,91,252,52,58,145,231,164,134,9,68,50,150,221,57,152,165,153,216,173,153,173,154,208,99,123,105,219,203,190,238,239,37,42,80,123,57,237,53,24,151,35,10,15,206,43,56,76,3,62,202,85,56,140,158,139,38,219,147,109,219,93,237,99,28,187,135,115,130,24,172,225,247,241,206,244,79,166,186,232,103,248,3,172,231,53,246,97,126,112,156,72,153,191,61,138,85,214,159,233,100,25,165,99,136,241,190,134,148,4,38,190,21,38,195,254,9,200,119,208,94,10,223,181,42,134,34,131,189,207,188,184,158,246,200,11,159,162,167,50,84,252,222,11,240,154,191,177,117,50,139,72,52,208,135,8,184,197,1739147311359,/dev/cu.usbmodem14124301
20,37,4,17,89,45,34,26,234,130,57,223,83,61,74,105,117,100,226,85,37,199,126,162,0,90,38,238,137,107,228,159,202,211,20,55,187,207,234,21,172,71,156,45,200,179,230,15,55,139,237,171,5,185,63,253,130,2,122,6,10,234,5,216,31,122,121,85,193,13,90,4,234,255,140,66,199,103,167,23,16,119,142,56,171,124,119,180,148,18,220,112,175,22,246,144,124,135,17,46,47,136,110,127,114,114,31,6,124,14,130,178,240,61,77,52,76,221,103,1,240,169,153,57,208,225,29,198,8,63,120,22,4,27,4,223,207,135,28,75,212,215,149,127,137,200,50,190,219,118,97,192,190,157,89,135,37,228,208,108,179,18,251,144,58,70,68,239,206,32,82,112,103,207,101,69,21,136,9,152,197,198,222,234,83,103,44,230,179,162,227,54,248,155,206,23,187,58,14,236,204,246,159,144,5,84,9,117,239,122,181,240,194,30,3,200,245,129,157,227,9,211,81,100,54,164,105,185,81,221,68,2,123,89,253,39,33,37,81,6,183,80,63,111,76,79,108,179,23,184,82,71,108,117,39,213,134,34,177,180,18,25,254,253,252,180,5,175,0,124,90,104,0,240,254,66,46,68,83,147,85,240,5,14,67,30,165,49,79,15,125,112,160,92,181,255,115,41,115,37,36,147,16,206,130,235,174,131,61,248,218,106,85,190,24,115,132,9,13,4,221,68,235,58,221,156,177,16,220,50,112,223,173,229,36,139,94,144,16,26,222,209,123,217,156,212,76,128,144,249,239,78,158,126,193,210,4,243,64,142,68,35,2,235,206,12,41,44,64,7,123,183,81,115,111,202,112,60,158,250,16,136,158,201,198,137,210,153,184,121,211,154,126,31,168,94,105,198,89,241,209,220,48,193,182,187,182,245,214,200,82,33,73,26,159,217,122,146,57,6,11,90,108,255,124,80,183,62,221,231,221,137,153,7,95,90,143,101,49,154,64,227,143,8,19,57,173,13,131,188,117,146,59,208,42,124,39,133,61,130,34,26,173,179,121,172,162,73,198,66,47,213,244,223,38,157,214,105,46,51,161,194,28,41,25,153,170,47,208,132,214,162,123,140,51,187,157,147,188,107,80,252,71,198,245,237,215,112,16,50,250,175,24,61,200,27,230,144,167,121,227,207,13,148,183,208,162,114,78,138,191,212,117,242,200,214,78,164,176,16,101,82,132,217,13,122,41,75,132,148,131,78,147,250,44,239,202,192,252,120,153,47,224,5,96,112,163,82,188,229,93,201,216,226,40,150,196,78,71,199,201,9,139,245,165,121,50,106,154,152,112,240,248,81,155,203,118,16,242,162,213,86,222,144,86,149,243,207,253,189,29,117,127,47,139,154,3,212,189,134,30,73,242,85,149,151,84,91,62,187,88,56,148,191,229,149,117,225,25,7,158,37,215,101,125,90,55,123,97,131,110,174,27,176,255,126,52,197,246,253,215,95,71,53,213,234,189,73,218,218,211,19,44,193,68,14,36,173,106,228,18,210,179,162,251,80,146,87,179,75,136,169,232,245,87,246,88,70,144,17,166,222,142,1,30,201,39,148,240,158,230,185,6,106,246,203,75,27,152,183,227,166,94,87,233,200,11,242,24,145,243,33,112,28,175,112,109,149,222,120,54,228,187,34,158,186,154,149,240,147,215,51,151,174,68,19,25,134,137,107,211,145,244,53,42,174,191,66,236,184,123,10,150,47,221,137,116,58,75,146,155,142,42,158,227,191,173,235,12,31,215,93,52,12,9,82,145,123,230,39,174,14,95,103,211,189,207,184,10,21,231,43,38,206,204,164,225,139,21,46,87,112,8,239,1,82,26,155,177,170,141,250,70,234,20,181,203,161,196,227,167,148,62,151,144,2,116,12,233,234,207,185,50,108,157,195,88,245,176,32,162,87,246,82,61,140,70,226,33,174,113,212,23,60,60,149,147,53,216,214,185,225,18,78,132,114,107,75,28,47,173,250,23,118,189,47,251,13,89,8,16,182,189,49,30,47,88,171,171,19,228,26,171,155,35,32,216,3,47,241,235,176,125,12,193,23,79,150,204,12,124,116,178,94,27,168,190,185,187,95,79,88,249,78,159,9,237,186,198,40,228,203,80,62,75,191,231,5,5,175,60,126,57,31,183,86,165,228,145,62,45,90,181,163,53,17,196,77,211,161,64,91,240,61,37,55,172,170,8,8,196,160,61,169,72,156,87,94,27,19,140,111,50,217,17,79,48,138,227,91,207,90,173,94,119,188,28,243,30,98,167,244,20,81,29,241,5,100,172,219,7,221,138,148,246,242,216,232,235,87,87,190,249,173,157,79,149,252,157,242,164,188,96,187,156,163,204,13,174,224,161,219,241,248,171,145,165,77,97,122,178,116,25,242,67,222,220,55,8,97,125,200,223,174,70,44,79,92,182,105,15,165,0,185,194,113,198,52,36,39,46,16,4,14,182,106,133,54,222,77,130,79,141,70,65,105,181,83,230,180,87,107,57,239,162,81,94,13,115,139,72,65,127,123,100,141,237,118,135,232,230,59,164,118,1,197,157,191,216,199,230,29,245,58,244,160,236,199,180,201,23,155,251,188,245,236,238,27,250,180,158,141,138,219,232,17,18,157,223,169,217,157,62,129,61,223,134,112,64,231,130,171,247,255,141,179,143,18,123,248,139,8,107,92,126,122,32,140,44,220,221,29,8,208,2,206,88,194,43,6,18,56,148,42,86,102,147,15,75,53,119,249,41,131,254,178,228,218,46,239,88,95,185,157,156,217,198,182,16,202,150,13,26,73,225,177,188,114,93,132,73,143,160,97,153,22,238,47,38,20,44,113,254,108,205,88,12,48,149,175,219,143,46,196,237,195,158,172,57,241,81,236,35,112,253,111,211,43,57,252,148,58,153,211,219,253,212,188,153,189,141,65,213,27,50,155,175,83,143,132,32,134,213,235,142,212,119,167,107,182,185,209,6,153,215,106,49,156,104,26,65,190,5,70,86,241,119,175,72,134,150,59,122,231,144,4,16,10,216,13,110,99,41,223,217,93,119,38,174,54,69,18,220,78,99,223,148,235,181,159,185,0,115,78,205,20,236,130,130,146,250,253,149,154,184,188,222,154,117,36,176,85,177,201,13,129,225,224,107,140,216,62,30,185,16,6,92,133,156,36,229,172,48,34,23,163,203,51,19,197,237,240,244,16,183,196,251,213,125,202,243,230,105,5,33,63,91,222,1,172,145,161,173,101,120,51,232,4,216,226,249,138,119,64,206,85,58,233,16,94,235,102,11,21,232,71,132,172,42,85,65,143,40,97,206,234,233,63,198,98,205,12,10,12,246,235,69,109,158,100,234,27,200,110,229,226,156,160,101,105,247,121,156,120,20,216,165,212,70,91,146,136,44,226,32,109,227,10,39,213,233,159,97,124,139,79,87,209,159,41,182,46,21,63,225,41,33,120,106,111,208,140,73,137,72,19,116,152,40,26,210,67,136,107,134,214,246,155,117,155,60,120,35,47,1,163,194,33,206,36,29,138,39,212,220,199,160,67,3,157,240,217,102,115,24,39,135,236,2,132,9,23,0,132,195,160,229,134,57,254,149,195,69,49,109,22,86,175,20,12,190,183,42,141,36,178,233,39,72,248,177,66,139,236,209,70,74,37,229,56,156,87,151,100,203,147,209,120,120,212,171,57,231,123,195,124,22,74,221,1,143,71,82,182,22,39,184,80,100,73,186,113,245,128,138,208,73,242,48,88,51,41,58,30,142,185,48,28,61,35,141,221,167,35,209,10,122,240,239,157,93,12,211,32,237,58,118,156,70,164,91,104,131,140,210,129,53,39,203,102,31,178,51,175,122,188,50,72,25,195,200,34,56,9,11,128,84,171,198,69,48,4,108,141,51,87,97,94,33,167,165,113,198,88,218,69,172,171,77,143,140,79,104,179,2,213,241,10,197,152,55,75,143,240,120,39,236,164,223,139,219,77,30,67,145,96,192,118,129,220,188,77,66,152,97,190,76,82,199,198,207,55,199,17,19,132,32,238,60,200,187,28,65,116,184,206,149,240,94,82,161,169,220,99,174,139,129,111,91,168,158,224,74,185,105,151,18,231,68,252,53,120,230,91,252,52,58,145,231,164,134,9,68,50,150,221,57,152,165,153,216,173,153,173,154,208,99,123,105,219,203,190,238,239,37,42,80,123,57,237,53,24,151,35,10,15,206,43,56,76,3,62,202,85,56,140,158,139,38,219,147,109,219,93,237,99,28,187,135,115,130,24,172,225,247,241,206,244,79,166,186,232,103,248,3,172,231,53,246,97,126,112,156,72,153,191,61,138,85,214,159,233,100,25,165,99,136,241,190,134,148,4,38,190,21,38,195,254,9,200,119,208,94,10,223,181,42,134,34,131,189,207,188,184,158,246,200,11,159,162,167,50,84,252,222,11,240,154,191,177,117,50,139,72,52,208,135,8,184,197,1739147311360,QBYTE | oamaru
243,205,206,218,88,203,10,38,166,36,1,227,199,253,153,65,121,74,70,36,202,32,137,66,44,205,33,104,35,107,237,19,62,94,6,125,66,154,21,67,102,114,36,98,243,66,142,17,136,20,160,145,14,57,149,62,246,121,251,17,6,7,33,156,70,189,230,121,12,46,164,54,39,14,52,145,122,28,203,177,241,196,203,57,144,151,210,181,211,105,151,255,27,53,226,61,61,126,144,111,61,117,52,35,31,222,135,103,56,123,67,10,44,217,156,134,144,39,79,130,65,175,176,205,144,94,238,226,186,7,84,55,41,174,121,231,119,117,2,194,12,24,220,43,252,179,12,160,177,186,69,93,168,105,34,139,60,179,119,93,191,218,243,106,22,208,32,169,200,193,46,111,101,62,221,194,143,51,207,61,222,15,201,227,98,94,222,26,178,13,0,68,134,4,118,158,46,77,198,160,77,247,185,242,190,188,210,23,29,85,21,64,179,161,143,134,119,221,56,154,157,111,102,66,171,101,254,80,59,128,220,201,139,193,18,79,17,188,201,83,214,82,17,72,29,61,0,128,163,224,1739147312423,/dev/cu.usbmodem14201
212,104,13,226,175,85,135,250,230,0,181,44,149,106,56,227,221,40,169,5,222,105,139,115,214,28,203,239,45,70,86,165,29,68,119,92,90,136,79,155,131,116,165,219,34,111,212,219,83,54,103,228,39,233,1,189,111,78,66,80,153,109,188,179,170,62,193,236,0,195,134,238,114,166,218,101,158,75,64,68,8,164,209,57,145,79,255,38,176,175,136,213,193,138,105,80,12,122,132,65,230,197,239,68,106,222,148,235,148,20,31,255,215,66,255,147,29,163,156,21,9,132,183,224,90,38,241,49,35,58,160,229,76,144,103,78,22,183,96,127,166,207,174,222,27,129,217,157,216,50,77,169,170,141,167,220,88,116,36,232,73,117,179,49,142,24,221,8,190,246,189,30,62,173,152,183,69,188,180,173,13,187,131,249,190,176,120,136,146,100,54,15,47,46,226,84,54,93,69,114,13,156,187,196,57,176,29,31,227,96,85,61,5,164,234,151,216,179,151,239,133,61,91,209,61,234,111,121,84,80,255,129,74,156,252,222,232,63,106,99,247,5,40,49,120,200,53,253,152,205,1739147312423,/dev/cu.usbmodem1413101
93,101,112,193,185,242,247,223,198,195,68,108,231,49,127,65,228,60,182,132,5,26,186,233,174,45,146,33,91,35,102,128,135,141,71,119,244,233,101,76,252,77,83,242,49,201,149,101,160,147,38,37,187,40,171,118,84,162,179,58,166,40,82,133,74,30,32,45,253,121,230,132,0,95,98,109,87,197,171,242,19,203,58,161,85,39,77,103,41,69,150,168,155,160,71,90,204,143,90,96,62,45,94,229,14,19,23,83,138,32,106,224,47,144,253,253,64,0,14,149,16,51,192,48,50,62,62,47,21,231,144,29,58,100,176,111,118,14,250,236,190,177,212,145,181,241,72,49,85,138,52,94,200,177,4,99,169,101,65,22,133,25,38,5,193,16,3,84,21,104,28,17,187,236,55,62,169,156,213,189,102,242,32,97,167,158,19,151,248,87,17,246,80,225,179,81,204,240,128,58,145,197,22,86,223,120,62,65,215,199,236,223,150,153,69,51,176,5,163,0,204,25,156,174,161,96,87,29,120,236,21,79,244,207,103,191,14,160,2,71,26,168,112,110,94,218,107,93,51,211,1739147312423,/dev/cu.usbmodem1413201
184,53,43,26,95,128,57,240,7,66,51,109,251,75,90,46,131,11,201,230,224,210,120,200,200,102,106,4,102,208,231,3,255,179,156,233,204,253,31,123,208,41,213,215,187,213,40,180,187,188,120,116,77,189,130,68,245,102,244,1,62,12,118,220,11,169,77,41,73,70,82,95,42,239,25,38,37,252,89,84,88,251,23,227,48,164,139,19,199,164,254,11,225,134,195,159,191,213,248,86,42,20,60,165,37,143,112,157,13,64,126,216,6,154,188,42,162,165,51,242,102,16,46,237,61,54,34,118,91,178,47,209,96,105,57,240,225,220,144,200,198,119,159,56,177,31,245,163,39,125,60,0,93,3,130,60,228,72,210,114,251,63,77,101,94,121,49,51,232,186,100,107,157,100,115,241,229,208,38,90,191,133,58,240,40,75,153,112,25,48,190,201,71,235,41,249,156,159,243,81,119,9,82,159,190,232,224,53,207,62,18,165,70,219,24,229,153,244,57,65,196,201,178,94,129,10,144,166,188,91,235,65,47,58,48,46,6,62,36,73,67,232,115,48,30,246,104,204,23,188,1739147312424,/dev/cu.usbmodem1413401
24,61,92,223,158,30,108,110,243,55,233,219,149,121,87,116,237,199,119,176,87,83,24,240,127,63,124,36,22,188,178,111,62,209,126,54,168,113,180,238,130,74,148,152,98,38,235,235,178,20,127,32,232,94,179,149,177,242,251,72,134,113,82,244,138,230,219,37,118,80,77,252,203,116,60,101,9,232,123,191,194,66,171,186,139,169,81,17,227,50,56,78,146,244,218,192,1,150,116,165,38,168,66,105,170,30,193,219,61,52,139,160,108,76,174,6,249,241,161,187,67,202,219,229,237,36,167,193,207,187,15,43,32,172,198,52,42,105,177,145,69,20,158,167,85,134,61,175,114,37,233,224,203,251,140,69,144,182,243,35,106,163,59,234,192,216,182,169,48,56,12,62,229,253,103,58,213,96,74,43,191,119,175,203,168,14,151,195,58,237,96,51,82,165,99,84,16,43,121,56,194,30,65,112,8,189,237,183,239,247,25,169,189,122,152,250,224,55,97,10,128,191,158,203,109,109,103,163,117,188,12,173,49,190,161,159,41,255,161,123,122,15,64,212,243,48,22,91,217,154,1739147312424,/dev/cu.usbmodem14124201
153,59,152,147,58,94,120,149,17,238,213,63,131,212,69,109,33,171,64,111,173,211,43,219,190,124,149,56,223,14,53,13,243,252,196,105,6,136,118,204,230,149,167,28,241,16,168,30,92,46,182,57,43,129,46,252,22,41,182,145,8,68,173,197,169,48,182,137,183,113,202,99,190,250,124,210,152,210,51,198,21,93,189,134,141,143,248,66,138,45,221,61,76,82,158,172,232,41,251,8,155,180,45,29,154,192,14,241,33,129,33,145,156,6,142,85,17,244,16,248,136,166,117,186,186,40,216,188,237,214,163,150,128,17,214,253,30,209,63,72,176,170,68,179,94,153,3,117,50,62,230,229,136,22,168,146,160,98,55,203,241,91,238,247,203,16,182,178,56,152,237,204,145,183,11,142,73,149,12,81,223,83,153,147,144,233,247,170,106,147,37,112,44,223,88,149,227,68,88,168,56,15,123,120,246,98,45,176,58,110,182,243,162,192,235,11,7,246,133,31,50,101,76,192,74,11,108,116,154,220,10,245,60,99,139,30,155,182,252,236,198,21,144,170,64,200,36,37,63,207,1739147312424,/dev/cu.usbmodem14124401
53,122,160,144,106,182,225,239,104,39,42,238,118,123,234,143,169,197,1,63,154,189,135,251,13,205,110,14,239,27,187,102,71,145,68,166,239,51,65,156,95,206,84,252,183,160,173,92,50,19,220,28,198,108,17,175,114,199,148,72,202,146,71,32,122,236,82,168,71,3,92,55,66,95,102,123,51,77,12,162,26,20,41,241,147,7,238,88,9,38,14,180,224,112,41,206,159,51,16,158,32,87,28,121,105,56,35,19,179,41,115,82,241,127,1,29,117,213,179,66,223,18,8,21,153,233,34,30,176,206,33,159,135,213,118,76,141,104,52,205,76,255,17,138,144,113,148,179,56,167,148,89,184,88,45,9,172,41,234,123,195,111,160,151,26,255,153,78,127,152,41,125,187,253,198,2,148,247,220,43,209,40,61,20,177,252,231,217,214,206,151,42,142,42,115,149,234,164,236,166,235,196,84,118,29,0,135,229,223,78,222,192,83,39,202,10,223,99,134,145,41,181,171,39,121,209,119,135,82,196,163,92,215,115,88,223,213,100,185,125,241,90,74,154,243,152,23,27,135,71,1739147312424,/dev/cu.usbmodem14124101
234,241,16,113,240,113,61,154,150,185,130,5,223,81,157,124,242,199,122,135,212,117,115,218,28,52,49,159,106,201,127,119,4,131,69,7,15,34,27,76,45,151,161,240,138,10,66,137,160,142,137,174,42,44,220,89,42,109,223,144,91,98,210,196,108,78,88,3,112,168,239,14,52,137,23,106,252,140,97,97,203,121,91,209,132,181,26,73,22,219,43,249,183,188,76,150,149,244,223,43,237,34,150,43,183,84,65,169,192,179,194,28,5,88,185,164,126,72,178,20,60,83,121,246,239,153,124,196,221,95,142,155,131,34,2,215,187,111,156,76,69,221,116,220,10,252,242,114,159,222,60,224,223,176,152,197,106,143,85,92,232,7,45,46,38,61,30,178,19,53,17,87,5,89,191,192,247,216,51,240,116,15,64,227,43,201,165,241,93,254,137,48,205,127,153,58,48,156,17,148,70,2,13,185,66,207,196,16,163,34,25,175,119,21,18,71,138,209,89,224,83,130,88,138,93,171,249,240,65,103,16,169,86,52,159,172,209,203,109,161,25,97,24,106,110,148,215,224,20,251,1739147312425,/dev/cu.usbmodem14124301
243,205,206,218,88,203,10,38,166,36,1,227,199,253,153,65,121,74,70,36,202,32,137,66,44,205,33,104,35,107,237,19,62,94,6,125,66,154,21,67,102,114,36,98,243,66,142,17,136,20,160,145,14,57,149,62,246,121,251,17,6,7,33,156,70,189,230,121,12,46,164,54,39,14,52,145,122,28,203,177,241,196,203,57,144,151,210,181,211,105,151,255,27,53,226,61,61,126,144,111,61,117,52,35,31,222,135,103,56,123,67,10,44,217,156,134,144,39,79,130,65,175,176,205,144,94,238,226,186,7,84,55,41,174,121,231,119,117,2,194,12,24,220,43,252,179,12,160,177,186,69,93,168,105,34,139,60,179,119,93,191,218,243,106,22,208,32,169,200,193,46,111,101,62,221,194,143,51,207,61,222,15,201,227,98,94,222,26,178,13,0,68,134,4,118,158,46,77,198,160,77,247,185,242,190,188,210,23,29,85,21,64,179,161,143,134,119,221,56,154,157,111,102,66,171,101,254,80,59,128,220,201,139,193,18,79,17,188,201,83,214,82,17,72,29,61,0,128,163,224,212,104,13,226,175,85,135,250,230,0,181,44,149,106,56,227,221,40,169,5,222,105,139,115,214,28,203,239,45,70,86,165,29,68,119,92,90,136,79,155,131,116,165,219,34,111,212,219,83,54,103,228,39,233,1,189,111,78,66,80,153,109,188,179,170,62,193,236,0,195,134,238,114,166,218,101,158,75,64,68,8,164,209,57,145,79,255,38,176,175,136,213,193,138,105,80,12,122,132,65,230,197,239,68,106,222,148,235,148,20,31,255,215,66,255,147,29,163,156,21,9,132,183,224,90,38,241,49,35,58,160,229,76,144,103,78,22,183,96,127,166,207,174,222,27,129,217,157,216,50,77,169,170,141,167,220,88,116,36,232,73,117,179,49,142,24,221,8,190,246,189,30,62,173,152,183,69,188,180,173,13,187,131,249,190,176,120,136,146,100,54,15,47,46,226,84,54,93,69,114,13,156,187,196,57,176,29,31,227,96,85,61,5,164,234,151,216,179,151,239,133,61,91,209,61,234,111,121,84,80,255,129,74,156,252,222,232,63,106,99,247,5,40,49,120,200,53,253,152,205,93,101,112,193,185,242,247,223,198,195,68,108,231,49,127,65,228,60,182,132,5,26,186,233,174,45,146,33,91,35,102,128,135,141,71,119,244,233,101,76,252,77,83,242,49,201,149,101,160,147,38,37,187,40,171,118,84,162,179,58,166,40,82,133,74,30,32,45,253,121,230,132,0,95,98,109,87,197,171,242,19,203,58,161,85,39,77,103,41,69,150,168,155,160,71,90,204,143,90,96,62,45,94,229,14,19,23,83,138,32,106,224,47,144,253,253,64,0,14,149,16,51,192,48,50,62,62,47,21,231,144,29,58,100,176,111,118,14,250,236,190,177,212,145,181,241,72,49,85,138,52,94,200,177,4,99,169,101,65,22,133,25,38,5,193,16,3,84,21,104,28,17,187,236,55,62,169,156,213,189,102,242,32,97,167,158,19,151,248,87,17,246,80,225,179,81,204,240,128,58,145,197,22,86,223,120,62,65,215,199,236,223,150,153,69,51,176,5,163,0,204,25,156,174,161,96,87,29,120,236,21,79,244,207,103,191,14,160,2,71,26,168,112,110,94,218,107,93,51,211,184,53,43,26,95,128,57,240,7,66,51,109,251,75,90,46,131,11,201,230,224,210,120,200,200,102,106,4,102,208,231,3,255,179,156,233,204,253,31,123,208,41,213,215,187,213,40,180,187,188,120,116,77,189,130,68,245,102,244,1,62,12,118,220,11,169,77,41,73,70,82,95,42,239,25,38,37,252,89,84,88,251,23,227,48,164,139,19,199,164,254,11,225,134,195,159,191,213,248,86,42,20,60,165,37,143,112,157,13,64,126,216,6,154,188,42,162,165,51,242,102,16,46,237,61,54,34,118,91,178,47,209,96,105,57,240,225,220,144,200,198,119,159,56,177,31,245,163,39,125,60,0,93,3,130,60,228,72,210,114,251,63,77,101,94,121,49,51,232,186,100,107,157,100,115,241,229,208,38,90,191,133,58,240,40,75,153,112,25,48,190,201,71,235,41,249,156,159,243,81,119,9,82,159,190,232,224,53,207,62,18,165,70,219,24,229,153,244,57,65,196,201,178,94,129,10,144,166,188,91,235,65,47,58,48,46,6,62,36,73,67,232,115,48,30,246,104,204,23,188,24,61,92,223,158,30,108,110,243,55,233,219,149,121,87,116,237,199,119,176,87,83,24,240,127,63,124,36,22,188,178,111,62,209,126,54,168,113,180,238,130,74,148,152,98,38,235,235,178,20,127,32,232,94,179,149,177,242,251,72,134,113,82,244,138,230,219,37,118,80,77,252,203,116,60,101,9,232,123,191,194,66,171,186,139,169,81,17,227,50,56,78,146,244,218,192,1,150,116,165,38,168,66,105,170,30,193,219,61,52,139,160,108,76,174,6,249,241,161,187,67,202,219,229,237,36,167,193,207,187,15,43,32,172,198,52,42,105,177,145,69,20,158,167,85,134,61,175,114,37,233,224,203,251,140,69,144,182,243,35,106,163,59,234,192,216,182,169,48,56,12,62,229,253,103,58,213,96,74,43,191,119,175,203,168,14,151,195,58,237,96,51,82,165,99,84,16,43,121,56,194,30,65,112,8,189,237,183,239,247,25,169,189,122,152,250,224,55,97,10,128,191,158,203,109,109,103,163,117,188,12,173,49,190,161,159,41,255,161,123,122,15,64,212,243,48,22,91,217,154,153,59,152,147,58,94,120,149,17,238,213,63,131,212,69,109,33,171,64,111,173,211,43,219,190,124,149,56,223,14,53,13,243,252,196,105,6,136,118,204,230,149,167,28,241,16,168,30,92,46,182,57,43,129,46,252,22,41,182,145,8,68,173,197,169,48,182,137,183,113,202,99,190,250,124,210,152,210,51,198,21,93,189,134,141,143,248,66,138,45,221,61,76,82,158,172,232,41,251,8,155,180,45,29,154,192,14,241,33,129,33,145,156,6,142,85,17,244,16,248,136,166,117,186,186,40,216,188,237,214,163,150,128,17,214,253,30,209,63,72,176,170,68,179,94,153,3,117,50,62,230,229,136,22,168,146,160,98,55,203,241,91,238,247,203,16,182,178,56,152,237,204,145,183,11,142,73,149,12,81,223,83,153,147,144,233,247,170,106,147,37,112,44,223,88,149,227,68,88,168,56,15,123,120,246,98,45,176,58,110,182,243,162,192,235,11,7,246,133,31,50,101,76,192,74,11,108,116,154,220,10,245,60,99,139,30,155,182,252,236,198,21,144,170,64,200,36,37,63,207,53,122,160,144,106,182,225,239,104,39,42,238,118,123,234,143,169,197,1,63,154,189,135,251,13,205,110,14,239,27,187,102,71,145,68,166,239,51,65,156,95,206,84,252,183,160,173,92,50,19,220,28,198,108,17,175,114,199,148,72,202,146,71,32,122,236,82,168,71,3,92,55,66,95,102,123,51,77,12,162,26,20,41,241,147,7,238,88,9,38,14,180,224,112,41,206,159,51,16,158,32,87,28,121,105,56,35,19,179,41,115,82,241,127,1,29,117,213,179,66,223,18,8,21,153,233,34,30,176,206,33,159,135,213,118,76,141,104,52,205,76,255,17,138,144,113,148,179,56,167,148,89,184,88,45,9,172,41,234,123,195,111,160,151,26,255,153,78,127,152,41,125,187,253,198,2,148,247,220,43,209,40,61,20,177,252,231,217,214,206,151,42,142,42,115,149,234,164,236,166,235,196,84,118,29,0,135,229,223,78,222,192,83,39,202,10,223,99,134,145,41,181,171,39,121,209,119,135,82,196,163,92,215,115,88,223,213,100,185,125,241,90,74,154,243,152,23,27,135,71,234,241,16,113,240,113,61,154,150,185,130,5,223,81,157,124,242,199,122,135,212,117,115,218,28,52,49,159,106,201,127,119,4,131,69,7,15,34,27,76,45,151,161,240,138,10,66,137,160,142,137,174,42,44,220,89,42,109,223,144,91,98,210,196,108,78,88,3,112,168,239,14,52,137,23,106,252,140,97,97,203,121,91,209,132,181,26,73,22,219,43,249,183,188,76,150,149,244,223,43,237,34,150,43,183,84,65,169,192,179,194,28,5,88,185,164,126,72,178,20,60,83,121,246,239,153,124,196,221,95,142,155,131,34,2,215,187,111,156,76,69,221,116,220,10,252,242,114,159,222,60,224,223,176,152,197,106,143,85,92,232,7,45,46,38,61,30,178,19,53,17,87,5,89,191,192,247,216,51,240,116,15,64,227,43,201,165,241,93,254,137,48,205,127,153,58,48,156,17,148,70,2,13,185,66,207,196,16,163,34,25,175,119,21,18,71,138,209,89,224,83,130,88,138,93,171,249,240,65,103,16,169,86,52,159,172,209,203,109,161,25,97,24,106,110,148,215,224,20,251,1739147312426,QBYTE | docteur
238,31,42,203,234,154,165,249,32,73,42,86,107,94,158,55,172,235,124,84,51,136,101,238,239,72,41,133,105,178,216,238,145,166,49,222,242,111,142,229,230,255,240,96,72,214,44,48,59,78,110,144,95,223,223,76,41,41,59,149,223,224,104,99,64,126,25,130,87,215,251,198,169,141,195,109,216,198,109,96,112,92,102,14,208,186,84,168,72,145,191,148,78,105,9,26,233,153,67,133,196,245,67,177,58,70,49,90,88,5,23,210,36,208,134,138,30,186,34,195,45,18,68,164,83,217,30,255,132,75,37,38,222,90,248,213,27,243,187,193,185,244,248,178,240,175,40,83,204,95,181,148,154,55,232,249,178,242,209,82,39,112,181,195,217,6,187,3,234,197,12,40,43,131,118,2,48,18,36,130,83,69,87,7,87,211,127,8,35,219,192,148,209,244,244,205,5,122,177,172,174,13,236,106,31,161,107,49,166,227,128,108,216,65,252,103,164,82,173,25,111,68,220,209,52,148,194,100,3,96,251,209,42,53,21,214,75,15,194,246,156,148,254,99,167,70,156,172,244,108,1739147313489,/dev/cu.usbmodem14201
182,125,138,94,129,0,98,114,240,213,143,12,207,110,208,243,78,149,42,248,41,182,57,19,208,147,212,136,209,192,217,204,66,140,142,149,70,19,144,117,104,195,206,158,14,66,166,167,190,100,71,0,192,30,18,88,6,26,64,64,132,235,209,11,78,248,192,222,162,197,17,156,109,235,151,211,41,193,175,95,191,171,233,94,108,192,142,146,116,174,110,56,186,188,169,26,45,109,255,150,107,233,201,103,237,118,57,0,21,162,85,187,96,87,118,229,218,199,31,108,176,226,251,234,214,121,216,211,5,128,228,163,58,251,0,69,160,221,123,244,98,203,221,233,46,83,250,191,18,31,140,238,13,36,82,103,0,222,14,150,128,126,234,34,139,94,59,6,129,249,206,206,85,163,77,217,5,227,200,216,6,147,109,120,241,158,123,118,227,232,159,246,167,116,99,193,212,77,145,217,69,47,18,203,54,165,175,210,6,169,29,185,235,164,10,73,244,17,116,112,20,20,7,1,221,231,241,29,17,219,24,226,144,13,150,139,144,222,174,228,158,16,197,192,98,167,177,147,31,50,1739147313489,/dev/cu.usbmodem1413101
140,197,31,57,24,170,176,103,165,61,72,10,9,69,224,12,113,236,245,68,60,115,94,41,176,158,236,97,118,137,104,80,44,36,192,177,202,83,195,14,147,62,155,69,151,251,138,146,159,116,211,96,171,77,99,169,45,115,0,251,123,236,86,33,219,248,177,66,197,129,185,81,246,206,45,243,38,142,196,248,154,128,45,215,145,228,168,142,128,105,169,49,81,82,63,53,253,82,248,90,159,248,168,162,6,125,238,193,0,199,182,242,100,57,170,22,20,106,56,36,241,157,169,211,145,222,219,81,85,230,150,33,182,56,139,7,77,160,94,149,66,239,119,118,214,235,225,25,155,64,145,235,176,225,213,22,236,119,175,113,242,84,105,160,176,94,205,95,104,104,235,180,54,96,157,5,239,72,219,7,179,223,187,151,49,238,35,114,6,249,61,130,168,16,115,41,207,204,36,73,236,137,57,69,155,213,221,109,243,154,198,147,124,88,105,128,52,100,168,187,228,146,45,143,52,57,129,156,3,130,183,219,177,236,221,241,238,158,42,150,147,231,122,61,36,226,163,44,95,232,1739147313489,/dev/cu.usbmodem1413201
170,99,38,247,59,245,3,96,6,195,100,145,95,228,35,196,78,162,12,175,130,38,55,13,72,9,160,241,137,218,19,198,236,230,87,186,13,157,60,122,53,39,83,133,128,118,204,4,142,222,222,242,116,93,195,39,104,103,181,195,241,101,124,73,123,173,74,239,250,182,211,99,218,229,28,233,36,242,191,50,182,61,231,38,131,31,137,142,162,121,108,169,153,57,6,115,69,231,192,156,131,219,95,73,169,110,242,64,228,88,34,116,102,106,96,153,211,30,145,253,145,24,0,8,137,161,89,5,15,107,38,152,248,19,111,158,255,187,203,44,129,202,248,57,118,195,25,150,41,109,114,16,127,28,5,255,60,209,219,177,87,99,102,240,32,136,171,153,143,250,203,162,17,101,78,197,211,194,43,208,48,199,192,182,212,213,156,148,70,11,191,193,143,58,64,62,191,67,52,245,225,45,127,34,93,83,225,135,76,153,242,235,248,149,127,4,208,12,60,239,233,235,188,49,210,62,228,44,123,39,180,98,243,123,215,149,195,18,32,118,155,255,223,5,55,111,240,31,126,1,1739147313489,/dev/cu.usbmodem1413401
0,248,38,33,235,30,4,105,39,65,139,243,236,239,67,248,175,48,190,151,76,150,225,46,218,105,169,73,189,194,43,155,25,114,60,86,197,62,21,44,48,75,132,226,174,42,136,46,188,103,64,53,14,251,64,166,246,91,255,67,254,2,3,30,136,232,88,6,221,140,213,192,135,160,255,231,212,244,94,240,255,135,130,216,3,159,116,127,33,82,241,109,142,255,233,171,184,104,95,176,32,73,136,13,121,183,247,198,75,186,81,238,76,19,117,106,134,96,107,145,237,26,26,113,76,132,144,218,142,252,1,139,61,1,215,182,220,161,43,233,22,182,17,254,105,91,101,11,216,222,134,91,193,167,116,180,168,67,12,30,232,234,223,214,203,116,88,246,87,49,66,161,251,141,251,164,21,108,191,240,111,230,209,123,252,158,100,173,254,13,220,144,100,206,248,252,229,40,157,66,151,127,118,120,56,241,91,123,180,240,69,36,135,38,8,71,54,229,230,133,164,118,218,16,172,100,169,75,195,87,138,116,206,147,191,89,67,220,56,163,201,118,229,61,191,0,185,232,205,252,1739147313489,/dev/cu.usbmodem14124201
223,103,43,190,14,153,228,254,94,52,85,74,137,224,170,117,191,52,89,228,64,8,19,108,6,33,252,198,221,80,134,164,18,90,47,40,231,139,205,218,125,170,165,179,123,240,79,52,212,237,132,254,87,108,22,194,125,155,185,85,149,17,255,221,223,190,121,135,71,81,165,0,255,38,49,161,165,14,30,105,211,243,158,138,16,9,174,165,210,53,68,128,156,206,3,220,184,40,178,233,2,59,210,115,218,192,156,240,237,201,165,171,72,214,246,200,24,219,125,49,110,211,133,207,240,15,190,73,197,183,58,241,153,63,235,230,143,195,187,47,167,117,158,248,121,37,255,232,107,16,91,47,17,174,230,6,33,9,76,73,74,57,100,0,252,30,46,16,201,165,142,192,205,57,163,80,208,245,128,190,105,202,49,74,174,5,144,12,206,219,199,20,75,230,159,169,180,139,59,38,190,38,0,25,120,54,199,83,196,85,29,166,188,221,200,62,8,72,163,198,6,64,21,142,227,99,120,175,242,59,188,145,233,191,86,147,39,47,219,56,129,250,140,117,250,104,76,154,243,120,1739147313489,/dev/cu.usbmodem14124401
163,235,123,253,45,196,135,78,164,99,29,224,174,228,11,130,17,125,119,248,188,50,213,23,21,51,0,1,181,76,184,145,116,164,211,39,179,178,6,30,213,93,152,140,70,83,93,119,48,135,175,13,113,165,225,224,23,118,42,185,252,65,9,247,82,147,115,147,39,105,37,163,131,165,31,69,163,123,150,59,157,135,144,130,18,132,214,170,227,8,121,150,155,32,184,78,64,46,183,135,194,117,69,108,235,37,211,82,187,242,240,135,201,129,155,231,103,156,201,207,134,172,65,120,58,94,100,136,200,207,91,29,14,57,158,213,253,245,201,201,11,234,98,32,8,99,96,43,74,146,192,172,36,82,141,30,149,231,73,133,171,204,210,28,140,170,6,198,94,169,150,209,231,135,141,4,25,240,215,179,54,63,147,148,203,239,201,79,205,89,193,239,147,8,213,36,18,36,218,88,165,208,186,117,55,138,189,218,160,189,168,81,20,87,134,184,168,232,218,238,178,210,209,14,20,240,20,111,210,166,132,17,39,0,207,22,140,18,59,207,250,60,50,198,135,252,224,195,117,36,1739147313490,/dev/cu.usbmodem14124101
52,187,230,237,74,205,57,118,100,185,180,190,237,151,76,217,95,212,158,196,36,95,6,244,167,80,107,220,120,147,11,177,50,40,175,87,86,175,114,197,114,179,212,252,62,4,243,233,145,48,165,28,72,193,56,136,183,3,137,250,219,119,36,250,151,61,131,183,183,73,88,246,177,174,140,104,17,121,207,101,150,47,38,154,170,115,92,2,95,156,240,143,255,29,134,81,253,243,88,155,188,139,244,15,187,185,32,211,179,196,143,46,40,4,103,54,216,160,192,83,8,107,143,143,157,31,59,97,246,44,19,143,86,79,119,17,33,6,177,105,83,242,37,204,43,142,174,43,86,218,242,135,217,196,34,75,147,214,92,89,174,43,21,128,3,253,48,232,174,185,146,228,86,148,58,96,208,77,169,89,235,66,190,50,211,162,190,215,42,12,11,87,54,163,217,152,138,0,153,172,23,88,63,103,149,213,53,2,228,89,29,41,106,73,39,254,108,34,29,199,59,66,200,54,120,102,35,200,164,203,18,33,21,196,1,33,181,65,159,138,8,249,251,61,219,46,57,95,247,152,1739147313490,/dev/cu.usbmodem14124301
238,31,42,203,234,154,165,249,32,73,42,86,107,94,158,55,172,235,124,84,51,136,101,238,239,72,41,133,105,178,216,238,145,166,49,222,242,111,142,229,230,255,240,96,72,214,44,48,59,78,110,144,95,223,223,76,41,41,59,149,223,224,104,99,64,126,25,130,87,215,251,198,169,141,195,109,216,198,109,96,112,92,102,14,208,186,84,168,72,145,191,148,78,105,9,26,233,153,67,133,196,245,67,177,58,70,49,90,88,5,23,210,36,208,134,138,30,186,34,195,45,18,68,164,83,217,30,255,132,75,37,38,222,90,248,213,27,243,187,193,185,244,248,178,240,175,40,83,204,95,181,148,154,55,232,249,178,242,209,82,39,112,181,195,217,6,187,3,234,197,12,40,43,131,118,2,48,18,36,130,83,69,87,7,87,211,127,8,35,219,192,148,209,244,244,205,5,122,177,172,174,13,236,106,31,161,107,49,166,227,128,108,216,65,252,103,164,82,173,25,111,68,220,209,52,148,194,100,3,96,251,209,42,53,21,214,75,15,194,246,156,148,254,99,167,70,156,172,244,108,182,125,138,94,129,0,98,114,240,213,143,12,207,110,208,243,78,149,42,248,41,182,57,19,208,147,212,136,209,192,217,204,66,140,142,149,70,19,144,117,104,195,206,158,14,66,166,167,190,100,71,0,192,30,18,88,6,26,64,64,132,235,209,11,78,248,192,222,162,197,17,156,109,235,151,211,41,193,175,95,191,171,233,94,108,192,142,146,116,174,110,56,186,188,169,26,45,109,255,150,107,233,201,103,237,118,57,0,21,162,85,187,96,87,118,229,218,199,31,108,176,226,251,234,214,121,216,211,5,128,228,163,58,251,0,69,160,221,123,244,98,203,221,233,46,83,250,191,18,31,140,238,13,36,82,103,0,222,14,150,128,126,234,34,139,94,59,6,129,249,206,206,85,163,77,217,5,227,200,216,6,147,109,120,241,158,123,118,227,232,159,246,167,116,99,193,212,77,145,217,69,47,18,203,54,165,175,210,6,169,29,185,235,164,10,73,244,17,116,112,20,20,7,1,221,231,241,29,17,219,24,226,144,13,150,139,144,222,174,228,158,16,197,192,98,167,177,147,31,50,140,197,31,57,24,170,176,103,165,61,72,10,9,69,224,12,113,236,245,68,60,115,94,41,176,158,236,97,118,137,104,80,44,36,192,177,202,83,195,14,147,62,155,69,151,251,138,146,159,116,211,96,171,77,99,169,45,115,0,251,123,236,86,33,219,248,177,66,197,129,185,81,246,206,45,243,38,142,196,248,154,128,45,215,145,228,168,142,128,105,169,49,81,82,63,53,253,82,248,90,159,248,168,162,6,125,238,193,0,199,182,242,100,57,170,22,20,106,56,36,241,157,169,211,145,222,219,81,85,230,150,33,182,56,139,7,77,160,94,149,66,239,119,118,214,235,225,25,155,64,145,235,176,225,213,22,236,119,175,113,242,84,105,160,176,94,205,95,104,104,235,180,54,96,157,5,239,72,219,7,179,223,187,151,49,238,35,114,6,249,61,130,168,16,115,41,207,204,36,73,236,137,57,69,155,213,221,109,243,154,198,147,124,88,105,128,52,100,168,187,228,146,45,143,52,57,129,156,3,130,183,219,177,236,221,241,238,158,42,150,147,231,122,61,36,226,163,44,95,232,170,99,38,247,59,245,3,96,6,195,100,145,95,228,35,196,78,162,12,175,130,38,55,13,72,9,160,241,137,218,19,198,236,230,87,186,13,157,60,122,53,39,83,133,128,118,204,4,142,222,222,242,116,93,195,39,104,103,181,195,241,101,124,73,123,173,74,239,250,182,211,99,218,229,28,233,36,242,191,50,182,61,231,38,131,31,137,142,162,121,108,169,153,57,6,115,69,231,192,156,131,219,95,73,169,110,242,64,228,88,34,116,102,106,96,153,211,30,145,253,145,24,0,8,137,161,89,5,15,107,38,152,248,19,111,158,255,187,203,44,129,202,248,57,118,195,25,150,41,109,114,16,127,28,5,255,60,209,219,177,87,99,102,240,32,136,171,153,143,250,203,162,17,101,78,197,211,194,43,208,48,199,192,182,212,213,156,148,70,11,191,193,143,58,64,62,191,67,52,245,225,45,127,34,93,83,225,135,76,153,242,235,248,149,127,4,208,12,60,239,233,235,188,49,210,62,228,44,123,39,180,98,243,123,215,149,195,18,32,118,155,255,223,5,55,111,240,31,126,1,0,248,38,33,235,30,4,105,39,65,139,243,236,239,67,248,175,48,190,151,76,150,225,46,218,105,169,73,189,194,43,155,25,114,60,86,197,62,21,44,48,75,132,226,174,42,136,46,188,103,64,53,14,251,64,166,246,91,255,67,254,2,3,30,136,232,88,6,221,140,213,192,135,160,255,231,212,244,94,240,255,135,130,216,3,159,116,127,33,82,241,109,142,255,233,171,184,104,95,176,32,73,136,13,121,183,247,198,75,186,81,238,76,19,117,106,134,96,107,145,237,26,26,113,76,132,144,218,142,252,1,139,61,1,215,182,220,161,43,233,22,182,17,254,105,91,101,11,216,222,134,91,193,167,116,180,168,67,12,30,232,234,223,214,203,116,88,246,87,49,66,161,251,141,251,164,21,108,191,240,111,230,209,123,252,158,100,173,254,13,220,144,100,206,248,252,229,40,157,66,151,127,118,120,56,241,91,123,180,240,69,36,135,38,8,71,54,229,230,133,164,118,218,16,172,100,169,75,195,87,138,116,206,147,191,89,67,220,56,163,201,118,229,61,191,0,185,232,205,252,223,103,43,190,14,153,228,254,94,52,85,74,137,224,170,117,191,52,89,228,64,8,19,108,6,33,252,198,221,80,134,164,18,90,47,40,231,139,205,218,125,170,165,179,123,240,79,52,212,237,132,254,87,108,22,194,125,155,185,85,149,17,255,221,223,190,121,135,71,81,165,0,255,38,49,161,165,14,30,105,211,243,158,138,16,9,174,165,210,53,68,128,156,206,3,220,184,40,178,233,2,59,210,115,218,192,156,240,237,201,165,171,72,214,246,200,24,219,125,49,110,211,133,207,240,15,190,73,197,183,58,241,153,63,235,230,143,195,187,47,167,117,158,248,121,37,255,232,107,16,91,47,17,174,230,6,33,9,76,73,74,57,100,0,252,30,46,16,201,165,142,192,205,57,163,80,208,245,128,190,105,202,49,74,174,5,144,12,206,219,199,20,75,230,159,169,180,139,59,38,190,38,0,25,120,54,199,83,196,85,29,166,188,221,200,62,8,72,163,198,6,64,21,142,227,99,120,175,242,59,188,145,233,191,86,147,39,47,219,56,129,250,140,117,250,104,76,154,243,120,163,235,123,253,45,196,135,78,164,99,29,224,174,228,11,130,17,125,119,248,188,50,213,23,21,51,0,1,181,76,184,145,116,164,211,39,179,178,6,30,213,93,152,140,70,83,93,119,48,135,175,13,113,165,225,224,23,118,42,185,252,65,9,247,82,147,115,147,39,105,37,163,131,165,31,69,163,123,150,59,157,135,144,130,18,132,214,170,227,8,121,150,155,32,184,78,64,46,183,135,194,117,69,108,235,37,211,82,187,242,240,135,201,129,155,231,103,156,201,207,134,172,65,120,58,94,100,136,200,207,91,29,14,57,158,213,253,245,201,201,11,234,98,32,8,99,96,43,74,146,192,172,36,82,141,30,149,231,73,133,171,204,210,28,140,170,6,198,94,169,150,209,231,135,141,4,25,240,215,179,54,63,147,148,203,239,201,79,205,89,193,239,147,8,213,36,18,36,218,88,165,208,186,117,55,138,189,218,160,189,168,81,20,87,134,184,168,232,218,238,178,210,209,14,20,240,20,111,210,166,132,17,39,0,207,22,140,18,59,207,250,60,50,198,135,252,224,195,117,36,52,187,230,237,74,205,57,118,100,185,180,190,237,151,76,217,95,212,158,196,36,95,6,244,167,80,107,220,120,147,11,177,50,40,175,87,86,175,114,197,114,179,212,252,62,4,243,233,145,48,165,28,72,193,56,136,183,3,137,250,219,119,36,250,151,61,131,183,183,73,88,246,177,174,140,104,17,121,207,101,150,47,38,154,170,115,92,2,95,156,240,143,255,29,134,81,253,243,88,155,188,139,244,15,187,185,32,211,179,196,143,46,40,4,103,54,216,160,192,83,8,107,143,143,157,31,59,97,246,44,19,143,86,79,119,17,33,6,177,105,83,242,37,204,43,142,174,43,86,218,242,135,217,196,34,75,147,214,92,89,174,43,21,128,3,253,48,232,174,185,146,228,86,148,58,96,208,77,169,89,235,66,190,50,211,162,190,215,42,12,11,87,54,163,217,152,138,0,153,172,23,88,63,103,149,213,53,2,228,89,29,41,106,73,39,254,108,34,29,199,59,66,200,54,120,102,35,200,164,203,18,33,21,196,1,33,181,65,159,138,8,249,251,61,219,46,57,95,247,152,1739147313491,QBYTE | amanat
195,133,225,61,101,164,63,169,2,151,107,178,203,242,61,126,56,108,105,226,53,189,67,27,97,219,87,91,64,29,16,57,79,10,171,228,72,250,193,60,128,221,8,144,203,68,89,43,42,203,126,47,29,53,214,249,252,245,195,235,52,81,52,196,246,16,153,33,194,194,202,48,216,241,241,50,200,249,222,169,53,44,88,231,51,92,93,188,7,177,161,78,170,194,202,65,4,143,91,242,170,121,59,57,199,247,31,117,66,31,4,134,156,115,207,181,168,189,240,68,54,159,161,58,28,80,18,144,155,255,83,29,29,60,150,66,151,253,30,192,246,112,247,250,228,182,50,64,188,152,247,86,49,60,19,70,17,155,210,33,106,151,186,144,24,62,178,138,118,33,205,163,22,24,31,169,111,91,110,140,182,21,222,171,134,87,0,140,23,27,252,78,195,39,67,62,40,211,201,70,93,217,127,42,102,180,179,189,177,205,245,180,48,232,80,135,186,189,8,10,92,148,253,97,82,195,214,148,9,252,123,190,240,27,129,83,29,103,236,236,207,79,92,232,23,152,42,193,6,242,1739147314547,/dev/cu.usbmodem14201
249,83,223,57,91,31,242,38,44,44,249,132,133,122,69,28,152,100,196,218,72,186,1,129,173,146,133,230,44,152,45,192,224,200,206,183,108,72,109,59,141,187,21,135,144,23,153,164,6,108,147,93,247,76,146,14,214,7,240,170,113,220,136,171,92,40,239,142,206,79,39,195,153,199,220,33,13,146,28,229,102,57,25,34,246,159,227,205,144,74,90,14,110,112,43,230,153,185,151,186,143,155,108,192,168,101,97,89,152,1,122,107,114,248,180,242,17,21,110,38,56,137,181,230,246,64,145,66,155,161,11,202,181,157,106,166,20,220,99,110,17,198,12,18,85,75,9,215,220,11,110,166,147,243,143,90,37,38,14,124,190,105,252,107,215,249,40,212,192,155,193,39,0,206,228,142,226,187,65,187,118,176,220,167,80,216,196,103,162,59,158,230,98,55,233,139,42,11,216,224,148,181,231,115,220,57,241,62,158,159,61,207,10,9,185,209,30,5,33,104,38,65,27,148,164,9,255,185,129,104,136,113,251,195,184,165,239,5,154,242,255,134,141,221,253,164,214,26,136,255,1739147314547,/dev/cu.usbmodem1413101
223,43,203,203,8,145,17,72,32,233,150,146,192,129,246,179,178,60,171,23,145,117,47,216,118,80,14,101,216,91,84,143,144,162,131,40,172,78,57,160,202,64,200,191,133,125,145,148,112,25,5,141,149,163,57,171,110,5,145,118,23,155,84,244,174,136,253,152,28,237,4,110,172,49,172,202,79,118,7,227,180,159,102,28,81,202,37,164,215,183,132,186,145,104,54,109,88,43,58,119,226,15,116,127,184,139,125,87,31,89,226,205,209,138,252,239,141,92,195,240,232,100,207,109,48,27,75,13,54,160,223,200,101,105,118,38,58,203,148,147,167,127,137,137,210,100,193,10,244,187,46,85,30,63,15,38,101,45,167,132,109,206,3,183,69,44,120,237,114,106,255,253,165,45,66,111,218,193,149,129,222,139,128,129,110,109,208,41,182,34,31,28,237,231,65,68,34,106,22,17,209,207,196,206,134,127,243,157,146,201,64,114,17,2,186,138,203,140,3,229,134,238,198,199,93,161,211,23,118,225,6,231,182,17,136,172,226,71,130,217,194,225,73,200,121,201,78,144,30,52,1739147314547,/dev/cu.usbmodem1413201
185,40,209,164,195,83,204,157,107,193,19,89,244,167,78,177,221,236,223,229,222,191,89,136,203,129,60,81,135,194,184,7,63,49,102,122,138,249,55,119,241,168,118,96,69,221,145,119,185,237,125,110,146,202,162,200,27,79,114,31,94,19,122,39,211,22,24,181,151,28,106,119,215,94,191,83,172,251,52,123,178,37,164,67,37,45,51,133,7,130,156,210,121,62,16,217,227,200,22,64,42,143,171,184,248,240,89,60,80,24,166,123,130,20,44,85,79,66,233,62,22,180,144,106,166,231,115,64,24,21,218,0,20,102,204,201,3,175,165,219,58,160,80,243,157,198,149,135,133,234,183,250,150,135,63,30,206,84,125,228,230,89,2,143,97,112,252,42,231,119,245,154,88,167,11,71,110,139,120,175,225,225,170,26,169,253,167,51,152,187,94,49,3,232,136,162,227,147,194,26,67,127,206,180,226,84,237,231,87,139,77,37,234,168,8,127,218,37,209,100,76,67,20,12,196,120,166,85,154,87,115,180,57,131,187,66,5,65,98,246,240,249,7,218,224,16,214,222,52,150,1739147314547,/dev/cu.usbmodem1413401
152,43,206,27,104,46,140,181,24,75,201,70,250,224,147,42,88,83,154,184,31,173,244,155,82,192,33,221,162,231,226,232,192,107,34,10,245,54,60,127,114,125,114,9,241,33,30,119,191,228,248,78,197,99,1,177,204,141,147,249,99,204,123,179,32,248,88,59,84,127,111,214,186,237,33,241,138,65,96,152,239,80,171,185,40,161,132,126,220,63,16,17,46,90,252,239,127,165,180,152,17,105,233,171,144,108,211,86,226,9,242,205,132,239,13,137,180,164,32,246,67,34,35,239,240,92,99,82,86,103,169,130,230,139,242,210,204,229,14,118,9,79,154,125,248,29,214,52,186,138,48,107,159,254,157,105,61,109,222,191,220,134,236,85,76,237,243,110,30,141,116,143,147,208,186,14,212,30,48,191,114,46,221,71,192,166,246,154,144,97,238,159,23,81,31,43,94,152,99,136,144,156,245,250,191,96,163,215,236,171,26,149,30,30,39,202,72,204,68,144,43,99,82,220,169,57,44,8,174,15,28,228,228,70,48,174,181,40,76,251,214,11,148,85,103,57,136,121,217,226,1739147314547,/dev/cu.usbmodem14124201
49,202,127,147,71,64,10,72,117,182,37,16,77,4,103,208,241,140,210,91,46,136,187,80,12,73,144,239,230,89,139,86,102,46,45,246,85,86,178,173,51,188,194,81,23,170,241,143,244,89,195,102,237,199,213,133,119,34,28,68,241,201,209,240,124,40,79,98,25,100,188,223,117,128,226,129,178,57,108,55,168,18,197,17,17,40,231,67,34,14,137,43,209,237,123,253,4,48,27,50,199,232,144,33,239,199,213,107,193,7,72,62,210,132,204,151,100,20,232,22,102,1,24,80,24,247,46,248,4,60,235,219,206,108,31,37,241,94,117,34,32,105,115,228,176,137,66,32,142,178,26,17,0,37,150,241,253,236,200,177,126,34,249,189,109,89,189,255,228,122,200,145,150,43,145,100,108,106,221,200,53,156,197,211,86,166,166,122,245,174,143,188,139,7,138,123,200,195,69,133,63,129,51,182,34,203,190,161,37,114,213,246,99,169,75,91,168,42,199,125,31,11,220,71,6,94,103,125,117,80,55,50,98,23,79,26,133,255,178,70,126,138,201,64,96,106,204,99,102,178,1739147314548,/dev/cu.usbmodem14124401
25,86,149,80,68,93,140,86,30,239,169,193,64,55,126,8,109,89,20,8,22,147,134,239,224,164,201,139,156,120,51,58,84,87,94,159,182,206,129,83,197,47,30,23,36,91,60,110,27,122,170,187,96,139,182,194,200,126,131,153,220,141,110,15,212,246,81,249,198,233,233,89,93,14,94,7,30,242,226,127,126,74,211,96,189,226,227,18,181,122,39,171,131,234,57,179,114,112,216,3,29,224,76,196,122,95,161,29,254,92,26,0,163,48,219,161,234,79,87,179,176,42,47,179,218,181,109,104,249,244,151,40,21,65,14,143,100,36,141,140,167,16,107,255,118,176,246,211,126,164,28,50,58,3,147,171,237,175,154,61,208,166,103,107,139,161,149,169,37,94,195,165,156,244,101,185,146,22,24,21,7,164,209,101,2,35,60,158,112,80,105,83,192,117,138,113,196,178,252,133,173,119,180,40,64,146,244,220,46,155,221,16,175,154,147,58,179,52,23,224,114,48,138,249,206,202,231,162,146,84,182,22,69,183,174,251,241,235,173,36,114,113,188,222,0,124,250,5,73,250,1739147314548,/dev/cu.usbmodem14124101
117,176,237,239,250,29,7,4,6,206,196,77,235,125,153,251,211,146,220,217,1,74,138,175,156,100,49,130,18,111,58,19,91,185,22,232,238,50,130,119,173,185,196,26,108,118,74,141,98,38,47,227,100,173,64,250,255,90,148,220,25,181,203,127,245,3,253,71,223,169,45,251,176,133,218,229,139,110,244,159,250,3,213,40,128,40,235,133,188,129,53,24,136,14,61,37,138,158,212,168,213,185,110,245,111,115,220,89,76,68,145,85,27,21,73,203,23,12,167,145,245,173,179,159,35,172,31,39,142,51,15,182,211,51,123,246,148,29,183,116,89,37,192,230,152,233,44,135,254,4,133,129,210,68,149,68,42,92,30,66,1,101,57,108,98,1,25,120,146,239,231,106,190,33,219,212,245,178,156,181,158,163,103,247,192,38,6,103,241,236,131,16,151,79,170,117,229,63,41,60,249,88,62,25,178,203,70,254,54,228,133,85,144,117,243,224,17,246,52,230,192,160,202,20,188,82,201,83,156,226,231,183,39,153,49,31,141,198,189,146,161,31,144,4,184,199,165,23,219,228,1739147314548,/dev/cu.usbmodem14124301
195,133,225,61,101,164,63,169,2,151,107,178,203,242,61,126,56,108,105,226,53,189,67,27,97,219,87,91,64,29,16,57,79,10,171,228,72,250,193,60,128,221,8,144,203,68,89,43,42,203,126,47,29,53,214,249,252,245,195,235,52,81,52,196,246,16,153,33,194,194,202,48,216,241,241,50,200,249,222,169,53,44,88,231,51,92,93,188,7,177,161,78,170,194,202,65,4,143,91,242,170,121,59,57,199,247,31,117,66,31,4,134,156,115,207,181,168,189,240,68,54,159,161,58,28,80,18,144,155,255,83,29,29,60,150,66,151,253,30,192,246,112,247,250,228,182,50,64,188,152,247,86,49,60,19,70,17,155,210,33,106,151,186,144,24,62,178,138,118,33,205,163,22,24,31,169,111,91,110,140,182,21,222,171,134,87,0,140,23,27,252,78,195,39,67,62,40,211,201,70,93,217,127,42,102,180,179,189,177,205,245,180,48,232,80,135,186,189,8,10,92,148,253,97,82,195,214,148,9,252,123,190,240,27,129,83,29,103,236,236,207,79,92,232,23,152,42,193,6,242,249,83,223,57,91,31,242,38,44,44,249,132,133,122,69,28,152,100,196,218,72,186,1,129,173,146,133,230,44,152,45,192,224,200,206,183,108,72,109,59,141,187,21,135,144,23,153,164,6,108,147,93,247,76,146,14,214,7,240,170,113,220,136,171,92,40,239,142,206,79,39,195,153,199,220,33,13,146,28,229,102,57,25,34,246,159,227,205,144,74,90,14,110,112,43,230,153,185,151,186,143,155,108,192,168,101,97,89,152,1,122,107,114,248,180,242,17,21,110,38,56,137,181,230,246,64,145,66,155,161,11,202,181,157,106,166,20,220,99,110,17,198,12,18,85,75,9,215,220,11,110,166,147,243,143,90,37,38,14,124,190,105,252,107,215,249,40,212,192,155,193,39,0,206,228,142,226,187,65,187,118,176,220,167,80,216,196,103,162,59,158,230,98,55,233,139,42,11,216,224,148,181,231,115,220,57,241,62,158,159,61,207,10,9,185,209,30,5,33,104,38,65,27,148,164,9,255,185,129,104,136,113,251,195,184,165,239,5,154,242,255,134,141,221,253,164,214,26,136,255,223,43,203,203,8,145,17,72,32,233,150,146,192,129,246,179,178,60,171,23,145,117,47,216,118,80,14,101,216,91,84,143,144,162,131,40,172,78,57,160,202,64,200,191,133,125,145,148,112,25,5,141,149,163,57,171,110,5,145,118,23,155,84,244,174,136,253,152,28,237,4,110,172,49,172,202,79,118,7,227,180,159,102,28,81,202,37,164,215,183,132,186,145,104,54,109,88,43,58,119,226,15,116,127,184,139,125,87,31,89,226,205,209,138,252,239,141,92,195,240,232,100,207,109,48,27,75,13,54,160,223,200,101,105,118,38,58,203,148,147,167,127,137,137,210,100,193,10,244,187,46,85,30,63,15,38,101,45,167,132,109,206,3,183,69,44,120,237,114,106,255,253,165,45,66,111,218,193,149,129,222,139,128,129,110,109,208,41,182,34,31,28,237,231,65,68,34,106,22,17,209,207,196,206,134,127,243,157,146,201,64,114,17,2,186,138,203,140,3,229,134,238,198,199,93,161,211,23,118,225,6,231,182,17,136,172,226,71,130,217,194,225,73,200,121,201,78,144,30,52,185,40,209,164,195,83,204,157,107,193,19,89,244,167,78,177,221,236,223,229,222,191,89,136,203,129,60,81,135,194,184,7,63,49,102,122,138,249,55,119,241,168,118,96,69,221,145,119,185,237,125,110,146,202,162,200,27,79,114,31,94,19,122,39,211,22,24,181,151,28,106,119,215,94,191,83,172,251,52,123,178,37,164,67,37,45,51,133,7,130,156,210,121,62,16,217,227,200,22,64,42,143,171,184,248,240,89,60,80,24,166,123,130,20,44,85,79,66,233,62,22,180,144,106,166,231,115,64,24,21,218,0,20,102,204,201,3,175,165,219,58,160,80,243,157,198,149,135,133,234,183,250,150,135,63,30,206,84,125,228,230,89,2,143,97,112,252,42,231,119,245,154,88,167,11,71,110,139,120,175,225,225,170,26,169,253,167,51,152,187,94,49,3,232,136,162,227,147,194,26,67,127,206,180,226,84,237,231,87,139,77,37,234,168,8,127,218,37,209,100,76,67,20,12,196,120,166,85,154,87,115,180,57,131,187,66,5,65,98,246,240,249,7,218,224,16,214,222,52,150,152,43,206,27,104,46,140,181,24,75,201,70,250,224,147,42,88,83,154,184,31,173,244,155,82,192,33,221,162,231,226,232,192,107,34,10,245,54,60,127,114,125,114,9,241,33,30,119,191,228,248,78,197,99,1,177,204,141,147,249,99,204,123,179,32,248,88,59,84,127,111,214,186,237,33,241,138,65,96,152,239,80,171,185,40,161,132,126,220,63,16,17,46,90,252,239,127,165,180,152,17,105,233,171,144,108,211,86,226,9,242,205,132,239,13,137,180,164,32,246,67,34,35,239,240,92,99,82,86,103,169,130,230,139,242,210,204,229,14,118,9,79,154,125,248,29,214,52,186,138,48,107,159,254,157,105,61,109,222,191,220,134,236,85,76,237,243,110,30,141,116,143,147,208,186,14,212,30,48,191,114,46,221,71,192,166,246,154,144,97,238,159,23,81,31,43,94,152,99,136,144,156,245,250,191,96,163,215,236,171,26,149,30,30,39,202,72,204,68,144,43,99,82,220,169,57,44,8,174,15,28,228,228,70,48,174,181,40,76,251,214,11,148,85,103,57,136,121,217,226,49,202,127,147,71,64,10,72,117,182,37,16,77,4,103,208,241,140,210,91,46,136,187,80,12,73,144,239,230,89,139,86,102,46,45,246,85,86,178,173,51,188,194,81,23,170,241,143,244,89,195,102,237,199,213,133,119,34,28,68,241,201,209,240,124,40,79,98,25,100,188,223,117,128,226,129,178,57,108,55,168,18,197,17,17,40,231,67,34,14,137,43,209,237,123,253,4,48,27,50,199,232,144,33,239,199,213,107,193,7,72,62,210,132,204,151,100,20,232,22,102,1,24,80,24,247,46,248,4,60,235,219,206,108,31,37,241,94,117,34,32,105,115,228,176,137,66,32,142,178,26,17,0,37,150,241,253,236,200,177,126,34,249,189,109,89,189,255,228,122,200,145,150,43,145,100,108,106,221,200,53,156,197,211,86,166,166,122,245,174,143,188,139,7,138,123,200,195,69,133,63,129,51,182,34,203,190,161,37,114,213,246,99,169,75,91,168,42,199,125,31,11,220,71,6,94,103,125,117,80,55,50,98,23,79,26,133,255,178,70,126,138,201,64,96,106,204,99,102,178,25,86,149,80,68,93,140,86,30,239,169,193,64,55,126,8,109,89,20,8,22,147,134,239,224,164,201,139,156,120,51,58,84,87,94,159,182,206,129,83,197,47,30,23,36,91,60,110,27,122,170,187,96,139,182,194,200,126,131,153,220,141,110,15,212,246,81,249,198,233,233,89,93,14,94,7,30,242,226,127,126,74,211,96,189,226,227,18,181,122,39,171,131,234,57,179,114,112,216,3,29,224,76,196,122,95,161,29,254,92,26,0,163,48,219,161,234,79,87,179,176,42,47,179,218,181,109,104,249,244,151,40,21,65,14,143,100,36,141,140,167,16,107,255,118,176,246,211,126,164,28,50,58,3,147,171,237,175,154,61,208,166,103,107,139,161,149,169,37,94,195,165,156,244,101,185,146,22,24,21,7,164,209,101,2,35,60,158,112,80,105,83,192,117,138,113,196,178,252,133,173,119,180,40,64,146,244,220,46,155,221,16,175,154,147,58,179,52,23,224,114,48,138,249,206,202,231,162,146,84,182,22,69,183,174,251,241,235,173,36,114,113,188,222,0,124,250,5,73,250,117,176,237,239,250,29,7,4,6,206,196,77,235,125,153,251,211,146,220,217,1,74,138,175,156,100,49,130,18,111,58,19,91,185,22,232,238,50,130,119,173,185,196,26,108,118,74,141,98,38,47,227,100,173,64,250,255,90,148,220,25,181,203,127,245,3,253,71,223,169,45,251,176,133,218,229,139,110,244,159,250,3,213,40,128,40,235,133,188,129,53,24,136,14,61,37,138,158,212,168,213,185,110,245,111,115,220,89,76,68,145,85,27,21,73,203,23,12,167,145,245,173,179,159,35,172,31,39,142,51,15,182,211,51,123,246,148,29,183,116,89,37,192,230,152,233,44,135,254,4,133,129,210,68,149,68,42,92,30,66,1,101,57,108,98,1,25,120,146,239,231,106,190,33,219,212,245,178,156,181,158,163,103,247,192,38,6,103,241,236,131,16,151,79,170,117,229,63,41,60,249,88,62,25,178,203,70,254,54,228,133,85,144,117,243,224,17,246,52,230,192,160,202,20,188,82,201,83,156,226,231,183,39,153,49,31,141,198,189,146,161,31,144,4,184,199,165,23,219,228,1739147314550,QBYTE | cromwellian
19,182,116,157,255,157,6,30,25,39,156,137,53,122,146,72,213,212,185,32,147,58,154,183,146,218,7,203,204,2,169,94,4,106,136,175,0,112,71,133,132,126,98,221,113,113,88,195,228,206,86,47,163,66,228,253,247,86,132,187,105,58,30,3,167,81,144,125,143,73,176,194,227,240,152,159,46,229,68,9,121,78,189,218,247,35,102,199,193,36,153,25,235,202,118,79,151,230,77,145,66,146,153,218,219,2,159,143,200,226,237,229,28,119,255,127,184,31,247,232,195,231,152,249,118,93,39,234,224,220,243,143,216,39,201,102,74,134,78,1,151,159,243,8,166,34,147,121,90,115,164,199,211,231,169,144,240,233,213,124,162,92,173,115,34,62,184,78,75,93,24,1,43,21,250,131,82,86,47,219,26,196,14,199,96,51,174,179,175,194,194,134,30,153,46,30,156,125,100,1,2,196,14,117,53,67,206,141,22,115,108,120,155,43,230,86,187,248,127,158,255,39,217,170,230,28,176,161,81,113,91,114,212,195,129,10,249,120,118,161,101,0,7,98,94,236,64,34,154,212,1739147315606,/dev/cu.usbmodem14201
148,15,112,28,126,129,138,83,98,59,227,115,55,168,185,46,150,70,178,206,104,58,72,105,174,61,131,78,176,44,190,140,208,142,209,107,176,255,229,229,176,148,126,155,87,97,107,6,64,18,6,178,145,64,116,151,237,136,171,127,86,47,76,200,183,233,168,240,188,100,23,135,36,67,153,242,129,209,57,106,82,87,247,60,25,75,181,129,18,241,92,151,190,72,189,186,121,192,217,19,126,183,122,98,72,134,131,4,39,54,247,24,153,95,238,201,13,141,23,57,122,165,213,65,255,92,0,189,13,220,150,207,28,119,81,34,78,54,197,149,113,149,128,165,241,5,14,59,1,238,237,198,248,28,55,51,168,119,221,236,195,232,217,229,198,211,99,121,213,123,139,112,192,240,107,72,84,8,115,105,75,109,138,249,146,88,252,97,9,1,119,133,169,251,34,238,218,44,161,150,2,45,248,139,182,215,253,114,66,79,75,191,104,31,49,8,4,227,207,68,149,154,2,113,64,39,123,78,33,232,195,226,192,226,73,144,3,150,239,15,151,89,174,70,101,139,123,197,255,248,1739147315607,/dev/cu.usbmodem1413101
25,15,253,68,57,144,5,88,163,227,166,227,103,217,200,192,3,178,192,85,39,254,221,252,89,155,93,125,18,29,201,138,227,113,156,45,194,137,132,16,5,217,78,8,166,131,254,52,22,95,142,98,239,97,0,91,217,197,207,138,151,55,246,186,31,42,152,109,195,240,219,165,15,218,2,19,40,5,207,220,185,195,52,203,109,141,150,183,185,143,250,27,155,24,60,112,104,180,245,39,213,86,156,79,241,4,31,3,189,45,176,237,122,46,60,62,220,86,42,11,113,118,18,133,223,214,156,141,176,41,155,247,149,22,153,208,134,249,250,69,66,117,9,215,51,14,247,233,44,175,22,152,48,225,34,219,179,32,91,139,80,153,55,82,193,168,145,194,101,53,41,152,237,246,225,82,35,224,177,243,45,125,157,167,86,55,170,234,103,136,73,191,116,78,162,166,244,182,195,223,143,233,250,44,145,124,82,192,74,126,27,56,152,93,116,102,126,22,118,204,202,185,168,220,50,177,185,242,175,166,73,208,252,231,108,156,147,249,184,151,65,39,174,241,58,5,248,219,156,19,1739147315607,/dev/cu.usbmodem1413201
166,176,139,30,182,185,152,226,180,165,62,223,26,153,155,96,203,3,162,130,73,9,20,152,164,60,9,119,37,204,57,104,246,142,64,168,40,108,165,220,32,103,215,233,13,125,198,246,93,172,222,50,106,227,88,0,49,176,246,180,151,208,236,61,166,27,228,206,198,190,24,85,19,86,223,174,134,125,123,132,133,91,79,66,243,1,85,238,212,124,165,63,228,187,52,59,183,125,3,233,236,100,205,48,159,68,179,59,0,213,145,227,89,145,102,244,106,75,83,221,55,174,52,179,125,89,75,1,129,129,197,121,213,162,142,163,154,53,15,218,2,246,242,173,8,179,145,108,27,41,78,29,30,209,152,183,158,112,94,16,117,14,58,112,157,27,227,36,69,51,140,170,198,84,180,21,224,135,190,65,54,30,163,160,155,255,29,199,28,162,238,96,187,60,153,95,17,172,140,199,181,115,211,172,108,142,239,247,83,226,101,101,107,39,132,177,103,137,228,66,108,148,228,108,212,183,18,141,96,18,135,59,42,114,127,5,144,111,96,206,8,107,178,107,19,24,7,10,99,209,1739147315607,/dev/cu.usbmodem1413401
153,193,23,32,66,192,88,122,168,231,174,114,62,41,205,214,99,165,122,202,22,41,134,227,121,26,192,114,111,20,249,13,255,233,201,80,17,70,79,24,217,236,128,160,69,142,190,105,57,178,164,185,241,102,1,158,138,100,144,86,171,4,201,226,167,96,152,145,122,30,69,110,242,135,217,116,91,219,46,186,192,103,5,201,81,39,147,156,208,54,1,59,90,202,129,161,17,111,238,143,164,59,60,126,81,239,48,251,9,161,168,154,195,199,197,45,248,33,134,15,48,191,101,211,59,183,207,32,140,111,17,152,141,68,61,40,208,249,203,104,153,25,196,35,18,121,110,163,145,56,119,6,210,85,207,179,238,33,114,165,4,48,164,124,186,154,184,2,158,128,87,82,126,164,92,65,201,236,239,187,253,243,49,120,26,23,22,46,121,118,42,194,214,131,250,206,25,1,223,102,218,9,37,144,41,203,1,250,199,235,59,100,196,145,180,51,78,4,85,29,103,177,146,190,84,174,223,78,33,120,154,54,163,221,21,147,7,84,77,133,100,172,208,61,253,17,182,131,160,60,1739147315607,/dev/cu.usbmodem14124201
225,113,236,32,103,62,4,110,70,12,173,77,234,3,227,168,28,252,36,84,15,235,1,163,89,100,77,153,122,199,229,224,81,60,243,230,190,196,108,53,12,207,55,193,207,230,25,229,119,54,48,110,57,17,62,75,185,202,203,143,177,8,162,160,197,254,128,50,128,251,38,25,210,21,55,17,226,219,152,15,251,164,111,130,94,84,157,29,235,247,116,123,53,201,247,182,78,255,20,54,126,136,217,96,108,119,137,201,61,248,36,206,150,142,35,207,131,115,86,229,66,131,37,212,168,93,10,105,65,80,114,87,75,73,146,43,216,130,71,224,163,246,167,243,41,155,187,225,74,35,163,214,189,206,154,133,82,244,120,119,46,204,66,119,157,194,43,215,173,62,118,115,84,97,100,180,231,3,252,56,66,97,145,134,236,11,3,3,218,174,174,249,82,239,111,247,117,57,51,237,66,225,33,26,157,63,88,36,4,227,135,113,137,99,172,186,122,13,103,65,141,110,161,95,101,169,127,131,10,41,101,140,226,194,5,80,75,199,3,26,193,67,95,235,251,251,145,141,108,73,1739147315607,/dev/cu.usbmodem14124401
114,184,252,34,255,38,227,25,232,165,152,7,121,119,10,116,54,60,180,10,186,99,245,168,29,104,37,104,30,113,15,131,214,178,86,15,106,96,139,62,108,205,69,21,128,167,220,184,58,98,48,18,28,251,131,105,7,23,88,105,165,32,36,64,63,245,165,183,14,166,95,232,203,185,136,111,156,114,48,123,90,195,14,52,55,228,177,190,65,63,141,251,25,1,173,37,75,85,245,35,147,135,209,255,117,44,47,229,35,7,111,114,92,31,218,19,115,5,223,207,179,19,19,120,30,60,98,92,45,73,80,134,67,211,20,215,87,28,202,123,208,76,94,227,218,63,90,98,63,223,152,20,83,25,122,80,106,159,211,15,217,27,149,206,68,152,62,173,65,8,180,89,100,1,239,254,14,153,176,43,163,35,55,220,97,152,120,33,158,63,2,66,60,53,198,13,40,72,127,233,99,230,109,54,243,254,254,32,248,69,141,1,206,7,35,15,254,129,105,86,192,74,80,186,248,11,248,178,82,2,221,74,4,240,240,249,132,80,255,192,164,0,134,28,95,86,241,181,33,74,1739147315608,/dev/cu.usbmodem14124101
44,104,87,163,156,109,46,223,38,161,187,169,113,12,96,141,183,196,71,50,39,154,101,150,103,162,223,5,205,70,12,76,191,128,24,163,0,66,89,31,141,99,199,99,40,44,63,55,170,64,211,155,161,62,5,86,243,224,206,150,115,28,21,147,60,101,167,170,209,20,57,185,54,61,189,224,158,100,48,196,15,223,50,115,64,116,234,221,223,236,15,47,34,2,84,42,29,162,111,128,52,19,101,36,212,94,71,234,240,226,44,208,189,224,102,204,94,217,47,161,6,198,227,74,8,0,81,150,202,26,23,133,20,181,251,4,51,131,52,16,234,235,49,103,83,161,245,143,66,208,175,99,165,18,166,145,37,107,192,118,144,41,136,189,157,233,32,185,6,150,62,235,123,114,55,181,127,47,132,119,173,58,185,81,58,215,138,245,159,97,98,95,201,251,164,64,211,60,61,79,175,51,23,200,73,40,46,61,161,64,191,57,154,136,218,217,53,219,90,235,188,3,241,226,177,54,51,70,45,94,7,89,168,248,176,122,2,118,51,63,175,139,104,174,168,62,113,83,194,7,1739147315608,/dev/cu.usbmodem14124301
19,182,116,157,255,157,6,30,25,39,156,137,53,122,146,72,213,212,185,32,147,58,154,183,146,218,7,203,204,2,169,94,4,106,136,175,0,112,71,133,132,126,98,221,113,113,88,195,228,206,86,47,163,66,228,253,247,86,132,187,105,58,30,3,167,81,144,125,143,73,176,194,227,240,152,159,46,229,68,9,121,78,189,218,247,35,102,199,193,36,153,25,235,202,118,79,151,230,77,145,66,146,153,218,219,2,159,143,200,226,237,229,28,119,255,127,184,31,247,232,195,231,152,249,118,93,39,234,224,220,243,143,216,39,201,102,74,134,78,1,151,159,243,8,166,34,147,121,90,115,164,199,211,231,169,144,240,233,213,124,162,92,173,115,34,62,184,78,75,93,24,1,43,21,250,131,82,86,47,219,26,196,14,199,96,51,174,179,175,194,194,134,30,153,46,30,156,125,100,1,2,196,14,117,53,67,206,141,22,115,108,120,155,43,230,86,187,248,127,158,255,39,217,170,230,28,176,161,81,113,91,114,212,195,129,10,249,120,118,161,101,0,7,98,94,236,64,34,154,212,148,15,112,28,126,129,138,83,98,59,227,115,55,168,185,46,150,70,178,206,104,58,72,105,174,61,131,78,176,44,190,140,208,142,209,107,176,255,229,229,176,148,126,155,87,97,107,6,64,18,6,178,145,64,116,151,237,136,171,127,86,47,76,200,183,233,168,240,188,100,23,135,36,67,153,242,129,209,57,106,82,87,247,60,25,75,181,129,18,241,92,151,190,72,189,186,121,192,217,19,126,183,122,98,72,134,131,4,39,54,247,24,153,95,238,201,13,141,23,57,122,165,213,65,255,92,0,189,13,220,150,207,28,119,81,34,78,54,197,149,113,149,128,165,241,5,14,59,1,238,237,198,248,28,55,51,168,119,221,236,195,232,217,229,198,211,99,121,213,123,139,112,192,240,107,72,84,8,115,105,75,109,138,249,146,88,252,97,9,1,119,133,169,251,34,238,218,44,161,150,2,45,248,139,182,215,253,114,66,79,75,191,104,31,49,8,4,227,207,68,149,154,2,113,64,39,123,78,33,232,195,226,192,226,73,144,3,150,239,15,151,89,174,70,101,139,123,197,255,248,25,15,253,68,57,144,5,88,163,227,166,227,103,217,200,192,3,178,192,85,39,254,221,252,89,155,93,125,18,29,201,138,227,113,156,45,194,137,132,16,5,217,78,8,166,131,254,52,22,95,142,98,239,97,0,91,217,197,207,138,151,55,246,186,31,42,152,109,195,240,219,165,15,218,2,19,40,5,207,220,185,195,52,203,109,141,150,183,185,143,250,27,155,24,60,112,104,180,245,39,213,86,156,79,241,4,31,3,189,45,176,237,122,46,60,62,220,86,42,11,113,118,18,133,223,214,156,141,176,41,155,247,149,22,153,208,134,249,250,69,66,117,9,215,51,14,247,233,44,175,22,152,48,225,34,219,179,32,91,139,80,153,55,82,193,168,145,194,101,53,41,152,237,246,225,82,35,224,177,243,45,125,157,167,86,55,170,234,103,136,73,191,116,78,162,166,244,182,195,223,143,233,250,44,145,124,82,192,74,126,27,56,152,93,116,102,126,22,118,204,202,185,168,220,50,177,185,242,175,166,73,208,252,231,108,156,147,249,184,151,65,39,174,241,58,5,248,219,156,19,166,176,139,30,182,185,152,226,180,165,62,223,26,153,155,96,203,3,162,130,73,9,20,152,164,60,9,119,37,204,57,104,246,142,64,168,40,108,165,220,32,103,215,233,13,125,198,246,93,172,222,50,106,227,88,0,49,176,246,180,151,208,236,61,166,27,228,206,198,190,24,85,19,86,223,174,134,125,123,132,133,91,79,66,243,1,85,238,212,124,165,63,228,187,52,59,183,125,3,233,236,100,205,48,159,68,179,59,0,213,145,227,89,145,102,244,106,75,83,221,55,174,52,179,125,89,75,1,129,129,197,121,213,162,142,163,154,53,15,218,2,246,242,173,8,179,145,108,27,41,78,29,30,209,152,183,158,112,94,16,117,14,58,112,157,27,227,36,69,51,140,170,198,84,180,21,224,135,190,65,54,30,163,160,155,255,29,199,28,162,238,96,187,60,153,95,17,172,140,199,181,115,211,172,108,142,239,247,83,226,101,101,107,39,132,177,103,137,228,66,108,148,228,108,212,183,18,141,96,18,135,59,42,114,127,5,144,111,96,206,8,107,178,107,19,24,7,10,99,209,153,193,23,32,66,192,88,122,168,231,174,114,62,41,205,214,99,165,122,202,22,41,134,227,121,26,192,114,111,20,249,13,255,233,201,80,17,70,79,24,217,236,128,160,69,142,190,105,57,178,164,185,241,102,1,158,138,100,144,86,171,4,201,226,167,96,152,145,122,30,69,110,242,135,217,116,91,219,46,186,192,103,5,201,81,39,147,156,208,54,1,59,90,202,129,161,17,111,238,143,164,59,60,126,81,239,48,251,9,161,168,154,195,199,197,45,248,33,134,15,48,191,101,211,59,183,207,32,140,111,17,152,141,68,61,40,208,249,203,104,153,25,196,35,18,121,110,163,145,56,119,6,210,85,207,179,238,33,114,165,4,48,164,124,186,154,184,2,158,128,87,82,126,164,92,65,201,236,239,187,253,243,49,120,26,23,22,46,121,118,42,194,214,131,250,206,25,1,223,102,218,9,37,144,41,203,1,250,199,235,59,100,196,145,180,51,78,4,85,29,103,177,146,190,84,174,223,78,33,120,154,54,163,221,21,147,7,84,77,133,100,172,208,61,253,17,182,131,160,60,225,113,236,32,103,62,4,110,70,12,173,77,234,3,227,168,28,252,36,84,15,235,1,163,89,100,77,153,122,199,229,224,81,60,243,230,190,196,108,53,12,207,55,193,207,230,25,229,119,54,48,110,57,17,62,75,185,202,203,143,177,8,162,160,197,254,128,50,128,251,38,25,210,21,55,17,226,219,152,15,251,164,111,130,94,84,157,29,235,247,116,123,53,201,247,182,78,255,20,54,126,136,217,96,108,119,137,201,61,248,36,206,150,142,35,207,131,115,86,229,66,131,37,212,168,93,10,105,65,80,114,87,75,73,146,43,216,130,71,224,163,246,167,243,41,155,187,225,74,35,163,214,189,206,154,133,82,244,120,119,46,204,66,119,157,194,43,215,173,62,118,115,84,97,100,180,231,3,252,56,66,97,145,134,236,11,3,3,218,174,174,249,82,239,111,247,117,57,51,237,66,225,33,26,157,63,88,36,4,227,135,113,137,99,172,186,122,13,103,65,141,110,161,95,101,169,127,131,10,41,101,140,226,194,5,80,75,199,3,26,193,67,95,235,251,251,145,141,108,73,114,184,252,34,255,38,227,25,232,165,152,7,121,119,10,116,54,60,180,10,186,99,245,168,29,104,37,104,30,113,15,131,214,178,86,15,106,96,139,62,108,205,69,21,128,167,220,184,58,98,48,18,28,251,131,105,7,23,88,105,165,32,36,64,63,245,165,183,14,166,95,232,203,185,136,111,156,114,48,123,90,195,14,52,55,228,177,190,65,63,141,251,25,1,173,37,75,85,245,35,147,135,209,255,117,44,47,229,35,7,111,114,92,31,218,19,115,5,223,207,179,19,19,120,30,60,98,92,45,73,80,134,67,211,20,215,87,28,202,123,208,76,94,227,218,63,90,98,63,223,152,20,83,25,122,80,106,159,211,15,217,27,149,206,68,152,62,173,65,8,180,89,100,1,239,254,14,153,176,43,163,35,55,220,97,152,120,33,158,63,2,66,60,53,198,13,40,72,127,233,99,230,109,54,243,254,254,32,248,69,141,1,206,7,35,15,254,129,105,86,192,74,80,186,248,11,248,178,82,2,221,74,4,240,240,249,132,80,255,192,164,0,134,28,95,86,241,181,33,74,44,104,87,163,156,109,46,223,38,161,187,169,113,12,96,141,183,196,71,50,39,154,101,150,103,162,223,5,205,70,12,76,191,128,24,163,0,66,89,31,141,99,199,99,40,44,63,55,170,64,211,155,161,62,5,86,243,224,206,150,115,28,21,147,60,101,167,170,209,20,57,185,54,61,189,224,158,100,48,196,15,223,50,115,64,116,234,221,223,236,15,47,34,2,84,42,29,162,111,128,52,19,101,36,212,94,71,234,240,226,44,208,189,224,102,204,94,217,47,161,6,198,227,74,8,0,81,150,202,26,23,133,20,181,251,4,51,131,52,16,234,235,49,103,83,161,245,143,66,208,175,99,165,18,166,145,37,107,192,118,144,41,136,189,157,233,32,185,6,150,62,235,123,114,55,181,127,47,132,119,173,58,185,81,58,215,138,245,159,97,98,95,201,251,164,64,211,60,61,79,175,51,23,200,73,40,46,61,161,64,191,57,154,136,218,217,53,219,90,235,188,3,241,226,177,54,51,70,45,94,7,89,168,248,176,122,2,118,51,63,175,139,104,174,168,62,113,83,194,7,1739147315609,QBYTE | gilliatt
72,210,50,1,5,190,93,240,100,201,195,157,17,127,143,193,250,211,62,154,14,67,143,42,187,55,79,48,151,202,0,166,61,6,53,26,76,96,50,67,40,142,66,21,24,13,188,220,146,13,237,10,202,65,145,70,23,167,22,107,37,150,159,116,214,161,248,37,119,182,216,143,109,156,132,19,20,134,222,98,66,188,120,61,148,243,136,85,107,12,92,106,89,242,11,118,97,64,210,239,43,184,160,207,9,1,253,198,206,83,44,12,161,39,175,45,169,33,4,64,0,27,32,204,186,5,135,227,117,62,10,185,72,250,27,158,210,184,247,214,249,140,154,71,37,113,116,137,133,18,115,149,136,216,175,193,21,4,55,101,44,174,245,132,173,140,44,139,155,159,126,130,127,37,172,23,20,191,230,11,124,52,27,208,230,250,59,176,220,211,84,31,178,135,28,229,59,97,140,101,138,16,25,245,153,82,108,87,224,159,105,129,79,1,119,83,183,240,35,78,5,135,200,16,104,81,87,36,250,99,24,14,91,98,36,235,243,9,152,92,65,103,58,212,17,22,171,161,214,9,1739147316673,/dev/cu.usbmodem14201
155,218,206,198,167,152,176,135,43,87,182,102,106,22,73,228,126,178,185,114,108,188,39,73,171,231,66,223,177,86,105,243,250,62,18,230,3,55,208,20,248,171,229,77,137,110,209,250,140,95,170,255,145,46,87,57,76,207,46,248,124,207,99,116,17,177,167,127,248,142,130,125,67,176,105,75,10,9,93,224,46,58,79,62,189,41,233,26,69,78,218,200,251,214,104,134,62,34,102,30,242,149,123,227,31,30,177,255,223,105,235,173,21,56,207,187,137,13,241,171,210,71,106,76,183,145,104,188,183,188,23,123,223,128,39,84,164,73,228,47,90,184,183,232,157,149,153,225,33,145,164,155,87,145,181,7,156,238,246,0,104,138,98,117,111,29,72,70,212,202,90,226,94,206,66,32,14,10,107,240,2,110,151,167,77,230,175,189,129,73,129,22,19,55,185,186,185,242,2,31,216,7,27,93,64,72,48,169,73,93,93,74,83,142,154,42,52,154,171,232,255,165,134,158,221,40,243,99,92,153,70,125,138,253,5,131,163,62,120,162,207,59,121,6,38,70,30,162,125,92,1739147316673,/dev/cu.usbmodem1413101
64,245,211,170,195,221,13,5,194,59,178,227,37,113,80,95,179,94,123,204,250,93,99,237,57,140,212,228,255,246,33,38,134,8,129,225,251,220,180,177,9,212,201,63,89,220,244,222,140,180,191,56,136,177,82,197,107,162,9,149,24,233,253,72,98,211,147,90,237,165,172,57,61,52,57,82,173,59,99,135,62,93,168,167,161,136,28,116,96,188,90,249,240,75,205,36,66,166,100,187,207,2,54,115,6,75,146,59,90,94,121,150,113,208,220,170,39,113,126,10,129,85,26,91,173,62,131,247,251,182,33,2,68,29,174,29,88,186,153,10,83,124,191,53,195,45,221,211,64,232,200,31,51,39,21,88,227,44,213,193,69,242,42,11,73,247,58,189,184,66,227,39,245,22,73,211,251,18,190,234,128,163,163,122,211,217,216,30,163,250,86,161,179,32,24,91,56,63,0,0,65,37,129,168,239,148,63,12,178,254,22,34,35,179,43,112,70,57,6,44,78,91,114,4,127,152,82,157,22,156,177,110,34,214,125,223,250,246,126,91,43,161,62,36,188,158,107,82,181,3,1739147316673,/dev/cu.usbmodem1413201
92,5,68,77,47,145,197,156,159,158,24,209,197,8,203,196,27,241,192,109,67,104,128,190,182,194,104,173,21,0,163,68,108,116,80,116,230,196,60,160,99,48,125,104,201,129,155,189,106,114,222,186,209,41,254,36,120,132,164,58,108,34,98,28,122,26,88,185,220,142,73,32,81,207,3,138,137,78,119,197,174,70,99,184,140,23,189,38,155,39,56,88,167,223,200,153,227,192,137,163,56,164,191,156,97,127,211,151,25,22,68,171,82,172,9,213,35,15,155,70,109,53,158,122,4,192,103,65,50,122,224,224,227,93,52,188,246,65,240,86,41,240,143,16,206,119,150,190,33,231,254,114,252,229,23,218,107,158,3,180,200,30,88,143,193,229,122,48,202,48,26,175,157,186,196,121,180,181,23,248,3,226,158,70,228,77,36,129,12,216,117,133,121,78,201,53,133,255,53,153,72,239,127,134,174,23,129,72,90,150,123,100,153,241,55,39,146,192,184,253,213,229,133,226,92,85,40,101,106,106,156,55,84,114,165,241,59,214,92,189,121,241,84,216,128,95,183,179,10,82,1739147316673,/dev/cu.usbmodem1413401
113,9,213,122,196,161,122,136,38,214,121,31,54,218,208,120,179,204,184,164,38,81,250,84,52,193,203,78,171,188,105,212,157,58,113,130,105,83,106,56,67,150,179,51,95,222,90,208,224,83,15,51,35,172,56,141,174,33,133,243,144,9,93,117,221,54,95,226,56,215,29,40,110,111,232,186,233,108,150,217,162,246,111,39,192,89,174,135,215,225,140,214,7,111,222,183,132,197,230,219,136,38,161,102,25,30,118,38,34,175,220,147,196,38,65,192,109,91,239,121,9,213,160,111,150,32,60,186,48,231,52,120,90,0,97,210,55,132,110,48,50,19,190,4,128,178,222,232,8,235,176,184,90,146,63,153,34,221,49,161,150,53,16,130,215,173,217,186,173,226,118,29,111,153,214,188,18,110,32,110,88,249,46,182,65,76,126,5,174,138,79,137,181,227,145,212,196,227,124,97,237,60,182,141,211,54,235,201,128,217,59,234,167,44,112,80,81,6,190,145,143,144,133,97,177,141,228,220,89,61,148,187,98,45,23,105,126,90,244,220,197,84,54,180,255,226,10,159,60,198,1739147316673,/dev/cu.usbmodem14124201
115,107,203,226,89,74,181,38,8,56,147,60,148,82,77,255,233,183,226,194,169,134,173,126,128,128,161,200,115,20,11,225,159,21,103,161,90,73,32,96,198,237,3,84,250,91,92,208,181,96,28,142,144,67,155,240,243,251,44,144,153,218,226,234,223,57,17,225,171,70,164,74,173,225,32,9,99,94,13,147,121,177,110,140,230,65,122,200,106,65,139,198,123,26,172,24,136,179,174,12,4,171,19,224,149,103,190,12,247,167,57,230,234,31,160,183,253,58,105,131,169,143,201,10,221,225,197,215,136,68,0,177,60,145,10,168,175,210,207,74,132,11,235,145,99,224,22,188,124,28,75,140,118,185,204,167,60,125,50,105,204,239,171,1,176,103,253,16,48,27,16,206,152,244,231,236,220,81,67,231,195,213,47,55,102,0,198,157,220,127,246,39,94,211,162,70,183,58,137,193,162,178,126,181,0,6,236,86,207,181,154,115,250,191,196,97,84,178,22,53,202,52,69,245,208,65,47,141,78,75,9,158,107,213,76,239,142,45,219,54,247,27,133,1,135,60,25,106,100,40,1739147316674,/dev/cu.usbmodem14124401
54,209,171,66,253,73,46,116,69,181,98,214,140,219,117,13,229,136,237,87,12,249,140,122,206,63,164,33,180,156,129,178,184,230,253,139,142,6,42,99,71,217,213,148,210,215,104,170,34,186,188,251,217,101,13,212,191,240,128,190,25,153,92,50,46,119,120,157,156,23,227,81,255,91,77,104,58,221,30,118,34,197,179,231,168,35,59,17,145,168,145,7,74,42,208,119,203,19,248,175,165,203,140,37,105,202,216,148,245,207,107,4,169,90,76,18,75,13,156,66,70,212,29,176,71,76,169,87,179,229,6,206,159,146,150,12,202,212,17,233,102,115,129,232,105,31,251,27,196,210,175,157,172,83,148,29,212,62,91,31,228,255,49,207,190,35,180,145,101,173,111,163,17,12,229,67,215,34,69,55,110,12,158,120,164,105,100,61,70,82,253,168,31,142,222,105,148,17,254,141,230,66,174,186,11,242,168,107,110,205,205,197,129,234,224,47,192,210,121,153,200,161,189,185,95,214,61,135,212,142,92,107,129,27,75,231,252,73,249,202,72,97,48,136,147,24,33,192,179,221,1739147316674,/dev/cu.usbmodem14124101
8,11,75,241,213,175,59,17,248,170,254,225,203,202,179,59,127,119,70,0,7,152,85,210,8,189,160,88,184,182,226,92,212,93,177,91,223,155,142,248,159,179,247,94,141,141,2,137,250,220,20,136,151,253,89,251,194,244,187,177,5,195,21,187,54,133,245,174,41,70,69,1,165,200,229,53,116,55,75,5,42,46,146,144,76,95,126,112,24,149,249,159,147,117,207,225,16,190,14,63,57,98,202,135,249,3,197,131,77,18,141,43,162,39,216,182,128,210,90,147,231,196,200,253,73,37,222,197,252,49,125,54,98,233,117,20,137,146,132,16,171,108,203,120,155,205,188,87,231,17,175,145,32,232,252,8,165,144,63,87,91,78,221,61,118,253,185,159,99,172,157,81,94,50,134,105,217,183,88,156,62,142,209,83,26,79,22,243,71,170,93,20,86,215,62,243,203,71,81,55,0,53,203,67,44,142,212,60,250,15,234,48,124,139,18,168,208,246,187,54,141,230,87,201,148,182,33,56,134,135,130,201,34,205,82,234,84,175,172,222,2,39,69,5,216,223,214,203,142,57,1739147316674,/dev/cu.usbmodem14124301
72,210,50,1,5,190,93,240,100,201,195,157,17,127,143,193,250,211,62,154,14,67,143,42,187,55,79,48,151,202,0,166,61,6,53,26,76,96,50,67,40,142,66,21,24,13,188,220,146,13,237,10,202,65,145,70,23,167,22,107,37,150,159,116,214,161,248,37,119,182,216,143,109,156,132,19,20,134,222,98,66,188,120,61,148,243,136,85,107,12,92,106,89,242,11,118,97,64,210,239,43,184,160,207,9,1,253,198,206,83,44,12,161,39,175,45,169,33,4,64,0,27,32,204,186,5,135,227,117,62,10,185,72,250,27,158,210,184,247,214,249,140,154,71,37,113,116,137,133,18,115,149,136,216,175,193,21,4,55,101,44,174,245,132,173,140,44,139,155,159,126,130,127,37,172,23,20,191,230,11,124,52,27,208,230,250,59,176,220,211,84,31,178,135,28,229,59,97,140,101,138,16,25,245,153,82,108,87,224,159,105,129,79,1,119,83,183,240,35,78,5,135,200,16,104,81,87,36,250,99,24,14,91,98,36,235,243,9,152,92,65,103,58,212,17,22,171,161,214,9,155,218,206,198,167,152,176,135,43,87,182,102,106,22,73,228,126,178,185,114,108,188,39,73,171,231,66,223,177,86,105,243,250,62,18,230,3,55,208,20,248,171,229,77,137,110,209,250,140,95,170,255,145,46,87,57,76,207,46,248,124,207,99,116,17,177,167,127,248,142,130,125,67,176,105,75,10,9,93,224,46,58,79,62,189,41,233,26,69,78,218,200,251,214,104,134,62,34,102,30,242,149,123,227,31,30,177,255,223,105,235,173,21,56,207,187,137,13,241,171,210,71,106,76,183,145,104,188,183,188,23,123,223,128,39,84,164,73,228,47,90,184,183,232,157,149,153,225,33,145,164,155,87,145,181,7,156,238,246,0,104,138,98,117,111,29,72,70,212,202,90,226,94,206,66,32,14,10,107,240,2,110,151,167,77,230,175,189,129,73,129,22,19,55,185,186,185,242,2,31,216,7,27,93,64,72,48,169,73,93,93,74,83,142,154,42,52,154,171,232,255,165,134,158,221,40,243,99,92,153,70,125,138,253,5,131,163,62,120,162,207,59,121,6,38,70,30,162,125,92,64,245,211,170,195,221,13,5,194,59,178,227,37,113,80,95,179,94,123,204,250,93,99,237,57,140,212,228,255,246,33,38,134,8,129,225,251,220,180,177,9,212,201,63,89,220,244,222,140,180,191,56,136,177,82,197,107,162,9,149,24,233,253,72,98,211,147,90,237,165,172,57,61,52,57,82,173,59,99,135,62,93,168,167,161,136,28,116,96,188,90,249,240,75,205,36,66,166,100,187,207,2,54,115,6,75,146,59,90,94,121,150,113,208,220,170,39,113,126,10,129,85,26,91,173,62,131,247,251,182,33,2,68,29,174,29,88,186,153,10,83,124,191,53,195,45,221,211,64,232,200,31,51,39,21,88,227,44,213,193,69,242,42,11,73,247,58,189,184,66,227,39,245,22,73,211,251,18,190,234,128,163,163,122,211,217,216,30,163,250,86,161,179,32,24,91,56,63,0,0,65,37,129,168,239,148,63,12,178,254,22,34,35,179,43,112,70,57,6,44,78,91,114,4,127,152,82,157,22,156,177,110,34,214,125,223,250,246,126,91,43,161,62,36,188,158,107,82,181,3,92,5,68,77,47,145,197,156,159,158,24,209,197,8,203,196,27,241,192,109,67,104,128,190,182,194,104,173,21,0,163,68,108,116,80,116,230,196,60,160,99,48,125,104,201,129,155,189,106,114,222,186,209,41,254,36,120,132,164,58,108,34,98,28,122,26,88,185,220,142,73,32,81,207,3,138,137,78,119,197,174,70,99,184,140,23,189,38,155,39,56,88,167,223,200,153,227,192,137,163,56,164,191,156,97,127,211,151,25,22,68,171,82,172,9,213,35,15,155,70,109,53,158,122,4,192,103,65,50,122,224,224,227,93,52,188,246,65,240,86,41,240,143,16,206,119,150,190,33,231,254,114,252,229,23,218,107,158,3,180,200,30,88,143,193,229,122,48,202,48,26,175,157,186,196,121,180,181,23,248,3,226,158,70,228,77,36,129,12,216,117,133,121,78,201,53,133,255,53,153,72,239,127,134,174,23,129,72,90,150,123,100,153,241,55,39,146,192,184,253,213,229,133,226,92,85,40,101,106,106,156,55,84,114,165,241,59,214,92,189,121,241,84,216,128,95,183,179,10,82,113,9,213,122,196,161,122,136,38,214,121,31,54,218,208,120,179,204,184,164,38,81,250,84,52,193,203,78,171,188,105,212,157,58,113,130,105,83,106,56,67,150,179,51,95,222,90,208,224,83,15,51,35,172,56,141,174,33,133,243,144,9,93,117,221,54,95,226,56,215,29,40,110,111,232,186,233,108,150,217,162,246,111,39,192,89,174,135,215,225,140,214,7,111,222,183,132,197,230,219,136,38,161,102,25,30,118,38,34,175,220,147,196,38,65,192,109,91,239,121,9,213,160,111,150,32,60,186,48,231,52,120,90,0,97,210,55,132,110,48,50,19,190,4,128,178,222,232,8,235,176,184,90,146,63,153,34,221,49,161,150,53,16,130,215,173,217,186,173,226,118,29,111,153,214,188,18,110,32,110,88,249,46,182,65,76,126,5,174,138,79,137,181,227,145,212,196,227,124,97,237,60,182,141,211,54,235,201,128,217,59,234,167,44,112,80,81,6,190,145,143,144,133,97,177,141,228,220,89,61,148,187,98,45,23,105,126,90,244,220,197,84,54,180,255,226,10,159,60,198,115,107,203,226,89,74,181,38,8,56,147,60,148,82,77,255,233,183,226,194,169,134,173,126,128,128,161,200,115,20,11,225,159,21,103,161,90,73,32,96,198,237,3,84,250,91,92,208,181,96,28,142,144,67,155,240,243,251,44,144,153,218,226,234,223,57,17,225,171,70,164,74,173,225,32,9,99,94,13,147,121,177,110,140,230,65,122,200,106,65,139,198,123,26,172,24,136,179,174,12,4,171,19,224,149,103,190,12,247,167,57,230,234,31,160,183,253,58,105,131,169,143,201,10,221,225,197,215,136,68,0,177,60,145,10,168,175,210,207,74,132,11,235,145,99,224,22,188,124,28,75,140,118,185,204,167,60,125,50,105,204,239,171,1,176,103,253,16,48,27,16,206,152,244,231,236,220,81,67,231,195,213,47,55,102,0,198,157,220,127,246,39,94,211,162,70,183,58,137,193,162,178,126,181,0,6,236,86,207,181,154,115,250,191,196,97,84,178,22,53,202,52,69,245,208,65,47,141,78,75,9,158,107,213,76,239,142,45,219,54,247,27,133,1,135,60,25,106,100,40,54,209,171,66,253,73,46,116,69,181,98,214,140,219,117,13,229,136,237,87,12,249,140,122,206,63,164,33,180,156,129,178,184,230,253,139,142,6,42,99,71,217,213,148,210,215,104,170,34,186,188,251,217,101,13,212,191,240,128,190,25,153,92,50,46,119,120,157,156,23,227,81,255,91,77,104,58,221,30,118,34,197,179,231,168,35,59,17,145,168,145,7,74,42,208,119,203,19,248,175,165,203,140,37,105,202,216,148,245,207,107,4,169,90,76,18,75,13,156,66,70,212,29,176,71,76,169,87,179,229,6,206,159,146,150,12,202,212,17,233,102,115,129,232,105,31,251,27,196,210,175,157,172,83,148,29,212,62,91,31,228,255,49,207,190,35,180,145,101,173,111,163,17,12,229,67,215,34,69,55,110,12,158,120,164,105,100,61,70,82,253,168,31,142,222,105,148,17,254,141,230,66,174,186,11,242,168,107,110,205,205,197,129,234,224,47,192,210,121,153,200,161,189,185,95,214,61,135,212,142,92,107,129,27,75,231,252,73,249,202,72,97,48,136,147,24,33,192,179,221,8,11,75,241,213,175,59,17,248,170,254,225,203,202,179,59,127,119,70,0,7,152,85,210,8,189,160,88,184,182,226,92,212,93,177,91,223,155,142,248,159,179,247,94,141,141,2,137,250,220,20,136,151,253,89,251,194,244,187,177,5,195,21,187,54,133,245,174,41,70,69,1,165,200,229,53,116,55,75,5,42,46,146,144,76,95,126,112,24,149,249,159,147,117,207,225,16,190,14,63,57,98,202,135,249,3,197,131,77,18,141,43,162,39,216,182,128,210,90,147,231,196,200,253,73,37,222,197,252,49,125,54,98,233,117,20,137,146,132,16,171,108,203,120,155,205,188,87,231,17,175,145,32,232,252,8,165,144,63,87,91,78,221,61,118,253,185,159,99,172,157,81,94,50,134,105,217,183,88,156,62,142,209,83,26,79,22,243,71,170,93,20,86,215,62,243,203,71,81,55,0,53,203,67,44,142,212,60,250,15,234,48,124,139,18,168,208,246,187,54,141,230,87,201,148,182,33,56,134,135,130,201,34,205,82,234,84,175,172,222,2,39,69,5,216,223,214,203,142,57,1739147316675,QBYTE | tumor-associated
color change,0.326246,3,179,147,92,13.591204
rotation
168,154,223,189,0,89,156,70,196,8,234,122,152,189,146,241,119,142,84,209,223,230,188,8,189,178,125,148,10,61,132,97,99,18,58,26,124,75,42,176,21,130,0,255,6,143,252,189,38,159,93,32,251,246,175,108,138,30,133,196,177,180,229,23,192,52,20,41,161,105,227,62,204,245,135,191,157,252,110,161,28,205,252,200,215,199,75,68,120,201,49,112,191,58,141,165,137,182,13,185,7,157,95,13,121,23,92,41,109,152,31,194,108,45,59,160,186,10,83,217,146,49,70,119,245,30,24,75,240,240,104,232,35,45,129,175,175,13,4,72,227,20,113,100,143,255,80,121,232,145,12,172,39,109,212,241,30,203,97,184,73,18,243,144,23,205,142,33,127,35,190,243,193,148,167,205,12,195,251,117,204,238,92,182,222,54,61,126,5,139,73,220,47,170,128,251,24,101,63,78,201,64,19,230,91,171,46,50,151,188,192,226,222,135,19,231,49,2,254,101,241,2,117,14,55,14,65,237,43,246,153,33,125,51,41,39,42,22,252,126,117,116,208,217,158,17,250,141,157,94,1739147317913,/dev/cu.usbmodem14201
142,173,95,99,210,35,20,8,97,255,238,205,26,228,91,103,45,202,198,150,192,134,122,169,145,122,97,236,18,187,24,158,81,21,33,95,99,61,27,112,65,202,131,114,204,61,235,158,36,117,75,123,248,94,241,14,126,164,212,68,169,216,21,13,36,177,161,110,141,188,144,194,55,107,229,167,204,28,249,0,30,76,100,140,243,61,18,99,252,104,193,175,200,116,8,223,146,28,192,179,158,18,22,13,110,158,237,210,218,242,189,214,244,209,20,34,233,225,19,237,113,119,152,239,152,0,75,164,185,29,53,144,71,115,47,153,64,24,236,84,20,163,206,165,156,67,59,129,217,192,119,151,2,133,182,53,61,31,184,50,58,97,223,35,115,68,240,240,27,118,126,155,81,47,145,255,242,165,122,20,215,78,226,185,217,54,254,250,24,197,91,174,48,234,245,244,219,14,8,59,45,129,251,101,121,118,158,27,159,0,217,47,130,38,53,211,126,196,97,135,135,193,155,169,79,30,248,132,125,96,236,218,225,108,157,222,187,178,236,119,177,21,239,220,100,0,105,160,80,235,1739147317913,/dev/cu.usbmodem1413101
109,24,81,0,241,30,34,178,228,181,73,213,23,188,81,249,156,56,184,182,126,93,11,31,43,61,91,220,111,139,246,34,45,185,103,89,143,97,29,147,190,167,167,182,124,36,41,170,143,37,188,164,20,58,191,211,27,46,127,178,33,82,52,210,202,60,186,59,137,71,211,1,227,56,126,72,77,87,144,83,239,243,41,71,88,114,7,126,117,209,3,105,207,83,186,114,12,154,247,150,70,237,110,131,68,244,48,185,51,31,193,134,89,231,164,15,114,189,152,46,81,245,86,86,130,28,71,151,92,105,149,12,49,230,91,86,210,98,117,106,215,190,32,202,53,211,36,134,41,177,138,1,244,224,183,189,114,183,52,128,165,224,233,239,48,2,142,103,193,241,169,8,25,158,222,124,151,253,128,158,208,129,13,150,134,72,78,158,212,88,97,56,30,248,42,46,252,224,164,242,251,189,175,169,182,32,88,246,6,15,245,33,152,94,115,77,86,146,145,63,132,43,201,15,61,205,255,12,57,190,93,19,178,167,114,87,101,41,112,128,66,9,42,210,2,83,9,123,83,89,1739147317914,/dev/cu.usbmodem1413201
90,238,248,230,47,73,112,126,240,190,6,104,142,254,92,111,225,232,179,230,33,212,79,152,125,161,17,66,54,109,165,244,46,244,169,149,145,198,118,120,125,101,210,75,212,184,94,216,195,72,114,10,115,153,43,103,78,82,229,243,222,82,7,243,161,216,101,100,6,253,81,150,102,175,126,114,233,29,15,140,218,74,169,138,63,247,127,222,30,94,2,83,240,78,213,51,212,123,248,208,22,109,186,120,58,244,58,208,234,14,61,89,130,147,5,17,157,199,84,108,193,53,131,36,80,189,87,125,91,36,117,232,202,44,33,88,124,86,142,155,64,97,123,189,233,59,156,194,45,28,103,11,51,51,59,200,113,57,176,237,12,47,205,100,83,2,48,201,221,50,197,195,19,188,138,251,180,50,253,37,90,93,79,172,13,211,47,165,110,18,115,130,216,88,248,251,141,64,223,211,1,100,2,209,220,0,207,249,73,245,182,224,88,115,28,145,43,186,135,101,81,180,43,116,52,117,21,159,64,50,94,84,179,53,143,20,111,24,30,110,175,185,148,153,117,117,108,19,49,75,1739147317914,/dev/cu.usbmodem1413401
124,152,34,254,143,181,17,195,83,217,39,212,232,52,53,228,110,181,81,127,169,103,74,169,227,114,33,107,2,234,86,222,127,137,158,96,49,10,150,32,155,192,18,191,18,231,207,51,211,139,48,185,64,181,115,7,13,171,193,158,47,249,148,123,83,171,7,162,76,33,65,228,120,120,44,56,18,199,147,184,120,150,110,3,140,82,18,26,110,111,3,98,234,234,6,88,177,247,127,27,48,22,162,129,210,205,153,164,240,90,10,165,89,9,4,203,224,191,6,194,30,104,157,227,184,210,213,1,76,69,104,154,118,76,8,210,191,252,13,138,121,197,79,143,175,14,140,210,40,91,75,137,106,39,178,1,185,224,205,4,134,170,197,87,204,183,72,169,198,224,66,57,211,141,24,108,27,88,165,114,186,151,118,247,157,14,61,205,47,10,80,50,221,231,240,166,63,31,143,55,4,68,4,119,87,156,233,243,194,126,166,117,157,117,94,175,9,211,213,224,49,205,82,158,22,117,239,17,18,120,123,29,17,249,203,206,137,85,180,16,178,193,191,10,78,133,229,213,123,249,1739147317914,/dev/cu.usbmodem14124201
41,203,101,177,48,236,68,174,252,6,119,149,201,154,133,24,22,73,38,1,180,195,97,175,41,156,11,24,207,128,78,101,18,121,207,199,44,143,210,218,143,122,129,10,29,226,18,33,203,45,5,141,212,163,14,153,51,186,214,93,30,61,23,228,105,178,3,74,114,114,54,36,194,191,168,97,176,237,42,144,172,194,219,22,105,85,86,215,251,213,78,43,21,80,72,104,145,28,173,171,195,222,86,14,83,167,72,76,230,147,56,98,77,65,125,192,75,176,160,75,130,1,171,73,232,42,111,253,84,216,219,238,90,19,252,238,94,95,199,130,166,18,164,92,37,66,141,76,248,218,68,124,174,160,196,77,1,69,137,226,240,103,156,91,188,159,22,124,16,147,20,101,65,229,8,202,247,238,129,93,222,118,218,199,149,59,112,6,63,77,126,67,179,117,217,171,96,13,128,210,45,64,178,106,112,124,76,244,246,130,244,34,221,45,162,31,55,22,150,186,28,133,191,252,92,184,8,122,215,52,159,85,178,215,110,10,23,2,222,69,218,98,174,253,251,218,140,248,21,118,1739147317914,/dev/cu.usbmodem14124401
56,168,128,58,175,181,206,230,210,242,131,76,238,250,98,155,100,173,102,227,154,237,52,157,28,15,98,187,109,221,98,66,125,166,191,247,178,238,72,23,45,140,227,48,144,104,137,145,227,198,51,250,187,165,149,232,205,32,101,198,40,64,108,253,210,115,220,78,220,69,225,83,147,217,244,152,25,69,103,95,136,91,121,239,43,225,42,196,24,49,191,93,170,115,142,158,10,101,6,139,193,202,177,146,65,253,131,102,232,33,187,239,88,241,19,3,198,93,28,10,56,64,90,2,143,54,113,20,23,85,125,240,174,1,96,190,111,79,211,197,21,136,18,202,125,235,91,216,57,135,151,50,42,14,92,84,70,234,88,127,172,160,141,83,185,80,199,26,207,248,60,55,147,56,1,121,139,85,200,216,47,135,16,112,118,178,208,56,148,42,126,64,169,254,164,44,243,104,138,159,181,34,107,2,248,178,88,16,119,219,120,89,74,96,100,99,148,75,73,143,128,114,16,218,63,84,204,17,126,140,30,232,17,42,166,221,81,56,78,255,156,133,158,119,153,146,95,106,219,92,1739147317915,/dev/cu.usbmodem14124101
254,157,198,94,59,222,129,219,155,168,215,241,186,240,68,238,196,76,121,165,59,78,216,69,254,233,167,57,49,177,254,34,234,208,248,216,225,56,233,16,138,140,193,80,254,33,169,43,110,49,219,163,80,219,119,190,213,63,115,97,132,96,216,167,26,86,102,85,59,77,191,160,182,27,22,13,230,12,37,162,227,105,28,35,81,215,120,19,59,52,243,254,222,81,65,112,61,42,232,16,46,112,110,205,147,102,44,87,227,96,152,168,1,113,18,77,218,76,104,72,40,0,16,6,120,97,167,126,254,244,162,166,199,120,47,179,85,238,88,198,110,119,33,200,121,136,250,244,46,100,161,161,121,85,80,177,125,200,132,214,17,188,2,90,108,40,215,118,9,56,135,151,55,54,246,136,230,200,22,229,205,174,177,249,44,215,83,198,28,215,131,101,120,229,99,200,67,67,211,67,23,63,241,52,43,50,159,105,20,255,65,47,125,55,43,29,100,211,29,49,225,9,237,121,230,88,165,207,45,133,235,128,18,89,70,90,58,243,21,24,65,201,93,153,135,76,252,173,4,15,1739147317915,/dev/cu.usbmodem14124301
168,154,223,189,0,89,156,70,196,8,234,122,152,189,146,241,119,142,84,209,223,230,188,8,189,178,125,148,10,61,132,97,99,18,58,26,124,75,42,176,21,130,0,255,6,143,252,189,38,159,93,32,251,246,175,108,138,30,133,196,177,180,229,23,192,52,20,41,161,105,227,62,204,245,135,191,157,252,110,161,28,205,252,200,215,199,75,68,120,201,49,112,191,58,141,165,137,182,13,185,7,157,95,13,121,23,92,41,109,152,31,194,108,45,59,160,186,10,83,217,146,49,70,119,245,30,24,75,240,240,104,232,35,45,129,175,175,13,4,72,227,20,113,100,143,255,80,121,232,145,12,172,39,109,212,241,30,203,97,184,73,18,243,144,23,205,142,33,127,35,190,243,193,148,167,205,12,195,251,117,204,238,92,182,222,54,61,126,5,139,73,220,47,170,128,251,24,101,63,78,201,64,19,230,91,171,46,50,151,188,192,226,222,135,19,231,49,2,254,101,241,2,117,14,55,14,65,237,43,246,153,33,125,51,41,39,42,22,252,126,117,116,208,217,158,17,250,141,157,94,142,173,95,99,210,35,20,8,97,255,238,205,26,228,91,103,45,202,198,150,192,134,122,169,145,122,97,236,18,187,24,158,81,21,33,95,99,61,27,112,65,202,131,114,204,61,235,158,36,117,75,123,248,94,241,14,126,164,212,68,169,216,21,13,36,177,161,110,141,188,144,194,55,107,229,167,204,28,249,0,30,76,100,140,243,61,18,99,252,104,193,175,200,116,8,223,146,28,192,179,158,18,22,13,110,158,237,210,218,242,189,214,244,209,20,34,233,225,19,237,113,119,152,239,152,0,75,164,185,29,53,144,71,115,47,153,64,24,236,84,20,163,206,165,156,67,59,129,217,192,119,151,2,133,182,53,61,31,184,50,58,97,223,35,115,68,240,240,27,118,126,155,81,47,145,255,242,165,122,20,215,78,226,185,217,54,254,250,24,197,91,174,48,234,245,244,219,14,8,59,45,129,251,101,121,118,158,27,159,0,217,47,130,38,53,211,126,196,97,135,135,193,155,169,79,30,248,132,125,96,236,218,225,108,157,222,187,178,236,119,177,21,239,220,100,0,105,160,80,235,109,24,81,0,241,30,34,178,228,181,73,213,23,188,81,249,156,56,184,182,126,93,11,31,43,61,91,220,111,139,246,34,45,185,103,89,143,97,29,147,190,167,167,182,124,36,41,170,143,37,188,164,20,58,191,211,27,46,127,178,33,82,52,210,202,60,186,59,137,71,211,1,227,56,126,72,77,87,144,83,239,243,41,71,88,114,7,126,117,209,3,105,207,83,186,114,12,154,247,150,70,237,110,131,68,244,48,185,51,31,193,134,89,231,164,15,114,189,152,46,81,245,86,86,130,28,71,151,92,105,149,12,49,230,91,86,210,98,117,106,215,190,32,202,53,211,36,134,41,177,138,1,244,224,183,189,114,183,52,128,165,224,233,239,48,2,142,103,193,241,169,8,25,158,222,124,151,253,128,158,208,129,13,150,134,72,78,158,212,88,97,56,30,248,42,46,252,224,164,242,251,189,175,169,182,32,88,246,6,15,245,33,152,94,115,77,86,146,145,63,132,43,201,15,61,205,255,12,57,190,93,19,178,167,114,87,101,41,112,128,66,9,42,210,2,83,9,123,83,89,90,238,248,230,47,73,112,126,240,190,6,104,142,254,92,111,225,232,179,230,33,212,79,152,125,161,17,66,54,109,165,244,46,244,169,149,145,198,118,120,125,101,210,75,212,184,94,216,195,72,114,10,115,153,43,103,78,82,229,243,222,82,7,243,161,216,101,100,6,253,81,150,102,175,126,114,233,29,15,140,218,74,169,138,63,247,127,222,30,94,2,83,240,78,213,51,212,123,248,208,22,109,186,120,58,244,58,208,234,14,61,89,130,147,5,17,157,199,84,108,193,53,131,36,80,189,87,125,91,36,117,232,202,44,33,88,124,86,142,155,64,97,123,189,233,59,156,194,45,28,103,11,51,51,59,200,113,57,176,237,12,47,205,100,83,2,48,201,221,50,197,195,19,188,138,251,180,50,253,37,90,93,79,172,13,211,47,165,110,18,115,130,216,88,248,251,141,64,223,211,1,100,2,209,220,0,207,249,73,245,182,224,88,115,28,145,43,186,135,101,81,180,43,116,52,117,21,159,64,50,94,84,179,53,143,20,111,24,30,110,175,185,148,153,117,117,108,19,49,75,124,152,34,254,143,181,17,195,83,217,39,212,232,52,53,228,110,181,81,127,169,103,74,169,227,114,33,107,2,234,86,222,127,137,158,96,49,10,150,32,155,192,18,191,18,231,207,51,211,139,48,185,64,181,115,7,13,171,193,158,47,249,148,123,83,171,7,162,76,33,65,228,120,120,44,56,18,199,147,184,120,150,110,3,140,82,18,26,110,111,3,98,234,234,6,88,177,247,127,27,48,22,162,129,210,205,153,164,240,90,10,165,89,9,4,203,224,191,6,194,30,104,157,227,184,210,213,1,76,69,104,154,118,76,8,210,191,252,13,138,121,197,79,143,175,14,140,210,40,91,75,137,106,39,178,1,185,224,205,4,134,170,197,87,204,183,72,169,198,224,66,57,211,141,24,108,27,88,165,114,186,151,118,247,157,14,61,205,47,10,80,50,221,231,240,166,63,31,143,55,4,68,4,119,87,156,233,243,194,126,166,117,157,117,94,175,9,211,213,224,49,205,82,158,22,117,239,17,18,120,123,29,17,249,203,206,137,85,180,16,178,193,191,10,78,133,229,213,123,249,41,203,101,177,48,236,68,174,252,6,119,149,201,154,133,24,22,73,38,1,180,195,97,175,41,156,11,24,207,128,78,101,18,121,207,199,44,143,210,218,143,122,129,10,29,226,18,33,203,45,5,141,212,163,14,153,51,186,214,93,30,61,23,228,105,178,3,74,114,114,54,36,194,191,168,97,176,237,42,144,172,194,219,22,105,85,86,215,251,213,78,43,21,80,72,104,145,28,173,171,195,222,86,14,83,167,72,76,230,147,56,98,77,65,125,192,75,176,160,75,130,1,171,73,232,42,111,253,84,216,219,238,90,19,252,238,94,95,199,130,166,18,164,92,37,66,141,76,248,218,68,124,174,160,196,77,1,69,137,226,240,103,156,91,188,159,22,124,16,147,20,101,65,229,8,202,247,238,129,93,222,118,218,199,149,59,112,6,63,77,126,67,179,117,217,171,96,13,128,210,45,64,178,106,112,124,76,244,246,130,244,34,221,45,162,31,55,22,150,186,28,133,191,252,92,184,8,122,215,52,159,85,178,215,110,10,23,2,222,69,218,98,174,253,251,218,140,248,21,118,56,168,128,58,175,181,206,230,210,242,131,76,238,250,98,155,100,173,102,227,154,237,52,157,28,15,98,187,109,221,98,66,125,166,191,247,178,238,72,23,45,140,227,48,144,104,137,145,227,198,51,250,187,165,149,232,205,32,101,198,40,64,108,253,210,115,220,78,220,69,225,83,147,217,244,152,25,69,103,95,136,91,121,239,43,225,42,196,24,49,191,93,170,115,142,158,10,101,6,139,193,202,177,146,65,253,131,102,232,33,187,239,88,241,19,3,198,93,28,10,56,64,90,2,143,54,113,20,23,85,125,240,174,1,96,190,111,79,211,197,21,136,18,202,125,235,91,216,57,135,151,50,42,14,92,84,70,234,88,127,172,160,141,83,185,80,199,26,207,248,60,55,147,56,1,121,139,85,200,216,47,135,16,112,118,178,208,56,148,42,126,64,169,254,164,44,243,104,138,159,181,34,107,2,248,178,88,16,119,219,120,89,74,96,100,99,148,75,73,143,128,114,16,218,63,84,204,17,126,140,30,232,17,42,166,221,81,56,78,255,156,133,158,119,153,146,95,106,219,92,254,157,198,94,59,222,129,219,155,168,215,241,186,240,68,238,196,76,121,165,59,78,216,69,254,233,167,57,49,177,254,34,234,208,248,216,225,56,233,16,138,140,193,80,254,33,169,43,110,49,219,163,80,219,119,190,213,63,115,97,132,96,216,167,26,86,102,85,59,77,191,160,182,27,22,13,230,12,37,162,227,105,28,35,81,215,120,19,59,52,243,254,222,81,65,112,61,42,232,16,46,112,110,205,147,102,44,87,227,96,152,168,1,113,18,77,218,76,104,72,40,0,16,6,120,97,167,126,254,244,162,166,199,120,47,179,85,238,88,198,110,119,33,200,121,136,250,244,46,100,161,161,121,85,80,177,125,200,132,214,17,188,2,90,108,40,215,118,9,56,135,151,55,54,246,136,230,200,22,229,205,174,177,249,44,215,83,198,28,215,131,101,120,229,99,200,67,67,211,67,23,63,241,52,43,50,159,105,20,255,65,47,125,55,43,29,100,211,29,49,225,9,237,121,230,88,165,207,45,133,235,128,18,89,70,90,58,243,21,24,65,201,93,153,135,76,252,173,4,15,1739147317917,QBYTE | bcsi
182,118,117,136,138,254,232,98,129,58,229,112,58,158,165,201,64,159,235,8,132,224,24,231,73,232,238,146,108,25,246,67,158,8,10,174,212,91,168,81,89,166,63,169,176,196,196,154,188,147,231,0,253,134,211,201,250,7,114,64,91,180,182,208,89,79,61,3,186,193,143,113,174,38,39,136,220,212,150,83,79,193,74,27,18,11,151,170,14,129,219,72,46,80,250,51,204,102,92,63,252,6,124,69,33,214,18,200,42,148,196,59,120,49,130,39,40,59,113,36,128,50,28,241,109,119,6,222,85,72,156,223,107,15,14,239,1,176,214,97,104,73,200,60,125,124,169,252,139,230,72,161,56,35,12,58,122,249,150,138,202,40,140,11,182,198,85,228,150,11,221,88,182,235,170,246,232,226,28,206,170,16,14,72,51,69,70,82,203,70,108,110,205,252,159,179,5,99,42,177,154,18,25,177,247,17,235,72,125,4,100,128,211,3,180,239,39,63,115,62,122,31,137,167,209,47,195,204,6,109,169,72,43,205,115,241,119,88,57,137,166,83,3,144,35,31,226,234,79,63,1739147318991,/dev/cu.usbmodem14201
179,70,128,114,139,192,179,49,169,197,137,193,40,103,199,158,74,25,226,163,0,101,247,178,239,250,12,178,5,53,84,52,55,203,87,115,20,66,236,27,135,141,169,172,238,191,65,80,200,66,211,146,33,147,97,32,20,156,131,88,25,242,35,229,69,81,22,170,207,47,186,45,252,195,54,146,100,105,66,147,218,87,112,208,135,129,244,37,82,76,119,214,161,130,116,255,107,20,39,41,222,96,62,122,98,156,161,159,157,75,236,206,133,208,188,126,120,113,98,40,169,102,232,242,112,60,110,131,108,152,13,137,221,176,80,191,209,95,60,155,178,213,143,242,16,198,252,8,136,213,68,5,44,177,171,242,175,220,0,55,83,199,180,224,132,16,49,105,158,40,200,49,171,135,233,137,178,118,68,105,252,238,248,67,87,192,141,116,72,204,78,202,176,164,46,67,219,109,57,11,103,191,167,252,106,186,112,11,21,153,133,209,48,200,134,223,228,136,171,16,75,157,112,131,252,69,116,189,235,251,243,40,67,47,170,22,190,111,245,23,218,53,170,129,76,88,197,169,27,53,1739147318991,/dev/cu.usbmodem1413101
206,120,198,149,231,43,186,233,20,252,227,48,154,178,4,240,188,106,244,199,42,134,190,141,186,77,113,35,231,213,246,15,109,177,66,0,228,248,148,82,241,36,79,65,21,140,3,91,150,37,99,226,132,131,251,98,145,184,48,120,236,135,156,115,139,162,143,236,238,34,104,135,143,35,87,149,16,210,247,56,127,116,235,59,23,1,67,190,15,21,24,214,218,142,108,55,136,28,118,239,246,28,158,249,137,60,26,21,92,197,25,124,170,241,195,188,95,225,44,237,63,108,111,132,5,255,138,137,215,149,147,161,239,27,229,182,7,214,222,50,186,3,56,231,214,233,154,54,144,48,23,75,62,111,192,109,118,91,228,109,174,200,188,65,99,253,115,195,240,139,191,173,72,205,21,131,239,81,69,146,58,71,26,85,98,46,209,23,206,191,216,116,190,158,124,163,168,177,24,243,78,27,2,120,144,110,150,69,253,113,24,46,130,54,81,249,29,219,81,75,127,11,87,196,211,133,228,42,74,18,209,136,55,138,99,181,198,98,120,164,229,133,244,240,68,181,211,12,236,50,1739147318991,/dev/cu.usbmodem1413201
8,69,151,159,243,213,77,234,247,35,156,81,71,11,68,160,51,194,86,146,187,102,77,246,48,113,46,97,192,60,191,108,169,11,127,39,89,218,168,117,6,162,102,128,1,233,112,29,126,2,249,115,17,66,33,151,115,116,181,17,119,7,197,59,111,144,163,145,189,7,14,227,116,216,102,6,76,154,149,66,111,162,162,145,205,206,245,75,169,129,190,66,62,55,126,136,238,128,231,122,168,209,33,6,102,187,19,4,114,33,187,128,111,132,15,131,135,118,116,26,40,33,87,159,179,93,118,243,63,108,245,135,133,42,34,115,144,67,83,63,113,28,172,235,61,23,183,73,252,9,207,135,127,88,20,190,30,56,203,1,212,109,88,219,72,218,135,132,235,48,177,16,99,154,150,128,241,25,229,40,102,134,190,1,25,124,92,98,52,8,89,223,44,240,164,114,194,56,163,22,50,58,68,0,64,99,55,224,27,149,173,238,121,177,180,110,14,29,191,183,100,75,160,251,174,170,195,185,121,229,100,73,155,104,142,113,98,122,138,162,70,230,12,218,130,98,156,54,119,196,1739147318991,/dev/cu.usbmodem1413401
50,173,254,37,230,82,255,22,78,187,168,69,225,172,159,151,150,101,2,22,174,246,27,170,4,88,96,26,9,85,70,243,106,181,83,122,193,111,150,40,93,197,10,69,35,139,172,234,7,42,22,1,195,253,60,144,140,70,3,204,37,237,211,25,192,108,78,9,156,40,122,137,56,155,227,30,55,70,230,208,58,11,45,1,150,99,100,125,2,161,89,243,219,127,91,190,31,48,107,171,220,116,106,145,136,122,43,124,137,23,255,158,13,14,91,187,90,141,79,206,32,94,196,128,244,119,74,141,159,184,250,100,130,73,75,84,255,62,184,221,166,175,191,135,21,149,233,172,53,39,5,204,217,65,81,249,61,68,155,52,176,127,102,178,69,231,9,213,202,72,151,174,225,19,61,29,97,12,43,199,51,195,98,207,129,207,247,118,170,53,210,138,107,146,236,137,182,77,135,128,2,64,157,69,248,255,130,67,232,62,215,122,150,147,74,243,73,16,21,85,129,210,74,28,62,229,203,80,255,171,102,235,195,96,223,70,196,104,107,236,192,229,250,225,186,61,215,104,137,231,1739147318992,/dev/cu.usbmodem14124201
100,114,230,155,216,251,184,53,247,198,37,38,109,151,122,124,153,76,2,247,48,202,134,39,92,200,113,209,200,182,168,205,171,113,14,56,10,41,178,213,138,93,90,10,138,176,44,65,140,157,1,214,95,178,207,212,73,7,191,49,183,240,79,254,123,138,153,211,239,17,189,219,162,173,162,186,101,245,253,158,13,102,160,92,16,89,196,176,11,119,22,26,224,142,177,177,175,47,15,158,94,179,1,108,74,114,84,28,37,51,253,100,185,63,158,69,184,148,210,100,19,152,188,77,70,118,205,96,226,158,117,31,9,198,113,145,166,32,140,31,70,156,81,144,168,208,138,218,203,101,53,157,198,95,223,147,87,155,113,0,126,157,54,220,180,115,162,246,88,81,131,202,61,7,3,49,213,243,156,143,11,159,39,202,72,106,240,149,122,36,63,186,31,247,29,180,30,150,104,209,252,57,59,118,35,0,21,12,13,137,46,20,44,127,43,170,254,132,211,19,190,161,116,138,251,28,38,89,130,109,220,191,61,222,142,79,46,115,210,170,3,22,66,149,90,115,235,251,37,137,1739147318992,/dev/cu.usbmodem14124401
189,127,247,49,206,136,243,60,68,211,0,41,171,13,163,47,72,39,160,21,225,205,229,95,191,86,123,194,96,198,241,152,108,112,255,203,180,61,82,184,65,10,83,110,12,0,45,228,254,194,247,99,215,152,237,196,253,173,214,14,246,74,141,220,149,75,148,45,200,245,187,187,18,202,171,112,230,2,170,44,223,145,179,195,90,246,40,38,148,252,92,109,162,9,224,129,95,166,38,168,236,167,30,214,232,215,228,162,250,3,120,7,65,232,113,247,120,137,121,140,174,44,228,212,166,200,222,209,60,189,210,131,59,25,191,248,248,144,243,134,199,19,98,169,143,219,237,133,217,60,210,67,202,40,93,185,174,57,233,195,23,115,90,102,52,115,163,94,108,214,96,243,217,50,174,181,47,128,44,214,87,223,220,222,233,143,82,51,151,218,119,189,16,6,98,37,182,91,120,127,197,136,232,252,113,94,14,138,36,227,238,36,41,208,71,229,211,200,255,136,88,127,153,80,4,89,131,190,101,201,115,15,168,192,48,25,228,250,60,78,171,86,14,15,231,109,4,245,59,246,1739147318992,/dev/cu.usbmodem14124101
20,219,247,195,17,64,38,138,216,55,22,31,204,55,130,146,39,170,126,49,48,102,235,96,106,84,221,3,154,197,185,146,217,68,136,150,223,205,92,187,237,160,7,82,182,132,234,55,35,131,189,68,130,88,193,85,251,91,47,40,229,178,117,111,135,184,158,182,102,12,186,160,66,30,89,103,255,70,253,222,90,132,144,74,100,141,45,32,84,201,171,49,73,191,195,72,154,56,103,87,180,115,240,53,11,80,49,105,199,149,132,178,234,217,214,186,89,53,146,220,164,76,173,153,7,5,89,244,65,162,35,7,229,165,173,212,144,225,234,163,67,201,244,195,88,190,138,26,12,2,94,70,168,229,42,89,137,88,135,135,97,199,255,99,190,210,57,55,8,28,187,25,192,33,220,64,129,192,246,65,157,131,138,216,7,118,247,149,39,244,62,37,97,24,176,92,49,149,75,48,244,208,135,77,88,243,112,133,151,152,115,233,160,205,16,96,124,36,156,81,27,166,82,237,5,221,38,43,5,61,115,147,227,68,236,151,123,15,61,11,224,109,88,165,248,20,95,178,129,108,1739147318993,/dev/cu.usbmodem14124301
182,118,117,136,138,254,232,98,129,58,229,112,58,158,165,201,64,159,235,8,132,224,24,231,73,232,238,146,108,25,246,67,158,8,10,174,212,91,168,81,89,166,63,169,176,196,196,154,188,147,231,0,253,134,211,201,250,7,114,64,91,180,182,208,89,79,61,3,186,193,143,113,174,38,39,136,220,212,150,83,79,193,74,27,18,11,151,170,14,129,219,72,46,80,250,51,204,102,92,63,252,6,124,69,33,214,18,200,42,148,196,59,120,49,130,39,40,59,113,36,128,50,28,241,109,119,6,222,85,72,156,223,107,15,14,239,1,176,214,97,104,73,200,60,125,124,169,252,139,230,72,161,56,35,12,58,122,249,150,138,202,40,140,11,182,198,85,228,150,11,221,88,182,235,170,246,232,226,28,206,170,16,14,72,51,69,70,82,203,70,108,110,205,252,159,179,5,99,42,177,154,18,25,177,247,17,235,72,125,4,100,128,211,3,180,239,39,63,115,62,122,31,137,167,209,47,195,204,6,109,169,72,43,205,115,241,119,88,57,137,166,83,3,144,35,31,226,234,79,63,179,70,128,114,139,192,179,49,169,197,137,193,40,103,199,158,74,25,226,163,0,101,247,178,239,250,12,178,5,53,84,52,55,203,87,115,20,66,236,27,135,141,169,172,238,191,65,80,200,66,211,146,33,147,97,32,20,156,131,88,25,242,35,229,69,81,22,170,207,47,186,45,252,195,54,146,100,105,66,147,218,87,112,208,135,129,244,37,82,76,119,214,161,130,116,255,107,20,39,41,222,96,62,122,98,156,161,159,157,75,236,206,133,208,188,126,120,113,98,40,169,102,232,242,112,60,110,131,108,152,13,137,221,176,80,191,209,95,60,155,178,213,143,242,16,198,252,8,136,213,68,5,44,177,171,242,175,220,0,55,83,199,180,224,132,16,49,105,158,40,200,49,171,135,233,137,178,118,68,105,252,238,248,67,87,192,141,116,72,204,78,202,176,164,46,67,219,109,57,11,103,191,167,252,106,186,112,11,21,153,133,209,48,200,134,223,228,136,171,16,75,157,112,131,252,69,116,189,235,251,243,40,67,47,170,22,190,111,245,23,218,53,170,129,76,88,197,169,27,53,206,120,198,149,231,43,186,233,20,252,227,48,154,178,4,240,188,106,244,199,42,134,190,141,186,77,113,35,231,213,246,15,109,177,66,0,228,248,148,82,241,36,79,65,21,140,3,91,150,37,99,226,132,131,251,98,145,184,48,120,236,135,156,115,139,162,143,236,238,34,104,135,143,35,87,149,16,210,247,56,127,116,235,59,23,1,67,190,15,21,24,214,218,142,108,55,136,28,118,239,246,28,158,249,137,60,26,21,92,197,25,124,170,241,195,188,95,225,44,237,63,108,111,132,5,255,138,137,215,149,147,161,239,27,229,182,7,214,222,50,186,3,56,231,214,233,154,54,144,48,23,75,62,111,192,109,118,91,228,109,174,200,188,65,99,253,115,195,240,139,191,173,72,205,21,131,239,81,69,146,58,71,26,85,98,46,209,23,206,191,216,116,190,158,124,163,168,177,24,243,78,27,2,120,144,110,150,69,253,113,24,46,130,54,81,249,29,219,81,75,127,11,87,196,211,133,228,42,74,18,209,136,55,138,99,181,198,98,120,164,229,133,244,240,68,181,211,12,236,50,8,69,151,159,243,213,77,234,247,35,156,81,71,11,68,160,51,194,86,146,187,102,77,246,48,113,46,97,192,60,191,108,169,11,127,39,89,218,168,117,6,162,102,128,1,233,112,29,126,2,249,115,17,66,33,151,115,116,181,17,119,7,197,59,111,144,163,145,189,7,14,227,116,216,102,6,76,154,149,66,111,162,162,145,205,206,245,75,169,129,190,66,62,55,126,136,238,128,231,122,168,209,33,6,102,187,19,4,114,33,187,128,111,132,15,131,135,118,116,26,40,33,87,159,179,93,118,243,63,108,245,135,133,42,34,115,144,67,83,63,113,28,172,235,61,23,183,73,252,9,207,135,127,88,20,190,30,56,203,1,212,109,88,219,72,218,135,132,235,48,177,16,99,154,150,128,241,25,229,40,102,134,190,1,25,124,92,98,52,8,89,223,44,240,164,114,194,56,163,22,50,58,68,0,64,99,55,224,27,149,173,238,121,177,180,110,14,29,191,183,100,75,160,251,174,170,195,185,121,229,100,73,155,104,142,113,98,122,138,162,70,230,12,218,130,98,156,54,119,196,50,173,254,37,230,82,255,22,78,187,168,69,225,172,159,151,150,101,2,22,174,246,27,170,4,88,96,26,9,85,70,243,106,181,83,122,193,111,150,40,93,197,10,69,35,139,172,234,7,42,22,1,195,253,60,144,140,70,3,204,37,237,211,25,192,108,78,9,156,40,122,137,56,155,227,30,55,70,230,208,58,11,45,1,150,99,100,125,2,161,89,243,219,127,91,190,31,48,107,171,220,116,106,145,136,122,43,124,137,23,255,158,13,14,91,187,90,141,79,206,32,94,196,128,244,119,74,141,159,184,250,100,130,73,75,84,255,62,184,221,166,175,191,135,21,149,233,172,53,39,5,204,217,65,81,249,61,68,155,52,176,127,102,178,69,231,9,213,202,72,151,174,225,19,61,29,97,12,43,199,51,195,98,207,129,207,247,118,170,53,210,138,107,146,236,137,182,77,135,128,2,64,157,69,248,255,130,67,232,62,215,122,150,147,74,243,73,16,21,85,129,210,74,28,62,229,203,80,255,171,102,235,195,96,223,70,196,104,107,236,192,229,250,225,186,61,215,104,137,231,100,114,230,155,216,251,184,53,247,198,37,38,109,151,122,124,153,76,2,247,48,202,134,39,92,200,113,209,200,182,168,205,171,113,14,56,10,41,178,213,138,93,90,10,138,176,44,65,140,157,1,214,95,178,207,212,73,7,191,49,183,240,79,254,123,138,153,211,239,17,189,219,162,173,162,186,101,245,253,158,13,102,160,92,16,89,196,176,11,119,22,26,224,142,177,177,175,47,15,158,94,179,1,108,74,114,84,28,37,51,253,100,185,63,158,69,184,148,210,100,19,152,188,77,70,118,205,96,226,158,117,31,9,198,113,145,166,32,140,31,70,156,81,144,168,208,138,218,203,101,53,157,198,95,223,147,87,155,113,0,126,157,54,220,180,115,162,246,88,81,131,202,61,7,3,49,213,243,156,143,11,159,39,202,72,106,240,149,122,36,63,186,31,247,29,180,30,150,104,209,252,57,59,118,35,0,21,12,13,137,46,20,44,127,43,170,254,132,211,19,190,161,116,138,251,28,38,89,130,109,220,191,61,222,142,79,46,115,210,170,3,22,66,149,90,115,235,251,37,137,189,127,247,49,206,136,243,60,68,211,0,41,171,13,163,47,72,39,160,21,225,205,229,95,191,86,123,194,96,198,241,152,108,112,255,203,180,61,82,184,65,10,83,110,12,0,45,228,254,194,247,99,215,152,237,196,253,173,214,14,246,74,141,220,149,75,148,45,200,245,187,187,18,202,171,112,230,2,170,44,223,145,179,195,90,246,40,38,148,252,92,109,162,9,224,129,95,166,38,168,236,167,30,214,232,215,228,162,250,3,120,7,65,232,113,247,120,137,121,140,174,44,228,212,166,200,222,209,60,189,210,131,59,25,191,248,248,144,243,134,199,19,98,169,143,219,237,133,217,60,210,67,202,40,93,185,174,57,233,195,23,115,90,102,52,115,163,94,108,214,96,243,217,50,174,181,47,128,44,214,87,223,220,222,233,143,82,51,151,218,119,189,16,6,98,37,182,91,120,127,197,136,232,252,113,94,14,138,36,227,238,36,41,208,71,229,211,200,255,136,88,127,153,80,4,89,131,190,101,201,115,15,168,192,48,25,228,250,60,78,171,86,14,15,231,109,4,245,59,246,20,219,247,195,17,64,38,138,216,55,22,31,204,55,130,146,39,170,126,49,48,102,235,96,106,84,221,3,154,197,185,146,217,68,136,150,223,205,92,187,237,160,7,82,182,132,234,55,35,131,189,68,130,88,193,85,251,91,47,40,229,178,117,111,135,184,158,182,102,12,186,160,66,30,89,103,255,70,253,222,90,132,144,74,100,141,45,32,84,201,171,49,73,191,195,72,154,56,103,87,180,115,240,53,11,80,49,105,199,149,132,178,234,217,214,186,89,53,146,220,164,76,173,153,7,5,89,244,65,162,35,7,229,165,173,212,144,225,234,163,67,201,244,195,88,190,138,26,12,2,94,70,168,229,42,89,137,88,135,135,97,199,255,99,190,210,57,55,8,28,187,25,192,33,220,64,129,192,246,65,157,131,138,216,7,118,247,149,39,244,62,37,97,24,176,92,49,149,75,48,244,208,135,77,88,243,112,133,151,152,115,233,160,205,16,96,124,36,156,81,27,166,82,237,5,221,38,43,5,61,115,147,227,68,236,151,123,15,61,11,224,109,88,165,248,20,95,178,129,108,1739147318995,QBYTE | silvicultural
117,166,70,184,217,73,32,154,166,226,69,58,14,188,69,230,251,38,154,253,197,14,118,73,65,22,217,161,112,57,138,245,23,88,160,41,254,195,121,144,249,62,70,175,254,97,152,191,248,16,200,184,138,57,37,36,191,113,48,176,248,36,96,183,238,166,74,188,157,168,116,153,85,253,66,28,162,102,215,202,61,208,68,216,220,32,194,207,216,206,77,53,234,188,112,161,154,243,182,224,6,112,149,242,42,154,79,98,212,178,186,151,250,129,207,168,93,220,229,56,50,31,61,94,83,233,234,32,17,182,238,43,97,76,19,187,227,108,119,170,195,71,186,176,92,220,125,83,228,37,10,49,187,190,62,107,84,159,206,238,45,0,213,211,133,61,234,227,49,204,132,188,162,3,67,170,43,177,147,184,120,246,237,207,205,167,23,126,36,219,208,106,123,183,29,16,152,95,74,115,105,97,118,78,173,219,184,87,58,245,128,135,200,176,155,46,145,190,61,138,61,119,133,200,192,62,30,192,126,72,43,188,218,200,147,246,102,213,156,180,241,209,10,196,149,36,131,40,242,247,1739147320071,/dev/cu.usbmodem14201
218,26,217,83,116,4,16,128,242,149,187,73,35,35,197,101,206,43,211,21,109,252,91,133,254,173,108,236,166,2,174,179,222,18,173,70,248,199,171,9,67,167,100,131,137,27,146,80,9,95,58,133,137,229,116,87,119,253,111,138,17,247,34,46,13,240,111,214,141,114,243,162,244,254,8,229,79,179,96,159,141,37,220,220,214,215,67,95,52,116,43,68,103,91,93,161,237,52,255,38,134,31,255,39,69,233,108,222,51,145,181,157,200,247,118,81,105,2,141,222,159,16,154,233,182,37,110,200,250,223,38,11,60,22,199,191,249,248,71,142,16,145,40,144,79,82,253,12,225,219,72,197,147,169,55,209,145,183,35,186,165,132,194,116,195,73,213,38,91,100,86,119,45,157,196,1,116,73,198,179,168,191,163,131,243,182,18,81,234,247,68,211,253,245,108,242,79,76,118,198,68,99,247,66,116,197,110,54,190,35,64,56,73,164,99,55,237,149,93,226,157,182,115,152,174,41,199,22,220,230,143,98,176,117,0,73,189,232,232,67,179,94,163,170,118,77,243,236,149,187,1739147320071,/dev/cu.usbmodem1413101
229,49,124,182,130,24,55,3,159,117,189,210,188,51,39,188,241,128,158,146,105,3,97,92,87,25,148,55,97,183,103,7,63,227,157,159,238,191,39,28,73,91,151,171,204,220,30,204,165,162,81,245,74,126,59,145,55,154,20,23,74,106,215,206,149,79,216,165,236,89,174,49,164,70,67,32,221,165,137,129,41,105,250,62,114,156,77,188,162,229,245,74,202,227,164,195,56,254,25,10,72,202,200,3,221,131,3,157,105,230,211,184,109,177,131,229,201,82,183,131,81,75,165,152,10,30,190,242,158,223,158,166,20,204,90,38,225,37,178,244,20,63,37,78,103,173,46,199,248,69,241,72,9,253,13,53,6,204,218,54,40,172,202,111,62,111,254,16,193,162,245,202,63,141,40,234,178,42,172,0,220,139,197,146,78,200,142,53,155,26,27,40,98,134,86,79,14,44,16,74,90,108,147,210,144,155,144,105,125,109,24,109,58,43,195,186,53,151,211,205,197,20,206,99,227,73,67,255,80,163,254,141,94,44,17,2,42,0,112,149,26,0,66,250,0,136,109,50,117,190,1739147320071,/dev/cu.usbmodem1413201
100,181,0,65,111,251,75,157,216,119,179,211,165,80,85,43,75,85,156,221,110,9,158,190,233,94,108,111,155,123,255,129,245,117,154,224,117,228,147,11,169,177,161,83,21,248,27,26,121,176,76,171,23,35,37,222,122,148,110,84,202,139,0,99,210,10,185,34,144,3,101,51,208,24,45,221,13,92,39,46,221,227,25,43,211,223,130,214,210,233,143,105,211,46,51,182,211,142,35,184,190,133,25,130,215,46,122,2,69,94,145,110,87,149,169,101,202,97,46,143,65,83,11,192,147,143,226,14,223,0,129,147,113,107,127,71,86,11,219,114,47,251,51,24,143,193,101,164,157,205,52,253,84,19,54,244,93,184,199,12,224,164,98,201,160,26,184,127,182,25,68,83,10,104,123,229,233,241,83,137,232,133,193,159,225,102,87,58,29,108,137,4,68,213,248,253,123,247,15,42,233,240,111,233,159,25,226,66,175,134,205,83,32,16,5,216,60,129,250,45,124,10,41,113,88,158,162,176,179,224,55,28,146,57,24,86,69,57,125,223,113,115,248,65,16,24,164,60,63,205,1739147320071,/dev/cu.usbmodem1413401
18,153,210,143,96,44,13,251,45,51,240,172,31,179,150,101,71,8,81,169,8,137,214,249,92,172,138,17,200,31,188,66,165,230,187,87,94,148,62,65,172,17,155,92,190,221,81,53,174,216,149,67,69,17,58,76,25,3,211,160,147,71,78,220,32,56,87,168,161,46,208,14,12,171,52,4,59,251,132,220,214,1,214,208,248,127,104,15,97,103,205,103,87,72,189,230,239,174,169,72,181,74,6,60,232,1,48,254,105,169,87,242,137,85,51,92,42,105,157,41,192,236,125,98,183,87,39,9,51,241,37,124,155,112,174,96,139,51,86,243,169,204,33,0,102,132,22,207,181,226,131,79,184,148,89,241,144,103,211,105,223,189,55,125,248,1,153,129,135,241,47,19,232,45,75,136,7,199,15,34,221,145,255,190,238,114,71,48,41,40,160,0,17,24,22,234,157,81,92,238,148,255,209,239,111,130,253,199,121,192,161,66,90,68,185,245,56,185,118,150,104,30,4,49,253,50,248,204,64,14,38,86,134,167,12,219,162,5,76,135,28,55,56,180,50,56,129,187,36,136,1739147320072,/dev/cu.usbmodem14124201
124,179,152,124,239,120,234,209,64,26,210,105,50,244,164,130,100,7,149,143,127,223,120,224,24,210,183,16,255,6,99,243,146,168,156,202,149,105,38,19,32,192,217,232,87,190,122,123,133,190,221,177,131,75,104,69,231,43,107,10,245,111,171,217,53,169,83,22,178,15,181,71,135,197,30,18,17,137,65,117,57,203,88,147,180,93,24,44,149,150,94,233,107,237,188,114,245,118,119,97,141,82,44,205,133,89,7,104,217,138,92,205,19,249,184,144,129,132,241,175,15,255,166,151,55,108,145,131,224,218,126,220,231,189,137,146,231,164,94,31,155,123,187,50,191,74,13,44,252,238,212,111,67,2,25,22,94,136,152,75,37,196,39,138,207,66,244,212,113,59,224,48,122,211,234,8,98,114,106,0,255,78,209,206,50,13,91,74,206,78,152,18,131,137,164,112,49,202,201,87,145,251,232,126,211,220,233,68,209,192,174,179,228,189,192,32,126,54,145,71,7,222,56,109,30,0,55,26,100,116,33,76,205,31,222,231,80,207,204,107,81,233,106,162,142,112,180,149,71,114,1739147320072,/dev/cu.usbmodem14124401
24,233,80,182,113,53,34,242,155,168,243,73,158,138,250,83,10,165,56,65,88,89,2,216,51,84,74,137,128,128,24,194,134,39,214,5,197,23,7,146,216,72,230,212,169,148,107,116,212,154,237,10,213,234,120,211,181,163,104,235,110,114,121,196,104,146,96,171,22,103,175,67,195,115,224,153,104,112,27,229,26,207,71,62,124,197,59,86,34,194,186,248,118,42,83,86,116,94,176,153,178,120,2,24,19,46,70,168,53,191,15,107,249,33,48,65,124,163,105,56,92,213,118,78,232,219,218,113,166,132,216,68,3,158,200,12,68,17,57,172,44,52,167,15,14,225,122,98,252,42,39,135,112,193,58,48,196,169,214,106,43,214,22,213,155,255,186,152,239,47,153,76,155,69,185,126,150,47,99,86,133,190,196,6,223,212,52,66,93,203,152,240,182,216,75,155,43,110,206,232,253,39,190,157,8,200,52,182,134,223,151,243,85,66,199,160,41,228,193,98,38,180,105,177,243,25,252,81,50,123,134,62,211,245,207,32,22,62,252,6,246,166,94,34,39,23,113,102,159,179,1739147320072,/dev/cu.usbmodem14124101
210,174,65,86,104,62,66,208,22,21,98,106,144,154,210,17,120,248,9,110,67,13,34,40,85,7,150,11,86,198,104,21,141,175,53,13,196,33,138,63,156,134,186,64,223,171,140,13,130,13,62,236,25,79,52,150,96,34,21,38,240,136,56,57,105,190,133,102,32,98,141,212,138,250,45,9,202,11,126,36,13,161,56,148,180,149,55,117,243,34,82,188,200,56,119,89,55,15,154,206,229,206,31,59,69,113,92,200,224,226,77,122,64,47,139,153,29,191,182,142,132,173,170,82,255,165,34,84,167,134,202,228,114,144,220,10,122,114,21,167,242,86,195,29,8,245,2,142,79,203,110,100,163,63,244,138,12,85,45,215,69,79,97,236,170,29,169,29,175,159,38,181,82,2,101,115,212,33,234,135,146,34,15,117,245,91,183,85,187,86,185,107,164,114,228,85,85,99,175,102,109,70,160,123,95,82,80,75,0,156,53,35,107,237,218,28,38,138,157,31,110,61,35,63,85,84,141,160,195,224,209,131,209,114,202,161,203,137,94,171,39,237,194,176,137,227,27,67,103,115,1739147320072,/dev/cu.usbmodem14124301
117,166,70,184,217,73,32,154,166,226,69,58,14,188,69,230,251,38,154,253,197,14,118,73,65,22,217,161,112,57,138,245,23,88,160,41,254,195,121,144,249,62,70,175,254,97,152,191,248,16,200,184,138,57,37,36,191,113,48,176,248,36,96,183,238,166,74,188,157,168,116,153,85,253,66,28,162,102,215,202,61,208,68,216,220,32,194,207,216,206,77,53,234,188,112,161,154,243,182,224,6,112,149,242,42,154,79,98,212,178,186,151,250,129,207,168,93,220,229,56,50,31,61,94,83,233,234,32,17,182,238,43,97,76,19,187,227,108,119,170,195,71,186,176,92,220,125,83,228,37,10,49,187,190,62,107,84,159,206,238,45,0,213,211,133,61,234,227,49,204,132,188,162,3,67,170,43,177,147,184,120,246,237,207,205,167,23,126,36,219,208,106,123,183,29,16,152,95,74,115,105,97,118,78,173,219,184,87,58,245,128,135,200,176,155,46,145,190,61,138,61,119,133,200,192,62,30,192,126,72,43,188,218,200,147,246,102,213,156,180,241,209,10,196,149,36,131,40,242,247,218,26,217,83,116,4,16,128,242,149,187,73,35,35,197,101,206,43,211,21,109,252,91,133,254,173,108,236,166,2,174,179,222,18,173,70,248,199,171,9,67,167,100,131,137,27,146,80,9,95,58,133,137,229,116,87,119,253,111,138,17,247,34,46,13,240,111,214,141,114,243,162,244,254,8,229,79,179,96,159,141,37,220,220,214,215,67,95,52,116,43,68,103,91,93,161,237,52,255,38,134,31,255,39,69,233,108,222,51,145,181,157,200,247,118,81,105,2,141,222,159,16,154,233,182,37,110,200,250,223,38,11,60,22,199,191,249,248,71,142,16,145,40,144,79,82,253,12,225,219,72,197,147,169,55,209,145,183,35,186,165,132,194,116,195,73,213,38,91,100,86,119,45,157,196,1,116,73,198,179,168,191,163,131,243,182,18,81,234,247,68,211,253,245,108,242,79,76,118,198,68,99,247,66,116,197,110,54,190,35,64,56,73,164,99,55,237,149,93,226,157,182,115,152,174,41,199,22,220,230,143,98,176,117,0,73,189,232,232,67,179,94,163,170,118,77,243,236,149,187,229,49,124,182,130,24,55,3,159,117,189,210,188,51,39,188,241,128,158,146,105,3,97,92,87,25,148,55,97,183,103,7,63,227,157,159,238,191,39,28,73,91,151,171,204,220,30,204,165,162,81,245,74,126,59,145,55,154,20,23,74,106,215,206,149,79,216,165,236,89,174,49,164,70,67,32,221,165,137,129,41,105,250,62,114,156,77,188,162,229,245,74,202,227,164,195,56,254,25,10,72,202,200,3,221,131,3,157,105,230,211,184,109,177,131,229,201,82,183,131,81,75,165,152,10,30,190,242,158,223,158,166,20,204,90,38,225,37,178,244,20,63,37,78,103,173,46,199,248,69,241,72,9,253,13,53,6,204,218,54,40,172,202,111,62,111,254,16,193,162,245,202,63,141,40,234,178,42,172,0,220,139,197,146,78,200,142,53,155,26,27,40,98,134,86,79,14,44,16,74,90,108,147,210,144,155,144,105,125,109,24,109,58,43,195,186,53,151,211,205,197,20,206,99,227,73,67,255,80,163,254,141,94,44,17,2,42,0,112,149,26,0,66,250,0,136,109,50,117,190,100,181,0,65,111,251,75,157,216,119,179,211,165,80,85,43,75,85,156,221,110,9,158,190,233,94,108,111,155,123,255,129,245,117,154,224,117,228,147,11,169,177,161,83,21,248,27,26,121,176,76,171,23,35,37,222,122,148,110,84,202,139,0,99,210,10,185,34,144,3,101,51,208,24,45,221,13,92,39,46,221,227,25,43,211,223,130,214,210,233,143,105,211,46,51,182,211,142,35,184,190,133,25,130,215,46,122,2,69,94,145,110,87,149,169,101,202,97,46,143,65,83,11,192,147,143,226,14,223,0,129,147,113,107,127,71,86,11,219,114,47,251,51,24,143,193,101,164,157,205,52,253,84,19,54,244,93,184,199,12,224,164,98,201,160,26,184,127,182,25,68,83,10,104,123,229,233,241,83,137,232,133,193,159,225,102,87,58,29,108,137,4,68,213,248,253,123,247,15,42,233,240,111,233,159,25,226,66,175,134,205,83,32,16,5,216,60,129,250,45,124,10,41,113,88,158,162,176,179,224,55,28,146,57,24,86,69,57,125,223,113,115,248,65,16,24,164,60,63,205,18,153,210,143,96,44,13,251,45,51,240,172,31,179,150,101,71,8,81,169,8,137,214,249,92,172,138,17,200,31,188,66,165,230,187,87,94,148,62,65,172,17,155,92,190,221,81,53,174,216,149,67,69,17,58,76,25,3,211,160,147,71,78,220,32,56,87,168,161,46,208,14,12,171,52,4,59,251,132,220,214,1,214,208,248,127,104,15,97,103,205,103,87,72,189,230,239,174,169,72,181,74,6,60,232,1,48,254,105,169,87,242,137,85,51,92,42,105,157,41,192,236,125,98,183,87,39,9,51,241,37,124,155,112,174,96,139,51,86,243,169,204,33,0,102,132,22,207,181,226,131,79,184,148,89,241,144,103,211,105,223,189,55,125,248,1,153,129,135,241,47,19,232,45,75,136,7,199,15,34,221,145,255,190,238,114,71,48,41,40,160,0,17,24,22,234,157,81,92,238,148,255,209,239,111,130,253,199,121,192,161,66,90,68,185,245,56,185,118,150,104,30,4,49,253,50,248,204,64,14,38,86,134,167,12,219,162,5,76,135,28,55,56,180,50,56,129,187,36,136,124,179,152,124,239,120,234,209,64,26,210,105,50,244,164,130,100,7,149,143,127,223,120,224,24,210,183,16,255,6,99,243,146,168,156,202,149,105,38,19,32,192,217,232,87,190,122,123,133,190,221,177,131,75,104,69,231,43,107,10,245,111,171,217,53,169,83,22,178,15,181,71,135,197,30,18,17,137,65,117,57,203,88,147,180,93,24,44,149,150,94,233,107,237,188,114,245,118,119,97,141,82,44,205,133,89,7,104,217,138,92,205,19,249,184,144,129,132,241,175,15,255,166,151,55,108,145,131,224,218,126,220,231,189,137,146,231,164,94,31,155,123,187,50,191,74,13,44,252,238,212,111,67,2,25,22,94,136,152,75,37,196,39,138,207,66,244,212,113,59,224,48,122,211,234,8,98,114,106,0,255,78,209,206,50,13,91,74,206,78,152,18,131,137,164,112,49,202,201,87,145,251,232,126,211,220,233,68,209,192,174,179,228,189,192,32,126,54,145,71,7,222,56,109,30,0,55,26,100,116,33,76,205,31,222,231,80,207,204,107,81,233,106,162,142,112,180,149,71,114,24,233,80,182,113,53,34,242,155,168,243,73,158,138,250,83,10,165,56,65,88,89,2,216,51,84,74,137,128,128,24,194,134,39,214,5,197,23,7,146,216,72,230,212,169,148,107,116,212,154,237,10,213,234,120,211,181,163,104,235,110,114,121,196,104,146,96,171,22,103,175,67,195,115,224,153,104,112,27,229,26,207,71,62,124,197,59,86,34,194,186,248,118,42,83,86,116,94,176,153,178,120,2,24,19,46,70,168,53,191,15,107,249,33,48,65,124,163,105,56,92,213,118,78,232,219,218,113,166,132,216,68,3,158,200,12,68,17,57,172,44,52,167,15,14,225,122,98,252,42,39,135,112,193,58,48,196,169,214,106,43,214,22,213,155,255,186,152,239,47,153,76,155,69,185,126,150,47,99,86,133,190,196,6,223,212,52,66,93,203,152,240,182,216,75,155,43,110,206,232,253,39,190,157,8,200,52,182,134,223,151,243,85,66,199,160,41,228,193,98,38,180,105,177,243,25,252,81,50,123,134,62,211,245,207,32,22,62,252,6,246,166,94,34,39,23,113,102,159,179,210,174,65,86,104,62,66,208,22,21,98,106,144,154,210,17,120,248,9,110,67,13,34,40,85,7,150,11,86,198,104,21,141,175,53,13,196,33,138,63,156,134,186,64,223,171,140,13,130,13,62,236,25,79,52,150,96,34,21,38,240,136,56,57,105,190,133,102,32,98,141,212,138,250,45,9,202,11,126,36,13,161,56,148,180,149,55,117,243,34,82,188,200,56,119,89,55,15,154,206,229,206,31,59,69,113,92,200,224,226,77,122,64,47,139,153,29,191,182,142,132,173,170,82,255,165,34,84,167,134,202,228,114,144,220,10,122,114,21,167,242,86,195,29,8,245,2,142,79,203,110,100,163,63,244,138,12,85,45,215,69,79,97,236,170,29,169,29,175,159,38,181,82,2,101,115,212,33,234,135,146,34,15,117,245,91,183,85,187,86,185,107,164,114,228,85,85,99,175,102,109,70,160,123,95,82,80,75,0,156,53,35,107,237,218,28,38,138,157,31,110,61,35,63,85,84,141,160,195,224,209,131,209,114,202,161,203,137,94,171,39,237,194,176,137,227,27,67,103,115,1739147320074,QBYTE | voix
105,183,33,161,141,228,250,236,186,0,249,108,75,89,221,31,58,120,48,145,61,212,185,5,185,47,145,85,123,183,168,177,54,226,115,94,221,228,229,98,20,37,231,36,35,31,251,43,251,69,159,187,240,31,179,54,209,106,210,95,47,189,0,117,23,21,83,182,41,179,245,93,191,1,92,117,97,183,221,83,138,113,60,135,102,251,112,126,50,71,103,98,142,243,50,111,220,66,164,55,47,183,108,36,156,168,254,23,126,219,83,24,238,122,68,153,132,42,99,58,66,133,100,200,94,226,198,126,239,40,150,73,210,165,253,202,166,42,123,75,252,141,84,235,5,55,243,10,149,89,194,149,88,179,197,23,147,167,159,160,24,249,28,89,161,26,184,31,70,3,10,126,151,208,30,34,106,205,247,43,13,93,146,38,209,229,35,11,204,16,80,123,157,141,164,25,58,91,234,71,137,98,144,217,159,76,67,218,77,227,115,24,65,98,45,226,13,221,55,227,17,12,88,134,228,106,150,49,15,25,234,74,66,222,54,64,68,63,243,42,84,215,80,6,230,210,58,130,84,136,1739147321150,/dev/cu.usbmodem14201
200,98,123,70,39,77,196,232,115,171,144,238,248,221,215,205,86,0,45,35,240,95,76,254,176,137,104,65,60,73,186,217,43,82,147,54,215,36,208,89,19,25,208,195,61,229,231,46,243,158,203,185,70,149,190,123,206,69,150,234,109,97,120,73,179,218,106,183,124,138,22,111,180,245,127,55,70,61,53,19,100,225,235,141,172,219,253,85,120,7,146,212,154,241,65,1,15,197,123,22,129,179,154,166,69,131,9,39,148,9,176,136,96,6,26,231,222,198,27,237,45,66,199,150,17,116,12,236,0,100,15,11,116,50,231,239,87,255,195,124,154,197,172,249,237,97,129,168,244,148,83,66,184,30,32,67,149,237,134,11,172,7,58,148,135,153,65,242,218,128,84,91,76,22,51,14,8,236,73,96,110,194,141,150,75,195,6,237,75,128,34,46,139,11,152,157,195,9,156,220,187,100,14,2,109,111,180,23,55,185,0,6,172,207,94,81,31,14,37,248,142,10,211,92,26,40,136,68,12,34,131,54,66,203,173,11,66,255,180,91,184,138,116,83,149,209,214,248,99,173,1739147321150,/dev/cu.usbmodem1413101
93,40,86,85,227,17,125,12,225,54,210,51,198,122,55,220,235,219,148,58,212,212,87,46,44,120,130,231,245,19,227,172,185,168,157,210,209,32,82,201,43,174,101,175,87,48,105,6,115,68,246,108,150,2,156,94,9,119,91,107,199,248,180,9,116,194,200,251,163,163,220,65,94,62,206,222,241,96,111,64,233,160,205,216,115,78,215,101,179,2,204,9,108,43,150,15,210,250,63,93,52,104,42,78,120,44,126,17,248,13,159,82,211,151,66,6,51,59,202,47,96,130,12,34,0,116,166,95,178,104,103,198,31,228,73,221,0,107,65,195,135,137,80,71,110,225,218,63,71,119,222,219,181,230,143,7,80,58,215,67,71,199,100,176,39,206,227,220,41,235,21,40,173,45,95,242,163,124,239,196,253,170,171,53,231,188,5,87,224,68,188,144,73,235,107,182,47,222,51,234,15,189,32,109,226,70,98,39,249,250,255,11,85,206,221,193,186,28,9,97,0,49,55,170,137,149,131,7,242,172,79,243,168,89,234,117,86,205,80,141,196,50,70,240,177,237,118,118,154,197,1739147321150,/dev/cu.usbmodem1413201
34,51,232,154,113,104,27,101,156,28,253,242,157,81,197,20,97,141,27,202,43,192,25,91,104,70,96,17,241,6,130,188,219,172,112,46,173,135,206,21,87,136,72,172,231,218,5,105,40,212,132,116,191,243,111,182,31,216,118,167,249,131,127,146,215,146,209,65,143,88,150,147,133,83,139,38,33,72,32,75,177,78,197,119,255,145,128,111,197,218,95,80,213,131,199,183,28,92,78,57,226,98,235,123,230,217,30,176,83,228,8,11,32,144,198,136,192,203,244,148,238,121,82,252,166,38,176,18,111,96,50,24,11,200,35,215,2,170,90,122,77,233,154,74,56,159,140,29,43,240,121,139,202,122,138,38,1,11,102,75,24,60,90,7,70,30,253,230,61,247,37,61,130,46,252,104,151,206,126,64,116,76,30,236,66,224,111,65,173,34,162,241,189,193,181,167,143,189,248,244,57,101,41,90,242,65,206,166,38,156,118,134,154,72,27,164,186,153,125,225,100,101,237,35,219,125,106,9,69,251,9,54,2,71,40,80,78,57,63,54,40,0,36,76,96,216,148,140,84,12,1739147321151,/dev/cu.usbmodem1413401
141,48,251,91,92,51,6,181,244,55,186,32,73,171,198,2,34,43,204,38,97,104,25,131,4,67,144,197,91,10,105,130,77,123,149,83,81,66,126,42,139,66,152,109,27,60,16,82,204,94,194,160,67,46,175,25,117,200,80,64,152,183,158,57,178,96,133,83,107,179,140,241,67,165,27,69,226,178,248,25,135,240,171,154,32,72,80,110,204,64,112,170,120,47,76,144,38,166,247,222,31,105,136,237,173,138,192,147,4,176,64,108,77,221,147,193,240,68,139,237,98,36,81,229,181,25,108,143,85,72,213,72,104,167,208,32,246,38,24,12,126,52,160,92,137,44,248,112,89,108,114,100,251,114,47,57,213,127,42,206,81,82,125,213,130,171,102,111,201,155,244,236,13,162,221,86,32,6,32,168,134,90,94,41,12,2,228,167,111,170,234,180,162,64,171,81,39,191,11,225,221,197,249,8,221,193,53,124,247,107,180,247,156,71,50,187,6,227,217,46,97,116,24,245,119,41,44,9,161,105,12,192,123,222,202,220,166,214,168,125,140,254,47,130,16,138,148,242,59,176,1739147321151,/dev/cu.usbmodem14124201
8,75,223,99,255,254,13,73,249,75,148,158,172,249,210,7,206,238,191,103,148,254,162,230,60,181,58,245,72,17,1,169,94,108,92,82,6,45,219,246,164,63,41,108,155,204,182,72,180,211,158,121,64,252,57,179,126,89,72,54,180,128,130,223,189,66,124,73,45,13,89,188,186,185,165,186,55,104,146,124,55,157,102,195,127,224,103,20,165,138,249,37,24,97,217,163,23,145,115,69,77,52,247,118,120,238,148,120,46,102,239,93,76,122,53,91,253,30,19,139,125,192,115,75,89,73,61,92,246,129,30,204,41,77,251,1,24,1,178,87,187,158,113,143,76,72,133,106,186,197,67,183,214,154,101,62,28,49,175,194,151,100,25,70,184,250,17,196,105,227,89,117,123,222,169,225,251,159,86,141,118,58,152,52,203,7,85,158,3,31,169,78,24,104,150,177,241,67,39,94,42,113,74,8,24,199,16,3,53,158,129,199,36,171,94,233,163,95,48,66,132,167,88,172,64,118,34,19,160,139,135,173,254,81,139,237,228,150,103,25,211,25,195,163,25,209,123,61,235,250,1739147321151,/dev/cu.usbmodem14124401
104,96,255,48,28,209,210,56,139,138,65,162,121,171,28,139,125,229,104,160,175,6,73,213,134,56,161,3,237,134,218,35,226,156,217,65,214,33,145,80,121,169,175,0,42,143,141,89,55,82,17,53,169,188,115,225,133,173,12,143,222,63,215,150,240,159,71,50,39,118,135,20,155,58,219,238,6,62,14,106,173,191,30,12,208,36,128,189,30,52,119,181,8,87,139,225,207,159,69,43,175,157,144,158,241,193,75,43,254,142,181,87,16,222,148,3,28,83,240,34,200,53,176,125,82,205,232,128,124,112,0,164,54,40,91,181,119,7,249,108,118,151,75,56,8,136,134,32,100,147,201,18,84,105,21,104,83,10,44,206,58,204,93,26,11,200,76,239,149,100,31,158,12,173,218,90,217,38,94,23,101,35,218,14,136,180,29,109,138,71,240,39,90,68,38,64,228,38,130,238,214,2,208,179,96,69,184,75,73,92,130,135,184,133,129,46,157,206,46,70,81,31,113,130,254,219,110,71,91,84,171,120,139,179,204,98,49,92,25,161,233,177,192,221,18,93,25,148,86,201,1739147321151,/dev/cu.usbmodem14124101
145,10,207,78,16,153,107,196,175,28,170,39,121,185,173,195,70,33,0,120,219,113,208,158,217,120,111,146,253,25,232,69,123,86,21,239,62,108,119,63,27,55,239,23,153,60,168,171,218,178,177,182,237,76,244,65,144,154,27,150,17,217,136,26,215,34,167,156,15,146,6,114,107,194,103,161,11,184,209,220,218,197,13,195,141,255,102,188,247,52,7,240,158,215,114,141,170,179,22,138,43,147,0,55,156,50,144,121,175,22,208,114,136,171,31,126,83,176,137,2,165,194,142,204,202,120,34,128,94,164,174,23,170,40,122,89,34,8,147,5,12,188,123,220,61,206,192,39,50,157,93,210,177,56,148,188,181,10,178,66,126,212,112,124,205,156,150,22,84,217,76,71,19,94,83,4,143,200,144,19,121,135,112,154,70,168,109,198,49,197,113,139,36,103,53,117,31,29,85,142,164,58,96,238,96,21,73,202,100,53,228,37,239,139,88,34,31,253,51,88,239,136,46,160,246,25,217,100,224,32,188,98,26,49,18,149,103,140,61,206,192,35,28,144,119,75,50,98,236,152,1739147321152,/dev/cu.usbmodem14124301
105,183,33,161,141,228,250,236,186,0,249,108,75,89,221,31,58,120,48,145,61,212,185,5,185,47,145,85,123,183,168,177,54,226,115,94,221,228,229,98,20,37,231,36,35,31,251,43,251,69,159,187,240,31,179,54,209,106,210,95,47,189,0,117,23,21,83,182,41,179,245,93,191,1,92,117,97,183,221,83,138,113,60,135,102,251,112,126,50,71,103,98,142,243,50,111,220,66,164,55,47,183,108,36,156,168,254,23,126,219,83,24,238,122,68,153,132,42,99,58,66,133,100,200,94,226,198,126,239,40,150,73,210,165,253,202,166,42,123,75,252,141,84,235,5,55,243,10,149,89,194,149,88,179,197,23,147,167,159,160,24,249,28,89,161,26,184,31,70,3,10,126,151,208,30,34,106,205,247,43,13,93,146,38,209,229,35,11,204,16,80,123,157,141,164,25,58,91,234,71,137,98,144,217,159,76,67,218,77,227,115,24,65,98,45,226,13,221,55,227,17,12,88,134,228,106,150,49,15,25,234,74,66,222,54,64,68,63,243,42,84,215,80,6,230,210,58,130,84,136,200,98,123,70,39,77,196,232,115,171,144,238,248,221,215,205,86,0,45,35,240,95,76,254,176,137,104,65,60,73,186,217,43,82,147,54,215,36,208,89,19,25,208,195,61,229,231,46,243,158,203,185,70,149,190,123,206,69,150,234,109,97,120,73,179,218,106,183,124,138,22,111,180,245,127,55,70,61,53,19,100,225,235,141,172,219,253,85,120,7,146,212,154,241,65,1,15,197,123,22,129,179,154,166,69,131,9,39,148,9,176,136,96,6,26,231,222,198,27,237,45,66,199,150,17,116,12,236,0,100,15,11,116,50,231,239,87,255,195,124,154,197,172,249,237,97,129,168,244,148,83,66,184,30,32,67,149,237,134,11,172,7,58,148,135,153,65,242,218,128,84,91,76,22,51,14,8,236,73,96,110,194,141,150,75,195,6,237,75,128,34,46,139,11,152,157,195,9,156,220,187,100,14,2,109,111,180,23,55,185,0,6,172,207,94,81,31,14,37,248,142,10,211,92,26,40,136,68,12,34,131,54,66,203,173,11,66,255,180,91,184,138,116,83,149,209,214,248,99,173,93,40,86,85,227,17,125,12,225,54,210,51,198,122,55,220,235,219,148,58,212,212,87,46,44,120,130,231,245,19,227,172,185,168,157,210,209,32,82,201,43,174,101,175,87,48,105,6,115,68,246,108,150,2,156,94,9,119,91,107,199,248,180,9,116,194,200,251,163,163,220,65,94,62,206,222,241,96,111,64,233,160,205,216,115,78,215,101,179,2,204,9,108,43,150,15,210,250,63,93,52,104,42,78,120,44,126,17,248,13,159,82,211,151,66,6,51,59,202,47,96,130,12,34,0,116,166,95,178,104,103,198,31,228,73,221,0,107,65,195,135,137,80,71,110,225,218,63,71,119,222,219,181,230,143,7,80,58,215,67,71,199,100,176,39,206,227,220,41,235,21,40,173,45,95,242,163,124,239,196,253,170,171,53,231,188,5,87,224,68,188,144,73,235,107,182,47,222,51,234,15,189,32,109,226,70,98,39,249,250,255,11,85,206,221,193,186,28,9,97,0,49,55,170,137,149,131,7,242,172,79,243,168,89,234,117,86,205,80,141,196,50,70,240,177,237,118,118,154,197,34,51,232,154,113,104,27,101,156,28,253,242,157,81,197,20,97,141,27,202,43,192,25,91,104,70,96,17,241,6,130,188,219,172,112,46,173,135,206,21,87,136,72,172,231,218,5,105,40,212,132,116,191,243,111,182,31,216,118,167,249,131,127,146,215,146,209,65,143,88,150,147,133,83,139,38,33,72,32,75,177,78,197,119,255,145,128,111,197,218,95,80,213,131,199,183,28,92,78,57,226,98,235,123,230,217,30,176,83,228,8,11,32,144,198,136,192,203,244,148,238,121,82,252,166,38,176,18,111,96,50,24,11,200,35,215,2,170,90,122,77,233,154,74,56,159,140,29,43,240,121,139,202,122,138,38,1,11,102,75,24,60,90,7,70,30,253,230,61,247,37,61,130,46,252,104,151,206,126,64,116,76,30,236,66,224,111,65,173,34,162,241,189,193,181,167,143,189,248,244,57,101,41,90,242,65,206,166,38,156,118,134,154,72,27,164,186,153,125,225,100,101,237,35,219,125,106,9,69,251,9,54,2,71,40,80,78,57,63,54,40,0,36,76,96,216,148,140,84,12,141,48,251,91,92,51,6,181,244,55,186,32,73,171,198,2,34,43,204,38,97,104,25,131,4,67,144,197,91,10,105,130,77,123,149,83,81,66,126,42,139,66,152,109,27,60,16,82,204,94,194,160,67,46,175,25,117,200,80,64,152,183,158,57,178,96,133,83,107,179,140,241,67,165,27,69,226,178,248,25,135,240,171,154,32,72,80,110,204,64,112,170,120,47,76,144,38,166,247,222,31,105,136,237,173,138,192,147,4,176,64,108,77,221,147,193,240,68,139,237,98,36,81,229,181,25,108,143,85,72,213,72,104,167,208,32,246,38,24,12,126,52,160,92,137,44,248,112,89,108,114,100,251,114,47,57,213,127,42,206,81,82,125,213,130,171,102,111,201,155,244,236,13,162,221,86,32,6,32,168,134,90,94,41,12,2,228,167,111,170,234,180,162,64,171,81,39,191,11,225,221,197,249,8,221,193,53,124,247,107,180,247,156,71,50,187,6,227,217,46,97,116,24,245,119,41,44,9,161,105,12,192,123,222,202,220,166,214,168,125,140,254,47,130,16,138,148,242,59,176,8,75,223,99,255,254,13,73,249,75,148,158,172,249,210,7,206,238,191,103,148,254,162,230,60,181,58,245,72,17,1,169,94,108,92,82,6,45,219,246,164,63,41,108,155,204,182,72,180,211,158,121,64,252,57,179,126,89,72,54,180,128,130,223,189,66,124,73,45,13,89,188,186,185,165,186,55,104,146,124,55,157,102,195,127,224,103,20,165,138,249,37,24,97,217,163,23,145,115,69,77,52,247,118,120,238,148,120,46,102,239,93,76,122,53,91,253,30,19,139,125,192,115,75,89,73,61,92,246,129,30,204,41,77,251,1,24,1,178,87,187,158,113,143,76,72,133,106,186,197,67,183,214,154,101,62,28,49,175,194,151,100,25,70,184,250,17,196,105,227,89,117,123,222,169,225,251,159,86,141,118,58,152,52,203,7,85,158,3,31,169,78,24,104,150,177,241,67,39,94,42,113,74,8,24,199,16,3,53,158,129,199,36,171,94,233,163,95,48,66,132,167,88,172,64,118,34,19,160,139,135,173,254,81,139,237,228,150,103,25,211,25,195,163,25,209,123,61,235,250,104,96,255,48,28,209,210,56,139,138,65,162,121,171,28,139,125,229,104,160,175,6,73,213,134,56,161,3,237,134,218,35,226,156,217,65,214,33,145,80,121,169,175,0,42,143,141,89,55,82,17,53,169,188,115,225,133,173,12,143,222,63,215,150,240,159,71,50,39,118,135,20,155,58,219,238,6,62,14,106,173,191,30,12,208,36,128,189,30,52,119,181,8,87,139,225,207,159,69,43,175,157,144,158,241,193,75,43,254,142,181,87,16,222,148,3,28,83,240,34,200,53,176,125,82,205,232,128,124,112,0,164,54,40,91,181,119,7,249,108,118,151,75,56,8,136,134,32,100,147,201,18,84,105,21,104,83,10,44,206,58,204,93,26,11,200,76,239,149,100,31,158,12,173,218,90,217,38,94,23,101,35,218,14,136,180,29,109,138,71,240,39,90,68,38,64,228,38,130,238,214,2,208,179,96,69,184,75,73,92,130,135,184,133,129,46,157,206,46,70,81,31,113,130,254,219,110,71,91,84,171,120,139,179,204,98,49,92,25,161,233,177,192,221,18,93,25,148,86,201,145,10,207,78,16,153,107,196,175,28,170,39,121,185,173,195,70,33,0,120,219,113,208,158,217,120,111,146,253,25,232,69,123,86,21,239,62,108,119,63,27,55,239,23,153,60,168,171,218,178,177,182,237,76,244,65,144,154,27,150,17,217,136,26,215,34,167,156,15,146,6,114,107,194,103,161,11,184,209,220,218,197,13,195,141,255,102,188,247,52,7,240,158,215,114,141,170,179,22,138,43,147,0,55,156,50,144,121,175,22,208,114,136,171,31,126,83,176,137,2,165,194,142,204,202,120,34,128,94,164,174,23,170,40,122,89,34,8,147,5,12,188,123,220,61,206,192,39,50,157,93,210,177,56,148,188,181,10,178,66,126,212,112,124,205,156,150,22,84,217,76,71,19,94,83,4,143,200,144,19,121,135,112,154,70,168,109,198,49,197,113,139,36,103,53,117,31,29,85,142,164,58,96,238,96,21,73,202,100,53,228,37,239,139,88,34,31,253,51,88,239,136,46,160,246,25,217,100,224,32,188,98,26,49,18,149,103,140,61,206,192,35,28,144,119,75,50,98,236,152,1739147321154,QBYTE | fmb
146,198,232,7,248,149,186,103,94,22,35,166,15,126,3,244,153,240,9,157,76,27,182,15,62,115,235,215,54,197,24,187,89,252,216,152,145,242,26,183,170,41,243,85,6,42,38,160,58,149,62,214,220,86,140,157,248,242,159,55,169,212,9,20,64,151,57,121,99,225,7,188,243,223,156,234,141,216,93,7,247,117,42,151,29,55,228,204,136,11,168,56,197,67,200,166,63,113,71,58,122,167,40,144,158,238,182,110,162,132,0,174,211,199,152,20,121,80,47,91,183,107,21,58,112,192,217,164,105,168,89,92,103,136,155,38,196,192,5,204,200,105,254,136,242,183,49,171,71,17,13,0,166,177,106,236,201,63,82,133,58,237,40,28,50,140,56,185,206,4,105,233,123,10,188,151,178,173,110,105,55,41,89,76,110,167,70,211,195,159,131,70,132,195,149,232,203,154,142,178,53,71,162,92,120,126,134,96,25,213,154,198,197,26,43,183,146,168,189,52,162,16,19,5,39,43,241,172,191,151,8,221,241,41,244,189,73,17,100,192,84,204,28,128,40,70,65,175,141,28,1739147322227,/dev/cu.usbmodem14201
56,55,42,23,168,139,85,239,175,171,74,146,247,164,108,37,95,223,86,125,155,124,231,148,208,218,220,255,83,79,66,129,72,177,57,255,64,139,40,157,126,32,153,139,53,24,172,195,94,233,235,196,101,194,222,109,49,236,72,224,224,8,43,84,90,64,114,238,55,43,43,225,236,151,233,184,140,83,14,58,202,158,10,4,152,221,125,139,41,166,254,145,36,228,148,82,216,105,237,17,196,126,135,243,238,101,197,141,200,219,193,59,49,182,170,219,106,176,187,172,94,202,168,47,50,203,206,2,92,83,227,159,103,192,67,89,37,195,72,1,234,39,195,3,245,151,165,2,41,232,164,246,159,211,35,194,201,197,74,205,15,51,67,12,24,147,10,107,200,140,109,46,212,77,149,195,70,174,242,227,43,205,142,236,236,37,65,112,22,202,89,101,16,115,122,173,157,99,162,49,140,195,249,140,180,222,187,139,12,77,51,172,179,113,245,214,190,88,252,48,36,167,18,64,255,144,138,243,244,101,130,1,35,64,255,7,163,200,210,150,77,49,86,148,226,176,141,97,238,186,1739147322227,/dev/cu.usbmodem1413101
93,182,194,161,83,197,207,41,250,199,180,122,221,73,151,182,103,60,95,132,93,86,125,75,204,188,119,151,25,181,88,46,219,151,135,231,116,160,20,87,86,155,8,49,111,119,143,93,158,194,89,218,61,111,103,40,184,142,189,212,101,67,88,103,119,229,127,226,93,15,72,232,215,25,178,46,119,231,95,246,252,123,56,165,127,25,144,227,27,107,43,244,116,13,250,26,80,79,222,50,163,15,27,29,77,234,79,211,18,70,58,108,38,197,119,202,45,188,44,228,12,33,16,222,99,217,221,55,13,4,82,64,136,192,125,46,93,123,4,211,162,146,51,85,235,152,150,51,122,240,181,130,212,58,106,233,34,170,190,109,90,99,124,201,234,167,44,39,123,19,141,217,150,47,61,170,183,15,15,109,222,2,166,113,203,214,140,132,174,98,187,188,90,201,226,37,140,0,37,101,226,250,157,238,92,212,209,154,230,129,163,215,168,78,47,53,189,172,118,213,42,21,170,81,103,161,253,1,115,234,51,154,178,141,54,210,129,149,68,67,201,224,20,46,194,132,6,178,204,202,1739147322228,/dev/cu.usbmodem1413201
234,196,129,83,215,92,8,156,63,163,202,242,214,133,32,45,57,57,214,83,73,194,108,253,132,184,247,93,88,201,128,185,245,154,105,110,75,48,116,169,100,199,203,94,135,171,50,229,218,106,143,111,113,245,217,114,65,8,39,207,12,141,174,47,84,235,212,18,35,185,22,88,207,247,47,41,226,228,62,108,36,89,158,88,168,2,13,207,159,96,222,133,139,239,65,188,121,29,212,249,224,226,78,161,192,124,88,111,185,249,143,44,196,126,48,204,118,165,41,161,166,103,121,80,9,134,91,49,59,122,178,96,108,31,69,216,230,236,46,9,205,205,155,61,38,152,201,9,48,209,87,204,68,63,152,46,188,49,155,211,189,127,239,43,194,191,162,102,98,216,147,12,104,146,60,66,88,97,44,228,149,215,191,40,220,140,208,108,125,115,47,165,180,138,223,3,237,209,7,64,81,117,147,93,69,225,29,93,29,10,193,163,199,178,232,133,145,129,129,144,147,233,229,130,253,94,160,156,44,192,148,79,200,153,125,224,186,196,255,110,242,179,11,131,108,219,196,128,130,143,1739147322228,/dev/cu.usbmodem1413401
130,244,15,159,255,192,174,71,57,142,225,212,109,124,105,227,200,234,193,127,248,104,74,198,151,96,97,221,249,216,137,31,81,156,58,120,171,102,201,76,64,168,22,139,173,58,66,77,55,156,131,35,168,120,80,232,214,234,3,154,90,38,20,177,132,37,218,130,179,128,210,217,133,144,127,114,210,100,125,219,171,238,219,29,200,51,23,86,35,27,239,20,254,232,32,10,201,219,244,191,244,128,237,31,106,230,218,101,91,228,166,255,187,189,36,179,37,240,148,98,227,185,87,181,11,8,125,171,182,57,80,101,165,21,37,253,96,49,0,199,216,94,241,221,29,216,95,37,121,178,93,161,105,68,230,48,209,97,61,173,119,75,159,96,66,50,200,111,221,173,142,136,53,155,162,101,248,110,124,117,20,247,0,66,220,200,113,196,226,199,120,102,143,1,219,254,22,187,41,26,128,211,167,218,157,222,154,69,190,69,141,4,173,89,165,163,186,105,80,127,24,75,35,132,120,19,34,174,69,247,246,100,24,30,43,218,153,96,35,136,253,5,17,110,171,164,124,15,136,74,1739147322228,/dev/cu.usbmodem14124201
69,86,85,79,48,27,14,44,183,147,219,173,253,179,2,82,151,255,201,166,110,80,144,104,77,20,57,159,68,202,209,15,226,117,135,87,162,32,6,41,180,4,182,121,161,158,162,102,172,218,66,235,86,162,223,199,16,29,81,109,70,245,102,198,143,50,162,113,133,181,52,48,56,230,119,47,7,3,192,208,86,103,48,154,34,149,234,89,132,29,187,233,164,80,125,0,115,2,10,136,66,247,226,141,255,22,35,200,18,249,78,16,116,239,64,253,244,129,136,87,156,120,25,249,19,140,195,76,117,195,139,249,46,105,25,179,158,28,141,66,227,135,178,225,187,96,140,71,84,250,94,204,175,70,79,247,146,34,9,118,78,55,125,214,223,133,113,253,184,184,199,127,167,165,139,223,102,49,205,195,52,201,136,167,195,93,37,252,100,159,51,227,3,193,248,252,68,64,239,212,87,176,39,59,169,250,179,225,140,6,133,210,145,62,138,183,18,115,29,66,50,128,100,100,34,249,34,181,117,215,228,149,213,150,248,11,242,213,150,239,77,227,205,116,74,107,156,190,145,105,1739147322228,/dev/cu.usbmodem14124401
127,87,89,217,206,21,74,163,106,25,1,60,133,131,208,108,155,183,81,144,187,145,188,8,89,216,36,234,112,217,33,148,209,95,212,148,93,1,181,42,248,32,175,186,109,18,158,89,7,111,72,197,252,194,180,54,117,54,83,5,36,220,36,55,140,198,84,219,153,133,252,163,4,186,63,97,38,214,171,100,148,236,47,221,85,76,94,220,237,55,246,136,35,59,220,248,80,178,229,200,127,250,116,182,6,254,97,213,99,201,29,207,85,68,149,28,111,124,18,211,79,63,27,243,112,147,255,214,83,97,62,49,15,154,176,96,83,245,99,243,193,227,174,146,222,12,86,71,185,120,195,120,131,244,39,246,249,153,228,17,217,120,75,91,238,229,164,190,217,232,191,153,226,182,245,82,44,78,239,220,109,196,238,80,160,157,42,39,137,227,38,45,29,55,237,190,161,179,98,155,248,234,16,58,244,6,171,222,247,140,133,206,145,50,87,48,147,202,147,131,39,78,248,140,207,72,203,169,255,38,103,218,109,15,33,184,146,5,218,89,184,23,194,46,22,49,185,241,255,128,1739147322229,/dev/cu.usbmodem14124101
186,228,134,54,24,60,117,205,21,130,37,126,25,201,60,110,70,111,34,179,238,223,122,80,66,237,250,197,96,226,116,145,206,39,159,132,77,196,14,71,202,161,65,134,2,193,212,177,28,193,220,241,42,183,140,245,117,124,102,31,63,136,113,119,117,8,3,205,221,86,90,30,98,24,110,161,94,243,122,214,80,249,176,43,70,0,41,60,183,236,186,61,163,222,246,184,99,170,122,102,238,164,20,203,222,20,4,43,154,7,207,147,219,94,8,49,106,29,172,53,83,252,166,150,187,197,145,249,158,25,145,178,15,195,71,180,45,132,5,104,3,44,82,134,142,29,37,216,8,193,245,15,161,239,10,153,206,181,125,181,230,90,191,77,223,217,55,48,109,186,249,30,27,162,203,220,38,57,18,29,253,221,253,151,130,71,123,37,54,5,223,253,115,78,100,44,66,248,214,67,208,131,79,166,211,169,92,113,70,229,53,49,75,150,115,51,13,245,159,210,105,138,152,78,80,22,125,253,28,180,202,131,64,175,96,232,192,65,31,167,83,79,65,127,162,11,39,239,51,158,1739147322229,/dev/cu.usbmodem14124301
146,198,232,7,248,149,186,103,94,22,35,166,15,126,3,244,153,240,9,157,76,27,182,15,62,115,235,215,54,197,24,187,89,252,216,152,145,242,26,183,170,41,243,85,6,42,38,160,58,149,62,214,220,86,140,157,248,242,159,55,169,212,9,20,64,151,57,121,99,225,7,188,243,223,156,234,141,216,93,7,247,117,42,151,29,55,228,204,136,11,168,56,197,67,200,166,63,113,71,58,122,167,40,144,158,238,182,110,162,132,0,174,211,199,152,20,121,80,47,91,183,107,21,58,112,192,217,164,105,168,89,92,103,136,155,38,196,192,5,204,200,105,254,136,242,183,49,171,71,17,13,0,166,177,106,236,201,63,82,133,58,237,40,28,50,140,56,185,206,4,105,233,123,10,188,151,178,173,110,105,55,41,89,76,110,167,70,211,195,159,131,70,132,195,149,232,203,154,142,178,53,71,162,92,120,126,134,96,25,213,154,198,197,26,43,183,146,168,189,52,162,16,19,5,39,43,241,172,191,151,8,221,241,41,244,189,73,17,100,192,84,204,28,128,40,70,65,175,141,28,56,55,42,23,168,139,85,239,175,171,74,146,247,164,108,37,95,223,86,125,155,124,231,148,208,218,220,255,83,79,66,129,72,177,57,255,64,139,40,157,126,32,153,139,53,24,172,195,94,233,235,196,101,194,222,109,49,236,72,224,224,8,43,84,90,64,114,238,55,43,43,225,236,151,233,184,140,83,14,58,202,158,10,4,152,221,125,139,41,166,254,145,36,228,148,82,216,105,237,17,196,126,135,243,238,101,197,141,200,219,193,59,49,182,170,219,106,176,187,172,94,202,168,47,50,203,206,2,92,83,227,159,103,192,67,89,37,195,72,1,234,39,195,3,245,151,165,2,41,232,164,246,159,211,35,194,201,197,74,205,15,51,67,12,24,147,10,107,200,140,109,46,212,77,149,195,70,174,242,227,43,205,142,236,236,37,65,112,22,202,89,101,16,115,122,173,157,99,162,49,140,195,249,140,180,222,187,139,12,77,51,172,179,113,245,214,190,88,252,48,36,167,18,64,255,144,138,243,244,101,130,1,35,64,255,7,163,200,210,150,77,49,86,148,226,176,141,97,238,186,93,182,194,161,83,197,207,41,250,199,180,122,221,73,151,182,103,60,95,132,93,86,125,75,204,188,119,151,25,181,88,46,219,151,135,231,116,160,20,87,86,155,8,49,111,119,143,93,158,194,89,218,61,111,103,40,184,142,189,212,101,67,88,103,119,229,127,226,93,15,72,232,215,25,178,46,119,231,95,246,252,123,56,165,127,25,144,227,27,107,43,244,116,13,250,26,80,79,222,50,163,15,27,29,77,234,79,211,18,70,58,108,38,197,119,202,45,188,44,228,12,33,16,222,99,217,221,55,13,4,82,64,136,192,125,46,93,123,4,211,162,146,51,85,235,152,150,51,122,240,181,130,212,58,106,233,34,170,190,109,90,99,124,201,234,167,44,39,123,19,141,217,150,47,61,170,183,15,15,109,222,2,166,113,203,214,140,132,174,98,187,188,90,201,226,37,140,0,37,101,226,250,157,238,92,212,209,154,230,129,163,215,168,78,47,53,189,172,118,213,42,21,170,81,103,161,253,1,115,234,51,154,178,141,54,210,129,149,68,67,201,224,20,46,194,132,6,178,204,202,234,196,129,83,215,92,8,156,63,163,202,242,214,133,32,45,57,57,214,83,73,194,108,253,132,184,247,93,88,201,128,185,245,154,105,110,75,48,116,169,100,199,203,94,135,171,50,229,218,106,143,111,113,245,217,114,65,8,39,207,12,141,174,47,84,235,212,18,35,185,22,88,207,247,47,41,226,228,62,108,36,89,158,88,168,2,13,207,159,96,222,133,139,239,65,188,121,29,212,249,224,226,78,161,192,124,88,111,185,249,143,44,196,126,48,204,118,165,41,161,166,103,121,80,9,134,91,49,59,122,178,96,108,31,69,216,230,236,46,9,205,205,155,61,38,152,201,9,48,209,87,204,68,63,152,46,188,49,155,211,189,127,239,43,194,191,162,102,98,216,147,12,104,146,60,66,88,97,44,228,149,215,191,40,220,140,208,108,125,115,47,165,180,138,223,3,237,209,7,64,81,117,147,93,69,225,29,93,29,10,193,163,199,178,232,133,145,129,129,144,147,233,229,130,253,94,160,156,44,192,148,79,200,153,125,224,186,196,255,110,242,179,11,131,108,219,196,128,130,143,130,244,15,159,255,192,174,71,57,142,225,212,109,124,105,227,200,234,193,127,248,104,74,198,151,96,97,221,249,216,137,31,81,156,58,120,171,102,201,76,64,168,22,139,173,58,66,77,55,156,131,35,168,120,80,232,214,234,3,154,90,38,20,177,132,37,218,130,179,128,210,217,133,144,127,114,210,100,125,219,171,238,219,29,200,51,23,86,35,27,239,20,254,232,32,10,201,219,244,191,244,128,237,31,106,230,218,101,91,228,166,255,187,189,36,179,37,240,148,98,227,185,87,181,11,8,125,171,182,57,80,101,165,21,37,253,96,49,0,199,216,94,241,221,29,216,95,37,121,178,93,161,105,68,230,48,209,97,61,173,119,75,159,96,66,50,200,111,221,173,142,136,53,155,162,101,248,110,124,117,20,247,0,66,220,200,113,196,226,199,120,102,143,1,219,254,22,187,41,26,128,211,167,218,157,222,154,69,190,69,141,4,173,89,165,163,186,105,80,127,24,75,35,132,120,19,34,174,69,247,246,100,24,30,43,218,153,96,35,136,253,5,17,110,171,164,124,15,136,74,69,86,85,79,48,27,14,44,183,147,219,173,253,179,2,82,151,255,201,166,110,80,144,104,77,20,57,159,68,202,209,15,226,117,135,87,162,32,6,41,180,4,182,121,161,158,162,102,172,218,66,235,86,162,223,199,16,29,81,109,70,245,102,198,143,50,162,113,133,181,52,48,56,230,119,47,7,3,192,208,86,103,48,154,34,149,234,89,132,29,187,233,164,80,125,0,115,2,10,136,66,247,226,141,255,22,35,200,18,249,78,16,116,239,64,253,244,129,136,87,156,120,25,249,19,140,195,76,117,195,139,249,46,105,25,179,158,28,141,66,227,135,178,225,187,96,140,71,84,250,94,204,175,70,79,247,146,34,9,118,78,55,125,214,223,133,113,253,184,184,199,127,167,165,139,223,102,49,205,195,52,201,136,167,195,93,37,252,100,159,51,227,3,193,248,252,68,64,239,212,87,176,39,59,169,250,179,225,140,6,133,210,145,62,138,183,18,115,29,66,50,128,100,100,34,249,34,181,117,215,228,149,213,150,248,11,242,213,150,239,77,227,205,116,74,107,156,190,145,105,127,87,89,217,206,21,74,163,106,25,1,60,133,131,208,108,155,183,81,144,187,145,188,8,89,216,36,234,112,217,33,148,209,95,212,148,93,1,181,42,248,32,175,186,109,18,158,89,7,111,72,197,252,194,180,54,117,54,83,5,36,220,36,55,140,198,84,219,153,133,252,163,4,186,63,97,38,214,171,100,148,236,47,221,85,76,94,220,237,55,246,136,35,59,220,248,80,178,229,200,127,250,116,182,6,254,97,213,99,201,29,207,85,68,149,28,111,124,18,211,79,63,27,243,112,147,255,214,83,97,62,49,15,154,176,96,83,245,99,243,193,227,174,146,222,12,86,71,185,120,195,120,131,244,39,246,249,153,228,17,217,120,75,91,238,229,164,190,217,232,191,153,226,182,245,82,44,78,239,220,109,196,238,80,160,157,42,39,137,227,38,45,29,55,237,190,161,179,98,155,248,234,16,58,244,6,171,222,247,140,133,206,145,50,87,48,147,202,147,131,39,78,248,140,207,72,203,169,255,38,103,218,109,15,33,184,146,5,218,89,184,23,194,46,22,49,185,241,255,128,186,228,134,54,24,60,117,205,21,130,37,126,25,201,60,110,70,111,34,179,238,223,122,80,66,237,250,197,96,226,116,145,206,39,159,132,77,196,14,71,202,161,65,134,2,193,212,177,28,193,220,241,42,183,140,245,117,124,102,31,63,136,113,119,117,8,3,205,221,86,90,30,98,24,110,161,94,243,122,214,80,249,176,43,70,0,41,60,183,236,186,61,163,222,246,184,99,170,122,102,238,164,20,203,222,20,4,43,154,7,207,147,219,94,8,49,106,29,172,53,83,252,166,150,187,197,145,249,158,25,145,178,15,195,71,180,45,132,5,104,3,44,82,134,142,29,37,216,8,193,245,15,161,239,10,153,206,181,125,181,230,90,191,77,223,217,55,48,109,186,249,30,27,162,203,220,38,57,18,29,253,221,253,151,130,71,123,37,54,5,223,253,115,78,100,44,66,248,214,67,208,131,79,166,211,169,92,113,70,229,53,49,75,150,115,51,13,245,159,210,105,138,152,78,80,22,125,253,28,180,202,131,64,175,96,232,192,65,31,167,83,79,65,127,162,11,39,239,51,158,1739147322231,QBYTE | cheswick
115,129,124,68,209,62,219,102,238,98,174,76,115,172,250,15,95,136,36,97,179,13,148,195,41,222,210,132,94,229,79,20,23,71,18,232,28,190,226,192,24,106,109,93,127,101,56,106,143,127,95,26,249,50,225,74,182,205,57,164,52,130,116,239,207,49,65,248,74,22,177,244,66,190,95,127,186,172,45,73,133,34,168,74,235,255,192,140,200,141,255,55,20,194,47,136,121,195,255,112,32,212,143,188,168,251,75,32,18,231,155,170,171,141,142,127,105,142,155,220,42,216,32,255,236,200,135,65,138,175,25,148,235,113,222,66,233,225,19,92,245,231,40,183,230,56,34,126,107,51,80,183,140,154,45,75,20,37,109,89,1,92,248,238,192,144,152,214,6,20,186,165,247,214,78,55,17,129,143,36,55,169,138,134,216,138,206,215,97,68,194,255,148,80,8,155,156,117,224,142,123,187,54,141,34,225,52,247,216,161,179,43,160,19,235,118,145,149,71,151,151,193,27,6,169,115,154,112,103,155,73,103,128,107,69,165,29,2,212,77,117,224,146,74,249,3,204,68,228,64,1739147323303,/dev/cu.usbmodem14201
159,22,241,37,129,242,52,20,123,96,38,170,151,202,1,98,192,175,201,91,105,169,255,182,167,3,120,126,67,107,165,224,34,209,240,201,75,135,166,143,42,177,131,142,34,15,67,197,208,239,123,191,210,97,199,93,116,57,193,77,242,109,28,103,217,243,64,42,242,15,122,96,83,231,40,248,47,182,158,147,133,165,36,8,102,50,17,188,88,53,255,90,84,196,189,138,98,248,66,104,73,253,177,216,192,93,205,213,15,229,216,60,84,79,125,5,205,128,31,222,177,6,45,3,253,101,159,36,61,184,96,161,113,231,61,51,22,169,199,38,34,0,87,27,16,242,191,192,162,196,19,112,26,33,216,207,93,218,176,26,116,25,158,61,164,125,163,111,15,3,14,88,19,107,192,142,177,138,86,231,38,161,42,186,238,26,65,16,20,41,105,52,210,199,73,117,85,21,197,127,32,98,127,45,77,252,155,53,36,198,189,99,184,3,9,239,236,181,37,157,13,225,175,72,183,222,145,143,67,171,87,204,250,149,168,168,149,247,133,82,2,59,146,125,105,193,161,182,248,52,1739147323304,/dev/cu.usbmodem1413101
79,84,95,70,84,122,72,138,140,158,161,230,126,45,133,6,212,19,58,44,8,78,150,162,99,89,112,246,166,237,184,239,126,250,89,189,163,178,236,165,70,132,26,17,57,226,209,16,129,6,249,54,194,214,231,236,116,34,183,6,151,233,131,109,40,75,7,9,27,176,193,117,117,146,104,245,23,206,234,35,98,161,66,176,84,164,97,165,255,94,73,60,190,82,238,69,9,93,140,219,179,121,169,108,191,61,59,227,217,22,245,220,19,180,120,52,166,232,22,238,95,122,130,223,179,84,59,252,19,16,223,142,63,109,29,22,19,136,225,82,61,203,177,28,177,69,118,219,37,37,23,92,176,181,29,22,106,178,175,12,56,137,93,184,170,202,1,120,238,146,128,146,134,25,155,64,156,153,244,102,90,14,211,84,74,126,69,92,93,192,136,77,48,53,57,127,94,138,47,75,58,0,171,223,44,147,206,86,48,134,221,95,250,143,241,74,143,131,236,237,78,61,100,195,219,26,93,245,241,156,151,199,110,4,149,146,87,14,230,86,178,116,49,13,102,244,67,102,83,44,1739147323304,/dev/cu.usbmodem1413201
0,111,3,171,155,144,33,181,91,153,110,253,33,235,13,197,134,190,100,255,167,175,228,227,183,13,48,166,212,78,159,30,194,96,53,33,34,222,122,83,58,194,180,238,25,224,172,247,209,183,60,157,233,43,142,15,28,237,255,150,121,173,83,80,135,200,26,82,89,62,110,237,127,92,193,34,12,100,54,35,148,220,60,117,77,128,218,162,100,104,67,1,155,197,4,139,157,2,117,245,13,208,59,100,33,148,22,63,201,16,93,2,233,162,44,76,112,183,211,244,101,228,176,98,254,44,23,221,90,208,37,166,128,213,76,143,159,85,100,12,55,209,123,118,131,137,150,207,8,193,209,24,234,147,208,103,101,6,164,2,103,211,177,45,63,140,204,56,37,240,0,224,22,175,226,13,22,206,1,123,184,144,209,249,216,216,10,174,36,236,233,32,98,166,209,230,173,214,224,125,55,130,58,165,44,51,203,60,241,101,241,231,217,43,118,194,235,31,66,110,108,189,234,217,237,96,12,145,76,252,163,148,50,140,191,209,4,125,167,10,80,48,22,159,172,84,30,19,81,165,1739147323304,/dev/cu.usbmodem1413401
249,46,219,77,189,198,33,104,197,127,99,227,153,78,213,208,221,207,228,217,179,6,128,144,222,175,125,100,185,98,156,94,166,103,139,32,175,160,1,13,188,130,123,26,48,116,238,213,248,1,203,118,190,64,47,123,221,90,108,124,161,85,159,196,144,190,233,8,132,55,37,215,187,138,43,41,13,129,133,61,73,210,196,223,69,223,5,174,98,149,82,217,211,28,239,221,112,74,126,113,123,204,8,26,60,57,93,69,40,140,240,55,250,140,144,153,222,42,22,138,91,245,186,219,34,138,229,236,110,2,114,146,134,232,189,203,69,190,251,187,151,125,48,76,34,76,2,180,76,216,212,234,200,79,255,118,152,22,226,94,144,161,21,139,56,97,29,245,50,234,253,120,138,70,226,133,86,125,14,108,231,66,121,158,33,250,231,32,160,97,68,159,19,165,125,170,216,80,9,33,238,130,70,175,122,159,80,94,247,45,163,32,120,171,217,229,125,90,10,73,189,56,221,116,194,145,43,44,67,174,222,171,14,234,245,170,43,231,240,167,151,120,16,225,123,204,215,146,12,78,1739147323304,/dev/cu.usbmodem14124201
99,25,23,250,169,50,37,54,125,150,18,124,210,164,99,135,102,6,146,30,211,192,35,22,162,210,193,186,106,178,145,48,4,29,149,24,203,16,73,122,68,129,24,246,231,52,31,220,62,51,74,106,112,65,135,54,254,68,45,15,93,240,190,113,231,247,152,242,221,170,218,182,202,170,162,157,218,117,96,245,129,3,134,223,209,134,49,26,232,6,146,175,128,187,123,67,232,58,98,131,185,170,198,46,237,164,68,15,236,5,135,106,36,247,171,23,141,250,187,116,141,181,68,181,22,46,28,10,51,143,52,190,75,149,52,107,21,143,121,255,74,215,93,217,163,27,186,197,5,114,97,175,45,238,178,108,216,161,245,231,65,56,77,229,102,62,130,225,111,7,168,24,132,157,68,72,202,132,143,251,146,120,214,174,53,227,117,59,216,82,173,227,158,53,35,63,218,137,89,137,249,154,95,221,44,3,245,201,241,124,255,134,254,230,178,218,64,223,151,137,94,148,193,122,14,168,108,58,154,123,196,42,129,191,162,179,156,0,141,43,119,242,204,81,43,38,215,113,255,247,1739147323305,/dev/cu.usbmodem14124401
119,243,88,229,194,139,100,0,44,97,81,81,96,67,107,105,96,58,195,18,75,12,171,88,19,71,115,1,79,162,111,186,235,79,57,48,19,216,7,27,96,45,177,114,130,25,145,178,105,45,140,188,238,121,61,228,47,38,216,13,161,12,158,61,117,31,235,152,164,186,197,38,14,241,176,117,147,249,47,248,134,159,79,203,98,91,216,55,62,182,16,77,184,100,159,237,252,81,202,7,98,65,217,136,67,238,119,140,100,1,169,128,100,137,148,174,0,8,194,21,27,35,4,230,117,94,194,172,162,90,16,84,156,10,178,44,11,201,44,193,184,120,183,178,139,239,148,171,121,20,14,65,105,141,163,79,3,166,130,233,224,32,112,29,52,178,63,173,205,1,167,31,226,185,126,85,18,98,252,247,26,43,9,144,206,186,162,189,156,229,146,210,184,42,254,189,183,91,106,31,53,235,18,212,219,68,160,45,140,57,194,225,77,134,157,142,255,113,132,19,38,98,132,237,127,181,95,216,207,15,51,48,212,150,80,96,253,130,149,118,42,15,247,30,35,94,122,102,107,184,1739147323305,/dev/cu.usbmodem14124101
183,187,82,165,206,21,214,39,247,216,194,27,110,19,194,81,224,74,14,124,207,29,215,12,1,135,185,42,194,125,6,238,151,15,154,213,48,65,174,95,84,31,247,143,156,143,69,177,127,42,115,123,202,239,123,32,38,100,51,147,188,250,2,51,241,46,71,146,204,83,37,222,113,234,2,94,10,251,175,87,94,196,93,9,172,184,179,90,204,56,95,31,10,167,250,197,208,38,175,127,170,225,168,98,104,6,175,253,96,135,16,198,124,169,50,99,84,32,182,68,238,152,189,19,100,155,201,66,117,64,44,144,18,125,113,213,200,233,181,162,255,4,0,18,251,183,70,223,245,175,146,187,181,137,139,174,168,214,91,132,198,226,240,83,83,10,27,4,6,251,255,106,151,176,44,113,175,175,188,102,141,225,4,102,188,35,194,145,119,108,201,134,114,174,193,128,121,111,238,38,32,214,169,124,51,37,173,216,143,32,109,120,144,74,6,190,150,100,179,62,242,104,23,18,215,186,232,78,176,62,195,136,136,91,174,105,223,245,4,87,19,204,247,116,28,235,208,62,39,190,1739147323305,/dev/cu.usbmodem14124301
115,129,124,68,209,62,219,102,238,98,174,76,115,172,250,15,95,136,36,97,179,13,148,195,41,222,210,132,94,229,79,20,23,71,18,232,28,190,226,192,24,106,109,93,127,101,56,106,143,127,95,26,249,50,225,74,182,205,57,164,52,130,116,239,207,49,65,248,74,22,177,244,66,190,95,127,186,172,45,73,133,34,168,74,235,255,192,140,200,141,255,55,20,194,47,136,121,195,255,112,32,212,143,188,168,251,75,32,18,231,155,170,171,141,142,127,105,142,155,220,42,216,32,255,236,200,135,65,138,175,25,148,235,113,222,66,233,225,19,92,245,231,40,183,230,56,34,126,107,51,80,183,140,154,45,75,20,37,109,89,1,92,248,238,192,144,152,214,6,20,186,165,247,214,78,55,17,129,143,36,55,169,138,134,216,138,206,215,97,68,194,255,148,80,8,155,156,117,224,142,123,187,54,141,34,225,52,247,216,161,179,43,160,19,235,118,145,149,71,151,151,193,27,6,169,115,154,112,103,155,73,103,128,107,69,165,29,2,212,77,117,224,146,74,249,3,204,68,228,64,159,22,241,37,129,242,52,20,123,96,38,170,151,202,1,98,192,175,201,91,105,169,255,182,167,3,120,126,67,107,165,224,34,209,240,201,75,135,166,143,42,177,131,142,34,15,67,197,208,239,123,191,210,97,199,93,116,57,193,77,242,109,28,103,217,243,64,42,242,15,122,96,83,231,40,248,47,182,158,147,133,165,36,8,102,50,17,188,88,53,255,90,84,196,189,138,98,248,66,104,73,253,177,216,192,93,205,213,15,229,216,60,84,79,125,5,205,128,31,222,177,6,45,3,253,101,159,36,61,184,96,161,113,231,61,51,22,169,199,38,34,0,87,27,16,242,191,192,162,196,19,112,26,33,216,207,93,218,176,26,116,25,158,61,164,125,163,111,15,3,14,88,19,107,192,142,177,138,86,231,38,161,42,186,238,26,65,16,20,41,105,52,210,199,73,117,85,21,197,127,32,98,127,45,77,252,155,53,36,198,189,99,184,3,9,239,236,181,37,157,13,225,175,72,183,222,145,143,67,171,87,204,250,149,168,168,149,247,133,82,2,59,146,125,105,193,161,182,248,52,79,84,95,70,84,122,72,138,140,158,161,230,126,45,133,6,212,19,58,44,8,78,150,162,99,89,112,246,166,237,184,239,126,250,89,189,163,178,236,165,70,132,26,17,57,226,209,16,129,6,249,54,194,214,231,236,116,34,183,6,151,233,131,109,40,75,7,9,27,176,193,117,117,146,104,245,23,206,234,35,98,161,66,176,84,164,97,165,255,94,73,60,190,82,238,69,9,93,140,219,179,121,169,108,191,61,59,227,217,22,245,220,19,180,120,52,166,232,22,238,95,122,130,223,179,84,59,252,19,16,223,142,63,109,29,22,19,136,225,82,61,203,177,28,177,69,118,219,37,37,23,92,176,181,29,22,106,178,175,12,56,137,93,184,170,202,1,120,238,146,128,146,134,25,155,64,156,153,244,102,90,14,211,84,74,126,69,92,93,192,136,77,48,53,57,127,94,138,47,75,58,0,171,223,44,147,206,86,48,134,221,95,250,143,241,74,143,131,236,237,78,61,100,195,219,26,93,245,241,156,151,199,110,4,149,146,87,14,230,86,178,116,49,13,102,244,67,102,83,44,0,111,3,171,155,144,33,181,91,153,110,253,33,235,13,197,134,190,100,255,167,175,228,227,183,13,48,166,212,78,159,30,194,96,53,33,34,222,122,83,58,194,180,238,25,224,172,247,209,183,60,157,233,43,142,15,28,237,255,150,121,173,83,80,135,200,26,82,89,62,110,237,127,92,193,34,12,100,54,35,148,220,60,117,77,128,218,162,100,104,67,1,155,197,4,139,157,2,117,245,13,208,59,100,33,148,22,63,201,16,93,2,233,162,44,76,112,183,211,244,101,228,176,98,254,44,23,221,90,208,37,166,128,213,76,143,159,85,100,12,55,209,123,118,131,137,150,207,8,193,209,24,234,147,208,103,101,6,164,2,103,211,177,45,63,140,204,56,37,240,0,224,22,175,226,13,22,206,1,123,184,144,209,249,216,216,10,174,36,236,233,32,98,166,209,230,173,214,224,125,55,130,58,165,44,51,203,60,241,101,241,231,217,43,118,194,235,31,66,110,108,189,234,217,237,96,12,145,76,252,163,148,50,140,191,209,4,125,167,10,80,48,22,159,172,84,30,19,81,165,249,46,219,77,189,198,33,104,197,127,99,227,153,78,213,208,221,207,228,217,179,6,128,144,222,175,125,100,185,98,156,94,166,103,139,32,175,160,1,13,188,130,123,26,48,116,238,213,248,1,203,118,190,64,47,123,221,90,108,124,161,85,159,196,144,190,233,8,132,55,37,215,187,138,43,41,13,129,133,61,73,210,196,223,69,223,5,174,98,149,82,217,211,28,239,221,112,74,126,113,123,204,8,26,60,57,93,69,40,140,240,55,250,140,144,153,222,42,22,138,91,245,186,219,34,138,229,236,110,2,114,146,134,232,189,203,69,190,251,187,151,125,48,76,34,76,2,180,76,216,212,234,200,79,255,118,152,22,226,94,144,161,21,139,56,97,29,245,50,234,253,120,138,70,226,133,86,125,14,108,231,66,121,158,33,250,231,32,160,97,68,159,19,165,125,170,216,80,9,33,238,130,70,175,122,159,80,94,247,45,163,32,120,171,217,229,125,90,10,73,189,56,221,116,194,145,43,44,67,174,222,171,14,234,245,170,43,231,240,167,151,120,16,225,123,204,215,146,12,78,99,25,23,250,169,50,37,54,125,150,18,124,210,164,99,135,102,6,146,30,211,192,35,22,162,210,193,186,106,178,145,48,4,29,149,24,203,16,73,122,68,129,24,246,231,52,31,220,62,51,74,106,112,65,135,54,254,68,45,15,93,240,190,113,231,247,152,242,221,170,218,182,202,170,162,157,218,117,96,245,129,3,134,223,209,134,49,26,232,6,146,175,128,187,123,67,232,58,98,131,185,170,198,46,237,164,68,15,236,5,135,106,36,247,171,23,141,250,187,116,141,181,68,181,22,46,28,10,51,143,52,190,75,149,52,107,21,143,121,255,74,215,93,217,163,27,186,197,5,114,97,175,45,238,178,108,216,161,245,231,65,56,77,229,102,62,130,225,111,7,168,24,132,157,68,72,202,132,143,251,146,120,214,174,53,227,117,59,216,82,173,227,158,53,35,63,218,137,89,137,249,154,95,221,44,3,245,201,241,124,255,134,254,230,178,218,64,223,151,137,94,148,193,122,14,168,108,58,154,123,196,42,129,191,162,179,156,0,141,43,119,242,204,81,43,38,215,113,255,247,119,243,88,229,194,139,100,0,44,97,81,81,96,67,107,105,96,58,195,18,75,12,171,88,19,71,115,1,79,162,111,186,235,79,57,48,19,216,7,27,96,45,177,114,130,25,145,178,105,45,140,188,238,121,61,228,47,38,216,13,161,12,158,61,117,31,235,152,164,186,197,38,14,241,176,117,147,249,47,248,134,159,79,203,98,91,216,55,62,182,16,77,184,100,159,237,252,81,202,7,98,65,217,136,67,238,119,140,100,1,169,128,100,137,148,174,0,8,194,21,27,35,4,230,117,94,194,172,162,90,16,84,156,10,178,44,11,201,44,193,184,120,183,178,139,239,148,171,121,20,14,65,105,141,163,79,3,166,130,233,224,32,112,29,52,178,63,173,205,1,167,31,226,185,126,85,18,98,252,247,26,43,9,144,206,186,162,189,156,229,146,210,184,42,254,189,183,91,106,31,53,235,18,212,219,68,160,45,140,57,194,225,77,134,157,142,255,113,132,19,38,98,132,237,127,181,95,216,207,15,51,48,212,150,80,96,253,130,149,118,42,15,247,30,35,94,122,102,107,184,183,187,82,165,206,21,214,39,247,216,194,27,110,19,194,81,224,74,14,124,207,29,215,12,1,135,185,42,194,125,6,238,151,15,154,213,48,65,174,95,84,31,247,143,156,143,69,177,127,42,115,123,202,239,123,32,38,100,51,147,188,250,2,51,241,46,71,146,204,83,37,222,113,234,2,94,10,251,175,87,94,196,93,9,172,184,179,90,204,56,95,31,10,167,250,197,208,38,175,127,170,225,168,98,104,6,175,253,96,135,16,198,124,169,50,99,84,32,182,68,238,152,189,19,100,155,201,66,117,64,44,144,18,125,113,213,200,233,181,162,255,4,0,18,251,183,70,223,245,175,146,187,181,137,139,174,168,214,91,132,198,226,240,83,83,10,27,4,6,251,255,106,151,176,44,113,175,175,188,102,141,225,4,102,188,35,194,145,119,108,201,134,114,174,193,128,121,111,238,38,32,214,169,124,51,37,173,216,143,32,109,120,144,74,6,190,150,100,179,62,242,104,23,18,215,186,232,78,176,62,195,136,136,91,174,105,223,245,4,87,19,204,247,116,28,235,208,62,39,190,1739147323307,QBYTE | gibbes
144,119,102,63,157,204,195,169,187,39,34,127,11,113,205,19,187,10,107,127,34,28,111,226,39,188,217,18,83,97,0,23,207,21,77,120,229,143,103,167,89,142,206,9,92,125,169,35,36,147,108,138,187,19,117,184,144,147,31,32,142,52,122,3,24,17,73,118,109,236,68,203,11,199,171,88,177,210,122,80,184,201,103,180,83,225,123,114,192,165,28,130,79,243,183,110,71,231,215,16,254,205,57,246,144,181,47,132,74,42,80,15,202,178,173,108,170,180,157,143,55,111,130,211,58,60,153,160,162,71,194,245,44,204,181,74,188,25,224,50,38,73,131,98,22,68,211,247,7,228,252,101,208,112,237,39,172,129,187,249,80,252,100,77,228,158,249,252,23,213,213,220,81,65,9,228,123,129,53,229,0,17,2,251,94,229,185,34,157,89,229,122,59,109,230,128,38,64,119,36,38,132,134,142,186,47,67,141,222,7,5,224,132,219,28,43,177,123,241,210,110,77,83,237,210,209,241,103,86,218,163,18,218,129,228,105,243,218,184,71,181,117,67,224,53,52,173,109,196,98,1739147324379,/dev/cu.usbmodem14201
179,143,210,0,88,207,116,196,229,130,83,238,162,191,35,245,7,180,90,146,67,9,43,59,96,131,164,13,245,39,0,93,31,50,46,63,226,170,47,255,212,46,33,94,9,164,129,145,136,113,148,109,73,230,18,199,24,70,208,200,71,150,120,217,249,140,105,196,150,203,253,100,110,162,52,255,151,239,145,56,80,200,48,22,191,155,224,162,167,47,102,36,32,133,53,132,224,105,222,166,170,15,242,25,247,145,248,252,100,70,129,42,169,237,213,0,100,69,174,224,82,108,27,216,128,229,19,120,128,61,191,16,91,161,69,7,168,29,204,233,74,63,105,205,238,66,52,155,197,114,234,135,143,227,60,20,163,104,132,101,121,81,232,48,119,164,246,177,212,63,146,7,232,188,228,167,41,82,210,149,155,71,65,30,199,173,220,91,111,156,135,116,137,1,183,223,252,238,50,83,245,60,29,66,204,218,195,255,175,28,67,193,91,223,165,62,139,76,89,12,49,99,174,201,130,76,41,188,207,211,148,39,225,223,2,18,82,22,143,192,253,121,133,80,103,40,112,95,35,105,1739147324379,/dev/cu.usbmodem1413101
33,249,118,82,77,86,111,56,7,63,169,50,117,212,25,171,239,150,242,11,244,11,77,38,212,137,152,207,161,244,193,131,41,85,99,39,224,246,11,227,207,87,0,133,110,119,108,218,85,67,12,222,252,169,134,127,89,208,165,149,110,156,79,93,42,189,82,246,156,66,25,194,99,187,106,193,186,254,100,187,255,68,218,229,242,47,191,140,53,250,246,153,226,244,164,141,181,82,206,100,157,99,172,55,0,150,86,229,137,16,99,3,3,244,120,9,112,87,84,170,71,253,197,79,138,215,206,181,119,131,168,114,252,107,9,182,167,56,63,142,146,181,11,226,40,123,210,166,31,141,242,199,218,108,179,48,204,235,255,1,202,213,78,131,194,176,59,226,105,214,201,7,46,123,186,231,250,219,244,100,149,122,154,207,203,225,200,11,77,49,219,99,136,27,238,161,21,150,202,69,10,197,92,108,237,245,245,246,184,150,62,231,7,215,65,69,35,231,15,40,193,86,155,178,212,224,30,150,72,57,205,75,51,162,240,217,130,189,171,123,249,177,51,183,134,74,253,70,215,7,1739147324380,/dev/cu.usbmodem1413201
203,179,182,139,234,238,176,157,29,49,183,166,134,152,118,134,255,208,80,201,223,16,81,129,202,156,101,112,135,190,33,107,90,85,6,150,16,107,6,220,75,174,202,0,217,135,170,231,190,241,229,62,100,153,10,187,16,250,115,15,120,70,207,232,8,220,222,94,220,150,64,215,63,82,95,172,247,65,60,144,104,24,156,143,136,72,73,177,159,135,82,153,155,167,20,115,105,251,132,47,117,105,186,171,163,131,93,24,188,252,92,75,136,51,63,39,127,12,28,223,112,77,191,5,117,244,39,207,31,235,118,212,110,18,71,88,138,61,182,182,178,211,209,205,16,184,254,213,127,145,127,133,242,207,184,40,173,60,189,225,169,42,64,69,45,233,185,132,189,153,94,114,112,232,14,58,6,64,222,240,250,170,136,138,18,233,138,93,197,67,73,248,114,211,237,200,192,133,138,0,53,85,13,79,141,221,255,9,185,89,24,231,226,141,72,164,17,137,34,43,22,186,112,85,222,201,150,12,213,128,205,3,87,159,14,233,102,162,116,188,98,23,120,189,227,38,170,18,68,200,1739147324380,/dev/cu.usbmodem1413401
209,61,94,45,91,222,198,114,69,198,249,246,156,77,223,251,241,140,19,84,219,171,229,21,46,172,38,65,116,101,109,92,81,203,170,39,76,80,188,117,104,20,250,91,116,110,39,121,156,113,163,127,108,247,253,51,174,96,123,190,161,237,87,39,76,14,195,206,254,4,91,141,58,89,10,3,26,45,198,90,130,153,12,176,1,49,107,54,154,230,20,23,206,90,100,137,171,30,192,64,167,221,107,141,234,77,4,202,245,24,102,199,66,108,103,55,139,203,51,167,53,29,244,133,91,78,254,118,8,31,245,197,39,43,105,63,46,141,154,189,97,245,186,161,170,150,234,89,170,102,227,70,111,74,194,60,246,199,189,13,41,0,43,17,16,45,195,151,163,119,203,204,18,71,119,247,129,44,147,107,62,175,31,130,100,22,55,195,137,104,65,220,182,183,213,23,25,155,211,67,206,205,19,3,115,67,119,37,7,156,175,30,243,25,77,78,56,128,8,83,84,63,207,205,227,205,236,165,136,183,83,228,215,255,67,94,91,28,78,5,122,211,48,29,167,38,33,146,146,160,1739147324380,/dev/cu.usbmodem14124201
159,239,210,251,211,22,155,250,3,7,44,215,149,226,51,175,151,161,48,104,180,210,98,190,202,215,65,25,57,64,139,145,89,222,9,2,41,2,233,251,10,200,22,212,191,155,39,194,209,82,125,219,189,210,207,58,193,141,138,2,232,100,225,84,90,107,177,39,27,238,68,184,98,120,8,155,130,120,208,229,87,10,191,227,117,155,116,72,186,144,76,94,157,6,143,20,16,86,25,192,3,200,235,168,216,177,60,164,109,97,255,98,79,131,140,158,119,137,156,143,144,23,154,149,26,205,92,253,46,130,207,178,103,20,188,53,254,9,214,113,53,171,119,21,218,155,137,145,50,116,163,182,141,91,108,50,195,202,151,99,122,172,155,107,0,79,203,177,79,5,197,253,118,0,28,1,11,141,41,47,4,102,197,233,253,120,157,173,113,202,75,4,5,19,217,138,28,243,253,5,189,64,27,101,106,205,152,30,137,16,189,191,6,29,46,54,111,233,186,166,42,158,145,83,148,150,107,201,234,109,175,165,56,4,230,117,31,189,130,29,167,153,60,147,168,236,227,253,223,191,1739147324380,/dev/cu.usbmodem14124401
182,101,63,46,207,7,109,132,137,221,5,217,17,23,219,213,176,42,78,125,112,148,37,96,129,57,222,75,84,238,95,228,123,54,221,13,3,251,248,192,223,118,112,50,28,69,88,44,158,15,161,123,61,33,210,200,44,74,213,190,8,101,233,11,110,196,103,96,3,161,134,18,8,139,172,78,201,84,183,186,73,109,130,207,51,127,137,240,38,231,155,186,158,188,195,233,10,102,145,90,215,24,74,236,212,2,212,192,66,237,66,87,198,110,213,43,33,76,191,148,83,105,24,124,120,128,92,169,104,93,55,160,152,164,146,42,241,99,91,34,52,8,78,136,56,157,6,183,87,71,162,194,131,156,110,244,249,121,246,10,138,169,181,9,195,99,226,148,35,222,182,215,225,38,35,236,70,3,164,107,224,253,67,39,1,241,170,40,2,70,123,223,103,221,28,133,27,148,166,248,119,40,178,120,129,103,151,93,201,206,72,63,231,80,168,243,93,248,173,124,26,118,24,50,107,155,162,59,20,26,52,163,145,216,65,230,33,172,225,112,38,117,55,105,172,204,68,99,78,205,1739147324381,/dev/cu.usbmodem14124101
13,124,8,93,242,179,216,67,197,47,14,249,35,233,200,164,230,173,230,108,239,85,29,121,144,62,107,177,117,120,101,67,132,70,223,119,72,155,128,127,249,213,146,66,230,218,65,147,225,252,114,22,168,155,32,22,165,220,123,167,182,116,177,122,182,59,231,109,101,87,186,213,194,135,190,235,227,251,221,25,252,7,167,87,150,82,235,151,187,232,188,161,32,157,78,203,38,33,58,35,81,200,187,167,67,193,3,148,204,188,162,118,218,193,99,89,139,30,229,22,154,172,206,91,109,25,71,61,47,226,94,228,211,65,63,126,224,232,186,115,194,54,125,224,89,90,137,110,163,93,70,249,220,170,237,227,52,198,205,99,68,56,58,81,127,148,240,127,251,187,222,19,217,205,230,109,251,147,12,209,184,184,242,8,13,187,13,88,69,215,161,241,53,203,40,140,18,54,93,244,77,83,100,204,126,181,153,162,145,119,242,182,229,19,10,63,94,134,63,107,69,17,192,127,20,218,90,198,205,203,132,32,216,236,254,152,112,127,150,122,48,116,190,160,61,169,178,138,30,242,1739147324381,/dev/cu.usbmodem14124301
144,119,102,63,157,204,195,169,187,39,34,127,11,113,205,19,187,10,107,127,34,28,111,226,39,188,217,18,83,97,0,23,207,21,77,120,229,143,103,167,89,142,206,9,92,125,169,35,36,147,108,138,187,19,117,184,144,147,31,32,142,52,122,3,24,17,73,118,109,236,68,203,11,199,171,88,177,210,122,80,184,201,103,180,83,225,123,114,192,165,28,130,79,243,183,110,71,231,215,16,254,205,57,246,144,181,47,132,74,42,80,15,202,178,173,108,170,180,157,143,55,111,130,211,58,60,153,160,162,71,194,245,44,204,181,74,188,25,224,50,38,73,131,98,22,68,211,247,7,228,252,101,208,112,237,39,172,129,187,249,80,252,100,77,228,158,249,252,23,213,213,220,81,65,9,228,123,129,53,229,0,17,2,251,94,229,185,34,157,89,229,122,59,109,230,128,38,64,119,36,38,132,134,142,186,47,67,141,222,7,5,224,132,219,28,43,177,123,241,210,110,77,83,237,210,209,241,103,86,218,163,18,218,129,228,105,243,218,184,71,181,117,67,224,53,52,173,109,196,98,179,143,210,0,88,207,116,196,229,130,83,238,162,191,35,245,7,180,90,146,67,9,43,59,96,131,164,13,245,39,0,93,31,50,46,63,226,170,47,255,212,46,33,94,9,164,129,145,136,113,148,109,73,230,18,199,24,70,208,200,71,150,120,217,249,140,105,196,150,203,253,100,110,162,52,255,151,239,145,56,80,200,48,22,191,155,224,162,167,47,102,36,32,133,53,132,224,105,222,166,170,15,242,25,247,145,248,252,100,70,129,42,169,237,213,0,100,69,174,224,82,108,27,216,128,229,19,120,128,61,191,16,91,161,69,7,168,29,204,233,74,63,105,205,238,66,52,155,197,114,234,135,143,227,60,20,163,104,132,101,121,81,232,48,119,164,246,177,212,63,146,7,232,188,228,167,41,82,210,149,155,71,65,30,199,173,220,91,111,156,135,116,137,1,183,223,252,238,50,83,245,60,29,66,204,218,195,255,175,28,67,193,91,223,165,62,139,76,89,12,49,99,174,201,130,76,41,188,207,211,148,39,225,223,2,18,82,22,143,192,253,121,133,80,103,40,112,95,35,105,33,249,118,82,77,86,111,56,7,63,169,50,117,212,25,171,239,150,242,11,244,11,77,38,212,137,152,207,161,244,193,131,41,85,99,39,224,246,11,227,207,87,0,133,110,119,108,218,85,67,12,222,252,169,134,127,89,208,165,149,110,156,79,93,42,189,82,246,156,66,25,194,99,187,106,193,186,254,100,187,255,68,218,229,242,47,191,140,53,250,246,153,226,244,164,141,181,82,206,100,157,99,172,55,0,150,86,229,137,16,99,3,3,244,120,9,112,87,84,170,71,253,197,79,138,215,206,181,119,131,168,114,252,107,9,182,167,56,63,142,146,181,11,226,40,123,210,166,31,141,242,199,218,108,179,48,204,235,255,1,202,213,78,131,194,176,59,226,105,214,201,7,46,123,186,231,250,219,244,100,149,122,154,207,203,225,200,11,77,49,219,99,136,27,238,161,21,150,202,69,10,197,92,108,237,245,245,246,184,150,62,231,7,215,65,69,35,231,15,40,193,86,155,178,212,224,30,150,72,57,205,75,51,162,240,217,130,189,171,123,249,177,51,183,134,74,253,70,215,7,203,179,182,139,234,238,176,157,29,49,183,166,134,152,118,134,255,208,80,201,223,16,81,129,202,156,101,112,135,190,33,107,90,85,6,150,16,107,6,220,75,174,202,0,217,135,170,231,190,241,229,62,100,153,10,187,16,250,115,15,120,70,207,232,8,220,222,94,220,150,64,215,63,82,95,172,247,65,60,144,104,24,156,143,136,72,73,177,159,135,82,153,155,167,20,115,105,251,132,47,117,105,186,171,163,131,93,24,188,252,92,75,136,51,63,39,127,12,28,223,112,77,191,5,117,244,39,207,31,235,118,212,110,18,71,88,138,61,182,182,178,211,209,205,16,184,254,213,127,145,127,133,242,207,184,40,173,60,189,225,169,42,64,69,45,233,185,132,189,153,94,114,112,232,14,58,6,64,222,240,250,170,136,138,18,233,138,93,197,67,73,248,114,211,237,200,192,133,138,0,53,85,13,79,141,221,255,9,185,89,24,231,226,141,72,164,17,137,34,43,22,186,112,85,222,201,150,12,213,128,205,3,87,159,14,233,102,162,116,188,98,23,120,189,227,38,170,18,68,200,209,61,94,45,91,222,198,114,69,198,249,246,156,77,223,251,241,140,19,84,219,171,229,21,46,172,38,65,116,101,109,92,81,203,170,39,76,80,188,117,104,20,250,91,116,110,39,121,156,113,163,127,108,247,253,51,174,96,123,190,161,237,87,39,76,14,195,206,254,4,91,141,58,89,10,3,26,45,198,90,130,153,12,176,1,49,107,54,154,230,20,23,206,90,100,137,171,30,192,64,167,221,107,141,234,77,4,202,245,24,102,199,66,108,103,55,139,203,51,167,53,29,244,133,91,78,254,118,8,31,245,197,39,43,105,63,46,141,154,189,97,245,186,161,170,150,234,89,170,102,227,70,111,74,194,60,246,199,189,13,41,0,43,17,16,45,195,151,163,119,203,204,18,71,119,247,129,44,147,107,62,175,31,130,100,22,55,195,137,104,65,220,182,183,213,23,25,155,211,67,206,205,19,3,115,67,119,37,7,156,175,30,243,25,77,78,56,128,8,83,84,63,207,205,227,205,236,165,136,183,83,228,215,255,67,94,91,28,78,5,122,211,48,29,167,38,33,146,146,160,159,239,210,251,211,22,155,250,3,7,44,215,149,226,51,175,151,161,48,104,180,210,98,190,202,215,65,25,57,64,139,145,89,222,9,2,41,2,233,251,10,200,22,212,191,155,39,194,209,82,125,219,189,210,207,58,193,141,138,2,232,100,225,84,90,107,177,39,27,238,68,184,98,120,8,155,130,120,208,229,87,10,191,227,117,155,116,72,186,144,76,94,157,6,143,20,16,86,25,192,3,200,235,168,216,177,60,164,109,97,255,98,79,131,140,158,119,137,156,143,144,23,154,149,26,205,92,253,46,130,207,178,103,20,188,53,254,9,214,113,53,171,119,21,218,155,137,145,50,116,163,182,141,91,108,50,195,202,151,99,122,172,155,107,0,79,203,177,79,5,197,253,118,0,28,1,11,141,41,47,4,102,197,233,253,120,157,173,113,202,75,4,5,19,217,138,28,243,253,5,189,64,27,101,106,205,152,30,137,16,189,191,6,29,46,54,111,233,186,166,42,158,145,83,148,150,107,201,234,109,175,165,56,4,230,117,31,189,130,29,167,153,60,147,168,236,227,253,223,191,182,101,63,46,207,7,109,132,137,221,5,217,17,23,219,213,176,42,78,125,112,148,37,96,129,57,222,75,84,238,95,228,123,54,221,13,3,251,248,192,223,118,112,50,28,69,88,44,158,15,161,123,61,33,210,200,44,74,213,190,8,101,233,11,110,196,103,96,3,161,134,18,8,139,172,78,201,84,183,186,73,109,130,207,51,127,137,240,38,231,155,186,158,188,195,233,10,102,145,90,215,24,74,236,212,2,212,192,66,237,66,87,198,110,213,43,33,76,191,148,83,105,24,124,120,128,92,169,104,93,55,160,152,164,146,42,241,99,91,34,52,8,78,136,56,157,6,183,87,71,162,194,131,156,110,244,249,121,246,10,138,169,181,9,195,99,226,148,35,222,182,215,225,38,35,236,70,3,164,107,224,253,67,39,1,241,170,40,2,70,123,223,103,221,28,133,27,148,166,248,119,40,178,120,129,103,151,93,201,206,72,63,231,80,168,243,93,248,173,124,26,118,24,50,107,155,162,59,20,26,52,163,145,216,65,230,33,172,225,112,38,117,55,105,172,204,68,99,78,205,13,124,8,93,242,179,216,67,197,47,14,249,35,233,200,164,230,173,230,108,239,85,29,121,144,62,107,177,117,120,101,67,132,70,223,119,72,155,128,127,249,213,146,66,230,218,65,147,225,252,114,22,168,155,32,22,165,220,123,167,182,116,177,122,182,59,231,109,101,87,186,213,194,135,190,235,227,251,221,25,252,7,167,87,150,82,235,151,187,232,188,161,32,157,78,203,38,33,58,35,81,200,187,167,67,193,3,148,204,188,162,118,218,193,99,89,139,30,229,22,154,172,206,91,109,25,71,61,47,226,94,228,211,65,63,126,224,232,186,115,194,54,125,224,89,90,137,110,163,93,70,249,220,170,237,227,52,198,205,99,68,56,58,81,127,148,240,127,251,187,222,19,217,205,230,109,251,147,12,209,184,184,242,8,13,187,13,88,69,215,161,241,53,203,40,140,18,54,93,244,77,83,100,204,126,181,153,162,145,119,242,182,229,19,10,63,94,134,63,107,69,17,192,127,20,218,90,198,205,203,132,32,216,236,254,152,112,127,150,122,48,116,190,160,61,169,178,138,30,242,1739147324383,QBYTE | dip
93,255,238,222,55,186,162,240,54,241,119,5,218,79,160,191,0,81,219,47,115,166,35,31,31,97,190,108,32,29,153,202,94,132,150,135,52,59,63,155,155,141,82,246,128,160,187,100,9,135,146,198,67,132,228,240,22,34,101,46,33,146,42,88,236,166,113,200,115,218,1,125,24,79,52,244,6,5,169,1,16,202,38,67,123,51,167,10,109,61,152,66,182,123,80,104,62,220,61,198,174,127,48,46,225,83,42,105,232,41,39,234,32,216,255,15,18,30,42,8,99,222,178,126,111,93,31,191,245,46,250,223,16,66,164,24,220,28,229,224,56,119,137,56,209,221,100,33,215,156,27,113,138,106,171,10,58,226,99,50,136,138,40,205,10,147,61,246,225,236,213,201,177,80,4,88,25,255,233,194,120,161,7,238,166,203,126,248,29,71,69,124,20,252,164,46,241,22,40,236,71,0,179,133,107,21,202,56,128,40,219,68,143,236,184,43,19,183,91,48,18,63,247,115,26,61,96,123,88,8,49,72,244,62,71,151,219,243,218,76,63,225,213,227,23,181,221,125,169,11,1739147325455,/dev/cu.usbmodem14201
234,189,47,151,30,178,77,47,74,53,185,66,32,26,68,227,127,228,31,71,62,45,214,193,130,230,72,157,87,226,37,157,117,80,85,66,87,53,0,232,86,116,242,255,13,134,15,27,54,171,8,158,161,3,81,33,204,134,96,48,100,234,31,170,73,68,205,206,213,102,213,41,38,30,190,210,183,114,182,231,37,22,17,153,193,200,163,68,23,31,208,80,254,222,82,235,141,212,70,42,60,186,154,83,65,195,157,14,109,136,233,153,62,242,78,62,27,51,47,28,23,46,61,126,245,139,130,54,192,41,76,105,47,62,140,252,66,120,136,64,10,150,5,101,235,87,25,35,255,191,191,240,69,64,124,155,48,111,40,175,31,115,234,203,7,212,84,220,216,156,40,39,221,109,17,3,86,173,174,11,163,226,17,154,170,54,246,3,3,52,32,206,238,185,176,228,75,196,23,195,147,247,181,84,55,59,153,20,174,124,28,86,150,49,32,197,194,240,28,198,75,140,208,68,141,185,44,217,74,82,101,97,192,50,22,46,27,17,199,8,245,196,240,249,227,1,215,180,62,234,1739147325456,/dev/cu.usbmodem1413101
38,161,83,230,212,219,32,84,60,215,181,239,44,239,229,150,174,47,234,58,187,182,25,42,84,145,188,211,187,92,55,149,217,240,66,20,75,50,120,49,151,158,174,150,73,241,178,47,3,146,129,202,189,228,8,243,44,191,121,104,37,155,95,147,86,170,47,42,228,139,53,128,192,171,77,65,241,220,49,145,66,118,222,30,37,84,68,48,125,144,17,243,7,225,200,119,109,65,149,56,18,167,83,63,40,63,251,225,117,85,154,45,198,50,123,219,97,152,76,173,223,43,91,177,82,56,54,115,104,69,14,103,11,166,226,166,103,107,64,134,83,180,244,142,39,84,101,134,145,252,141,75,51,130,65,194,210,19,219,47,78,49,253,79,12,214,255,202,131,96,39,218,72,95,16,36,177,27,28,113,195,69,74,138,23,212,251,0,139,231,50,215,228,229,59,38,252,133,199,155,91,246,63,50,11,48,26,240,159,240,243,218,13,240,243,107,184,200,22,21,135,15,118,50,188,180,107,212,154,204,164,48,110,167,150,90,220,245,66,64,168,119,145,1,62,240,131,238,150,251,1739147325456,/dev/cu.usbmodem1413201
102,131,1,228,74,186,175,87,252,251,237,28,202,234,19,23,182,19,116,251,119,232,39,28,245,121,44,60,6,255,204,95,156,170,42,145,92,40,58,105,237,69,72,204,203,191,9,52,210,175,122,77,239,65,196,66,49,201,113,197,179,47,40,117,111,169,69,251,208,133,107,1,249,224,33,76,38,228,222,8,119,244,66,60,208,230,0,101,184,62,178,122,238,194,81,53,216,131,230,81,49,154,67,187,32,100,226,77,51,103,22,223,170,183,73,207,95,201,122,109,168,148,117,189,236,203,140,111,64,221,241,64,164,176,39,39,241,90,7,22,81,106,223,41,134,252,150,126,27,132,130,173,237,56,57,122,55,224,167,75,96,201,219,78,88,140,50,175,244,41,99,36,94,116,120,166,142,18,164,174,213,113,87,189,160,71,126,158,254,18,239,242,56,233,54,143,237,93,112,229,62,71,155,101,211,196,101,83,73,88,141,136,231,14,230,99,116,204,130,86,207,103,8,45,88,145,55,249,118,162,212,250,0,151,8,76,33,34,136,166,156,92,7,221,149,251,226,241,59,255,1739147325456,/dev/cu.usbmodem1413401
11,193,153,61,33,80,109,193,251,133,245,135,208,225,241,167,107,150,104,22,85,254,106,142,173,49,191,83,141,8,170,20,142,7,227,232,241,16,61,135,198,56,77,111,150,215,239,81,74,207,174,16,131,144,82,201,64,93,51,215,118,235,186,255,151,211,97,167,49,20,71,94,163,10,168,136,121,141,240,218,97,248,69,150,196,36,129,103,94,66,234,152,3,247,38,55,76,74,27,14,228,108,101,43,82,237,93,95,161,182,33,186,124,99,228,52,240,184,198,245,183,69,43,72,122,48,187,53,68,65,119,245,95,75,176,206,204,154,7,95,248,39,251,160,182,56,71,231,251,20,190,2,147,185,175,210,182,41,186,12,157,190,213,18,149,167,84,124,125,85,160,40,247,206,118,48,208,123,221,237,130,8,68,61,85,29,71,235,52,50,186,111,249,32,144,22,202,96,171,50,131,166,150,15,91,123,82,157,132,93,42,45,117,180,26,65,163,148,140,147,131,181,198,245,41,64,61,232,79,154,108,186,176,36,168,210,129,17,134,92,155,55,56,163,27,39,129,191,25,201,1739147325456,/dev/cu.usbmodem14124201
0,68,227,216,214,224,6,188,136,248,104,75,158,61,157,90,204,58,78,42,66,122,237,172,132,130,67,122,158,120,10,15,253,228,244,119,117,176,245,240,50,13,92,213,249,37,13,56,254,158,10,26,80,136,254,230,255,255,19,121,17,155,162,16,46,225,117,119,133,77,67,138,76,235,148,199,43,42,246,213,40,24,187,207,231,9,217,53,167,125,201,66,192,246,208,117,207,209,44,6,50,20,211,84,159,19,159,40,238,240,15,38,131,203,58,150,39,168,10,98,56,133,22,9,131,2,8,114,163,157,185,50,72,93,221,56,154,246,43,80,46,189,42,244,241,240,79,89,149,249,251,132,82,186,245,118,89,158,222,169,94,77,182,49,62,79,217,243,110,60,1,182,106,114,245,151,47,99,111,66,190,180,74,18,115,121,205,190,101,28,180,53,150,34,177,38,87,153,26,162,8,5,85,5,70,10,161,69,163,96,124,102,125,243,130,81,185,68,3,249,121,74,2,121,224,239,59,168,204,159,99,133,230,220,243,65,144,252,92,54,73,61,174,219,198,54,203,250,202,25,1739147325457,/dev/cu.usbmodem14124401
241,145,157,38,219,63,192,66,55,245,236,66,17,43,142,24,191,233,218,125,247,171,30,29,242,16,75,193,204,167,231,183,56,130,73,61,9,238,226,203,118,246,86,119,102,14,125,79,253,117,223,7,152,28,51,158,148,39,85,147,130,246,195,249,58,213,73,96,227,46,249,44,149,120,41,49,190,242,36,7,230,253,7,29,67,255,77,32,226,83,144,31,28,129,162,73,160,187,183,97,10,43,126,167,175,149,117,42,36,240,214,194,68,31,36,89,212,54,246,189,186,111,15,14,28,232,152,202,248,181,123,0,51,85,188,61,169,32,251,228,11,44,251,158,216,115,93,89,224,130,50,177,198,153,205,215,131,218,170,3,226,33,70,74,21,156,89,140,164,223,79,248,2,63,58,120,81,98,119,16,201,17,221,165,144,69,65,126,0,158,169,45,69,106,222,215,97,139,31,215,252,163,134,4,12,112,104,245,88,166,99,197,201,22,58,25,201,103,22,13,142,104,244,3,167,238,240,14,91,229,158,237,169,97,12,82,206,83,128,96,168,139,194,67,56,133,134,228,203,11,1739147325457,/dev/cu.usbmodem14124101
150,19,112,63,101,147,210,145,93,105,212,238,211,90,164,148,97,210,22,25,185,161,151,162,212,143,96,178,154,175,195,68,210,128,68,151,157,232,83,130,181,3,157,204,188,141,76,12,231,57,97,55,108,195,12,213,133,75,25,121,136,240,51,250,89,218,136,74,172,53,245,161,126,89,166,173,81,250,53,116,60,238,181,235,194,33,247,81,70,120,188,31,150,102,167,115,220,211,125,220,170,238,240,254,125,97,145,233,161,124,11,165,202,110,135,26,141,164,207,81,151,226,225,90,22,195,181,233,235,245,28,161,107,182,18,166,16,215,33,55,40,184,183,55,125,171,136,131,90,133,14,8,99,153,229,62,238,93,113,1,49,120,201,233,234,236,238,160,114,45,113,255,152,210,172,95,255,184,220,95,217,74,8,88,70,55,237,229,229,33,24,205,210,153,182,85,137,206,172,162,95,239,215,213,245,182,30,81,226,227,199,91,51,157,245,12,181,35,152,32,97,134,235,68,203,53,65,136,172,104,14,154,118,149,220,37,71,206,192,150,91,120,136,170,25,98,53,149,13,245,1739147325457,/dev/cu.usbmodem14124301
93,255,238,222,55,186,162,240,54,241,119,5,218,79,160,191,0,81,219,47,115,166,35,31,31,97,190,108,32,29,153,202,94,132,150,135,52,59,63,155,155,141,82,246,128,160,187,100,9,135,146,198,67,132,228,240,22,34,101,46,33,146,42,88,236,166,113,200,115,218,1,125,24,79,52,244,6,5,169,1,16,202,38,67,123,51,167,10,109,61,152,66,182,123,80,104,62,220,61,198,174,127,48,46,225,83,42,105,232,41,39,234,32,216,255,15,18,30,42,8,99,222,178,126,111,93,31,191,245,46,250,223,16,66,164,24,220,28,229,224,56,119,137,56,209,221,100,33,215,156,27,113,138,106,171,10,58,226,99,50,136,138,40,205,10,147,61,246,225,236,213,201,177,80,4,88,25,255,233,194,120,161,7,238,166,203,126,248,29,71,69,124,20,252,164,46,241,22,40,236,71,0,179,133,107,21,202,56,128,40,219,68,143,236,184,43,19,183,91,48,18,63,247,115,26,61,96,123,88,8,49,72,244,62,71,151,219,243,218,76,63,225,213,227,23,181,221,125,169,11,234,189,47,151,30,178,77,47,74,53,185,66,32,26,68,227,127,228,31,71,62,45,214,193,130,230,72,157,87,226,37,157,117,80,85,66,87,53,0,232,86,116,242,255,13,134,15,27,54,171,8,158,161,3,81,33,204,134,96,48,100,234,31,170,73,68,205,206,213,102,213,41,38,30,190,210,183,114,182,231,37,22,17,153,193,200,163,68,23,31,208,80,254,222,82,235,141,212,70,42,60,186,154,83,65,195,157,14,109,136,233,153,62,242,78,62,27,51,47,28,23,46,61,126,245,139,130,54,192,41,76,105,47,62,140,252,66,120,136,64,10,150,5,101,235,87,25,35,255,191,191,240,69,64,124,155,48,111,40,175,31,115,234,203,7,212,84,220,216,156,40,39,221,109,17,3,86,173,174,11,163,226,17,154,170,54,246,3,3,52,32,206,238,185,176,228,75,196,23,195,147,247,181,84,55,59,153,20,174,124,28,86,150,49,32,197,194,240,28,198,75,140,208,68,141,185,44,217,74,82,101,97,192,50,22,46,27,17,199,8,245,196,240,249,227,1,215,180,62,234,38,161,83,230,212,219,32,84,60,215,181,239,44,239,229,150,174,47,234,58,187,182,25,42,84,145,188,211,187,92,55,149,217,240,66,20,75,50,120,49,151,158,174,150,73,241,178,47,3,146,129,202,189,228,8,243,44,191,121,104,37,155,95,147,86,170,47,42,228,139,53,128,192,171,77,65,241,220,49,145,66,118,222,30,37,84,68,48,125,144,17,243,7,225,200,119,109,65,149,56,18,167,83,63,40,63,251,225,117,85,154,45,198,50,123,219,97,152,76,173,223,43,91,177,82,56,54,115,104,69,14,103,11,166,226,166,103,107,64,134,83,180,244,142,39,84,101,134,145,252,141,75,51,130,65,194,210,19,219,47,78,49,253,79,12,214,255,202,131,96,39,218,72,95,16,36,177,27,28,113,195,69,74,138,23,212,251,0,139,231,50,215,228,229,59,38,252,133,199,155,91,246,63,50,11,48,26,240,159,240,243,218,13,240,243,107,184,200,22,21,135,15,118,50,188,180,107,212,154,204,164,48,110,167,150,90,220,245,66,64,168,119,145,1,62,240,131,238,150,251,102,131,1,228,74,186,175,87,252,251,237,28,202,234,19,23,182,19,116,251,119,232,39,28,245,121,44,60,6,255,204,95,156,170,42,145,92,40,58,105,237,69,72,204,203,191,9,52,210,175,122,77,239,65,196,66,49,201,113,197,179,47,40,117,111,169,69,251,208,133,107,1,249,224,33,76,38,228,222,8,119,244,66,60,208,230,0,101,184,62,178,122,238,194,81,53,216,131,230,81,49,154,67,187,32,100,226,77,51,103,22,223,170,183,73,207,95,201,122,109,168,148,117,189,236,203,140,111,64,221,241,64,164,176,39,39,241,90,7,22,81,106,223,41,134,252,150,126,27,132,130,173,237,56,57,122,55,224,167,75,96,201,219,78,88,140,50,175,244,41,99,36,94,116,120,166,142,18,164,174,213,113,87,189,160,71,126,158,254,18,239,242,56,233,54,143,237,93,112,229,62,71,155,101,211,196,101,83,73,88,141,136,231,14,230,99,116,204,130,86,207,103,8,45,88,145,55,249,118,162,212,250,0,151,8,76,33,34,136,166,156,92,7,221,149,251,226,241,59,255,11,193,153,61,33,80,109,193,251,133,245,135,208,225,241,167,107,150,104,22,85,254,106,142,173,49,191,83,141,8,170,20,142,7,227,232,241,16,61,135,198,56,77,111,150,215,239,81,74,207,174,16,131,144,82,201,64,93,51,215,118,235,186,255,151,211,97,167,49,20,71,94,163,10,168,136,121,141,240,218,97,248,69,150,196,36,129,103,94,66,234,152,3,247,38,55,76,74,27,14,228,108,101,43,82,237,93,95,161,182,33,186,124,99,228,52,240,184,198,245,183,69,43,72,122,48,187,53,68,65,119,245,95,75,176,206,204,154,7,95,248,39,251,160,182,56,71,231,251,20,190,2,147,185,175,210,182,41,186,12,157,190,213,18,149,167,84,124,125,85,160,40,247,206,118,48,208,123,221,237,130,8,68,61,85,29,71,235,52,50,186,111,249,32,144,22,202,96,171,50,131,166,150,15,91,123,82,157,132,93,42,45,117,180,26,65,163,148,140,147,131,181,198,245,41,64,61,232,79,154,108,186,176,36,168,210,129,17,134,92,155,55,56,163,27,39,129,191,25,201,0,68,227,216,214,224,6,188,136,248,104,75,158,61,157,90,204,58,78,42,66,122,237,172,132,130,67,122,158,120,10,15,253,228,244,119,117,176,245,240,50,13,92,213,249,37,13,56,254,158,10,26,80,136,254,230,255,255,19,121,17,155,162,16,46,225,117,119,133,77,67,138,76,235,148,199,43,42,246,213,40,24,187,207,231,9,217,53,167,125,201,66,192,246,208,117,207,209,44,6,50,20,211,84,159,19,159,40,238,240,15,38,131,203,58,150,39,168,10,98,56,133,22,9,131,2,8,114,163,157,185,50,72,93,221,56,154,246,43,80,46,189,42,244,241,240,79,89,149,249,251,132,82,186,245,118,89,158,222,169,94,77,182,49,62,79,217,243,110,60,1,182,106,114,245,151,47,99,111,66,190,180,74,18,115,121,205,190,101,28,180,53,150,34,177,38,87,153,26,162,8,5,85,5,70,10,161,69,163,96,124,102,125,243,130,81,185,68,3,249,121,74,2,121,224,239,59,168,204,159,99,133,230,220,243,65,144,252,92,54,73,61,174,219,198,54,203,250,202,25,241,145,157,38,219,63,192,66,55,245,236,66,17,43,142,24,191,233,218,125,247,171,30,29,242,16,75,193,204,167,231,183,56,130,73,61,9,238,226,203,118,246,86,119,102,14,125,79,253,117,223,7,152,28,51,158,148,39,85,147,130,246,195,249,58,213,73,96,227,46,249,44,149,120,41,49,190,242,36,7,230,253,7,29,67,255,77,32,226,83,144,31,28,129,162,73,160,187,183,97,10,43,126,167,175,149,117,42,36,240,214,194,68,31,36,89,212,54,246,189,186,111,15,14,28,232,152,202,248,181,123,0,51,85,188,61,169,32,251,228,11,44,251,158,216,115,93,89,224,130,50,177,198,153,205,215,131,218,170,3,226,33,70,74,21,156,89,140,164,223,79,248,2,63,58,120,81,98,119,16,201,17,221,165,144,69,65,126,0,158,169,45,69,106,222,215,97,139,31,215,252,163,134,4,12,112,104,245,88,166,99,197,201,22,58,25,201,103,22,13,142,104,244,3,167,238,240,14,91,229,158,237,169,97,12,82,206,83,128,96,168,139,194,67,56,133,134,228,203,11,150,19,112,63,101,147,210,145,93,105,212,238,211,90,164,148,97,210,22,25,185,161,151,162,212,143,96,178,154,175,195,68,210,128,68,151,157,232,83,130,181,3,157,204,188,141,76,12,231,57,97,55,108,195,12,213,133,75,25,121,136,240,51,250,89,218,136,74,172,53,245,161,126,89,166,173,81,250,53,116,60,238,181,235,194,33,247,81,70,120,188,31,150,102,167,115,220,211,125,220,170,238,240,254,125,97,145,233,161,124,11,165,202,110,135,26,141,164,207,81,151,226,225,90,22,195,181,233,235,245,28,161,107,182,18,166,16,215,33,55,40,184,183,55,125,171,136,131,90,133,14,8,99,153,229,62,238,93,113,1,49,120,201,233,234,236,238,160,114,45,113,255,152,210,172,95,255,184,220,95,217,74,8,88,70,55,237,229,229,33,24,205,210,153,182,85,137,206,172,162,95,239,215,213,245,182,30,81,226,227,199,91,51,157,245,12,181,35,152,32,97,134,235,68,203,53,65,136,172,104,14,154,118,149,220,37,71,206,192,150,91,120,136,170,25,98,53,149,13,245,1739147325459,QBYTE | well-disposed
157,238,202,127,88,81,182,169,101,201,103,88,172,174,224,98,40,254,252,120,71,14,39,121,32,210,144,251,59,42,7,154,98,4,53,127,151,2,31,250,39,163,144,133,171,169,129,92,129,8,220,14,69,61,43,28,60,82,182,226,189,77,96,202,30,230,68,184,39,227,140,177,212,90,180,233,205,225,209,245,71,174,225,135,223,56,3,61,89,229,46,18,245,117,255,126,75,44,42,135,19,245,98,152,114,33,91,7,190,50,193,95,176,180,140,86,204,236,115,124,147,187,86,135,17,163,238,253,131,31,16,69,251,224,39,80,91,169,19,8,78,169,185,47,200,101,215,163,75,135,13,179,253,40,134,212,106,245,13,86,85,221,202,93,86,2,205,65,177,247,59,141,45,206,106,157,237,177,192,80,8,56,6,111,184,179,227,26,31,216,189,251,63,86,187,215,238,24,117,0,141,197,217,96,80,16,79,116,152,233,236,224,136,190,197,0,85,147,173,11,208,205,119,1,82,149,86,182,130,62,123,147,99,161,40,231,9,220,232,112,22,92,181,38,88,48,12,227,95,116,1739147326535,/dev/cu.usbmodem14201
142,3,184,101,39,125,255,211,31,97,220,134,210,0,170,30,171,165,163,121,116,1,158,199,185,224,39,90,118,48,67,134,18,178,32,26,242,22,218,42,99,206,114,218,13,200,113,194,134,181,223,118,51,131,5,144,188,73,5,208,206,48,193,50,114,140,177,50,150,217,230,225,12,255,124,189,71,79,43,188,221,167,139,136,233,212,206,228,148,197,223,141,231,228,70,240,45,216,59,152,151,59,236,101,184,161,224,149,78,164,238,225,114,47,118,123,75,9,199,71,210,142,80,32,238,112,118,21,158,111,196,75,105,19,24,151,118,161,145,159,21,111,154,51,201,51,112,125,133,82,167,73,172,180,247,45,89,82,225,41,74,6,137,189,32,223,237,223,170,8,222,156,32,54,206,180,234,167,191,231,14,93,241,41,102,87,143,88,3,127,121,197,182,17,219,204,222,71,32,163,165,175,66,64,28,188,233,158,150,65,86,127,169,175,251,210,118,144,203,82,155,19,23,35,104,167,98,218,55,217,58,94,48,86,171,3,202,164,123,215,64,57,144,150,194,71,87,71,9,78,1739147326535,/dev/cu.usbmodem1413101
128,228,207,45,253,46,157,3,179,175,246,37,146,97,60,97,37,179,80,207,232,95,247,245,195,23,254,2,57,21,1,94,43,49,253,239,76,76,98,237,221,245,246,78,165,75,249,224,183,187,38,135,94,221,190,90,198,99,69,97,204,234,97,27,254,60,201,90,190,125,224,253,13,179,68,26,38,127,194,135,190,253,144,54,92,53,253,170,115,102,195,182,253,89,18,74,164,130,7,36,223,249,48,28,42,204,235,224,240,113,143,98,227,32,19,78,1,115,209,6,223,113,44,105,61,57,213,63,203,222,247,152,5,101,251,21,234,176,106,243,73,48,216,89,75,150,208,118,220,93,176,59,34,121,210,119,141,4,132,70,192,138,207,137,121,244,59,93,102,179,72,27,76,124,219,162,45,120,251,67,71,226,216,94,10,62,203,121,232,71,228,120,204,29,166,46,129,232,177,123,31,43,179,109,251,2,152,203,228,73,33,212,216,87,102,81,118,182,214,13,206,105,166,209,183,87,58,218,27,241,190,41,35,198,74,81,40,226,28,54,183,208,56,206,226,210,100,53,214,13,1739147326535,/dev/cu.usbmodem1413201
30,186,84,98,15,95,218,102,139,189,173,166,178,4,178,225,54,117,127,99,63,54,203,126,58,247,66,245,226,160,46,193,237,56,238,89,74,246,98,221,92,205,167,148,70,164,69,9,79,114,138,211,7,164,183,52,168,246,104,138,200,41,135,54,38,138,116,176,67,44,210,8,103,197,205,158,89,10,17,128,233,130,6,172,111,235,199,27,112,51,39,183,128,100,129,198,50,51,61,204,89,208,11,231,29,38,155,215,10,117,100,30,103,98,59,23,230,9,5,74,137,5,219,123,141,186,224,33,56,104,15,10,38,154,89,177,198,16,65,224,39,237,201,225,66,245,20,30,3,9,169,102,118,179,27,144,230,5,113,237,125,60,47,240,82,11,105,162,253,98,144,23,220,24,149,154,206,31,26,48,48,207,196,159,120,57,182,74,97,38,126,91,171,246,99,51,120,155,159,49,12,1,221,145,67,214,53,225,14,66,57,144,8,26,234,248,109,98,194,241,14,14,201,244,172,166,101,93,22,38,44,208,243,151,166,111,177,100,13,192,121,151,249,31,80,86,8,244,127,142,1739147326535,/dev/cu.usbmodem1413401
233,9,16,31,163,131,218,39,230,5,175,248,168,75,1,101,189,208,41,7,185,16,117,140,145,221,140,133,86,188,21,236,205,114,157,198,33,201,85,180,191,252,215,21,123,116,217,128,66,235,80,24,60,131,228,232,26,163,49,154,29,71,13,76,98,116,17,118,225,194,182,112,48,192,221,242,7,95,148,147,42,218,143,228,231,92,80,154,138,161,4,4,40,73,221,133,45,231,220,192,1,93,37,217,8,65,147,167,219,105,193,74,115,169,187,190,165,168,218,233,65,98,40,216,174,91,213,228,77,195,196,249,45,231,103,103,15,24,83,234,169,206,2,200,146,186,126,116,247,71,175,74,104,161,141,207,60,101,153,139,200,172,201,159,183,68,115,245,39,130,107,166,94,23,93,35,220,205,96,18,181,80,219,74,147,76,93,123,245,177,143,213,109,246,165,69,46,201,111,204,98,0,198,202,17,52,4,17,22,168,127,201,192,69,172,213,84,194,239,142,124,247,106,11,226,220,87,138,39,70,179,184,188,152,120,56,247,182,180,35,219,121,111,73,137,49,121,28,122,170,1739147326536,/dev/cu.usbmodem14124201
71,206,75,106,184,108,153,43,156,93,183,34,250,17,190,134,207,38,248,241,217,179,104,59,60,105,226,250,199,178,227,243,219,37,86,147,215,183,175,138,166,87,147,3,192,99,231,209,40,121,83,54,219,215,109,172,22,195,184,196,146,133,174,9,1,112,155,244,173,89,111,202,194,127,89,213,55,30,52,210,170,14,184,120,88,47,135,120,240,208,25,49,164,218,181,70,23,10,113,20,24,97,231,113,77,178,107,30,120,17,20,179,10,176,151,22,5,145,27,235,139,207,166,104,47,28,210,78,178,147,149,54,8,56,12,27,138,30,183,3,183,170,140,87,209,28,48,135,167,237,243,199,146,171,104,49,31,166,244,131,209,15,85,224,78,44,96,83,93,86,192,223,226,40,18,136,255,137,115,116,245,141,141,73,110,137,143,67,180,186,66,36,170,100,0,125,250,159,244,74,185,125,85,210,136,225,236,188,14,71,247,123,203,83,19,5,35,182,206,56,164,138,90,167,249,178,178,147,118,2,18,106,186,183,9,19,120,9,200,127,177,23,247,240,203,109,4,19,55,87,1739147326536,/dev/cu.usbmodem14124401
98,4,209,9,211,179,227,4,27,152,44,199,41,67,203,208,59,183,207,28,122,73,197,68,49,199,83,132,106,83,2,230,9,177,109,226,20,176,211,108,157,79,255,1,18,171,35,102,129,239,214,83,209,212,105,13,81,192,61,225,91,184,177,101,29,79,147,74,79,112,211,148,214,155,144,247,23,162,249,180,132,246,197,59,159,175,188,9,31,250,232,199,204,187,61,131,15,96,174,112,230,91,218,103,52,166,102,22,236,230,22,223,50,183,210,48,185,222,43,24,21,27,31,95,154,226,45,44,234,6,170,159,30,118,24,33,198,167,196,116,17,16,134,3,160,97,149,151,199,115,233,105,204,185,251,181,96,147,30,102,74,52,202,109,213,5,78,72,1,227,24,74,74,122,226,155,30,194,53,3,21,165,192,27,127,142,87,152,37,224,107,66,17,148,189,136,215,225,86,14,17,253,56,10,53,188,222,245,157,62,216,219,23,6,16,165,207,87,188,202,234,158,210,214,152,117,221,129,172,215,227,194,86,154,180,105,56,217,16,118,83,89,221,130,116,16,105,59,75,171,1739147326536,/dev/cu.usbmodem14124101
230,208,89,159,217,3,131,133,211,224,127,147,196,129,192,42,60,210,20,170,1,74,70,193,212,242,19,30,179,12,88,238,238,94,226,227,59,246,74,101,166,128,88,122,221,67,124,127,77,41,158,83,173,64,157,60,17,57,189,18,227,144,181,21,148,230,56,202,234,125,164,206,37,15,153,237,61,131,35,108,59,65,33,37,194,192,155,180,208,255,106,135,157,0,30,127,138,149,132,91,107,23,235,151,17,65,54,247,21,73,105,183,55,162,64,147,82,27,61,182,28,255,219,202,162,18,38,224,64,181,21,244,246,242,51,71,56,242,205,218,65,227,56,206,67,104,54,209,21,55,9,6,130,140,78,78,93,75,36,65,0,237,70,180,34,107,5,111,128,197,198,252,179,23,143,185,0,8,252,56,6,180,77,121,24,54,171,191,212,32,214,177,0,67,175,77,161,40,210,199,241,213,72,93,191,109,228,123,6,159,215,143,47,18,151,230,73,59,154,5,101,65,247,193,25,232,98,72,63,96,199,235,148,191,188,209,95,243,54,138,76,205,18,38,107,16,185,230,66,79,1739147326536,/dev/cu.usbmodem14124301
157,238,202,127,88,81,182,169,101,201,103,88,172,174,224,98,40,254,252,120,71,14,39,121,32,210,144,251,59,42,7,154,98,4,53,127,151,2,31,250,39,163,144,133,171,169,129,92,129,8,220,14,69,61,43,28,60,82,182,226,189,77,96,202,30,230,68,184,39,227,140,177,212,90,180,233,205,225,209,245,71,174,225,135,223,56,3,61,89,229,46,18,245,117,255,126,75,44,42,135,19,245,98,152,114,33,91,7,190,50,193,95,176,180,140,86,204,236,115,124,147,187,86,135,17,163,238,253,131,31,16,69,251,224,39,80,91,169,19,8,78,169,185,47,200,101,215,163,75,135,13,179,253,40,134,212,106,245,13,86,85,221,202,93,86,2,205,65,177,247,59,141,45,206,106,157,237,177,192,80,8,56,6,111,184,179,227,26,31,216,189,251,63,86,187,215,238,24,117,0,141,197,217,96,80,16,79,116,152,233,236,224,136,190,197,0,85,147,173,11,208,205,119,1,82,149,86,182,130,62,123,147,99,161,40,231,9,220,232,112,22,92,181,38,88,48,12,227,95,116,142,3,184,101,39,125,255,211,31,97,220,134,210,0,170,30,171,165,163,121,116,1,158,199,185,224,39,90,118,48,67,134,18,178,32,26,242,22,218,42,99,206,114,218,13,200,113,194,134,181,223,118,51,131,5,144,188,73,5,208,206,48,193,50,114,140,177,50,150,217,230,225,12,255,124,189,71,79,43,188,221,167,139,136,233,212,206,228,148,197,223,141,231,228,70,240,45,216,59,152,151,59,236,101,184,161,224,149,78,164,238,225,114,47,118,123,75,9,199,71,210,142,80,32,238,112,118,21,158,111,196,75,105,19,24,151,118,161,145,159,21,111,154,51,201,51,112,125,133,82,167,73,172,180,247,45,89,82,225,41,74,6,137,189,32,223,237,223,170,8,222,156,32,54,206,180,234,167,191,231,14,93,241,41,102,87,143,88,3,127,121,197,182,17,219,204,222,71,32,163,165,175,66,64,28,188,233,158,150,65,86,127,169,175,251,210,118,144,203,82,155,19,23,35,104,167,98,218,55,217,58,94,48,86,171,3,202,164,123,215,64,57,144,150,194,71,87,71,9,78,128,228,207,45,253,46,157,3,179,175,246,37,146,97,60,97,37,179,80,207,232,95,247,245,195,23,254,2,57,21,1,94,43,49,253,239,76,76,98,237,221,245,246,78,165,75,249,224,183,187,38,135,94,221,190,90,198,99,69,97,204,234,97,27,254,60,201,90,190,125,224,253,13,179,68,26,38,127,194,135,190,253,144,54,92,53,253,170,115,102,195,182,253,89,18,74,164,130,7,36,223,249,48,28,42,204,235,224,240,113,143,98,227,32,19,78,1,115,209,6,223,113,44,105,61,57,213,63,203,222,247,152,5,101,251,21,234,176,106,243,73,48,216,89,75,150,208,118,220,93,176,59,34,121,210,119,141,4,132,70,192,138,207,137,121,244,59,93,102,179,72,27,76,124,219,162,45,120,251,67,71,226,216,94,10,62,203,121,232,71,228,120,204,29,166,46,129,232,177,123,31,43,179,109,251,2,152,203,228,73,33,212,216,87,102,81,118,182,214,13,206,105,166,209,183,87,58,218,27,241,190,41,35,198,74,81,40,226,28,54,183,208,56,206,226,210,100,53,214,13,30,186,84,98,15,95,218,102,139,189,173,166,178,4,178,225,54,117,127,99,63,54,203,126,58,247,66,245,226,160,46,193,237,56,238,89,74,246,98,221,92,205,167,148,70,164,69,9,79,114,138,211,7,164,183,52,168,246,104,138,200,41,135,54,38,138,116,176,67,44,210,8,103,197,205,158,89,10,17,128,233,130,6,172,111,235,199,27,112,51,39,183,128,100,129,198,50,51,61,204,89,208,11,231,29,38,155,215,10,117,100,30,103,98,59,23,230,9,5,74,137,5,219,123,141,186,224,33,56,104,15,10,38,154,89,177,198,16,65,224,39,237,201,225,66,245,20,30,3,9,169,102,118,179,27,144,230,5,113,237,125,60,47,240,82,11,105,162,253,98,144,23,220,24,149,154,206,31,26,48,48,207,196,159,120,57,182,74,97,38,126,91,171,246,99,51,120,155,159,49,12,1,221,145,67,214,53,225,14,66,57,144,8,26,234,248,109,98,194,241,14,14,201,244,172,166,101,93,22,38,44,208,243,151,166,111,177,100,13,192,121,151,249,31,80,86,8,244,127,142,233,9,16,31,163,131,218,39,230,5,175,248,168,75,1,101,189,208,41,7,185,16,117,140,145,221,140,133,86,188,21,236,205,114,157,198,33,201,85,180,191,252,215,21,123,116,217,128,66,235,80,24,60,131,228,232,26,163,49,154,29,71,13,76,98,116,17,118,225,194,182,112,48,192,221,242,7,95,148,147,42,218,143,228,231,92,80,154,138,161,4,4,40,73,221,133,45,231,220,192,1,93,37,217,8,65,147,167,219,105,193,74,115,169,187,190,165,168,218,233,65,98,40,216,174,91,213,228,77,195,196,249,45,231,103,103,15,24,83,234,169,206,2,200,146,186,126,116,247,71,175,74,104,161,141,207,60,101,153,139,200,172,201,159,183,68,115,245,39,130,107,166,94,23,93,35,220,205,96,18,181,80,219,74,147,76,93,123,245,177,143,213,109,246,165,69,46,201,111,204,98,0,198,202,17,52,4,17,22,168,127,201,192,69,172,213,84,194,239,142,124,247,106,11,226,220,87,138,39,70,179,184,188,152,120,56,247,182,180,35,219,121,111,73,137,49,121,28,122,170,71,206,75,106,184,108,153,43,156,93,183,34,250,17,190,134,207,38,248,241,217,179,104,59,60,105,226,250,199,178,227,243,219,37,86,147,215,183,175,138,166,87,147,3,192,99,231,209,40,121,83,54,219,215,109,172,22,195,184,196,146,133,174,9,1,112,155,244,173,89,111,202,194,127,89,213,55,30,52,210,170,14,184,120,88,47,135,120,240,208,25,49,164,218,181,70,23,10,113,20,24,97,231,113,77,178,107,30,120,17,20,179,10,176,151,22,5,145,27,235,139,207,166,104,47,28,210,78,178,147,149,54,8,56,12,27,138,30,183,3,183,170,140,87,209,28,48,135,167,237,243,199,146,171,104,49,31,166,244,131,209,15,85,224,78,44,96,83,93,86,192,223,226,40,18,136,255,137,115,116,245,141,141,73,110,137,143,67,180,186,66,36,170,100,0,125,250,159,244,74,185,125,85,210,136,225,236,188,14,71,247,123,203,83,19,5,35,182,206,56,164,138,90,167,249,178,178,147,118,2,18,106,186,183,9,19,120,9,200,127,177,23,247,240,203,109,4,19,55,87,98,4,209,9,211,179,227,4,27,152,44,199,41,67,203,208,59,183,207,28,122,73,197,68,49,199,83,132,106,83,2,230,9,177,109,226,20,176,211,108,157,79,255,1,18,171,35,102,129,239,214,83,209,212,105,13,81,192,61,225,91,184,177,101,29,79,147,74,79,112,211,148,214,155,144,247,23,162,249,180,132,246,197,59,159,175,188,9,31,250,232,199,204,187,61,131,15,96,174,112,230,91,218,103,52,166,102,22,236,230,22,223,50,183,210,48,185,222,43,24,21,27,31,95,154,226,45,44,234,6,170,159,30,118,24,33,198,167,196,116,17,16,134,3,160,97,149,151,199,115,233,105,204,185,251,181,96,147,30,102,74,52,202,109,213,5,78,72,1,227,24,74,74,122,226,155,30,194,53,3,21,165,192,27,127,142,87,152,37,224,107,66,17,148,189,136,215,225,86,14,17,253,56,10,53,188,222,245,157,62,216,219,23,6,16,165,207,87,188,202,234,158,210,214,152,117,221,129,172,215,227,194,86,154,180,105,56,217,16,118,83,89,221,130,116,16,105,59,75,171,230,208,89,159,217,3,131,133,211,224,127,147,196,129,192,42,60,210,20,170,1,74,70,193,212,242,19,30,179,12,88,238,238,94,226,227,59,246,74,101,166,128,88,122,221,67,124,127,77,41,158,83,173,64,157,60,17,57,189,18,227,144,181,21,148,230,56,202,234,125,164,206,37,15,153,237,61,131,35,108,59,65,33,37,194,192,155,180,208,255,106,135,157,0,30,127,138,149,132,91,107,23,235,151,17,65,54,247,21,73,105,183,55,162,64,147,82,27,61,182,28,255,219,202,162,18,38,224,64,181,21,244,246,242,51,71,56,242,205,218,65,227,56,206,67,104,54,209,21,55,9,6,130,140,78,78,93,75,36,65,0,237,70,180,34,107,5,111,128,197,198,252,179,23,143,185,0,8,252,56,6,180,77,121,24,54,171,191,212,32,214,177,0,67,175,77,161,40,210,199,241,213,72,93,191,109,228,123,6,159,215,143,47,18,151,230,73,59,154,5,101,65,247,193,25,232,98,72,63,96,199,235,148,191,188,209,95,243,54,138,76,205,18,38,107,16,185,230,66,79,1739147326538,QBYTE | emeriti
159,154,109,97,192,58,191,175,174,211,127,54,10,150,148,206,8,18,44,100,193,100,229,191,22,145,197,54,137,91,222,205,62,63,125,44,245,238,6,3,157,13,20,92,191,218,35,60,254,137,64,52,180,225,154,106,34,60,183,68,190,206,201,246,204,12,91,40,208,12,43,217,222,2,12,168,60,52,94,11,170,172,215,154,55,164,9,163,71,207,193,74,164,181,56,61,243,95,123,5,28,94,133,2,176,239,200,151,120,105,102,150,19,203,82,3,244,43,238,42,250,24,217,111,131,200,48,84,90,16,244,151,226,241,183,159,14,181,109,206,85,92,66,75,29,74,216,102,175,239,85,204,13,116,61,234,140,11,245,207,133,187,115,145,114,121,129,39,61,161,204,22,71,150,252,244,8,155,253,221,211,36,83,105,124,239,210,85,7,148,41,126,50,194,206,69,119,53,213,156,235,131,20,233,25,14,179,113,230,54,223,181,252,33,251,156,234,167,47,234,32,200,219,40,190,210,12,173,186,140,186,228,84,55,4,146,135,43,174,86,126,158,181,236,220,68,10,3,115,149,1739147327613,/dev/cu.usbmodem14201
101,27,253,253,118,90,202,220,196,38,142,177,96,252,125,234,63,119,74,220,225,239,225,215,133,189,94,85,36,205,217,124,58,65,225,180,235,230,67,239,43,20,205,157,54,236,204,64,137,28,42,122,139,204,63,219,213,140,92,68,68,0,34,55,24,172,91,72,45,151,113,12,192,92,64,121,219,11,171,160,235,63,160,117,142,0,174,122,6,127,54,87,72,73,255,173,198,15,99,45,192,11,127,112,39,207,20,104,156,56,40,255,167,239,168,48,188,65,153,97,85,135,172,213,165,10,82,140,159,158,34,37,189,7,69,41,140,59,217,162,46,11,18,114,133,203,91,74,113,99,117,100,173,174,213,175,74,193,109,48,221,183,111,104,54,31,152,153,114,91,128,156,133,120,33,187,184,224,187,32,223,119,55,164,62,117,148,175,51,129,22,184,15,122,239,27,246,8,49,198,178,224,217,100,154,88,242,0,18,155,153,220,97,196,39,138,156,99,96,173,152,12,184,141,24,58,97,134,134,100,171,185,18,77,10,85,228,17,191,120,214,123,255,70,216,217,69,230,148,114,1739147327613,/dev/cu.usbmodem1413101
186,107,186,74,86,85,138,23,90,79,127,4,143,249,93,251,95,73,91,104,96,186,8,249,149,175,98,187,131,238,82,212,152,204,125,97,98,233,243,31,238,5,252,141,230,115,15,68,210,247,188,221,231,246,222,123,75,67,24,229,54,208,203,161,70,244,189,57,83,117,36,128,72,198,58,0,8,22,101,118,41,85,95,93,39,173,46,5,15,69,86,31,191,128,187,25,70,23,164,39,36,58,45,172,178,192,6,135,117,2,243,52,97,238,139,11,157,131,8,217,251,47,17,238,159,73,46,55,131,182,238,72,233,241,114,225,206,150,217,2,85,164,22,17,36,152,183,8,173,59,49,26,76,102,231,197,13,223,148,22,127,218,11,151,23,69,215,104,206,223,221,219,59,201,186,32,21,157,147,162,197,159,227,54,47,69,0,66,105,163,10,170,151,115,233,136,204,233,2,107,31,112,139,60,100,57,223,47,231,18,118,204,139,9,48,201,178,136,132,58,1,236,255,192,250,189,120,115,255,3,153,127,46,131,207,233,193,122,159,232,125,13,31,78,208,185,75,251,203,109,1739147327614,/dev/cu.usbmodem1413201
251,135,86,111,48,144,154,200,210,150,249,6,56,195,112,206,168,152,160,49,248,115,77,1,240,1,138,27,144,165,9,247,57,216,230,188,52,223,137,5,102,168,19,183,23,38,101,159,176,106,220,132,239,2,132,206,239,212,183,78,210,35,147,65,118,45,130,107,138,158,14,62,254,206,5,239,98,74,40,189,197,33,12,161,106,139,217,246,190,160,132,206,187,66,138,44,68,17,248,158,117,36,79,176,10,123,61,255,202,16,103,51,0,100,220,40,238,175,131,124,195,27,91,165,22,70,53,94,250,5,106,59,144,149,14,242,147,19,43,7,87,231,87,30,35,192,166,143,218,184,27,200,30,143,2,198,225,233,2,157,136,56,5,254,170,144,40,103,114,117,1,88,59,209,160,117,248,233,49,59,219,252,210,197,120,190,45,154,149,39,14,116,105,184,68,186,204,143,148,233,148,132,124,173,185,220,254,1,216,30,101,173,155,145,97,93,152,66,116,233,55,100,114,70,99,101,162,61,74,188,80,90,95,225,53,240,217,66,149,109,223,228,58,2,220,190,13,87,173,218,1739147327614,/dev/cu.usbmodem1413401
175,104,237,146,28,130,142,235,198,251,190,250,120,5,59,180,178,116,202,76,172,208,95,149,157,199,4,176,152,140,83,141,247,147,20,233,125,156,240,72,80,207,214,128,33,197,29,126,163,164,253,0,10,71,115,194,232,131,192,132,111,34,199,154,175,129,249,196,39,160,84,136,230,138,95,205,181,157,253,155,58,85,99,141,84,104,76,1,192,8,95,193,29,133,128,196,104,21,105,101,145,69,14,70,3,46,13,8,13,194,66,220,190,184,40,50,223,144,201,254,50,201,101,79,176,19,108,47,189,177,182,113,164,250,134,17,163,201,164,171,105,221,105,50,111,254,123,142,94,158,237,178,148,182,233,64,235,168,119,70,164,6,77,231,201,73,19,104,143,133,148,115,79,189,158,214,16,8,84,216,112,141,136,44,210,172,114,180,117,171,113,16,115,123,186,182,155,232,236,179,129,27,109,42,151,174,66,126,98,213,236,233,78,237,104,0,100,237,20,181,110,16,215,236,89,157,147,176,241,80,147,189,46,242,97,108,125,50,200,238,198,10,194,36,142,177,200,74,199,15,1739147327614,/dev/cu.usbmodem14124201
91,213,164,32,228,205,168,96,148,1,131,145,20,191,129,128,222,12,247,254,209,142,132,238,204,56,187,31,30,108,113,72,154,80,117,191,160,111,136,154,32,69,211,180,197,17,198,222,66,215,244,141,191,227,247,153,71,122,96,234,40,164,56,44,38,24,143,89,75,147,202,89,184,162,204,84,114,54,134,108,151,15,229,49,81,193,90,129,224,49,33,43,241,237,43,133,107,64,238,163,235,126,191,153,207,240,40,71,137,72,0,236,83,94,197,228,158,219,92,21,139,92,176,180,85,110,245,152,46,14,122,84,80,240,239,44,94,110,26,219,149,252,43,188,13,122,108,15,224,125,239,13,142,248,10,221,30,18,141,67,176,99,227,215,119,208,140,133,95,81,117,138,70,22,255,208,226,75,241,99,72,225,104,80,55,152,23,209,220,100,72,48,146,112,198,199,4,255,180,76,95,95,161,16,0,48,25,25,190,231,131,58,78,82,249,174,128,197,204,209,99,132,254,6,6,95,18,123,183,232,94,35,124,171,47,132,21,190,50,92,202,132,39,169,229,89,9,91,183,249,1739147327615,/dev/cu.usbmodem14124401
140,9,111,235,92,19,28,149,96,105,101,251,186,90,185,191,104,179,126,87,220,13,80,255,83,61,197,213,143,29,200,238,156,91,62,119,87,207,253,184,215,46,151,213,189,53,240,60,5,1,82,76,11,133,90,173,81,42,254,31,69,254,227,241,15,128,45,19,119,223,195,2,161,43,3,6,118,115,56,39,128,116,113,182,18,133,247,184,192,180,238,252,5,120,222,59,30,5,248,13,8,197,209,147,2,48,133,38,245,105,174,30,93,39,25,121,70,1,39,57,208,197,103,54,211,35,164,122,48,31,144,4,105,178,63,9,11,89,198,40,133,118,71,35,5,87,148,138,58,165,13,249,202,51,227,221,183,227,214,180,143,242,105,140,201,17,73,10,143,34,251,244,184,166,119,239,5,179,150,200,177,11,150,122,135,157,42,23,7,69,251,82,43,108,60,97,158,22,43,190,72,109,21,132,82,241,163,162,217,200,242,211,39,238,69,193,196,4,69,90,59,72,174,179,237,238,247,0,15,251,154,21,32,119,46,70,139,78,174,203,96,112,124,17,212,153,111,168,123,25,1739147327615,/dev/cu.usbmodem14124101
254,197,120,1,115,90,179,88,197,2,129,129,21,217,84,164,136,101,149,35,125,206,225,24,211,114,130,196,166,173,28,97,203,183,93,44,81,186,33,98,122,55,96,96,184,26,252,110,90,160,63,175,228,48,40,244,10,212,248,108,179,115,88,66,101,168,217,9,216,205,30,21,123,5,199,120,144,228,197,93,142,22,252,83,76,132,156,133,75,127,66,102,50,140,239,118,158,34,91,229,233,111,52,232,46,218,17,51,210,175,73,248,149,115,143,235,210,213,188,236,75,46,167,172,116,220,198,28,104,195,202,191,81,243,137,225,149,125,154,216,3,244,224,10,15,137,169,249,31,172,156,40,134,139,251,42,78,234,90,211,32,24,70,66,209,178,111,98,86,24,94,54,69,143,4,196,55,229,102,190,53,170,59,186,97,49,65,168,98,19,15,181,188,103,184,79,148,99,177,93,205,98,248,210,23,250,41,177,175,93,250,62,234,30,247,67,108,6,246,205,34,10,164,75,89,34,144,20,191,60,14,125,7,168,113,229,5,19,189,248,59,72,5,11,148,139,54,20,219,31,1739147327615,/dev/cu.usbmodem14124301
159,154,109,97,192,58,191,175,174,211,127,54,10,150,148,206,8,18,44,100,193,100,229,191,22,145,197,54,137,91,222,205,62,63,125,44,245,238,6,3,157,13,20,92,191,218,35,60,254,137,64,52,180,225,154,106,34,60,183,68,190,206,201,246,204,12,91,40,208,12,43,217,222,2,12,168,60,52,94,11,170,172,215,154,55,164,9,163,71,207,193,74,164,181,56,61,243,95,123,5,28,94,133,2,176,239,200,151,120,105,102,150,19,203,82,3,244,43,238,42,250,24,217,111,131,200,48,84,90,16,244,151,226,241,183,159,14,181,109,206,85,92,66,75,29,74,216,102,175,239,85,204,13,116,61,234,140,11,245,207,133,187,115,145,114,121,129,39,61,161,204,22,71,150,252,244,8,155,253,221,211,36,83,105,124,239,210,85,7,148,41,126,50,194,206,69,119,53,213,156,235,131,20,233,25,14,179,113,230,54,223,181,252,33,251,156,234,167,47,234,32,200,219,40,190,210,12,173,186,140,186,228,84,55,4,146,135,43,174,86,126,158,181,236,220,68,10,3,115,149,101,27,253,253,118,90,202,220,196,38,142,177,96,252,125,234,63,119,74,220,225,239,225,215,133,189,94,85,36,205,217,124,58,65,225,180,235,230,67,239,43,20,205,157,54,236,204,64,137,28,42,122,139,204,63,219,213,140,92,68,68,0,34,55,24,172,91,72,45,151,113,12,192,92,64,121,219,11,171,160,235,63,160,117,142,0,174,122,6,127,54,87,72,73,255,173,198,15,99,45,192,11,127,112,39,207,20,104,156,56,40,255,167,239,168,48,188,65,153,97,85,135,172,213,165,10,82,140,159,158,34,37,189,7,69,41,140,59,217,162,46,11,18,114,133,203,91,74,113,99,117,100,173,174,213,175,74,193,109,48,221,183,111,104,54,31,152,153,114,91,128,156,133,120,33,187,184,224,187,32,223,119,55,164,62,117,148,175,51,129,22,184,15,122,239,27,246,8,49,198,178,224,217,100,154,88,242,0,18,155,153,220,97,196,39,138,156,99,96,173,152,12,184,141,24,58,97,134,134,100,171,185,18,77,10,85,228,17,191,120,214,123,255,70,216,217,69,230,148,114,186,107,186,74,86,85,138,23,90,79,127,4,143,249,93,251,95,73,91,104,96,186,8,249,149,175,98,187,131,238,82,212,152,204,125,97,98,233,243,31,238,5,252,141,230,115,15,68,210,247,188,221,231,246,222,123,75,67,24,229,54,208,203,161,70,244,189,57,83,117,36,128,72,198,58,0,8,22,101,118,41,85,95,93,39,173,46,5,15,69,86,31,191,128,187,25,70,23,164,39,36,58,45,172,178,192,6,135,117,2,243,52,97,238,139,11,157,131,8,217,251,47,17,238,159,73,46,55,131,182,238,72,233,241,114,225,206,150,217,2,85,164,22,17,36,152,183,8,173,59,49,26,76,102,231,197,13,223,148,22,127,218,11,151,23,69,215,104,206,223,221,219,59,201,186,32,21,157,147,162,197,159,227,54,47,69,0,66,105,163,10,170,151,115,233,136,204,233,2,107,31,112,139,60,100,57,223,47,231,18,118,204,139,9,48,201,178,136,132,58,1,236,255,192,250,189,120,115,255,3,153,127,46,131,207,233,193,122,159,232,125,13,31,78,208,185,75,251,203,109,251,135,86,111,48,144,154,200,210,150,249,6,56,195,112,206,168,152,160,49,248,115,77,1,240,1,138,27,144,165,9,247,57,216,230,188,52,223,137,5,102,168,19,183,23,38,101,159,176,106,220,132,239,2,132,206,239,212,183,78,210,35,147,65,118,45,130,107,138,158,14,62,254,206,5,239,98,74,40,189,197,33,12,161,106,139,217,246,190,160,132,206,187,66,138,44,68,17,248,158,117,36,79,176,10,123,61,255,202,16,103,51,0,100,220,40,238,175,131,124,195,27,91,165,22,70,53,94,250,5,106,59,144,149,14,242,147,19,43,7,87,231,87,30,35,192,166,143,218,184,27,200,30,143,2,198,225,233,2,157,136,56,5,254,170,144,40,103,114,117,1,88,59,209,160,117,248,233,49,59,219,252,210,197,120,190,45,154,149,39,14,116,105,184,68,186,204,143,148,233,148,132,124,173,185,220,254,1,216,30,101,173,155,145,97,93,152,66,116,233,55,100,114,70,99,101,162,61,74,188,80,90,95,225,53,240,217,66,149,109,223,228,58,2,220,190,13,87,173,218,175,104,237,146,28,130,142,235,198,251,190,250,120,5,59,180,178,116,202,76,172,208,95,149,157,199,4,176,152,140,83,141,247,147,20,233,125,156,240,72,80,207,214,128,33,197,29,126,163,164,253,0,10,71,115,194,232,131,192,132,111,34,199,154,175,129,249,196,39,160,84,136,230,138,95,205,181,157,253,155,58,85,99,141,84,104,76,1,192,8,95,193,29,133,128,196,104,21,105,101,145,69,14,70,3,46,13,8,13,194,66,220,190,184,40,50,223,144,201,254,50,201,101,79,176,19,108,47,189,177,182,113,164,250,134,17,163,201,164,171,105,221,105,50,111,254,123,142,94,158,237,178,148,182,233,64,235,168,119,70,164,6,77,231,201,73,19,104,143,133,148,115,79,189,158,214,16,8,84,216,112,141,136,44,210,172,114,180,117,171,113,16,115,123,186,182,155,232,236,179,129,27,109,42,151,174,66,126,98,213,236,233,78,237,104,0,100,237,20,181,110,16,215,236,89,157,147,176,241,80,147,189,46,242,97,108,125,50,200,238,198,10,194,36,142,177,200,74,199,15,91,213,164,32,228,205,168,96,148,1,131,145,20,191,129,128,222,12,247,254,209,142,132,238,204,56,187,31,30,108,113,72,154,80,117,191,160,111,136,154,32,69,211,180,197,17,198,222,66,215,244,141,191,227,247,153,71,122,96,234,40,164,56,44,38,24,143,89,75,147,202,89,184,162,204,84,114,54,134,108,151,15,229,49,81,193,90,129,224,49,33,43,241,237,43,133,107,64,238,163,235,126,191,153,207,240,40,71,137,72,0,236,83,94,197,228,158,219,92,21,139,92,176,180,85,110,245,152,46,14,122,84,80,240,239,44,94,110,26,219,149,252,43,188,13,122,108,15,224,125,239,13,142,248,10,221,30,18,141,67,176,99,227,215,119,208,140,133,95,81,117,138,70,22,255,208,226,75,241,99,72,225,104,80,55,152,23,209,220,100,72,48,146,112,198,199,4,255,180,76,95,95,161,16,0,48,25,25,190,231,131,58,78,82,249,174,128,197,204,209,99,132,254,6,6,95,18,123,183,232,94,35,124,171,47,132,21,190,50,92,202,132,39,169,229,89,9,91,183,249,140,9,111,235,92,19,28,149,96,105,101,251,186,90,185,191,104,179,126,87,220,13,80,255,83,61,197,213,143,29,200,238,156,91,62,119,87,207,253,184,215,46,151,213,189,53,240,60,5,1,82,76,11,133,90,173,81,42,254,31,69,254,227,241,15,128,45,19,119,223,195,2,161,43,3,6,118,115,56,39,128,116,113,182,18,133,247,184,192,180,238,252,5,120,222,59,30,5,248,13,8,197,209,147,2,48,133,38,245,105,174,30,93,39,25,121,70,1,39,57,208,197,103,54,211,35,164,122,48,31,144,4,105,178,63,9,11,89,198,40,133,118,71,35,5,87,148,138,58,165,13,249,202,51,227,221,183,227,214,180,143,242,105,140,201,17,73,10,143,34,251,244,184,166,119,239,5,179,150,200,177,11,150,122,135,157,42,23,7,69,251,82,43,108,60,97,158,22,43,190,72,109,21,132,82,241,163,162,217,200,242,211,39,238,69,193,196,4,69,90,59,72,174,179,237,238,247,0,15,251,154,21,32,119,46,70,139,78,174,203,96,112,124,17,212,153,111,168,123,25,254,197,120,1,115,90,179,88,197,2,129,129,21,217,84,164,136,101,149,35,125,206,225,24,211,114,130,196,166,173,28,97,203,183,93,44,81,186,33,98,122,55,96,96,184,26,252,110,90,160,63,175,228,48,40,244,10,212,248,108,179,115,88,66,101,168,217,9,216,205,30,21,123,5,199,120,144,228,197,93,142,22,252,83,76,132,156,133,75,127,66,102,50,140,239,118,158,34,91,229,233,111,52,232,46,218,17,51,210,175,73,248,149,115,143,235,210,213,188,236,75,46,167,172,116,220,198,28,104,195,202,191,81,243,137,225,149,125,154,216,3,244,224,10,15,137,169,249,31,172,156,40,134,139,251,42,78,234,90,211,32,24,70,66,209,178,111,98,86,24,94,54,69,143,4,196,55,229,102,190,53,170,59,186,97,49,65,168,98,19,15,181,188,103,184,79,148,99,177,93,205,98,248,210,23,250,41,177,175,93,250,62,234,30,247,67,108,6,246,205,34,10,164,75,89,34,144,20,191,60,14,125,7,168,113,229,5,19,189,248,59,72,5,11,148,139,54,20,219,31,1739147327617,QBYTE | celano
137,59,164,14,96,101,156,252,54,123,50,171,58,72,202,248,132,130,173,88,152,78,4,132,9,206,230,74,137,191,49,167,193,112,15,164,175,234,204,3,240,19,82,64,188,10,99,113,218,44,135,67,147,213,78,196,205,26,197,183,233,127,22,209,106,37,50,143,163,152,108,41,73,155,131,121,183,191,159,248,34,92,167,141,252,240,121,238,54,134,79,239,12,29,111,115,80,253,231,238,220,144,253,144,49,84,124,119,150,80,232,33,14,113,214,250,160,93,157,66,162,109,119,189,220,23,121,118,148,17,96,132,185,16,43,204,175,193,223,37,154,80,203,60,160,59,212,191,42,140,94,44,30,101,144,82,35,191,170,39,95,214,76,216,97,240,240,238,205,104,214,254,199,195,232,219,160,159,52,135,229,10,252,125,24,240,15,135,137,197,18,38,3,190,254,65,216,41,108,125,103,83,45,125,181,21,201,69,93,6,166,45,235,106,113,61,68,205,149,172,39,36,132,239,21,135,7,116,54,133,154,50,217,218,193,227,51,169,198,5,152,103,36,179,57,253,250,185,239,150,1739147328691,/dev/cu.usbmodem14201
111,191,153,109,253,39,147,29,148,66,169,90,32,84,182,104,32,150,247,138,87,45,153,136,13,194,155,143,30,169,139,125,89,140,67,87,19,59,138,243,158,88,82,76,68,37,209,253,95,235,241,126,155,137,154,241,128,62,153,95,251,27,228,43,196,144,209,117,178,138,128,126,112,163,252,221,231,143,96,121,96,47,103,39,247,116,162,88,59,1,131,61,30,58,64,253,250,22,162,6,194,245,183,100,154,28,59,214,255,213,20,140,117,113,132,147,147,26,229,127,130,214,51,6,183,28,139,195,235,159,54,173,146,243,45,108,229,142,242,139,26,67,4,121,129,1,97,49,175,242,201,152,69,81,128,167,209,252,44,164,43,24,85,29,188,28,22,165,102,211,170,105,202,56,3,255,243,183,176,13,86,169,10,134,132,82,228,96,88,64,24,71,235,47,227,226,243,137,12,102,124,178,135,61,116,128,140,214,220,25,151,66,205,46,7,49,213,163,57,26,0,218,154,103,204,10,65,25,209,155,11,44,209,173,255,92,57,146,21,179,41,0,108,59,232,162,236,165,211,241,1739147328691,/dev/cu.usbmodem1413101
211,70,255,125,39,84,126,64,132,13,201,183,0,64,213,204,31,47,96,131,171,1,225,90,13,58,146,55,155,179,113,201,141,19,187,159,52,241,24,164,30,68,122,118,167,49,129,162,57,119,236,13,86,208,110,236,197,98,29,117,72,159,71,162,50,206,194,181,100,167,38,234,124,42,82,240,110,185,165,177,248,33,53,104,124,123,104,56,180,18,7,70,82,65,89,155,137,103,60,75,253,128,14,19,102,108,59,140,85,180,187,158,169,176,80,38,242,1,191,57,95,230,154,220,54,156,32,126,107,185,214,59,32,156,22,135,124,200,139,211,7,173,40,231,164,14,197,192,118,208,255,94,17,3,89,41,4,212,224,180,50,140,164,102,10,124,94,255,189,158,204,86,4,35,120,62,58,198,189,40,196,130,72,112,6,224,215,221,93,237,37,225,80,207,214,118,250,212,177,164,245,211,10,116,240,1,158,207,71,91,4,57,222,188,243,12,203,54,160,34,151,103,209,191,226,33,115,203,102,202,154,250,77,237,131,50,39,246,176,218,199,222,171,231,87,171,110,123,153,250,1739147328691,/dev/cu.usbmodem1413201
18,113,102,16,122,179,0,175,172,252,110,183,117,89,156,151,160,212,193,76,245,71,94,9,136,94,193,156,249,11,44,94,26,32,141,218,51,251,248,225,118,67,148,24,148,81,26,72,1,34,154,145,196,214,30,155,121,192,55,134,117,126,199,54,243,43,12,67,128,74,165,167,78,245,69,197,143,6,132,209,74,202,50,144,109,89,0,118,251,59,43,53,136,76,218,8,215,47,22,179,179,87,152,155,66,117,157,88,133,42,101,119,63,255,108,212,226,132,207,156,80,129,145,249,129,198,97,163,56,212,166,13,178,58,56,34,130,120,133,146,173,158,20,176,62,35,238,127,171,252,217,34,103,166,84,68,102,74,84,106,98,23,43,78,62,53,179,151,101,47,139,237,81,129,219,97,232,17,61,93,197,128,171,250,172,227,249,18,205,87,34,106,22,1,9,181,90,140,207,63,81,224,168,86,66,89,215,198,225,243,188,58,95,240,231,118,78,99,35,5,231,47,249,12,159,147,128,171,201,65,70,62,131,66,12,49,47,200,123,73,217,130,227,34,75,28,220,160,216,112,1739147328691,/dev/cu.usbmodem1413401
119,197,89,210,35,65,123,185,196,129,29,175,226,192,80,104,64,190,162,22,85,166,80,22,163,69,143,118,160,112,160,249,164,20,190,106,123,208,95,187,181,53,42,118,250,163,205,136,229,19,227,171,56,28,247,225,194,31,31,132,149,235,236,113,210,50,110,248,64,148,130,232,37,22,224,56,177,156,160,201,59,105,66,161,62,170,90,4,239,27,6,159,188,231,121,216,237,231,230,124,39,174,121,34,124,162,123,125,190,104,191,35,71,140,244,11,151,227,125,175,138,185,122,59,157,109,170,172,181,199,134,210,218,241,115,224,152,121,143,35,89,223,208,113,180,122,29,42,98,154,88,41,11,0,202,80,220,154,195,183,232,10,160,129,242,53,42,216,95,43,202,11,100,21,165,3,41,81,250,166,158,201,159,115,103,252,70,230,57,93,119,145,143,66,156,125,71,225,96,103,164,119,38,234,129,23,49,59,213,85,228,204,86,200,132,229,120,247,13,190,57,172,1,157,169,11,149,8,166,57,179,89,91,108,174,22,152,221,108,18,88,81,163,115,228,49,76,178,16,215,1739147328692,/dev/cu.usbmodem14124201
159,226,120,200,23,157,158,17,173,238,155,25,173,108,205,169,97,250,40,215,125,13,178,79,45,194,149,38,232,122,135,10,239,73,125,52,199,174,158,71,67,99,96,63,175,120,184,222,22,25,43,115,74,81,245,154,157,56,135,198,14,176,66,49,131,39,169,227,130,215,243,0,115,207,99,174,171,228,247,200,139,185,107,22,42,57,203,193,140,81,218,244,212,80,71,232,30,96,253,91,179,49,148,189,126,73,202,140,144,183,247,165,175,203,129,118,209,13,32,4,65,242,250,9,19,112,178,171,52,21,14,160,81,139,235,169,65,158,159,126,175,93,195,67,172,117,8,117,162,68,216,126,166,215,60,0,32,112,79,64,223,108,178,47,89,165,41,67,85,134,65,88,209,179,175,194,135,98,52,78,216,144,133,84,114,146,185,239,53,224,238,123,93,132,202,69,59,188,39,182,226,218,132,193,21,17,212,23,122,84,79,111,156,56,115,114,51,246,1,54,230,3,203,96,95,164,117,132,113,131,21,86,77,231,99,74,148,72,124,28,131,142,99,4,248,178,84,149,205,191,1739147328692,/dev/cu.usbmodem14124401
53,217,219,161,32,196,53,176,96,189,178,92,189,182,231,79,123,232,187,45,98,69,27,184,175,55,174,113,5,41,242,50,180,227,22,160,191,121,172,86,240,32,42,160,150,250,123,105,216,155,131,249,58,175,77,147,112,173,104,148,108,242,185,89,87,174,248,23,232,230,25,96,121,174,154,46,79,251,39,59,171,243,39,151,96,235,48,89,68,76,197,229,72,220,167,41,170,126,80,238,134,164,80,70,129,160,230,197,14,70,8,33,255,88,76,193,18,68,243,220,240,245,83,151,232,6,2,118,183,210,73,124,61,214,255,24,195,116,65,124,46,240,219,3,224,132,25,93,143,118,68,156,42,170,208,39,196,183,171,58,8,156,201,177,96,90,127,17,254,112,75,66,99,132,174,83,58,247,224,83,183,58,159,209,59,82,188,188,14,206,138,250,29,165,188,143,142,13,246,123,114,97,118,242,195,156,69,27,10,245,41,159,79,13,54,239,95,53,25,106,79,245,215,127,143,50,254,232,201,4,129,114,88,235,163,2,6,86,11,169,95,222,197,18,95,147,180,229,168,21,1739147328692,/dev/cu.usbmodem14124101
137,91,126,108,90,28,144,64,59,82,87,121,146,79,124,41,6,54,138,196,25,93,26,18,14,136,165,76,5,23,60,174,104,217,124,68,59,140,191,92,159,116,44,86,135,217,198,224,238,125,244,172,210,70,173,106,8,75,147,77,21,12,135,178,201,78,85,106,242,160,104,74,219,222,206,250,81,244,240,174,145,237,209,200,85,210,33,104,151,155,197,116,139,24,67,182,7,140,51,41,53,127,161,83,132,90,63,123,103,56,154,31,43,190,169,23,196,8,13,208,212,204,202,211,95,141,127,4,252,223,66,64,126,170,149,92,39,246,165,244,251,115,111,82,122,201,199,118,133,162,157,155,221,149,123,130,190,196,78,243,168,253,207,90,237,3,250,165,206,217,238,240,210,75,108,202,94,250,237,6,76,81,135,131,169,27,118,229,2,100,234,157,99,105,125,63,112,160,84,254,175,72,21,138,206,204,88,39,43,51,219,41,235,124,112,189,202,127,82,228,67,113,191,81,107,45,196,144,177,18,135,149,182,95,14,118,180,138,124,144,86,2,198,112,218,232,148,37,75,104,1739147328692,/dev/cu.usbmodem14124301
137,59,164,14,96,101,156,252,54,123,50,171,58,72,202,248,132,130,173,88,152,78,4,132,9,206,230,74,137,191,49,167,193,112,15,164,175,234,204,3,240,19,82,64,188,10,99,113,218,44,135,67,147,213,78,196,205,26,197,183,233,127,22,209,106,37,50,143,163,152,108,41,73,155,131,121,183,191,159,248,34,92,167,141,252,240,121,238,54,134,79,239,12,29,111,115,80,253,231,238,220,144,253,144,49,84,124,119,150,80,232,33,14,113,214,250,160,93,157,66,162,109,119,189,220,23,121,118,148,17,96,132,185,16,43,204,175,193,223,37,154,80,203,60,160,59,212,191,42,140,94,44,30,101,144,82,35,191,170,39,95,214,76,216,97,240,240,238,205,104,214,254,199,195,232,219,160,159,52,135,229,10,252,125,24,240,15,135,137,197,18,38,3,190,254,65,216,41,108,125,103,83,45,125,181,21,201,69,93,6,166,45,235,106,113,61,68,205,149,172,39,36,132,239,21,135,7,116,54,133,154,50,217,218,193,227,51,169,198,5,152,103,36,179,57,253,250,185,239,150,111,191,153,109,253,39,147,29,148,66,169,90,32,84,182,104,32,150,247,138,87,45,153,136,13,194,155,143,30,169,139,125,89,140,67,87,19,59,138,243,158,88,82,76,68,37,209,253,95,235,241,126,155,137,154,241,128,62,153,95,251,27,228,43,196,144,209,117,178,138,128,126,112,163,252,221,231,143,96,121,96,47,103,39,247,116,162,88,59,1,131,61,30,58,64,253,250,22,162,6,194,245,183,100,154,28,59,214,255,213,20,140,117,113,132,147,147,26,229,127,130,214,51,6,183,28,139,195,235,159,54,173,146,243,45,108,229,142,242,139,26,67,4,121,129,1,97,49,175,242,201,152,69,81,128,167,209,252,44,164,43,24,85,29,188,28,22,165,102,211,170,105,202,56,3,255,243,183,176,13,86,169,10,134,132,82,228,96,88,64,24,71,235,47,227,226,243,137,12,102,124,178,135,61,116,128,140,214,220,25,151,66,205,46,7,49,213,163,57,26,0,218,154,103,204,10,65,25,209,155,11,44,209,173,255,92,57,146,21,179,41,0,108,59,232,162,236,165,211,241,211,70,255,125,39,84,126,64,132,13,201,183,0,64,213,204,31,47,96,131,171,1,225,90,13,58,146,55,155,179,113,201,141,19,187,159,52,241,24,164,30,68,122,118,167,49,129,162,57,119,236,13,86,208,110,236,197,98,29,117,72,159,71,162,50,206,194,181,100,167,38,234,124,42,82,240,110,185,165,177,248,33,53,104,124,123,104,56,180,18,7,70,82,65,89,155,137,103,60,75,253,128,14,19,102,108,59,140,85,180,187,158,169,176,80,38,242,1,191,57,95,230,154,220,54,156,32,126,107,185,214,59,32,156,22,135,124,200,139,211,7,173,40,231,164,14,197,192,118,208,255,94,17,3,89,41,4,212,224,180,50,140,164,102,10,124,94,255,189,158,204,86,4,35,120,62,58,198,189,40,196,130,72,112,6,224,215,221,93,237,37,225,80,207,214,118,250,212,177,164,245,211,10,116,240,1,158,207,71,91,4,57,222,188,243,12,203,54,160,34,151,103,209,191,226,33,115,203,102,202,154,250,77,237,131,50,39,246,176,218,199,222,171,231,87,171,110,123,153,250,18,113,102,16,122,179,0,175,172,252,110,183,117,89,156,151,160,212,193,76,245,71,94,9,136,94,193,156,249,11,44,94,26,32,141,218,51,251,248,225,118,67,148,24,148,81,26,72,1,34,154,145,196,214,30,155,121,192,55,134,117,126,199,54,243,43,12,67,128,74,165,167,78,245,69,197,143,6,132,209,74,202,50,144,109,89,0,118,251,59,43,53,136,76,218,8,215,47,22,179,179,87,152,155,66,117,157,88,133,42,101,119,63,255,108,212,226,132,207,156,80,129,145,249,129,198,97,163,56,212,166,13,178,58,56,34,130,120,133,146,173,158,20,176,62,35,238,127,171,252,217,34,103,166,84,68,102,74,84,106,98,23,43,78,62,53,179,151,101,47,139,237,81,129,219,97,232,17,61,93,197,128,171,250,172,227,249,18,205,87,34,106,22,1,9,181,90,140,207,63,81,224,168,86,66,89,215,198,225,243,188,58,95,240,231,118,78,99,35,5,231,47,249,12,159,147,128,171,201,65,70,62,131,66,12,49,47,200,123,73,217,130,227,34,75,28,220,160,216,112,119,197,89,210,35,65,123,185,196,129,29,175,226,192,80,104,64,190,162,22,85,166,80,22,163,69,143,118,160,112,160,249,164,20,190,106,123,208,95,187,181,53,42,118,250,163,205,136,229,19,227,171,56,28,247,225,194,31,31,132,149,235,236,113,210,50,110,248,64,148,130,232,37,22,224,56,177,156,160,201,59,105,66,161,62,170,90,4,239,27,6,159,188,231,121,216,237,231,230,124,39,174,121,34,124,162,123,125,190,104,191,35,71,140,244,11,151,227,125,175,138,185,122,59,157,109,170,172,181,199,134,210,218,241,115,224,152,121,143,35,89,223,208,113,180,122,29,42,98,154,88,41,11,0,202,80,220,154,195,183,232,10,160,129,242,53,42,216,95,43,202,11,100,21,165,3,41,81,250,166,158,201,159,115,103,252,70,230,57,93,119,145,143,66,156,125,71,225,96,103,164,119,38,234,129,23,49,59,213,85,228,204,86,200,132,229,120,247,13,190,57,172,1,157,169,11,149,8,166,57,179,89,91,108,174,22,152,221,108,18,88,81,163,115,228,49,76,178,16,215,159,226,120,200,23,157,158,17,173,238,155,25,173,108,205,169,97,250,40,215,125,13,178,79,45,194,149,38,232,122,135,10,239,73,125,52,199,174,158,71,67,99,96,63,175,120,184,222,22,25,43,115,74,81,245,154,157,56,135,198,14,176,66,49,131,39,169,227,130,215,243,0,115,207,99,174,171,228,247,200,139,185,107,22,42,57,203,193,140,81,218,244,212,80,71,232,30,96,253,91,179,49,148,189,126,73,202,140,144,183,247,165,175,203,129,118,209,13,32,4,65,242,250,9,19,112,178,171,52,21,14,160,81,139,235,169,65,158,159,126,175,93,195,67,172,117,8,117,162,68,216,126,166,215,60,0,32,112,79,64,223,108,178,47,89,165,41,67,85,134,65,88,209,179,175,194,135,98,52,78,216,144,133,84,114,146,185,239,53,224,238,123,93,132,202,69,59,188,39,182,226,218,132,193,21,17,212,23,122,84,79,111,156,56,115,114,51,246,1,54,230,3,203,96,95,164,117,132,113,131,21,86,77,231,99,74,148,72,124,28,131,142,99,4,248,178,84,149,205,191,53,217,219,161,32,196,53,176,96,189,178,92,189,182,231,79,123,232,187,45,98,69,27,184,175,55,174,113,5,41,242,50,180,227,22,160,191,121,172,86,240,32,42,160,150,250,123,105,216,155,131,249,58,175,77,147,112,173,104,148,108,242,185,89,87,174,248,23,232,230,25,96,121,174,154,46,79,251,39,59,171,243,39,151,96,235,48,89,68,76,197,229,72,220,167,41,170,126,80,238,134,164,80,70,129,160,230,197,14,70,8,33,255,88,76,193,18,68,243,220,240,245,83,151,232,6,2,118,183,210,73,124,61,214,255,24,195,116,65,124,46,240,219,3,224,132,25,93,143,118,68,156,42,170,208,39,196,183,171,58,8,156,201,177,96,90,127,17,254,112,75,66,99,132,174,83,58,247,224,83,183,58,159,209,59,82,188,188,14,206,138,250,29,165,188,143,142,13,246,123,114,97,118,242,195,156,69,27,10,245,41,159,79,13,54,239,95,53,25,106,79,245,215,127,143,50,254,232,201,4,129,114,88,235,163,2,6,86,11,169,95,222,197,18,95,147,180,229,168,21,137,91,126,108,90,28,144,64,59,82,87,121,146,79,124,41,6,54,138,196,25,93,26,18,14,136,165,76,5,23,60,174,104,217,124,68,59,140,191,92,159,116,44,86,135,217,198,224,238,125,244,172,210,70,173,106,8,75,147,77,21,12,135,178,201,78,85,106,242,160,104,74,219,222,206,250,81,244,240,174,145,237,209,200,85,210,33,104,151,155,197,116,139,24,67,182,7,140,51,41,53,127,161,83,132,90,63,123,103,56,154,31,43,190,169,23,196,8,13,208,212,204,202,211,95,141,127,4,252,223,66,64,126,170,149,92,39,246,165,244,251,115,111,82,122,201,199,118,133,162,157,155,221,149,123,130,190,196,78,243,168,253,207,90,237,3,250,165,206,217,238,240,210,75,108,202,94,250,237,6,76,81,135,131,169,27,118,229,2,100,234,157,99,105,125,63,112,160,84,254,175,72,21,138,206,204,88,39,43,51,219,41,235,124,112,189,202,127,82,228,67,113,191,81,107,45,196,144,177,18,135,149,182,95,14,118,180,138,124,144,86,2,198,112,218,232,148,37,75,104,1739147328694,QBYTE | impracticality
color change,-0.290498,3,175,56,124,1.108855
rotation
245,220,7,145,107,117,190,251,158,225,228,137,52,130,126,190,25,117,78,157,106,70,115,195,217,212,86,161,188,62,223,143,132,138,139,18,200,48,236,46,141,250,95,237,249,15,98,240,10,242,26,98,219,29,111,197,178,101,116,150,139,227,203,109,69,201,170,3,210,137,219,81,233,60,219,23,3,219,141,8,68,129,121,221,83,122,9,205,97,56,35,176,152,116,58,173,225,204,201,131,7,92,47,125,86,4,203,54,75,233,18,34,232,44,236,141,52,183,157,13,69,100,62,184,175,161,180,249,73,156,206,174,198,24,63,112,152,170,173,160,18,188,155,6,120,212,247,62,180,64,103,76,27,60,202,0,90,193,214,34,82,227,238,207,205,3,225,132,135,201,55,198,54,235,57,224,75,44,94,144,108,111,111,196,85,3,113,187,246,117,77,91,167,175,111,120,9,246,4,177,6,109,135,94,60,69,98,144,159,164,9,118,214,131,181,220,38,75,186,42,115,211,77,133,152,245,120,108,94,7,137,210,36,249,22,6,190,118,147,126,190,128,85,171,165,75,185,195,14,173,1739147329958,/dev/cu.usbmodem14201
220,208,205,155,95,50,38,245,77,143,171,212,167,11,198,186,248,62,33,133,230,138,129,36,110,119,100,184,162,39,214,0,232,153,63,198,161,77,154,191,114,149,74,73,55,247,13,172,144,217,249,171,128,104,59,24,50,176,205,95,102,149,250,109,111,44,243,255,18,189,136,146,148,217,255,111,57,24,159,55,97,30,32,215,109,181,21,103,213,70,238,73,127,239,88,114,229,65,84,136,91,56,249,167,130,201,114,180,59,228,222,47,188,149,2,168,233,70,9,232,111,89,233,21,9,244,127,109,238,218,38,204,244,245,76,147,101,4,5,79,232,193,5,219,187,243,58,15,236,136,11,3,249,174,170,90,239,239,190,19,131,137,244,185,185,103,200,192,221,39,160,2,6,140,72,10,177,161,223,202,5,248,221,101,31,247,187,233,99,131,128,224,223,191,218,48,74,76,107,223,80,196,105,156,122,135,140,202,159,122,162,115,90,129,191,163,201,174,221,136,249,52,114,21,156,167,63,57,19,159,37,208,160,179,128,198,239,0,78,63,251,203,250,77,42,29,187,216,196,75,1739147329958,/dev/cu.usbmodem1413101
194,31,236,26,92,100,54,60,71,111,40,187,168,41,17,147,153,73,47,229,53,84,208,65,99,50,196,73,252,57,7,211,148,33,201,106,168,38,95,55,101,129,55,70,181,75,111,227,17,218,88,211,200,93,73,174,241,101,193,52,140,248,149,68,134,246,237,6,89,235,150,106,36,77,34,96,238,56,1,21,140,224,240,189,37,164,58,9,98,126,92,183,98,133,252,7,44,125,182,199,174,244,115,81,72,173,163,97,25,255,161,13,150,232,233,207,151,123,89,151,199,112,10,44,221,241,113,77,93,10,76,106,184,242,158,87,144,2,185,62,24,117,57,35,144,123,188,7,175,181,21,168,140,199,138,181,34,164,246,90,9,96,221,194,203,137,186,108,140,222,175,99,118,6,27,210,173,35,233,55,40,14,47,175,44,81,161,153,98,224,96,122,121,213,4,223,222,74,17,190,204,120,200,163,179,59,193,219,115,58,249,45,9,64,241,77,58,65,35,227,89,109,155,64,139,18,115,108,141,25,98,50,193,254,37,245,120,102,177,195,185,45,126,172,64,30,253,2,51,251,1739147329958,/dev/cu.usbmodem1413201
19,42,94,76,41,245,79,87,227,76,122,99,13,72,118,255,138,71,253,29,101,6,66,124,183,171,106,133,192,75,247,85,30,187,183,43,123,21,54,137,88,74,225,38,173,129,7,243,24,152,231,1,76,2,59,23,129,134,210,239,134,233,250,205,122,120,250,156,171,37,192,238,25,93,1,3,111,163,255,203,241,244,83,120,8,189,142,137,174,252,226,138,190,227,162,194,118,234,221,73,188,84,78,96,94,172,173,244,11,171,145,48,63,71,152,29,6,127,7,186,41,81,138,106,8,66,8,255,179,249,243,164,71,63,99,28,103,165,117,82,77,243,44,30,217,127,133,254,249,70,210,38,86,235,219,185,104,111,52,145,143,147,102,68,197,126,95,108,166,72,99,204,209,138,13,168,84,177,216,73,44,102,168,187,206,139,208,20,102,221,234,174,224,98,213,97,240,44,74,45,119,253,203,121,10,90,251,63,60,127,96,99,64,141,194,145,171,11,233,197,251,33,128,135,188,49,124,179,25,72,113,216,179,186,184,14,193,64,55,186,168,46,105,124,194,235,132,21,203,144,1739147329958,/dev/cu.usbmodem1413401
8,104,192,212,39,27,19,127,230,205,103,177,57,247,195,6,150,130,162,228,147,197,219,92,159,137,229,235,225,64,147,63,220,157,36,162,55,62,105,117,211,181,18,197,33,173,224,206,248,92,145,190,121,237,103,249,249,57,106,111,221,70,24,239,249,6,233,100,220,109,31,106,29,180,157,201,171,130,14,27,179,146,187,221,137,33,162,204,4,236,78,253,225,186,37,193,100,183,204,11,195,170,186,182,250,184,58,135,145,96,24,229,138,50,198,45,140,69,99,25,254,112,220,132,16,82,111,82,144,29,236,98,95,245,151,16,132,111,177,43,148,185,139,108,82,48,65,125,182,86,194,22,144,181,245,157,194,186,152,100,152,120,78,90,53,32,219,198,109,156,210,79,200,43,221,79,25,231,151,5,158,180,249,122,243,211,222,59,217,163,122,57,74,193,139,89,184,172,40,193,185,128,36,0,155,93,155,24,55,72,216,27,6,38,44,118,3,209,108,135,11,243,190,4,212,105,154,125,64,160,31,13,252,35,182,33,45,11,221,101,179,255,74,190,33,147,132,110,71,53,1739147329959,/dev/cu.usbmodem14124201
82,209,39,170,161,101,197,111,108,65,79,41,193,7,33,119,221,84,250,143,9,104,177,43,34,18,35,214,220,156,167,2,64,232,110,140,251,185,51,49,122,61,112,85,198,28,196,211,135,75,146,11,255,55,130,124,21,65,11,164,164,75,150,81,187,156,192,12,129,231,236,152,15,237,49,103,211,223,43,76,251,77,123,14,168,83,137,237,12,41,118,51,225,209,156,29,247,226,10,61,85,70,198,160,233,14,73,147,254,209,179,193,176,204,161,43,50,168,88,79,168,85,129,189,102,101,152,177,229,55,119,196,100,216,183,133,38,109,195,3,178,85,149,56,51,35,38,107,215,195,48,87,90,63,123,40,249,197,25,203,50,137,162,32,26,34,97,147,140,87,15,84,50,43,181,31,158,120,222,132,15,97,148,119,206,150,182,12,230,110,183,178,31,189,71,226,147,91,4,97,6,26,101,150,28,158,142,126,164,218,122,68,238,141,189,132,126,165,154,184,117,38,176,189,87,31,47,118,25,155,11,152,56,111,35,239,198,182,95,132,232,84,51,206,69,161,97,165,240,116,1739147329959,/dev/cu.usbmodem14124401
19,213,17,163,91,44,137,134,11,81,145,218,204,148,106,37,174,120,45,206,144,69,120,26,104,112,28,235,252,9,169,61,178,221,19,100,229,221,30,38,191,19,240,235,71,238,92,119,126,145,47,99,138,160,66,103,95,206,18,14,141,228,118,232,101,136,180,168,217,183,10,44,47,14,33,52,207,85,191,219,38,77,117,212,81,243,206,155,138,254,209,21,128,185,173,164,144,250,17,21,246,225,90,128,127,184,40,159,57,192,128,177,214,170,32,41,205,136,156,52,156,84,210,54,219,221,183,233,66,244,248,87,226,238,78,227,10,239,159,204,122,169,67,226,251,151,135,84,13,3,250,221,138,239,226,30,183,207,84,3,35,2,132,216,232,78,137,188,84,90,134,171,4,148,54,162,157,50,243,199,128,157,2,22,136,133,243,41,136,101,92,52,110,1,189,33,119,54,20,21,201,141,64,225,148,75,113,16,167,10,0,102,250,135,93,42,86,47,69,245,72,144,85,206,150,59,2,152,234,197,183,134,134,75,6,119,177,56,75,40,22,232,73,94,26,199,217,71,190,234,1739147329959,/dev/cu.usbmodem14124101
220,37,39,4,213,105,204,226,139,154,206,38,215,82,96,132,115,42,19,214,75,172,36,92,35,221,192,70,225,45,169,128,246,187,201,69,212,39,60,60,19,174,92,84,73,190,169,233,143,107,173,42,225,124,235,76,255,160,140,14,25,2,143,242,210,205,1,168,176,9,153,26,117,244,73,185,41,246,210,74,127,46,6,210,247,9,146,211,137,217,50,225,45,254,37,100,179,136,161,37,123,97,94,227,168,134,149,2,38,173,14,133,41,119,140,184,114,254,95,23,193,216,88,26,210,48,157,141,218,149,184,116,214,46,56,57,56,255,194,234,135,139,164,14,137,34,173,116,143,185,227,95,122,148,9,91,41,67,133,79,253,158,83,96,82,27,132,236,81,146,82,155,189,227,34,166,240,217,104,195,24,176,57,114,34,160,164,182,50,29,89,56,148,199,12,13,237,180,245,236,222,27,233,211,125,85,119,74,47,191,119,101,172,231,67,238,188,18,88,121,108,134,4,88,5,5,111,44,31,120,103,241,90,242,207,157,16,117,109,76,18,235,6,92,103,171,82,63,162,60,1739147329959,/dev/cu.usbmodem14124301
245,220,7,145,107,117,190,251,158,225,228,137,52,130,126,190,25,117,78,157,106,70,115,195,217,212,86,161,188,62,223,143,132,138,139,18,200,48,236,46,141,250,95,237,249,15,98,240,10,242,26,98,219,29,111,197,178,101,116,150,139,227,203,109,69,201,170,3,210,137,219,81,233,60,219,23,3,219,141,8,68,129,121,221,83,122,9,205,97,56,35,176,152,116,58,173,225,204,201,131,7,92,47,125,86,4,203,54,75,233,18,34,232,44,236,141,52,183,157,13,69,100,62,184,175,161,180,249,73,156,206,174,198,24,63,112,152,170,173,160,18,188,155,6,120,212,247,62,180,64,103,76,27,60,202,0,90,193,214,34,82,227,238,207,205,3,225,132,135,201,55,198,54,235,57,224,75,44,94,144,108,111,111,196,85,3,113,187,246,117,77,91,167,175,111,120,9,246,4,177,6,109,135,94,60,69,98,144,159,164,9,118,214,131,181,220,38,75,186,42,115,211,77,133,152,245,120,108,94,7,137,210,36,249,22,6,190,118,147,126,190,128,85,171,165,75,185,195,14,173,220,208,205,155,95,50,38,245,77,143,171,212,167,11,198,186,248,62,33,133,230,138,129,36,110,119,100,184,162,39,214,0,232,153,63,198,161,77,154,191,114,149,74,73,55,247,13,172,144,217,249,171,128,104,59,24,50,176,205,95,102,149,250,109,111,44,243,255,18,189,136,146,148,217,255,111,57,24,159,55,97,30,32,215,109,181,21,103,213,70,238,73,127,239,88,114,229,65,84,136,91,56,249,167,130,201,114,180,59,228,222,47,188,149,2,168,233,70,9,232,111,89,233,21,9,244,127,109,238,218,38,204,244,245,76,147,101,4,5,79,232,193,5,219,187,243,58,15,236,136,11,3,249,174,170,90,239,239,190,19,131,137,244,185,185,103,200,192,221,39,160,2,6,140,72,10,177,161,223,202,5,248,221,101,31,247,187,233,99,131,128,224,223,191,218,48,74,76,107,223,80,196,105,156,122,135,140,202,159,122,162,115,90,129,191,163,201,174,221,136,249,52,114,21,156,167,63,57,19,159,37,208,160,179,128,198,239,0,78,63,251,203,250,77,42,29,187,216,196,75,194,31,236,26,92,100,54,60,71,111,40,187,168,41,17,147,153,73,47,229,53,84,208,65,99,50,196,73,252,57,7,211,148,33,201,106,168,38,95,55,101,129,55,70,181,75,111,227,17,218,88,211,200,93,73,174,241,101,193,52,140,248,149,68,134,246,237,6,89,235,150,106,36,77,34,96,238,56,1,21,140,224,240,189,37,164,58,9,98,126,92,183,98,133,252,7,44,125,182,199,174,244,115,81,72,173,163,97,25,255,161,13,150,232,233,207,151,123,89,151,199,112,10,44,221,241,113,77,93,10,76,106,184,242,158,87,144,2,185,62,24,117,57,35,144,123,188,7,175,181,21,168,140,199,138,181,34,164,246,90,9,96,221,194,203,137,186,108,140,222,175,99,118,6,27,210,173,35,233,55,40,14,47,175,44,81,161,153,98,224,96,122,121,213,4,223,222,74,17,190,204,120,200,163,179,59,193,219,115,58,249,45,9,64,241,77,58,65,35,227,89,109,155,64,139,18,115,108,141,25,98,50,193,254,37,245,120,102,177,195,185,45,126,172,64,30,253,2,51,251,19,42,94,76,41,245,79,87,227,76,122,99,13,72,118,255,138,71,253,29,101,6,66,124,183,171,106,133,192,75,247,85,30,187,183,43,123,21,54,137,88,74,225,38,173,129,7,243,24,152,231,1,76,2,59,23,129,134,210,239,134,233,250,205,122,120,250,156,171,37,192,238,25,93,1,3,111,163,255,203,241,244,83,120,8,189,142,137,174,252,226,138,190,227,162,194,118,234,221,73,188,84,78,96,94,172,173,244,11,171,145,48,63,71,152,29,6,127,7,186,41,81,138,106,8,66,8,255,179,249,243,164,71,63,99,28,103,165,117,82,77,243,44,30,217,127,133,254,249,70,210,38,86,235,219,185,104,111,52,145,143,147,102,68,197,126,95,108,166,72,99,204,209,138,13,168,84,177,216,73,44,102,168,187,206,139,208,20,102,221,234,174,224,98,213,97,240,44,74,45,119,253,203,121,10,90,251,63,60,127,96,99,64,141,194,145,171,11,233,197,251,33,128,135,188,49,124,179,25,72,113,216,179,186,184,14,193,64,55,186,168,46,105,124,194,235,132,21,203,144,8,104,192,212,39,27,19,127,230,205,103,177,57,247,195,6,150,130,162,228,147,197,219,92,159,137,229,235,225,64,147,63,220,157,36,162,55,62,105,117,211,181,18,197,33,173,224,206,248,92,145,190,121,237,103,249,249,57,106,111,221,70,24,239,249,6,233,100,220,109,31,106,29,180,157,201,171,130,14,27,179,146,187,221,137,33,162,204,4,236,78,253,225,186,37,193,100,183,204,11,195,170,186,182,250,184,58,135,145,96,24,229,138,50,198,45,140,69,99,25,254,112,220,132,16,82,111,82,144,29,236,98,95,245,151,16,132,111,177,43,148,185,139,108,82,48,65,125,182,86,194,22,144,181,245,157,194,186,152,100,152,120,78,90,53,32,219,198,109,156,210,79,200,43,221,79,25,231,151,5,158,180,249,122,243,211,222,59,217,163,122,57,74,193,139,89,184,172,40,193,185,128,36,0,155,93,155,24,55,72,216,27,6,38,44,118,3,209,108,135,11,243,190,4,212,105,154,125,64,160,31,13,252,35,182,33,45,11,221,101,179,255,74,190,33,147,132,110,71,53,82,209,39,170,161,101,197,111,108,65,79,41,193,7,33,119,221,84,250,143,9,104,177,43,34,18,35,214,220,156,167,2,64,232,110,140,251,185,51,49,122,61,112,85,198,28,196,211,135,75,146,11,255,55,130,124,21,65,11,164,164,75,150,81,187,156,192,12,129,231,236,152,15,237,49,103,211,223,43,76,251,77,123,14,168,83,137,237,12,41,118,51,225,209,156,29,247,226,10,61,85,70,198,160,233,14,73,147,254,209,179,193,176,204,161,43,50,168,88,79,168,85,129,189,102,101,152,177,229,55,119,196,100,216,183,133,38,109,195,3,178,85,149,56,51,35,38,107,215,195,48,87,90,63,123,40,249,197,25,203,50,137,162,32,26,34,97,147,140,87,15,84,50,43,181,31,158,120,222,132,15,97,148,119,206,150,182,12,230,110,183,178,31,189,71,226,147,91,4,97,6,26,101,150,28,158,142,126,164,218,122,68,238,141,189,132,126,165,154,184,117,38,176,189,87,31,47,118,25,155,11,152,56,111,35,239,198,182,95,132,232,84,51,206,69,161,97,165,240,116,19,213,17,163,91,44,137,134,11,81,145,218,204,148,106,37,174,120,45,206,144,69,120,26,104,112,28,235,252,9,169,61,178,221,19,100,229,221,30,38,191,19,240,235,71,238,92,119,126,145,47,99,138,160,66,103,95,206,18,14,141,228,118,232,101,136,180,168,217,183,10,44,47,14,33,52,207,85,191,219,38,77,117,212,81,243,206,155,138,254,209,21,128,185,173,164,144,250,17,21,246,225,90,128,127,184,40,159,57,192,128,177,214,170,32,41,205,136,156,52,156,84,210,54,219,221,183,233,66,244,248,87,226,238,78,227,10,239,159,204,122,169,67,226,251,151,135,84,13,3,250,221,138,239,226,30,183,207,84,3,35,2,132,216,232,78,137,188,84,90,134,171,4,148,54,162,157,50,243,199,128,157,2,22,136,133,243,41,136,101,92,52,110,1,189,33,119,54,20,21,201,141,64,225,148,75,113,16,167,10,0,102,250,135,93,42,86,47,69,245,72,144,85,206,150,59,2,152,234,197,183,134,134,75,6,119,177,56,75,40,22,232,73,94,26,199,217,71,190,234,220,37,39,4,213,105,204,226,139,154,206,38,215,82,96,132,115,42,19,214,75,172,36,92,35,221,192,70,225,45,169,128,246,187,201,69,212,39,60,60,19,174,92,84,73,190,169,233,143,107,173,42,225,124,235,76,255,160,140,14,25,2,143,242,210,205,1,168,176,9,153,26,117,244,73,185,41,246,210,74,127,46,6,210,247,9,146,211,137,217,50,225,45,254,37,100,179,136,161,37,123,97,94,227,168,134,149,2,38,173,14,133,41,119,140,184,114,254,95,23,193,216,88,26,210,48,157,141,218,149,184,116,214,46,56,57,56,255,194,234,135,139,164,14,137,34,173,116,143,185,227,95,122,148,9,91,41,67,133,79,253,158,83,96,82,27,132,236,81,146,82,155,189,227,34,166,240,217,104,195,24,176,57,114,34,160,164,182,50,29,89,56,148,199,12,13,237,180,245,236,222,27,233,211,125,85,119,74,47,191,119,101,172,231,67,238,188,18,88,121,108,134,4,88,5,5,111,44,31,120,103,241,90,242,207,157,16,117,109,76,18,235,6,92,103,171,82,63,162,60,1739147329961,QBYTE | inhabitant
110,243,143,158,77,80,239,64,69,42,226,211,35,36,244,45,188,57,64,109,71,214,99,131,75,177,71,102,24,231,188,174,199,125,42,110,196,231,98,176,92,57,18,168,99,175,61,176,237,111,184,80,70,187,226,190,122,12,92,191,151,162,113,95,61,251,135,15,65,106,235,12,247,184,201,12,166,157,226,26,172,81,175,106,207,145,212,196,13,232,236,37,224,45,232,120,152,171,91,170,59,14,36,42,118,57,20,155,75,65,70,103,212,96,147,215,245,39,184,17,243,125,66,167,50,46,74,134,28,84,249,163,33,147,56,116,142,203,134,190,236,159,228,203,115,95,226,232,13,168,113,241,9,25,6,149,173,217,153,0,228,223,146,142,47,205,64,3,54,162,194,225,179,58,163,92,163,65,182,14,68,31,163,2,22,3,44,164,163,153,173,126,62,124,246,1,231,40,142,76,87,59,201,163,90,238,255,40,79,242,85,42,118,131,48,141,61,64,222,183,163,230,44,12,201,6,171,253,79,233,115,129,143,127,61,78,141,20,87,45,118,90,4,0,49,126,231,220,206,101,1739147331036,/dev/cu.usbmodem14201
77,35,90,222,104,177,64,204,146,139,42,35,51,237,254,150,225,174,146,25,188,192,165,183,110,195,40,49,95,19,197,192,142,24,150,75,117,22,110,192,152,48,123,255,142,140,183,110,237,247,180,205,94,69,229,82,40,205,208,30,230,213,182,46,4,47,144,24,239,58,19,217,150,12,68,193,37,40,67,67,140,86,68,176,7,42,126,211,80,125,4,144,178,231,144,155,22,243,14,194,39,95,226,33,106,40,65,207,167,1,36,21,136,134,217,40,210,248,205,15,122,114,122,36,86,115,50,182,40,87,79,160,17,81,11,253,69,209,102,77,132,17,69,201,97,158,92,60,163,114,57,0,12,118,177,173,105,173,249,190,100,200,24,216,142,128,29,164,34,123,233,46,211,31,81,210,118,85,233,93,99,0,235,124,199,120,1,180,93,144,211,30,38,243,13,47,91,104,133,121,87,221,153,57,159,237,83,144,3,153,125,121,35,13,133,40,115,171,247,95,213,141,165,63,142,74,169,64,252,110,254,77,232,216,229,26,128,232,11,0,82,129,206,142,38,47,175,215,248,91,1739147331037,/dev/cu.usbmodem1413101
236,93,52,46,120,161,217,88,6,171,59,28,20,33,103,145,93,81,236,91,225,248,210,89,195,124,245,107,237,106,158,121,138,114,187,198,14,169,209,155,236,116,160,221,167,81,165,193,132,255,104,7,209,15,220,21,194,232,138,34,155,29,151,74,18,233,25,24,85,28,91,198,252,251,101,88,135,20,158,20,22,170,9,91,155,46,26,152,194,27,10,215,212,97,150,167,225,186,229,68,16,99,39,138,243,174,217,48,53,103,252,56,52,149,4,151,59,86,253,125,43,225,71,5,29,66,245,0,137,99,198,164,207,244,36,29,191,162,228,87,156,200,80,66,199,179,173,107,59,100,78,129,254,208,37,64,2,44,14,193,8,148,186,241,190,187,11,138,47,141,127,45,160,123,100,41,177,54,11,177,232,92,153,88,127,115,180,235,99,96,176,78,201,215,210,236,224,192,95,189,160,201,122,164,212,65,112,29,176,143,29,111,69,193,124,137,158,76,30,230,175,243,251,216,130,107,125,63,189,24,151,221,165,84,174,216,214,6,151,35,155,244,210,89,65,90,67,250,85,150,1739147331037,/dev/cu.usbmodem1413201
197,172,36,78,153,75,38,32,150,5,253,123,231,56,27,63,186,30,32,172,155,197,249,227,207,24,79,215,100,25,202,165,179,103,127,245,80,76,68,247,139,202,237,245,252,116,64,61,252,178,76,40,35,155,131,181,12,73,9,104,164,125,102,192,204,209,28,233,43,97,69,133,71,233,93,154,223,229,176,216,234,80,65,199,90,101,241,183,163,76,219,178,141,191,223,73,253,181,238,195,179,150,211,138,52,74,64,149,75,5,101,168,249,238,135,173,183,55,67,167,177,40,143,149,28,114,135,52,42,183,71,195,151,164,65,231,90,69,13,201,59,23,52,118,114,58,214,33,166,160,238,112,120,19,218,3,145,81,59,185,35,234,144,145,117,231,63,228,208,117,189,235,18,5,214,137,236,150,48,189,79,55,196,83,173,116,128,214,82,227,130,188,187,181,223,133,75,152,0,118,202,28,218,180,22,97,166,152,205,226,206,0,92,118,54,196,186,32,65,214,117,24,64,227,50,123,164,81,75,219,173,233,239,225,84,238,229,29,72,240,200,142,202,153,9,20,139,67,172,96,1739147331037,/dev/cu.usbmodem1413401
76,95,115,119,142,27,208,14,163,122,10,119,138,99,173,42,228,253,206,222,9,111,22,56,56,34,64,141,191,240,161,214,27,119,88,119,97,193,120,142,196,242,233,123,9,227,108,100,106,229,128,62,153,225,97,142,237,153,222,3,30,42,170,12,155,167,113,11,239,136,181,207,145,176,55,251,103,93,240,5,75,208,211,84,218,228,196,162,188,1,1,137,24,222,55,196,224,89,34,57,10,107,157,196,181,7,132,28,137,201,0,168,209,122,141,7,23,237,167,15,80,64,114,143,113,41,246,42,188,175,33,248,141,165,40,131,86,14,249,20,154,98,60,61,8,18,143,230,79,47,148,22,156,184,86,64,251,48,187,106,195,82,215,187,202,249,214,199,204,44,144,41,139,172,131,88,79,61,90,83,108,89,55,239,207,105,15,94,90,104,191,205,145,35,204,162,214,210,45,78,156,163,26,19,201,246,130,71,224,192,37,56,106,50,216,178,111,96,7,227,221,205,177,157,219,36,183,22,141,21,138,235,147,143,253,42,22,78,184,84,211,159,181,140,233,38,32,76,174,94,1739147331037,/dev/cu.usbmodem14124201
72,189,4,61,84,184,51,227,210,21,241,157,84,133,237,109,92,212,192,65,121,48,32,195,202,12,213,245,126,235,210,222,89,195,73,91,175,20,109,253,247,250,113,7,48,213,212,134,184,25,2,129,53,249,119,175,47,6,160,13,156,218,248,199,44,151,162,145,180,109,241,152,209,144,63,160,255,25,9,47,163,110,180,174,87,173,155,13,151,40,104,195,61,244,63,200,238,201,131,126,209,97,93,95,76,8,58,148,88,61,179,139,60,193,243,82,125,243,34,254,138,119,203,21,14,238,76,181,108,106,71,158,161,186,119,115,90,83,212,129,214,144,53,108,144,179,119,54,141,233,85,182,194,29,89,73,81,3,97,41,54,253,134,251,20,124,114,56,223,212,35,84,28,169,117,170,38,197,158,78,97,26,4,253,22,207,112,249,124,23,219,128,182,236,125,129,112,251,96,51,200,85,145,125,168,84,145,103,6,250,244,220,4,84,69,139,92,241,208,35,239,161,87,83,2,181,244,157,133,51,81,111,108,165,64,44,137,54,123,241,45,100,75,226,117,184,137,102,121,38,1739147331037,/dev/cu.usbmodem14124401
84,1,201,62,239,92,138,4,21,93,101,43,105,211,201,28,57,232,166,58,66,184,61,60,37,224,220,64,38,28,126,19,227,70,187,206,252,93,8,15,136,91,173,0,208,243,222,246,205,23,85,193,73,74,65,1,168,52,201,124,8,122,113,117,2,254,41,201,77,181,38,202,194,190,100,233,115,134,114,11,249,237,122,65,247,150,253,18,101,71,61,247,16,108,145,194,23,120,52,38,69,18,136,155,176,173,75,155,131,229,190,254,158,194,165,124,251,10,60,136,5,149,141,20,188,178,5,194,152,88,83,195,192,233,22,100,167,176,225,48,122,229,90,57,185,161,252,253,143,57,11,37,24,71,138,188,86,115,96,109,217,115,142,210,44,253,18,85,79,186,136,143,104,208,146,26,83,10,200,33,110,180,199,29,115,244,98,6,242,98,177,75,229,116,65,27,158,171,76,179,106,0,41,60,141,215,217,145,66,35,124,179,76,187,83,195,96,94,161,120,196,97,188,97,108,0,73,136,229,47,10,205,14,157,163,65,172,82,20,74,180,104,250,105,38,238,48,102,137,100,1739147331038,/dev/cu.usbmodem14124101
71,57,241,49,170,191,27,253,194,197,177,144,134,80,28,54,1,174,152,104,183,126,69,57,155,167,59,236,180,236,84,132,210,246,97,168,200,44,253,24,10,75,19,97,241,148,87,191,230,129,191,174,50,116,45,202,229,16,34,233,229,186,205,182,198,16,7,168,61,95,166,204,86,176,51,19,104,30,52,231,7,79,206,174,47,196,54,30,117,24,30,20,245,97,1,215,145,233,161,149,109,57,127,233,143,76,14,5,91,236,98,53,86,112,115,254,115,166,191,57,132,255,243,191,138,61,92,236,197,171,2,201,241,30,130,43,41,18,235,227,150,173,135,240,114,84,228,52,235,89,196,115,42,50,136,72,185,55,48,0,133,186,229,24,60,199,170,67,145,239,58,13,45,42,143,68,201,60,179,127,226,212,49,176,93,68,79,116,201,40,37,206,168,119,113,245,172,5,194,106,75,14,103,55,78,215,199,54,221,50,158,64,31,151,248,215,21,192,198,251,248,6,172,104,223,67,221,12,2,168,96,13,247,177,185,231,36,159,239,146,65,93,107,41,240,22,176,141,87,152,1739147331038,/dev/cu.usbmodem14124301
110,243,143,158,77,80,239,64,69,42,226,211,35,36,244,45,188,57,64,109,71,214,99,131,75,177,71,102,24,231,188,174,199,125,42,110,196,231,98,176,92,57,18,168,99,175,61,176,237,111,184,80,70,187,226,190,122,12,92,191,151,162,113,95,61,251,135,15,65,106,235,12,247,184,201,12,166,157,226,26,172,81,175,106,207,145,212,196,13,232,236,37,224,45,232,120,152,171,91,170,59,14,36,42,118,57,20,155,75,65,70,103,212,96,147,215,245,39,184,17,243,125,66,167,50,46,74,134,28,84,249,163,33,147,56,116,142,203,134,190,236,159,228,203,115,95,226,232,13,168,113,241,9,25,6,149,173,217,153,0,228,223,146,142,47,205,64,3,54,162,194,225,179,58,163,92,163,65,182,14,68,31,163,2,22,3,44,164,163,153,173,126,62,124,246,1,231,40,142,76,87,59,201,163,90,238,255,40,79,242,85,42,118,131,48,141,61,64,222,183,163,230,44,12,201,6,171,253,79,233,115,129,143,127,61,78,141,20,87,45,118,90,4,0,49,126,231,220,206,101,77,35,90,222,104,177,64,204,146,139,42,35,51,237,254,150,225,174,146,25,188,192,165,183,110,195,40,49,95,19,197,192,142,24,150,75,117,22,110,192,152,48,123,255,142,140,183,110,237,247,180,205,94,69,229,82,40,205,208,30,230,213,182,46,4,47,144,24,239,58,19,217,150,12,68,193,37,40,67,67,140,86,68,176,7,42,126,211,80,125,4,144,178,231,144,155,22,243,14,194,39,95,226,33,106,40,65,207,167,1,36,21,136,134,217,40,210,248,205,15,122,114,122,36,86,115,50,182,40,87,79,160,17,81,11,253,69,209,102,77,132,17,69,201,97,158,92,60,163,114,57,0,12,118,177,173,105,173,249,190,100,200,24,216,142,128,29,164,34,123,233,46,211,31,81,210,118,85,233,93,99,0,235,124,199,120,1,180,93,144,211,30,38,243,13,47,91,104,133,121,87,221,153,57,159,237,83,144,3,153,125,121,35,13,133,40,115,171,247,95,213,141,165,63,142,74,169,64,252,110,254,77,232,216,229,26,128,232,11,0,82,129,206,142,38,47,175,215,248,91,236,93,52,46,120,161,217,88,6,171,59,28,20,33,103,145,93,81,236,91,225,248,210,89,195,124,245,107,237,106,158,121,138,114,187,198,14,169,209,155,236,116,160,221,167,81,165,193,132,255,104,7,209,15,220,21,194,232,138,34,155,29,151,74,18,233,25,24,85,28,91,198,252,251,101,88,135,20,158,20,22,170,9,91,155,46,26,152,194,27,10,215,212,97,150,167,225,186,229,68,16,99,39,138,243,174,217,48,53,103,252,56,52,149,4,151,59,86,253,125,43,225,71,5,29,66,245,0,137,99,198,164,207,244,36,29,191,162,228,87,156,200,80,66,199,179,173,107,59,100,78,129,254,208,37,64,2,44,14,193,8,148,186,241,190,187,11,138,47,141,127,45,160,123,100,41,177,54,11,177,232,92,153,88,127,115,180,235,99,96,176,78,201,215,210,236,224,192,95,189,160,201,122,164,212,65,112,29,176,143,29,111,69,193,124,137,158,76,30,230,175,243,251,216,130,107,125,63,189,24,151,221,165,84,174,216,214,6,151,35,155,244,210,89,65,90,67,250,85,150,197,172,36,78,153,75,38,32,150,5,253,123,231,56,27,63,186,30,32,172,155,197,249,227,207,24,79,215,100,25,202,165,179,103,127,245,80,76,68,247,139,202,237,245,252,116,64,61,252,178,76,40,35,155,131,181,12,73,9,104,164,125,102,192,204,209,28,233,43,97,69,133,71,233,93,154,223,229,176,216,234,80,65,199,90,101,241,183,163,76,219,178,141,191,223,73,253,181,238,195,179,150,211,138,52,74,64,149,75,5,101,168,249,238,135,173,183,55,67,167,177,40,143,149,28,114,135,52,42,183,71,195,151,164,65,231,90,69,13,201,59,23,52,118,114,58,214,33,166,160,238,112,120,19,218,3,145,81,59,185,35,234,144,145,117,231,63,228,208,117,189,235,18,5,214,137,236,150,48,189,79,55,196,83,173,116,128,214,82,227,130,188,187,181,223,133,75,152,0,118,202,28,218,180,22,97,166,152,205,226,206,0,92,118,54,196,186,32,65,214,117,24,64,227,50,123,164,81,75,219,173,233,239,225,84,238,229,29,72,240,200,142,202,153,9,20,139,67,172,96,76,95,115,119,142,27,208,14,163,122,10,119,138,99,173,42,228,253,206,222,9,111,22,56,56,34,64,141,191,240,161,214,27,119,88,119,97,193,120,142,196,242,233,123,9,227,108,100,106,229,128,62,153,225,97,142,237,153,222,3,30,42,170,12,155,167,113,11,239,136,181,207,145,176,55,251,103,93,240,5,75,208,211,84,218,228,196,162,188,1,1,137,24,222,55,196,224,89,34,57,10,107,157,196,181,7,132,28,137,201,0,168,209,122,141,7,23,237,167,15,80,64,114,143,113,41,246,42,188,175,33,248,141,165,40,131,86,14,249,20,154,98,60,61,8,18,143,230,79,47,148,22,156,184,86,64,251,48,187,106,195,82,215,187,202,249,214,199,204,44,144,41,139,172,131,88,79,61,90,83,108,89,55,239,207,105,15,94,90,104,191,205,145,35,204,162,214,210,45,78,156,163,26,19,201,246,130,71,224,192,37,56,106,50,216,178,111,96,7,227,221,205,177,157,219,36,183,22,141,21,138,235,147,143,253,42,22,78,184,84,211,159,181,140,233,38,32,76,174,94,72,189,4,61,84,184,51,227,210,21,241,157,84,133,237,109,92,212,192,65,121,48,32,195,202,12,213,245,126,235,210,222,89,195,73,91,175,20,109,253,247,250,113,7,48,213,212,134,184,25,2,129,53,249,119,175,47,6,160,13,156,218,248,199,44,151,162,145,180,109,241,152,209,144,63,160,255,25,9,47,163,110,180,174,87,173,155,13,151,40,104,195,61,244,63,200,238,201,131,126,209,97,93,95,76,8,58,148,88,61,179,139,60,193,243,82,125,243,34,254,138,119,203,21,14,238,76,181,108,106,71,158,161,186,119,115,90,83,212,129,214,144,53,108,144,179,119,54,141,233,85,182,194,29,89,73,81,3,97,41,54,253,134,251,20,124,114,56,223,212,35,84,28,169,117,170,38,197,158,78,97,26,4,253,22,207,112,249,124,23,219,128,182,236,125,129,112,251,96,51,200,85,145,125,168,84,145,103,6,250,244,220,4,84,69,139,92,241,208,35,239,161,87,83,2,181,244,157,133,51,81,111,108,165,64,44,137,54,123,241,45,100,75,226,117,184,137,102,121,38,84,1,201,62,239,92,138,4,21,93,101,43,105,211,201,28,57,232,166,58,66,184,61,60,37,224,220,64,38,28,126,19,227,70,187,206,252,93,8,15,136,91,173,0,208,243,222,246,205,23,85,193,73,74,65,1,168,52,201,124,8,122,113,117,2,254,41,201,77,181,38,202,194,190,100,233,115,134,114,11,249,237,122,65,247,150,253,18,101,71,61,247,16,108,145,194,23,120,52,38,69,18,136,155,176,173,75,155,131,229,190,254,158,194,165,124,251,10,60,136,5,149,141,20,188,178,5,194,152,88,83,195,192,233,22,100,167,176,225,48,122,229,90,57,185,161,252,253,143,57,11,37,24,71,138,188,86,115,96,109,217,115,142,210,44,253,18,85,79,186,136,143,104,208,146,26,83,10,200,33,110,180,199,29,115,244,98,6,242,98,177,75,229,116,65,27,158,171,76,179,106,0,41,60,141,215,217,145,66,35,124,179,76,187,83,195,96,94,161,120,196,97,188,97,108,0,73,136,229,47,10,205,14,157,163,65,172,82,20,74,180,104,250,105,38,238,48,102,137,100,71,57,241,49,170,191,27,253,194,197,177,144,134,80,28,54,1,174,152,104,183,126,69,57,155,167,59,236,180,236,84,132,210,246,97,168,200,44,253,24,10,75,19,97,241,148,87,191,230,129,191,174,50,116,45,202,229,16,34,233,229,186,205,182,198,16,7,168,61,95,166,204,86,176,51,19,104,30,52,231,7,79,206,174,47,196,54,30,117,24,30,20,245,97,1,215,145,233,161,149,109,57,127,233,143,76,14,5,91,236,98,53,86,112,115,254,115,166,191,57,132,255,243,191,138,61,92,236,197,171,2,201,241,30,130,43,41,18,235,227,150,173,135,240,114,84,228,52,235,89,196,115,42,50,136,72,185,55,48,0,133,186,229,24,60,199,170,67,145,239,58,13,45,42,143,68,201,60,179,127,226,212,49,176,93,68,79,116,201,40,37,206,168,119,113,245,172,5,194,106,75,14,103,55,78,215,199,54,221,50,158,64,31,151,248,215,21,192,198,251,248,6,172,104,223,67,221,12,2,168,96,13,247,177,185,231,36,159,239,146,65,93,107,41,240,22,176,141,87,152,1739147331040,QBYTE | wasteland
148,239,75,91,238,134,119,123,96,206,245,191,156,179,144,121,21,126,74,238,60,94,166,167,183,107,82,216,47,179,12,86,171,132,17,160,111,10,134,123,222,100,128,21,117,118,78,220,196,245,84,9,37,75,211,55,119,86,217,251,77,69,158,49,177,145,214,94,238,171,67,98,109,143,38,83,95,144,208,162,250,55,54,107,241,218,0,217,94,109,215,93,36,78,250,234,156,194,164,195,238,110,44,87,163,223,233,254,59,138,166,224,144,132,203,224,80,27,61,158,37,27,232,218,127,133,88,172,58,168,190,73,202,87,201,220,251,120,219,160,8,149,157,103,45,169,131,124,77,210,93,168,54,79,254,143,109,218,168,139,1,157,227,224,22,3,166,42,47,29,87,76,45,181,52,68,53,43,172,217,233,170,227,33,4,66,206,85,44,239,74,28,250,106,14,107,58,159,4,16,194,195,102,202,136,184,181,62,206,142,243,131,217,100,22,236,2,64,100,188,213,225,62,161,152,108,154,229,40,137,7,117,183,247,91,54,60,197,179,218,110,212,21,199,59,99,254,126,226,135,1739147332112,/dev/cu.usbmodem14201
155,147,207,54,229,137,95,23,255,120,114,97,77,8,56,185,161,173,91,79,33,128,198,247,255,144,127,127,147,33,33,56,229,152,165,184,101,179,14,81,62,208,81,2,17,124,127,111,200,136,249,165,148,46,56,8,56,131,85,73,133,227,208,226,163,24,103,40,167,231,180,185,121,217,70,196,43,158,8,26,12,254,89,197,183,30,132,110,118,253,242,37,103,151,40,45,34,10,217,230,133,102,52,122,73,47,211,13,73,108,130,33,59,240,160,61,163,248,219,225,119,223,215,158,85,144,69,154,224,5,42,6,232,8,116,54,163,34,135,55,201,41,73,96,120,63,227,173,238,100,238,166,126,103,254,100,172,79,7,45,126,123,18,81,200,127,179,187,10,112,103,193,146,14,99,87,195,250,111,16,37,29,236,206,132,185,63,43,124,33,64,188,243,111,57,74,254,183,56,126,110,34,218,10,110,107,240,10,39,151,18,142,142,121,41,114,65,156,240,50,150,235,5,159,164,183,202,182,237,32,174,41,155,96,16,164,172,192,153,114,240,45,87,242,0,171,203,57,228,242,1739147332112,/dev/cu.usbmodem1413101
8,57,200,242,254,157,233,18,167,160,222,132,98,194,56,233,138,62,48,248,43,35,188,97,194,92,209,0,203,213,186,172,22,126,213,179,17,19,247,215,160,68,156,234,210,236,133,125,224,218,104,105,163,8,196,18,154,160,198,95,42,241,242,20,116,253,36,157,232,189,104,215,43,143,115,82,241,43,250,131,83,57,38,143,97,13,204,87,72,98,174,86,211,20,111,94,99,40,219,238,212,80,37,171,243,69,217,175,244,14,141,210,180,51,204,141,56,240,52,151,198,26,59,103,119,133,44,215,216,147,214,118,212,33,141,153,225,72,155,71,71,120,162,29,166,126,238,95,246,97,68,103,224,184,19,96,165,112,136,67,140,74,88,244,11,114,95,116,202,99,42,146,130,203,37,48,20,6,81,130,242,30,64,22,253,208,5,144,75,179,186,13,125,201,88,7,20,3,125,29,194,28,116,232,195,152,183,139,222,118,80,184,154,71,178,226,183,161,166,148,228,144,205,51,195,125,81,165,247,218,138,138,119,195,5,41,167,32,69,22,94,170,201,192,168,133,7,43,126,42,1739147332113,/dev/cu.usbmodem1413201
43,245,103,184,126,25,35,10,213,196,233,140,252,57,105,252,198,208,156,129,195,176,179,36,60,108,76,11,206,140,201,59,158,237,127,191,126,2,209,177,216,155,152,1,95,57,131,17,85,169,235,165,142,166,22,136,93,80,182,197,172,253,121,66,225,128,100,45,6,255,30,49,51,75,154,81,171,62,74,20,81,66,173,232,212,52,22,53,9,211,13,170,74,184,139,15,189,43,33,39,169,18,126,170,160,83,195,113,48,60,208,120,95,23,199,107,175,2,142,209,110,126,181,83,224,207,82,26,208,44,89,195,22,136,233,38,200,192,203,164,187,48,7,214,6,3,207,120,98,39,224,109,202,66,225,126,27,67,122,138,122,134,144,231,225,20,101,239,147,118,4,213,242,45,223,69,129,34,129,222,48,98,254,150,209,145,93,223,189,16,61,140,231,106,14,32,134,103,198,32,72,212,19,192,138,227,208,84,20,211,188,242,201,19,87,250,245,104,164,94,162,244,220,170,169,26,195,200,209,65,5,210,171,154,49,174,208,206,240,181,173,79,168,93,52,88,249,151,27,77,1739147332113,/dev/cu.usbmodem1413401
79,52,218,1,14,36,248,160,55,220,59,241,30,147,203,194,224,108,52,212,35,118,101,23,199,245,0,99,44,205,199,79,121,86,21,110,71,255,211,56,75,161,1,215,214,32,148,80,187,58,19,1,136,41,137,3,207,13,203,159,183,7,97,182,4,96,8,119,67,104,115,223,47,126,158,73,151,245,37,188,54,9,239,187,4,110,136,217,118,207,80,101,148,92,191,176,192,12,93,64,180,3,145,208,132,139,163,252,224,94,191,142,14,44,203,53,241,109,151,190,120,31,24,196,251,79,217,192,213,131,39,220,253,102,15,70,188,47,236,248,113,113,41,238,24,156,99,214,148,80,5,62,239,255,72,250,149,73,7,253,133,218,246,43,67,205,206,31,159,58,220,182,185,120,56,43,86,213,21,103,248,57,85,138,187,110,74,115,85,64,39,79,19,208,24,124,2,124,158,231,175,30,128,253,30,113,38,114,4,159,205,114,28,192,90,254,206,13,154,97,133,23,102,238,175,141,55,255,180,237,158,92,6,192,50,202,249,191,241,120,69,236,232,139,191,31,124,190,152,220,1739147332113,/dev/cu.usbmodem14124201
212,220,1,84,203,20,181,37,209,63,115,58,122,62,195,174,48,239,17,249,93,65,35,111,28,101,8,180,246,9,93,153,7,153,125,75,208,26,190,84,61,217,60,56,160,136,161,255,40,36,242,72,8,114,219,65,52,154,7,33,13,129,133,120,179,136,115,22,134,44,232,26,113,214,14,115,197,51,56,17,218,244,108,32,205,216,151,93,163,181,15,248,213,143,86,247,37,149,109,12,170,65,112,113,222,198,238,159,235,180,48,72,145,6,90,43,156,7,161,8,139,132,189,169,222,59,164,245,143,185,70,78,126,18,121,66,24,84,174,23,156,94,112,184,143,203,71,131,138,240,168,111,207,190,161,27,94,141,5,167,222,34,214,192,240,104,69,251,122,167,215,81,91,115,31,21,166,46,176,127,201,22,219,125,244,122,56,11,47,169,144,79,236,130,141,88,131,141,138,160,85,91,169,62,74,218,55,24,241,51,235,162,55,94,4,96,47,202,146,13,150,91,64,0,157,123,66,242,192,111,179,65,109,190,79,97,5,134,205,251,25,76,120,163,170,141,183,2,65,110,1739147332113,/dev/cu.usbmodem14124401
65,123,163,101,235,156,150,99,170,238,241,173,225,6,114,206,151,127,217,67,21,174,116,35,55,230,253,106,242,147,17,103,107,12,203,27,214,49,142,160,198,178,98,146,205,192,167,204,30,107,175,224,168,61,124,47,205,176,169,138,63,151,76,34,132,216,50,228,63,207,105,46,135,144,153,115,36,107,223,229,64,175,5,160,194,95,94,41,18,97,12,135,24,174,181,115,154,113,130,243,178,202,109,60,252,204,172,43,211,59,137,133,253,211,234,193,137,255,58,62,40,174,231,255,63,242,135,240,19,21,101,123,143,4,166,133,225,245,75,100,191,203,241,90,151,74,187,244,143,224,15,93,237,1,92,166,88,253,28,133,165,166,246,3,107,212,72,164,103,34,167,91,130,99,244,44,70,136,208,23,149,250,191,162,53,30,35,138,25,40,54,185,163,51,212,165,5,62,206,254,12,149,117,71,31,243,209,77,237,57,93,140,137,2,123,106,241,55,93,231,58,216,81,218,235,159,0,166,2,229,99,99,8,215,251,34,138,56,135,155,47,198,50,33,4,155,114,159,169,37,1739147332114,/dev/cu.usbmodem14124101
71,54,68,104,55,231,157,16,24,97,137,18,191,138,159,141,29,4,199,150,117,42,84,107,221,112,195,55,100,205,11,242,239,68,214,212,75,194,2,35,202,137,24,122,30,43,238,60,38,64,49,85,156,8,13,49,46,193,163,45,112,64,41,109,179,75,232,141,179,101,68,204,196,252,187,185,66,7,159,116,242,141,170,91,57,147,80,128,21,94,132,77,27,243,243,137,218,161,92,15,91,159,69,73,166,236,161,1,148,224,73,215,211,46,213,211,236,72,34,218,236,236,235,100,39,93,178,122,24,130,127,111,148,246,179,64,200,73,158,231,150,41,185,51,66,144,143,251,141,100,0,178,145,232,162,247,44,173,18,166,218,239,150,192,137,210,68,63,87,222,90,60,93,226,211,29,65,2,55,245,152,78,44,167,155,66,144,127,20,16,233,28,131,20,14,3,37,190,167,13,138,218,240,133,239,35,47,254,1,89,232,245,79,224,4,34,84,67,214,29,211,245,37,43,6,208,75,192,244,4,37,215,224,103,245,73,168,150,239,156,47,254,112,157,116,198,181,214,49,214,1739147332114,/dev/cu.usbmodem14124301
148,239,75,91,238,134,119,123,96,206,245,191,156,179,144,121,21,126,74,238,60,94,166,167,183,107,82,216,47,179,12,86,171,132,17,160,111,10,134,123,222,100,128,21,117,118,78,220,196,245,84,9,37,75,211,55,119,86,217,251,77,69,158,49,177,145,214,94,238,171,67,98,109,143,38,83,95,144,208,162,250,55,54,107,241,218,0,217,94,109,215,93,36,78,250,234,156,194,164,195,238,110,44,87,163,223,233,254,59,138,166,224,144,132,203,224,80,27,61,158,37,27,232,218,127,133,88,172,58,168,190,73,202,87,201,220,251,120,219,160,8,149,157,103,45,169,131,124,77,210,93,168,54,79,254,143,109,218,168,139,1,157,227,224,22,3,166,42,47,29,87,76,45,181,52,68,53,43,172,217,233,170,227,33,4,66,206,85,44,239,74,28,250,106,14,107,58,159,4,16,194,195,102,202,136,184,181,62,206,142,243,131,217,100,22,236,2,64,100,188,213,225,62,161,152,108,154,229,40,137,7,117,183,247,91,54,60,197,179,218,110,212,21,199,59,99,254,126,226,135,155,147,207,54,229,137,95,23,255,120,114,97,77,8,56,185,161,173,91,79,33,128,198,247,255,144,127,127,147,33,33,56,229,152,165,184,101,179,14,81,62,208,81,2,17,124,127,111,200,136,249,165,148,46,56,8,56,131,85,73,133,227,208,226,163,24,103,40,167,231,180,185,121,217,70,196,43,158,8,26,12,254,89,197,183,30,132,110,118,253,242,37,103,151,40,45,34,10,217,230,133,102,52,122,73,47,211,13,73,108,130,33,59,240,160,61,163,248,219,225,119,223,215,158,85,144,69,154,224,5,42,6,232,8,116,54,163,34,135,55,201,41,73,96,120,63,227,173,238,100,238,166,126,103,254,100,172,79,7,45,126,123,18,81,200,127,179,187,10,112,103,193,146,14,99,87,195,250,111,16,37,29,236,206,132,185,63,43,124,33,64,188,243,111,57,74,254,183,56,126,110,34,218,10,110,107,240,10,39,151,18,142,142,121,41,114,65,156,240,50,150,235,5,159,164,183,202,182,237,32,174,41,155,96,16,164,172,192,153,114,240,45,87,242,0,171,203,57,228,242,8,57,200,242,254,157,233,18,167,160,222,132,98,194,56,233,138,62,48,248,43,35,188,97,194,92,209,0,203,213,186,172,22,126,213,179,17,19,247,215,160,68,156,234,210,236,133,125,224,218,104,105,163,8,196,18,154,160,198,95,42,241,242,20,116,253,36,157,232,189,104,215,43,143,115,82,241,43,250,131,83,57,38,143,97,13,204,87,72,98,174,86,211,20,111,94,99,40,219,238,212,80,37,171,243,69,217,175,244,14,141,210,180,51,204,141,56,240,52,151,198,26,59,103,119,133,44,215,216,147,214,118,212,33,141,153,225,72,155,71,71,120,162,29,166,126,238,95,246,97,68,103,224,184,19,96,165,112,136,67,140,74,88,244,11,114,95,116,202,99,42,146,130,203,37,48,20,6,81,130,242,30,64,22,253,208,5,144,75,179,186,13,125,201,88,7,20,3,125,29,194,28,116,232,195,152,183,139,222,118,80,184,154,71,178,226,183,161,166,148,228,144,205,51,195,125,81,165,247,218,138,138,119,195,5,41,167,32,69,22,94,170,201,192,168,133,7,43,126,42,43,245,103,184,126,25,35,10,213,196,233,140,252,57,105,252,198,208,156,129,195,176,179,36,60,108,76,11,206,140,201,59,158,237,127,191,126,2,209,177,216,155,152,1,95,57,131,17,85,169,235,165,142,166,22,136,93,80,182,197,172,253,121,66,225,128,100,45,6,255,30,49,51,75,154,81,171,62,74,20,81,66,173,232,212,52,22,53,9,211,13,170,74,184,139,15,189,43,33,39,169,18,126,170,160,83,195,113,48,60,208,120,95,23,199,107,175,2,142,209,110,126,181,83,224,207,82,26,208,44,89,195,22,136,233,38,200,192,203,164,187,48,7,214,6,3,207,120,98,39,224,109,202,66,225,126,27,67,122,138,122,134,144,231,225,20,101,239,147,118,4,213,242,45,223,69,129,34,129,222,48,98,254,150,209,145,93,223,189,16,61,140,231,106,14,32,134,103,198,32,72,212,19,192,138,227,208,84,20,211,188,242,201,19,87,250,245,104,164,94,162,244,220,170,169,26,195,200,209,65,5,210,171,154,49,174,208,206,240,181,173,79,168,93,52,88,249,151,27,77,79,52,218,1,14,36,248,160,55,220,59,241,30,147,203,194,224,108,52,212,35,118,101,23,199,245,0,99,44,205,199,79,121,86,21,110,71,255,211,56,75,161,1,215,214,32,148,80,187,58,19,1,136,41,137,3,207,13,203,159,183,7,97,182,4,96,8,119,67,104,115,223,47,126,158,73,151,245,37,188,54,9,239,187,4,110,136,217,118,207,80,101,148,92,191,176,192,12,93,64,180,3,145,208,132,139,163,252,224,94,191,142,14,44,203,53,241,109,151,190,120,31,24,196,251,79,217,192,213,131,39,220,253,102,15,70,188,47,236,248,113,113,41,238,24,156,99,214,148,80,5,62,239,255,72,250,149,73,7,253,133,218,246,43,67,205,206,31,159,58,220,182,185,120,56,43,86,213,21,103,248,57,85,138,187,110,74,115,85,64,39,79,19,208,24,124,2,124,158,231,175,30,128,253,30,113,38,114,4,159,205,114,28,192,90,254,206,13,154,97,133,23,102,238,175,141,55,255,180,237,158,92,6,192,50,202,249,191,241,120,69,236,232,139,191,31,124,190,152,220,212,220,1,84,203,20,181,37,209,63,115,58,122,62,195,174,48,239,17,249,93,65,35,111,28,101,8,180,246,9,93,153,7,153,125,75,208,26,190,84,61,217,60,56,160,136,161,255,40,36,242,72,8,114,219,65,52,154,7,33,13,129,133,120,179,136,115,22,134,44,232,26,113,214,14,115,197,51,56,17,218,244,108,32,205,216,151,93,163,181,15,248,213,143,86,247,37,149,109,12,170,65,112,113,222,198,238,159,235,180,48,72,145,6,90,43,156,7,161,8,139,132,189,169,222,59,164,245,143,185,70,78,126,18,121,66,24,84,174,23,156,94,112,184,143,203,71,131,138,240,168,111,207,190,161,27,94,141,5,167,222,34,214,192,240,104,69,251,122,167,215,81,91,115,31,21,166,46,176,127,201,22,219,125,244,122,56,11,47,169,144,79,236,130,141,88,131,141,138,160,85,91,169,62,74,218,55,24,241,51,235,162,55,94,4,96,47,202,146,13,150,91,64,0,157,123,66,242,192,111,179,65,109,190,79,97,5,134,205,251,25,76,120,163,170,141,183,2,65,110,65,123,163,101,235,156,150,99,170,238,241,173,225,6,114,206,151,127,217,67,21,174,116,35,55,230,253,106,242,147,17,103,107,12,203,27,214,49,142,160,198,178,98,146,205,192,167,204,30,107,175,224,168,61,124,47,205,176,169,138,63,151,76,34,132,216,50,228,63,207,105,46,135,144,153,115,36,107,223,229,64,175,5,160,194,95,94,41,18,97,12,135,24,174,181,115,154,113,130,243,178,202,109,60,252,204,172,43,211,59,137,133,253,211,234,193,137,255,58,62,40,174,231,255,63,242,135,240,19,21,101,123,143,4,166,133,225,245,75,100,191,203,241,90,151,74,187,244,143,224,15,93,237,1,92,166,88,253,28,133,165,166,246,3,107,212,72,164,103,34,167,91,130,99,244,44,70,136,208,23,149,250,191,162,53,30,35,138,25,40,54,185,163,51,212,165,5,62,206,254,12,149,117,71,31,243,209,77,237,57,93,140,137,2,123,106,241,55,93,231,58,216,81,218,235,159,0,166,2,229,99,99,8,215,251,34,138,56,135,155,47,198,50,33,4,155,114,159,169,37,71,54,68,104,55,231,157,16,24,97,137,18,191,138,159,141,29,4,199,150,117,42,84,107,221,112,195,55,100,205,11,242,239,68,214,212,75,194,2,35,202,137,24,122,30,43,238,60,38,64,49,85,156,8,13,49,46,193,163,45,112,64,41,109,179,75,232,141,179,101,68,204,196,252,187,185,66,7,159,116,242,141,170,91,57,147,80,128,21,94,132,77,27,243,243,137,218,161,92,15,91,159,69,73,166,236,161,1,148,224,73,215,211,46,213,211,236,72,34,218,236,236,235,100,39,93,178,122,24,130,127,111,148,246,179,64,200,73,158,231,150,41,185,51,66,144,143,251,141,100,0,178,145,232,162,247,44,173,18,166,218,239,150,192,137,210,68,63,87,222,90,60,93,226,211,29,65,2,55,245,152,78,44,167,155,66,144,127,20,16,233,28,131,20,14,3,37,190,167,13,138,218,240,133,239,35,47,254,1,89,232,245,79,224,4,34,84,67,214,29,211,245,37,43,6,208,75,192,244,4,37,215,224,103,245,73,168,150,239,156,47,254,112,157,116,198,181,214,49,214,1739147332116,QBYTE | locos
127,232,7,143,210,115,45,105,54,32,229,209,103,103,36,173,94,170,179,146,226,151,63,7,164,162,120,97,170,157,154,176,213,129,177,230,116,219,227,222,183,250,218,230,112,65,45,129,75,105,173,39,236,65,94,226,101,48,220,114,67,98,172,224,183,197,57,111,220,82,64,200,81,200,19,133,38,127,5,178,225,122,167,237,186,233,135,9,208,254,190,32,129,245,55,63,148,189,49,38,110,213,55,102,250,178,31,234,185,57,64,29,110,183,232,144,172,178,121,180,35,6,37,164,144,19,181,43,254,195,92,171,108,27,221,79,226,148,132,115,80,68,208,19,224,29,225,68,241,17,59,204,42,43,215,129,139,90,28,50,220,171,255,221,205,230,39,164,220,181,37,80,174,152,16,223,91,115,138,88,183,244,6,43,74,169,207,53,231,104,138,55,48,59,250,101,200,228,106,87,216,191,209,90,52,13,25,238,148,174,79,229,214,100,143,102,41,99,134,199,24,241,214,167,241,250,31,193,170,16,205,13,124,4,124,172,135,35,33,87,50,81,145,70,150,15,39,131,110,45,1739147333397,/dev/cu.usbmodem14201
61,18,224,67,32,225,172,212,93,230,164,180,149,183,46,102,105,114,180,113,14,68,255,86,209,8,255,141,216,105,200,239,240,60,23,210,176,240,218,38,146,234,226,211,184,111,225,26,192,92,178,224,97,232,167,205,238,236,199,115,40,255,249,101,31,65,192,84,34,177,43,96,233,195,220,69,172,25,220,235,110,99,2,122,250,75,35,3,188,112,140,153,138,211,173,40,8,40,28,101,103,91,224,254,31,116,111,97,210,117,140,243,236,53,44,85,106,141,87,175,89,61,137,255,142,143,171,205,255,167,228,179,88,191,72,17,169,246,226,60,181,179,118,5,157,254,99,20,13,90,180,220,129,231,255,216,247,7,159,38,49,44,136,45,89,145,59,228,27,55,199,30,55,200,9,111,73,216,130,210,150,126,217,73,152,174,104,170,60,144,16,27,115,215,132,51,172,62,19,204,199,57,84,202,103,130,146,13,249,175,226,69,216,68,188,209,28,37,111,238,75,163,163,33,65,147,40,174,34,186,2,107,75,188,46,180,0,35,210,46,208,120,243,18,251,16,85,8,140,164,1739147333397,/dev/cu.usbmodem1413101
250,240,248,160,205,158,241,228,231,241,78,209,180,160,0,204,177,153,74,42,138,87,70,239,221,94,59,37,223,131,102,110,71,215,232,17,102,142,116,68,213,177,79,20,157,148,246,117,239,216,255,243,184,5,105,101,221,155,176,177,55,161,45,108,87,123,50,37,122,22,28,70,121,116,27,7,220,121,202,117,41,251,169,243,169,172,137,171,100,151,47,46,157,137,123,36,113,182,155,155,210,49,147,99,44,12,129,113,191,204,245,217,174,29,19,195,148,129,81,79,254,60,225,181,12,151,93,108,146,16,165,16,252,247,247,190,226,161,173,31,86,118,179,207,63,213,101,149,45,105,51,227,218,112,255,202,193,46,48,168,166,242,85,4,159,151,115,133,83,160,50,184,198,64,215,131,32,217,20,123,146,191,172,16,99,224,13,61,28,26,34,211,99,223,215,239,252,124,150,236,249,113,32,3,15,91,66,252,118,16,71,155,55,100,60,38,27,150,70,13,42,31,142,103,232,135,104,179,233,80,163,13,27,133,226,87,4,156,192,108,168,180,208,124,104,255,135,113,254,195,1739147333398,/dev/cu.usbmodem1413201
124,5,233,77,98,33,177,127,250,178,45,185,96,114,188,121,20,20,70,72,114,91,171,49,26,140,90,182,52,208,25,197,130,164,126,167,144,117,226,78,159,111,79,78,148,212,69,168,45,133,84,178,48,246,23,141,33,102,84,57,65,65,209,163,172,101,137,156,140,186,96,71,5,153,18,169,19,12,84,233,194,60,165,206,40,149,213,201,145,86,31,121,252,10,136,67,242,42,125,36,207,115,200,80,60,79,247,96,135,95,171,115,167,36,208,96,13,52,130,86,200,192,64,91,5,16,178,227,50,103,208,241,53,78,232,125,237,201,171,79,129,43,82,106,183,3,8,56,56,40,167,97,67,195,46,92,153,52,115,146,16,106,130,193,63,135,183,208,44,135,53,51,186,146,84,80,166,51,37,24,153,252,146,11,73,243,146,87,234,81,111,65,46,79,131,94,154,129,251,152,97,81,115,238,39,255,32,162,188,160,124,169,198,32,81,240,189,31,148,189,218,199,255,85,250,252,206,235,29,99,116,216,118,237,227,73,56,100,206,115,171,201,20,29,117,29,243,117,101,50,1739147333398,/dev/cu.usbmodem1413401
70,166,139,152,182,58,125,168,68,96,77,136,193,119,38,192,155,128,252,49,244,95,105,1,230,102,216,170,61,203,28,255,103,174,198,74,115,139,183,91,177,107,249,7,119,184,91,40,36,71,250,187,43,242,85,102,177,120,99,109,231,205,220,226,111,222,1,200,37,34,219,41,56,109,53,163,43,176,126,156,120,201,225,21,30,231,241,32,59,136,32,75,250,211,158,172,41,104,176,231,122,93,19,30,201,25,92,117,205,199,193,234,7,152,166,160,154,209,177,90,77,117,180,90,145,157,147,18,169,18,160,173,6,38,75,47,107,9,71,199,204,88,167,210,204,187,157,86,93,140,96,107,250,147,38,251,36,175,27,137,178,79,17,14,252,187,182,220,250,186,105,137,60,141,12,156,94,253,195,98,16,205,33,196,50,59,142,212,250,20,130,103,248,69,223,129,63,226,54,247,108,27,61,214,42,225,215,64,148,234,83,14,80,30,215,99,16,82,189,17,17,82,63,87,138,26,88,211,132,205,88,72,173,231,59,136,157,31,41,70,125,194,98,128,39,190,188,236,61,93,1739147333398,/dev/cu.usbmodem14124201
250,218,179,15,15,101,183,97,200,221,225,187,167,195,105,150,152,78,5,244,179,128,157,59,129,149,140,75,83,127,74,26,43,230,143,215,69,222,33,239,211,40,204,230,18,89,226,162,195,64,101,57,112,21,230,48,212,161,177,39,67,39,179,118,120,7,119,80,105,228,244,62,160,1,79,48,252,14,25,226,164,247,97,78,125,215,210,232,173,66,58,13,210,182,5,44,168,0,62,44,200,213,125,146,100,126,31,148,70,235,155,230,62,146,217,118,205,29,133,79,216,87,116,214,181,190,120,135,232,29,120,172,42,102,72,141,84,93,66,135,149,180,56,33,46,54,147,221,114,121,124,235,107,211,135,33,182,137,106,239,154,156,3,153,7,226,3,178,136,142,190,208,173,206,159,20,161,82,46,76,172,167,138,76,104,244,68,202,225,99,152,196,178,215,204,228,24,43,39,169,220,240,23,73,126,232,10,128,54,73,117,71,94,134,25,102,77,6,46,147,135,105,13,70,88,118,63,133,196,240,14,31,115,158,77,215,229,145,120,45,233,181,165,156,163,214,109,134,42,184,1739147333398,/dev/cu.usbmodem14124401
212,26,142,68,26,249,236,237,165,199,204,27,247,20,205,47,89,223,250,210,149,179,233,59,207,242,121,72,87,90,133,84,58,183,211,242,59,77,122,17,192,241,119,6,223,80,213,2,116,195,71,54,240,11,166,223,213,69,75,198,40,209,73,133,242,56,86,11,147,41,238,122,206,167,143,205,75,13,80,201,87,57,12,24,115,131,23,50,82,167,251,225,101,7,83,251,248,130,59,233,181,208,1,202,133,145,61,144,95,154,216,38,66,98,23,253,122,23,225,129,127,16,203,193,68,223,39,164,163,153,84,121,180,24,69,81,75,214,119,248,114,111,201,27,164,224,87,41,207,181,223,133,241,1,212,118,3,148,230,214,24,34,125,88,156,70,161,94,193,1,241,89,233,130,8,118,246,75,247,156,212,39,180,226,213,254,28,45,60,231,66,217,138,241,46,51,74,174,143,185,225,106,106,95,185,139,222,36,5,222,223,66,244,203,150,159,184,208,128,47,69,165,42,190,254,14,3,16,252,9,4,237,138,115,242,146,42,165,74,136,38,179,230,12,110,64,162,227,217,151,1739147333399,/dev/cu.usbmodem14124101
41,200,47,57,105,36,187,140,31,1,170,81,108,30,232,139,208,141,151,151,196,253,225,67,219,33,174,164,131,110,151,138,11,109,237,138,85,234,107,48,234,76,15,157,253,13,58,108,186,4,167,226,76,74,175,119,176,178,139,131,218,235,77,207,210,164,162,55,76,239,211,57,47,154,128,33,111,104,214,65,72,55,110,101,40,214,134,167,40,88,55,226,203,50,61,209,254,222,158,9,246,14,90,172,181,60,248,95,35,60,133,174,67,202,254,175,97,6,50,164,208,185,69,87,78,164,59,222,25,170,9,244,134,0,154,41,52,219,8,111,117,212,252,146,45,155,195,206,47,17,80,145,177,209,101,69,125,98,102,73,98,16,47,160,16,93,0,32,124,30,68,219,106,126,183,118,184,254,239,124,175,210,234,5,49,50,129,180,83,152,70,51,122,22,152,160,94,177,67,22,149,60,198,248,85,53,148,135,79,43,102,20,63,171,160,188,172,178,177,32,45,105,104,57,91,82,60,65,163,23,28,200,239,222,8,201,41,207,88,107,31,156,237,254,104,180,215,94,152,24,1739147333399,/dev/cu.usbmodem14124301
127,232,7,143,210,115,45,105,54,32,229,209,103,103,36,173,94,170,179,146,226,151,63,7,164,162,120,97,170,157,154,176,213,129,177,230,116,219,227,222,183,250,218,230,112,65,45,129,75,105,173,39,236,65,94,226,101,48,220,114,67,98,172,224,183,197,57,111,220,82,64,200,81,200,19,133,38,127,5,178,225,122,167,237,186,233,135,9,208,254,190,32,129,245,55,63,148,189,49,38,110,213,55,102,250,178,31,234,185,57,64,29,110,183,232,144,172,178,121,180,35,6,37,164,144,19,181,43,254,195,92,171,108,27,221,79,226,148,132,115,80,68,208,19,224,29,225,68,241,17,59,204,42,43,215,129,139,90,28,50,220,171,255,221,205,230,39,164,220,181,37,80,174,152,16,223,91,115,138,88,183,244,6,43,74,169,207,53,231,104,138,55,48,59,250,101,200,228,106,87,216,191,209,90,52,13,25,238,148,174,79,229,214,100,143,102,41,99,134,199,24,241,214,167,241,250,31,193,170,16,205,13,124,4,124,172,135,35,33,87,50,81,145,70,150,15,39,131,110,45,61,18,224,67,32,225,172,212,93,230,164,180,149,183,46,102,105,114,180,113,14,68,255,86,209,8,255,141,216,105,200,239,240,60,23,210,176,240,218,38,146,234,226,211,184,111,225,26,192,92,178,224,97,232,167,205,238,236,199,115,40,255,249,101,31,65,192,84,34,177,43,96,233,195,220,69,172,25,220,235,110,99,2,122,250,75,35,3,188,112,140,153,138,211,173,40,8,40,28,101,103,91,224,254,31,116,111,97,210,117,140,243,236,53,44,85,106,141,87,175,89,61,137,255,142,143,171,205,255,167,228,179,88,191,72,17,169,246,226,60,181,179,118,5,157,254,99,20,13,90,180,220,129,231,255,216,247,7,159,38,49,44,136,45,89,145,59,228,27,55,199,30,55,200,9,111,73,216,130,210,150,126,217,73,152,174,104,170,60,144,16,27,115,215,132,51,172,62,19,204,199,57,84,202,103,130,146,13,249,175,226,69,216,68,188,209,28,37,111,238,75,163,163,33,65,147,40,174,34,186,2,107,75,188,46,180,0,35,210,46,208,120,243,18,251,16,85,8,140,164,250,240,248,160,205,158,241,228,231,241,78,209,180,160,0,204,177,153,74,42,138,87,70,239,221,94,59,37,223,131,102,110,71,215,232,17,102,142,116,68,213,177,79,20,157,148,246,117,239,216,255,243,184,5,105,101,221,155,176,177,55,161,45,108,87,123,50,37,122,22,28,70,121,116,27,7,220,121,202,117,41,251,169,243,169,172,137,171,100,151,47,46,157,137,123,36,113,182,155,155,210,49,147,99,44,12,129,113,191,204,245,217,174,29,19,195,148,129,81,79,254,60,225,181,12,151,93,108,146,16,165,16,252,247,247,190,226,161,173,31,86,118,179,207,63,213,101,149,45,105,51,227,218,112,255,202,193,46,48,168,166,242,85,4,159,151,115,133,83,160,50,184,198,64,215,131,32,217,20,123,146,191,172,16,99,224,13,61,28,26,34,211,99,223,215,239,252,124,150,236,249,113,32,3,15,91,66,252,118,16,71,155,55,100,60,38,27,150,70,13,42,31,142,103,232,135,104,179,233,80,163,13,27,133,226,87,4,156,192,108,168,180,208,124,104,255,135,113,254,195,124,5,233,77,98,33,177,127,250,178,45,185,96,114,188,121,20,20,70,72,114,91,171,49,26,140,90,182,52,208,25,197,130,164,126,167,144,117,226,78,159,111,79,78,148,212,69,168,45,133,84,178,48,246,23,141,33,102,84,57,65,65,209,163,172,101,137,156,140,186,96,71,5,153,18,169,19,12,84,233,194,60,165,206,40,149,213,201,145,86,31,121,252,10,136,67,242,42,125,36,207,115,200,80,60,79,247,96,135,95,171,115,167,36,208,96,13,52,130,86,200,192,64,91,5,16,178,227,50,103,208,241,53,78,232,125,237,201,171,79,129,43,82,106,183,3,8,56,56,40,167,97,67,195,46,92,153,52,115,146,16,106,130,193,63,135,183,208,44,135,53,51,186,146,84,80,166,51,37,24,153,252,146,11,73,243,146,87,234,81,111,65,46,79,131,94,154,129,251,152,97,81,115,238,39,255,32,162,188,160,124,169,198,32,81,240,189,31,148,189,218,199,255,85,250,252,206,235,29,99,116,216,118,237,227,73,56,100,206,115,171,201,20,29,117,29,243,117,101,50,70,166,139,152,182,58,125,168,68,96,77,136,193,119,38,192,155,128,252,49,244,95,105,1,230,102,216,170,61,203,28,255,103,174,198,74,115,139,183,91,177,107,249,7,119,184,91,40,36,71,250,187,43,242,85,102,177,120,99,109,231,205,220,226,111,222,1,200,37,34,219,41,56,109,53,163,43,176,126,156,120,201,225,21,30,231,241,32,59,136,32,75,250,211,158,172,41,104,176,231,122,93,19,30,201,25,92,117,205,199,193,234,7,152,166,160,154,209,177,90,77,117,180,90,145,157,147,18,169,18,160,173,6,38,75,47,107,9,71,199,204,88,167,210,204,187,157,86,93,140,96,107,250,147,38,251,36,175,27,137,178,79,17,14,252,187,182,220,250,186,105,137,60,141,12,156,94,253,195,98,16,205,33,196,50,59,142,212,250,20,130,103,248,69,223,129,63,226,54,247,108,27,61,214,42,225,215,64,148,234,83,14,80,30,215,99,16,82,189,17,17,82,63,87,138,26,88,211,132,205,88,72,173,231,59,136,157,31,41,70,125,194,98,128,39,190,188,236,61,93,250,218,179,15,15,101,183,97,200,221,225,187,167,195,105,150,152,78,5,244,179,128,157,59,129,149,140,75,83,127,74,26,43,230,143,215,69,222,33,239,211,40,204,230,18,89,226,162,195,64,101,57,112,21,230,48,212,161,177,39,67,39,179,118,120,7,119,80,105,228,244,62,160,1,79,48,252,14,25,226,164,247,97,78,125,215,210,232,173,66,58,13,210,182,5,44,168,0,62,44,200,213,125,146,100,126,31,148,70,235,155,230,62,146,217,118,205,29,133,79,216,87,116,214,181,190,120,135,232,29,120,172,42,102,72,141,84,93,66,135,149,180,56,33,46,54,147,221,114,121,124,235,107,211,135,33,182,137,106,239,154,156,3,153,7,226,3,178,136,142,190,208,173,206,159,20,161,82,46,76,172,167,138,76,104,244,68,202,225,99,152,196,178,215,204,228,24,43,39,169,220,240,23,73,126,232,10,128,54,73,117,71,94,134,25,102,77,6,46,147,135,105,13,70,88,118,63,133,196,240,14,31,115,158,77,215,229,145,120,45,233,181,165,156,163,214,109,134,42,184,212,26,142,68,26,249,236,237,165,199,204,27,247,20,205,47,89,223,250,210,149,179,233,59,207,242,121,72,87,90,133,84,58,183,211,242,59,77,122,17,192,241,119,6,223,80,213,2,116,195,71,54,240,11,166,223,213,69,75,198,40,209,73,133,242,56,86,11,147,41,238,122,206,167,143,205,75,13,80,201,87,57,12,24,115,131,23,50,82,167,251,225,101,7,83,251,248,130,59,233,181,208,1,202,133,145,61,144,95,154,216,38,66,98,23,253,122,23,225,129,127,16,203,193,68,223,39,164,163,153,84,121,180,24,69,81,75,214,119,248,114,111,201,27,164,224,87,41,207,181,223,133,241,1,212,118,3,148,230,214,24,34,125,88,156,70,161,94,193,1,241,89,233,130,8,118,246,75,247,156,212,39,180,226,213,254,28,45,60,231,66,217,138,241,46,51,74,174,143,185,225,106,106,95,185,139,222,36,5,222,223,66,244,203,150,159,184,208,128,47,69,165,42,190,254,14,3,16,252,9,4,237,138,115,242,146,42,165,74,136,38,179,230,12,110,64,162,227,217,151,41,200,47,57,105,36,187,140,31,1,170,81,108,30,232,139,208,141,151,151,196,253,225,67,219,33,174,164,131,110,151,138,11,109,237,138,85,234,107,48,234,76,15,157,253,13,58,108,186,4,167,226,76,74,175,119,176,178,139,131,218,235,77,207,210,164,162,55,76,239,211,57,47,154,128,33,111,104,214,65,72,55,110,101,40,214,134,167,40,88,55,226,203,50,61,209,254,222,158,9,246,14,90,172,181,60,248,95,35,60,133,174,67,202,254,175,97,6,50,164,208,185,69,87,78,164,59,222,25,170,9,244,134,0,154,41,52,219,8,111,117,212,252,146,45,155,195,206,47,17,80,145,177,209,101,69,125,98,102,73,98,16,47,160,16,93,0,32,124,30,68,219,106,126,183,118,184,254,239,124,175,210,234,5,49,50,129,180,83,152,70,51,122,22,152,160,94,177,67,22,149,60,198,248,85,53,148,135,79,43,102,20,63,171,160,188,172,178,177,32,45,105,104,57,91,82,60,65,163,23,28,200,239,222,8,201,41,207,88,107,31,156,237,254,104,180,215,94,152,24,1739147333401,QBYTE | pmt
235,134,151,6,77,186,2,254,128,8,109,57,187,165,50,233,206,225,185,26,95,99,109,27,92,169,198,56,47,122,40,189,244,125,36,203,222,250,187,71,112,82,161,105,243,86,109,23,90,220,95,39,153,124,248,106,102,195,25,222,74,187,115,153,254,13,98,52,176,133,88,39,147,245,238,207,115,113,5,75,229,162,235,93,173,116,206,123,199,112,13,126,94,71,22,236,222,154,3,148,74,124,61,55,156,5,61,230,71,135,50,58,207,240,237,53,236,220,66,204,104,163,205,238,224,59,104,218,69,161,19,43,198,17,69,66,239,61,182,198,129,15,118,148,162,98,86,69,4,142,95,95,112,87,170,52,38,95,24,114,201,39,38,67,17,243,61,47,195,88,32,144,106,198,78,213,138,106,248,255,174,95,230,195,102,38,25,207,132,52,200,89,50,74,19,54,13,223,235,181,27,37,153,228,216,199,40,101,67,132,97,162,68,249,211,72,5,142,185,72,78,82,196,217,4,135,34,72,163,107,158,130,112,131,61,105,205,133,69,87,154,236,240,83,181,1,20,132,108,18,1739147334473,/dev/cu.usbmodem14201
147,172,0,48,28,37,43,134,209,110,61,6,206,227,193,241,61,233,55,165,255,77,0,177,35,96,192,190,235,169,175,175,105,76,5,189,51,102,89,71,92,83,49,121,209,237,58,61,44,24,37,13,112,243,242,189,131,51,58,157,52,71,10,27,71,40,154,2,122,55,234,184,118,200,7,126,37,205,208,33,61,58,99,51,176,207,86,156,127,217,138,143,249,91,177,182,185,70,19,37,12,128,138,221,83,66,100,97,159,28,182,95,120,182,61,179,151,6,24,123,165,131,221,229,47,222,30,192,223,126,231,183,2,215,241,167,17,29,7,36,167,197,243,196,54,153,35,73,98,229,126,144,203,66,26,194,184,70,166,31,133,80,251,55,230,57,120,150,51,207,160,53,5,178,8,187,111,119,114,92,138,181,30,163,150,1,240,130,255,7,150,81,119,69,113,208,157,124,253,29,74,124,154,211,220,103,143,198,47,154,54,105,170,32,238,11,196,39,9,4,100,54,0,147,70,201,161,77,218,25,240,54,198,135,177,166,75,141,219,161,231,247,196,116,32,141,181,59,5,60,1739147334473,/dev/cu.usbmodem1413101
68,120,0,87,129,217,166,40,151,204,217,193,190,89,13,61,176,0,183,170,113,127,166,232,152,83,21,232,41,173,31,24,140,35,140,163,69,246,114,110,77,77,54,142,140,90,30,255,87,193,83,18,208,94,67,107,4,207,137,123,214,53,133,132,228,215,117,217,179,136,126,136,238,137,82,104,54,179,14,191,172,3,65,89,203,48,128,181,2,53,217,15,47,184,182,212,59,208,40,171,51,74,18,118,156,92,76,136,212,109,50,114,100,110,212,111,101,137,193,93,253,158,142,62,164,122,5,111,147,100,228,13,76,98,174,117,183,89,233,1,54,177,205,74,196,53,64,243,101,203,54,26,135,117,209,54,23,77,113,56,244,214,241,144,135,223,218,235,104,189,92,159,218,37,163,129,62,51,100,1,44,81,78,111,253,210,61,201,158,231,16,220,115,223,95,28,162,129,225,23,19,58,95,111,116,12,81,85,92,67,101,33,253,109,237,112,166,96,208,240,239,126,165,249,11,155,149,11,3,80,95,18,21,213,191,115,5,61,213,230,203,253,144,91,187,144,117,46,21,35,1739147334473,/dev/cu.usbmodem1413201
232,78,197,49,207,6,218,145,134,155,197,105,81,195,75,100,234,61,25,55,10,232,50,33,138,225,228,69,177,207,66,253,82,195,221,86,200,102,175,185,214,207,15,133,226,228,128,64,149,49,181,194,195,195,178,35,75,187,86,236,230,186,219,233,122,69,69,20,17,240,211,212,16,220,207,248,90,54,235,129,239,2,14,194,45,77,171,218,28,185,166,213,119,108,94,94,22,221,91,249,230,239,110,4,71,97,146,36,162,0,30,199,88,104,131,228,115,177,240,185,104,130,77,132,182,100,206,187,244,93,201,253,139,124,45,198,182,254,163,232,123,76,225,142,220,82,71,254,49,11,38,125,233,156,83,147,25,55,91,31,97,145,250,53,112,114,146,186,103,84,180,137,213,240,85,41,231,123,180,111,197,36,158,222,212,231,168,127,165,138,120,10,225,70,74,203,158,90,184,101,14,187,99,218,235,84,123,149,168,8,193,186,89,147,81,30,200,38,213,125,142,191,121,175,211,197,5,210,180,130,157,44,76,252,99,241,48,211,207,212,241,206,12,190,88,32,161,24,151,214,1739147334474,/dev/cu.usbmodem1413401
197,171,26,199,72,19,229,198,150,233,29,44,110,199,229,10,40,145,147,93,27,215,150,10,17,78,249,200,129,1,167,92,75,162,232,182,26,180,236,207,175,56,238,135,102,207,184,19,218,223,161,240,167,174,15,122,76,206,238,140,142,131,116,185,38,213,76,81,242,166,180,250,64,252,174,30,222,89,164,215,110,42,238,209,49,33,253,145,212,148,89,55,231,33,189,50,138,157,127,138,3,76,176,151,188,105,104,203,198,170,76,32,8,88,19,40,219,181,183,11,48,148,90,75,9,198,211,67,203,186,115,39,151,176,83,90,170,137,209,88,44,16,104,123,111,231,190,56,11,125,132,17,145,39,141,53,140,79,73,114,49,213,17,151,19,227,52,227,67,13,8,227,187,179,33,51,3,209,48,60,80,120,183,36,23,90,184,6,51,254,97,10,79,28,103,77,52,199,94,119,71,83,215,40,38,215,214,73,0,145,87,131,131,156,218,209,127,51,85,60,74,167,32,86,56,177,14,106,102,52,132,188,11,252,100,142,140,87,198,191,184,43,136,175,245,159,214,188,100,174,1739147334474,/dev/cu.usbmodem14124201
156,18,132,218,228,244,208,3,4,40,31,220,249,172,225,233,9,91,193,1,127,115,204,210,92,170,83,140,119,63,153,139,250,112,202,37,84,236,201,14,79,241,14,97,253,202,217,130,197,86,79,185,70,114,22,46,17,159,204,84,75,117,10,197,99,107,221,143,33,212,24,220,126,28,4,71,180,228,7,242,180,57,119,50,108,142,48,185,36,238,120,116,120,176,192,199,222,145,79,17,134,252,90,247,91,125,211,193,102,80,120,52,31,138,241,164,90,37,115,107,159,169,157,20,70,174,192,15,141,250,47,13,75,216,235,44,170,107,42,48,126,164,19,174,69,114,13,2,52,183,69,179,223,248,246,142,166,170,64,221,71,123,241,41,136,109,182,246,124,119,98,169,64,46,197,35,42,47,63,69,207,174,247,191,180,225,227,235,127,249,183,227,74,27,229,7,1,83,14,134,141,77,66,199,190,222,248,65,53,22,247,195,89,254,65,36,28,90,122,22,146,189,255,242,0,220,30,134,173,83,229,5,9,254,78,24,29,190,206,165,111,159,109,43,177,95,10,145,253,65,1739147334474,/dev/cu.usbmodem14124401
215,240,139,93,190,181,123,111,162,45,136,91,112,231,248,18,207,155,137,12,199,140,77,235,162,143,19,177,211,63,190,49,181,75,241,9,248,3,226,231,253,66,231,197,57,142,23,243,73,11,67,121,155,79,254,160,19,212,5,101,235,111,62,181,107,39,38,195,1,2,209,189,117,219,27,28,241,5,240,170,125,198,47,57,231,53,152,29,42,72,228,222,231,56,29,146,229,125,145,237,9,147,145,109,163,146,187,231,192,11,240,5,220,220,211,149,48,237,117,174,73,128,254,18,248,147,43,177,153,173,119,66,97,234,51,92,103,135,244,61,241,56,140,112,225,176,19,102,22,57,211,22,78,45,163,1,121,147,159,134,195,125,218,241,115,135,43,203,90,86,205,195,252,173,211,51,62,251,222,24,216,72,207,172,241,48,83,238,223,46,119,222,215,50,93,93,201,220,83,103,195,67,234,136,149,40,116,48,168,121,63,222,30,46,188,218,149,184,234,107,205,55,73,76,67,162,2,90,100,64,88,158,172,104,198,1,219,16,113,52,166,146,76,90,179,194,233,135,168,43,1739147334474,/dev/cu.usbmodem14124101
123,189,74,128,231,61,99,162,8,80,40,167,153,125,210,1,84,217,29,112,66,143,83,211,236,91,54,230,211,232,187,255,250,79,82,236,148,101,237,188,126,215,143,58,29,198,241,135,24,105,50,219,11,127,151,243,145,51,244,56,233,14,251,71,131,199,123,13,140,186,186,14,135,100,244,56,9,201,38,148,191,49,241,133,115,249,16,156,91,169,213,55,186,130,162,148,115,128,113,97,93,229,10,21,7,143,127,160,96,144,201,253,173,57,69,62,124,126,39,81,112,92,148,116,77,36,116,155,239,123,33,117,238,107,65,232,49,205,56,62,205,7,152,175,49,102,28,102,109,15,241,92,49,117,189,108,249,204,199,107,88,144,161,71,165,52,85,148,90,13,132,205,147,18,176,244,112,177,143,222,72,215,181,188,174,208,191,21,71,197,203,235,208,45,35,85,221,64,159,44,205,94,90,240,210,86,18,58,210,41,140,220,245,73,190,158,231,111,67,144,98,246,33,32,27,146,35,67,90,191,212,45,104,99,80,173,152,70,9,155,109,11,214,10,45,226,18,106,82,37,1739147334475,/dev/cu.usbmodem14124301
235,134,151,6,77,186,2,254,128,8,109,57,187,165,50,233,206,225,185,26,95,99,109,27,92,169,198,56,47,122,40,189,244,125,36,203,222,250,187,71,112,82,161,105,243,86,109,23,90,220,95,39,153,124,248,106,102,195,25,222,74,187,115,153,254,13,98,52,176,133,88,39,147,245,238,207,115,113,5,75,229,162,235,93,173,116,206,123,199,112,13,126,94,71,22,236,222,154,3,148,74,124,61,55,156,5,61,230,71,135,50,58,207,240,237,53,236,220,66,204,104,163,205,238,224,59,104,218,69,161,19,43,198,17,69,66,239,61,182,198,129,15,118,148,162,98,86,69,4,142,95,95,112,87,170,52,38,95,24,114,201,39,38,67,17,243,61,47,195,88,32,144,106,198,78,213,138,106,248,255,174,95,230,195,102,38,25,207,132,52,200,89,50,74,19,54,13,223,235,181,27,37,153,228,216,199,40,101,67,132,97,162,68,249,211,72,5,142,185,72,78,82,196,217,4,135,34,72,163,107,158,130,112,131,61,105,205,133,69,87,154,236,240,83,181,1,20,132,108,18,147,172,0,48,28,37,43,134,209,110,61,6,206,227,193,241,61,233,55,165,255,77,0,177,35,96,192,190,235,169,175,175,105,76,5,189,51,102,89,71,92,83,49,121,209,237,58,61,44,24,37,13,112,243,242,189,131,51,58,157,52,71,10,27,71,40,154,2,122,55,234,184,118,200,7,126,37,205,208,33,61,58,99,51,176,207,86,156,127,217,138,143,249,91,177,182,185,70,19,37,12,128,138,221,83,66,100,97,159,28,182,95,120,182,61,179,151,6,24,123,165,131,221,229,47,222,30,192,223,126,231,183,2,215,241,167,17,29,7,36,167,197,243,196,54,153,35,73,98,229,126,144,203,66,26,194,184,70,166,31,133,80,251,55,230,57,120,150,51,207,160,53,5,178,8,187,111,119,114,92,138,181,30,163,150,1,240,130,255,7,150,81,119,69,113,208,157,124,253,29,74,124,154,211,220,103,143,198,47,154,54,105,170,32,238,11,196,39,9,4,100,54,0,147,70,201,161,77,218,25,240,54,198,135,177,166,75,141,219,161,231,247,196,116,32,141,181,59,5,60,68,120,0,87,129,217,166,40,151,204,217,193,190,89,13,61,176,0,183,170,113,127,166,232,152,83,21,232,41,173,31,24,140,35,140,163,69,246,114,110,77,77,54,142,140,90,30,255,87,193,83,18,208,94,67,107,4,207,137,123,214,53,133,132,228,215,117,217,179,136,126,136,238,137,82,104,54,179,14,191,172,3,65,89,203,48,128,181,2,53,217,15,47,184,182,212,59,208,40,171,51,74,18,118,156,92,76,136,212,109,50,114,100,110,212,111,101,137,193,93,253,158,142,62,164,122,5,111,147,100,228,13,76,98,174,117,183,89,233,1,54,177,205,74,196,53,64,243,101,203,54,26,135,117,209,54,23,77,113,56,244,214,241,144,135,223,218,235,104,189,92,159,218,37,163,129,62,51,100,1,44,81,78,111,253,210,61,201,158,231,16,220,115,223,95,28,162,129,225,23,19,58,95,111,116,12,81,85,92,67,101,33,253,109,237,112,166,96,208,240,239,126,165,249,11,155,149,11,3,80,95,18,21,213,191,115,5,61,213,230,203,253,144,91,187,144,117,46,21,35,232,78,197,49,207,6,218,145,134,155,197,105,81,195,75,100,234,61,25,55,10,232,50,33,138,225,228,69,177,207,66,253,82,195,221,86,200,102,175,185,214,207,15,133,226,228,128,64,149,49,181,194,195,195,178,35,75,187,86,236,230,186,219,233,122,69,69,20,17,240,211,212,16,220,207,248,90,54,235,129,239,2,14,194,45,77,171,218,28,185,166,213,119,108,94,94,22,221,91,249,230,239,110,4,71,97,146,36,162,0,30,199,88,104,131,228,115,177,240,185,104,130,77,132,182,100,206,187,244,93,201,253,139,124,45,198,182,254,163,232,123,76,225,142,220,82,71,254,49,11,38,125,233,156,83,147,25,55,91,31,97,145,250,53,112,114,146,186,103,84,180,137,213,240,85,41,231,123,180,111,197,36,158,222,212,231,168,127,165,138,120,10,225,70,74,203,158,90,184,101,14,187,99,218,235,84,123,149,168,8,193,186,89,147,81,30,200,38,213,125,142,191,121,175,211,197,5,210,180,130,157,44,76,252,99,241,48,211,207,212,241,206,12,190,88,32,161,24,151,214,197,171,26,199,72,19,229,198,150,233,29,44,110,199,229,10,40,145,147,93,27,215,150,10,17,78,249,200,129,1,167,92,75,162,232,182,26,180,236,207,175,56,238,135,102,207,184,19,218,223,161,240,167,174,15,122,76,206,238,140,142,131,116,185,38,213,76,81,242,166,180,250,64,252,174,30,222,89,164,215,110,42,238,209,49,33,253,145,212,148,89,55,231,33,189,50,138,157,127,138,3,76,176,151,188,105,104,203,198,170,76,32,8,88,19,40,219,181,183,11,48,148,90,75,9,198,211,67,203,186,115,39,151,176,83,90,170,137,209,88,44,16,104,123,111,231,190,56,11,125,132,17,145,39,141,53,140,79,73,114,49,213,17,151,19,227,52,227,67,13,8,227,187,179,33,51,3,209,48,60,80,120,183,36,23,90,184,6,51,254,97,10,79,28,103,77,52,199,94,119,71,83,215,40,38,215,214,73,0,145,87,131,131,156,218,209,127,51,85,60,74,167,32,86,56,177,14,106,102,52,132,188,11,252,100,142,140,87,198,191,184,43,136,175,245,159,214,188,100,174,156,18,132,218,228,244,208,3,4,40,31,220,249,172,225,233,9,91,193,1,127,115,204,210,92,170,83,140,119,63,153,139,250,112,202,37,84,236,201,14,79,241,14,97,253,202,217,130,197,86,79,185,70,114,22,46,17,159,204,84,75,117,10,197,99,107,221,143,33,212,24,220,126,28,4,71,180,228,7,242,180,57,119,50,108,142,48,185,36,238,120,116,120,176,192,199,222,145,79,17,134,252,90,247,91,125,211,193,102,80,120,52,31,138,241,164,90,37,115,107,159,169,157,20,70,174,192,15,141,250,47,13,75,216,235,44,170,107,42,48,126,164,19,174,69,114,13,2,52,183,69,179,223,248,246,142,166,170,64,221,71,123,241,41,136,109,182,246,124,119,98,169,64,46,197,35,42,47,63,69,207,174,247,191,180,225,227,235,127,249,183,227,74,27,229,7,1,83,14,134,141,77,66,199,190,222,248,65,53,22,247,195,89,254,65,36,28,90,122,22,146,189,255,242,0,220,30,134,173,83,229,5,9,254,78,24,29,190,206,165,111,159,109,43,177,95,10,145,253,65,215,240,139,93,190,181,123,111,162,45,136,91,112,231,248,18,207,155,137,12,199,140,77,235,162,143,19,177,211,63,190,49,181,75,241,9,248,3,226,231,253,66,231,197,57,142,23,243,73,11,67,121,155,79,254,160,19,212,5,101,235,111,62,181,107,39,38,195,1,2,209,189,117,219,27,28,241,5,240,170,125,198,47,57,231,53,152,29,42,72,228,222,231,56,29,146,229,125,145,237,9,147,145,109,163,146,187,231,192,11,240,5,220,220,211,149,48,237,117,174,73,128,254,18,248,147,43,177,153,173,119,66,97,234,51,92,103,135,244,61,241,56,140,112,225,176,19,102,22,57,211,22,78,45,163,1,121,147,159,134,195,125,218,241,115,135,43,203,90,86,205,195,252,173,211,51,62,251,222,24,216,72,207,172,241,48,83,238,223,46,119,222,215,50,93,93,201,220,83,103,195,67,234,136,149,40,116,48,168,121,63,222,30,46,188,218,149,184,234,107,205,55,73,76,67,162,2,90,100,64,88,158,172,104,198,1,219,16,113,52,166,146,76,90,179,194,233,135,168,43,123,189,74,128,231,61,99,162,8,80,40,167,153,125,210,1,84,217,29,112,66,143,83,211,236,91,54,230,211,232,187,255,250,79,82,236,148,101,237,188,126,215,143,58,29,198,241,135,24,105,50,219,11,127,151,243,145,51,244,56,233,14,251,71,131,199,123,13,140,186,186,14,135,100,244,56,9,201,38,148,191,49,241,133,115,249,16,156,91,169,213,55,186,130,162,148,115,128,113,97,93,229,10,21,7,143,127,160,96,144,201,253,173,57,69,62,124,126,39,81,112,92,148,116,77,36,116,155,239,123,33,117,238,107,65,232,49,205,56,62,205,7,152,175,49,102,28,102,109,15,241,92,49,117,189,108,249,204,199,107,88,144,161,71,165,52,85,148,90,13,132,205,147,18,176,244,112,177,143,222,72,215,181,188,174,208,191,21,71,197,203,235,208,45,35,85,221,64,159,44,205,94,90,240,210,86,18,58,210,41,140,220,245,73,190,158,231,111,67,144,98,246,33,32,27,146,35,67,90,191,212,45,104,99,80,173,152,70,9,155,109,11,214,10,45,226,18,106,82,37,1739147334476,QBYTE | freres
151,29,67,150,116,94,95,231,96,84,10,108,4,242,67,219,82,91,182,148,1,16,33,116,19,20,43,24,241,152,87,185,207,230,52,114,234,126,143,222,41,204,52,189,247,78,106,84,127,181,236,23,164,145,57,211,30,91,191,16,210,180,110,127,133,135,79,108,175,27,210,204,186,76,214,92,43,114,69,238,4,182,216,172,164,42,216,150,189,160,18,103,201,105,246,249,11,51,99,167,226,96,211,179,194,41,49,79,85,244,145,172,38,254,114,224,5,42,255,76,54,103,0,213,204,11,236,145,46,24,188,116,197,12,117,249,159,144,28,200,149,142,167,133,34,113,245,106,173,99,92,123,85,102,225,134,136,28,209,151,228,13,130,203,221,195,53,129,241,139,5,231,166,193,9,15,76,165,84,50,96,137,174,3,165,109,91,111,77,161,176,7,246,215,78,10,23,34,206,160,243,178,132,142,179,153,217,128,239,240,151,101,199,196,71,1,84,197,22,9,234,153,70,54,210,126,247,58,12,4,124,185,108,27,195,37,226,91,200,186,6,102,219,248,182,185,170,68,244,26,1739147335547,/dev/cu.usbmodem14201
209,110,218,135,102,130,255,159,135,179,230,114,122,160,128,146,90,120,114,171,166,181,105,177,228,101,39,65,221,216,213,247,244,223,62,16,174,216,245,244,255,32,59,160,56,42,8,30,208,209,158,100,167,91,87,75,253,185,106,36,19,178,170,85,209,1,217,97,238,116,245,102,107,191,105,182,177,53,59,104,88,45,138,53,6,14,223,9,78,187,170,47,246,21,198,136,36,159,232,104,190,193,44,13,89,99,19,216,48,151,250,15,144,17,122,240,159,127,144,5,42,111,165,104,108,163,250,247,137,172,200,252,216,196,253,138,40,96,74,156,193,216,59,200,220,170,161,117,173,204,95,103,48,97,99,243,177,182,100,161,163,53,42,76,66,75,99,56,2,110,100,60,83,224,51,28,156,224,192,122,115,151,111,198,17,64,60,193,136,58,42,105,209,111,157,203,11,18,40,89,47,201,159,67,101,225,241,125,152,3,30,189,138,102,95,81,171,107,145,4,177,202,110,58,208,244,240,184,189,212,20,102,38,12,26,195,72,218,120,116,34,235,174,223,130,157,90,87,196,46,1739147335547,/dev/cu.usbmodem1413101
166,109,246,21,141,43,196,242,161,95,105,243,130,88,153,37,247,142,244,208,12,148,62,129,27,133,84,110,14,115,204,41,160,179,162,109,219,113,197,11,236,86,38,131,178,86,67,153,75,189,38,122,247,103,142,63,90,175,128,85,62,208,93,20,185,229,34,232,250,125,207,40,84,7,181,104,174,149,161,220,195,194,252,236,150,87,82,12,11,128,200,130,36,113,35,168,238,117,212,173,177,19,247,194,144,161,89,21,0,166,187,245,73,145,1,115,131,88,185,27,249,43,118,76,78,28,195,194,109,124,84,154,247,38,129,173,229,53,211,222,92,197,2,87,230,121,221,105,135,201,9,157,209,137,88,143,95,154,0,100,37,85,0,20,81,230,111,26,230,103,54,4,114,166,10,248,158,151,146,103,2,29,160,222,150,244,239,254,207,141,48,160,106,113,161,181,139,254,162,139,43,235,81,191,254,22,211,174,160,212,71,100,101,230,76,215,167,205,139,176,134,168,7,52,125,34,107,181,53,201,4,65,185,38,218,246,201,191,196,7,3,32,195,213,29,182,178,228,212,175,1739147335547,/dev/cu.usbmodem1413201
101,49,115,142,160,163,203,92,217,57,7,161,134,154,120,146,37,147,211,98,42,26,207,138,67,10,20,216,46,204,190,210,23,62,140,208,236,75,86,27,141,46,250,251,169,133,20,192,152,134,203,6,90,140,235,142,28,187,19,124,133,46,130,71,84,40,120,252,1,8,145,137,176,197,211,192,90,95,223,119,37,197,84,182,92,143,126,193,32,151,5,72,203,138,147,180,115,108,76,131,118,141,185,215,224,15,43,192,44,238,166,29,196,156,180,22,58,92,86,198,102,38,108,132,245,132,161,81,209,22,26,134,130,22,143,178,160,250,192,177,123,234,103,79,134,179,219,45,93,94,216,101,153,228,68,61,3,202,172,98,57,204,57,94,16,137,121,202,193,175,229,205,142,35,63,45,56,115,247,156,69,61,115,41,123,46,243,4,21,147,169,35,236,206,122,218,22,67,200,241,123,63,169,75,189,187,215,32,193,24,88,158,35,121,215,42,19,158,107,205,65,88,247,178,223,249,73,13,208,162,59,25,125,98,239,182,42,168,110,13,31,94,73,101,64,166,71,99,234,114,1739147335547,/dev/cu.usbmodem1413401
145,70,245,203,132,73,201,22,186,177,166,228,18,61,130,79,97,225,162,193,24,72,14,23,67,160,14,41,168,184,81,169,207,209,25,37,211,140,14,96,206,6,128,181,42,165,52,26,23,141,150,199,186,130,232,99,162,123,178,251,157,223,102,105,214,96,206,145,198,36,55,32,210,157,138,160,106,145,100,210,151,121,236,125,106,59,120,252,110,103,104,107,211,245,56,12,247,15,10,79,88,132,168,9,33,145,33,129,12,16,146,154,206,200,64,37,164,210,225,130,150,153,86,178,68,141,66,101,25,50,146,66,176,101,134,70,207,230,118,16,22,51,86,55,64,244,128,141,204,36,121,9,58,167,178,123,227,90,71,136,31,26,230,73,135,10,247,75,209,171,93,96,89,39,204,46,67,117,2,69,92,187,17,141,40,244,172,91,152,171,189,81,234,93,214,130,68,227,219,90,31,6,115,38,3,170,81,42,100,191,0,12,142,118,178,220,221,126,233,227,174,49,122,128,238,145,220,133,111,117,202,1,105,71,99,125,181,152,127,188,242,237,11,39,116,160,135,183,250,198,1739147335548,/dev/cu.usbmodem14124201
85,91,81,177,1,75,141,50,48,192,96,251,35,149,177,216,203,38,1,111,200,168,116,246,6,129,116,99,166,26,11,108,65,20,93,215,205,135,231,16,181,102,123,17,134,242,153,131,179,89,254,171,82,169,50,63,234,219,46,51,168,241,87,128,175,129,246,31,240,142,121,50,57,210,229,200,167,49,119,114,252,180,107,37,69,110,177,48,156,8,15,87,93,36,62,147,62,206,116,36,251,109,151,15,11,220,97,185,169,147,232,124,202,122,166,42,6,27,210,155,218,21,11,51,208,46,7,220,21,78,118,248,190,255,129,107,110,147,113,20,71,73,199,169,247,132,48,97,107,33,230,190,134,128,230,177,188,105,108,229,56,233,99,100,180,0,245,245,129,73,46,214,215,126,86,127,122,149,247,82,212,176,111,249,228,137,79,244,99,218,16,208,81,57,185,89,162,76,223,26,8,55,204,135,78,203,201,222,114,232,89,227,141,92,87,38,42,81,172,226,233,175,195,71,75,184,182,169,232,2,54,239,158,203,255,54,124,99,145,140,71,58,252,247,187,168,134,190,50,212,1739147335548,/dev/cu.usbmodem14124401
231,196,177,72,0,70,226,214,253,185,246,171,230,112,245,223,140,201,240,171,135,229,184,213,17,6,153,204,217,238,0,55,216,27,241,186,147,99,202,217,170,225,250,11,148,159,109,238,245,16,82,124,242,5,97,246,194,196,183,166,108,196,139,103,239,23,63,231,73,209,169,122,85,63,184,7,16,25,150,92,193,249,97,245,228,252,255,70,20,106,195,53,100,129,84,216,211,210,134,100,70,229,47,115,90,75,206,253,236,174,105,63,89,216,78,92,11,12,113,143,99,93,84,203,98,87,150,43,165,203,159,4,87,15,79,183,244,244,119,197,9,47,136,143,121,147,247,124,20,18,101,209,95,203,124,77,119,181,52,19,195,131,8,162,142,22,206,90,170,235,159,56,61,74,183,103,186,122,42,110,157,194,125,204,252,97,95,239,40,248,172,214,155,140,42,167,25,193,228,176,167,95,228,72,33,236,8,209,230,149,80,158,132,139,34,101,144,234,40,76,0,212,248,242,3,52,10,90,76,53,139,65,174,152,46,71,97,0,162,128,128,10,101,116,40,236,157,193,168,162,1739147335548,/dev/cu.usbmodem14124101
17,118,206,207,246,19,190,107,95,133,243,115,64,4,94,230,206,198,115,147,244,143,194,208,199,154,21,21,46,162,140,126,19,163,76,10,193,251,89,152,135,255,206,206,245,105,173,171,76,46,212,86,161,88,92,40,143,139,71,107,79,142,91,106,156,236,107,242,220,26,249,93,52,80,6,44,131,0,244,101,200,94,105,100,133,27,164,214,199,248,41,183,130,90,12,120,151,13,169,15,120,177,86,135,141,44,86,173,216,69,61,3,67,183,94,219,140,244,131,152,120,204,199,86,174,168,206,171,131,167,85,90,146,72,35,211,141,42,232,137,142,251,46,41,141,61,193,128,99,97,117,131,147,14,230,140,192,151,17,101,42,203,98,167,216,57,56,21,190,25,51,133,10,37,142,44,109,3,101,84,247,37,46,98,109,168,147,182,158,154,59,104,163,20,120,247,172,84,202,30,215,215,25,5,101,231,119,219,169,238,148,208,46,2,118,23,98,73,52,129,196,110,176,70,106,139,40,139,51,210,149,247,76,121,138,3,140,227,168,36,92,37,179,174,21,46,218,206,110,82,1739147335548,/dev/cu.usbmodem14124301
151,29,67,150,116,94,95,231,96,84,10,108,4,242,67,219,82,91,182,148,1,16,33,116,19,20,43,24,241,152,87,185,207,230,52,114,234,126,143,222,41,204,52,189,247,78,106,84,127,181,236,23,164,145,57,211,30,91,191,16,210,180,110,127,133,135,79,108,175,27,210,204,186,76,214,92,43,114,69,238,4,182,216,172,164,42,216,150,189,160,18,103,201,105,246,249,11,51,99,167,226,96,211,179,194,41,49,79,85,244,145,172,38,254,114,224,5,42,255,76,54,103,0,213,204,11,236,145,46,24,188,116,197,12,117,249,159,144,28,200,149,142,167,133,34,113,245,106,173,99,92,123,85,102,225,134,136,28,209,151,228,13,130,203,221,195,53,129,241,139,5,231,166,193,9,15,76,165,84,50,96,137,174,3,165,109,91,111,77,161,176,7,246,215,78,10,23,34,206,160,243,178,132,142,179,153,217,128,239,240,151,101,199,196,71,1,84,197,22,9,234,153,70,54,210,126,247,58,12,4,124,185,108,27,195,37,226,91,200,186,6,102,219,248,182,185,170,68,244,26,209,110,218,135,102,130,255,159,135,179,230,114,122,160,128,146,90,120,114,171,166,181,105,177,228,101,39,65,221,216,213,247,244,223,62,16,174,216,245,244,255,32,59,160,56,42,8,30,208,209,158,100,167,91,87,75,253,185,106,36,19,178,170,85,209,1,217,97,238,116,245,102,107,191,105,182,177,53,59,104,88,45,138,53,6,14,223,9,78,187,170,47,246,21,198,136,36,159,232,104,190,193,44,13,89,99,19,216,48,151,250,15,144,17,122,240,159,127,144,5,42,111,165,104,108,163,250,247,137,172,200,252,216,196,253,138,40,96,74,156,193,216,59,200,220,170,161,117,173,204,95,103,48,97,99,243,177,182,100,161,163,53,42,76,66,75,99,56,2,110,100,60,83,224,51,28,156,224,192,122,115,151,111,198,17,64,60,193,136,58,42,105,209,111,157,203,11,18,40,89,47,201,159,67,101,225,241,125,152,3,30,189,138,102,95,81,171,107,145,4,177,202,110,58,208,244,240,184,189,212,20,102,38,12,26,195,72,218,120,116,34,235,174,223,130,157,90,87,196,46,166,109,246,21,141,43,196,242,161,95,105,243,130,88,153,37,247,142,244,208,12,148,62,129,27,133,84,110,14,115,204,41,160,179,162,109,219,113,197,11,236,86,38,131,178,86,67,153,75,189,38,122,247,103,142,63,90,175,128,85,62,208,93,20,185,229,34,232,250,125,207,40,84,7,181,104,174,149,161,220,195,194,252,236,150,87,82,12,11,128,200,130,36,113,35,168,238,117,212,173,177,19,247,194,144,161,89,21,0,166,187,245,73,145,1,115,131,88,185,27,249,43,118,76,78,28,195,194,109,124,84,154,247,38,129,173,229,53,211,222,92,197,2,87,230,121,221,105,135,201,9,157,209,137,88,143,95,154,0,100,37,85,0,20,81,230,111,26,230,103,54,4,114,166,10,248,158,151,146,103,2,29,160,222,150,244,239,254,207,141,48,160,106,113,161,181,139,254,162,139,43,235,81,191,254,22,211,174,160,212,71,100,101,230,76,215,167,205,139,176,134,168,7,52,125,34,107,181,53,201,4,65,185,38,218,246,201,191,196,7,3,32,195,213,29,182,178,228,212,175,101,49,115,142,160,163,203,92,217,57,7,161,134,154,120,146,37,147,211,98,42,26,207,138,67,10,20,216,46,204,190,210,23,62,140,208,236,75,86,27,141,46,250,251,169,133,20,192,152,134,203,6,90,140,235,142,28,187,19,124,133,46,130,71,84,40,120,252,1,8,145,137,176,197,211,192,90,95,223,119,37,197,84,182,92,143,126,193,32,151,5,72,203,138,147,180,115,108,76,131,118,141,185,215,224,15,43,192,44,238,166,29,196,156,180,22,58,92,86,198,102,38,108,132,245,132,161,81,209,22,26,134,130,22,143,178,160,250,192,177,123,234,103,79,134,179,219,45,93,94,216,101,153,228,68,61,3,202,172,98,57,204,57,94,16,137,121,202,193,175,229,205,142,35,63,45,56,115,247,156,69,61,115,41,123,46,243,4,21,147,169,35,236,206,122,218,22,67,200,241,123,63,169,75,189,187,215,32,193,24,88,158,35,121,215,42,19,158,107,205,65,88,247,178,223,249,73,13,208,162,59,25,125,98,239,182,42,168,110,13,31,94,73,101,64,166,71,99,234,114,145,70,245,203,132,73,201,22,186,177,166,228,18,61,130,79,97,225,162,193,24,72,14,23,67,160,14,41,168,184,81,169,207,209,25,37,211,140,14,96,206,6,128,181,42,165,52,26,23,141,150,199,186,130,232,99,162,123,178,251,157,223,102,105,214,96,206,145,198,36,55,32,210,157,138,160,106,145,100,210,151,121,236,125,106,59,120,252,110,103,104,107,211,245,56,12,247,15,10,79,88,132,168,9,33,145,33,129,12,16,146,154,206,200,64,37,164,210,225,130,150,153,86,178,68,141,66,101,25,50,146,66,176,101,134,70,207,230,118,16,22,51,86,55,64,244,128,141,204,36,121,9,58,167,178,123,227,90,71,136,31,26,230,73,135,10,247,75,209,171,93,96,89,39,204,46,67,117,2,69,92,187,17,141,40,244,172,91,152,171,189,81,234,93,214,130,68,227,219,90,31,6,115,38,3,170,81,42,100,191,0,12,142,118,178,220,221,126,233,227,174,49,122,128,238,145,220,133,111,117,202,1,105,71,99,125,181,152,127,188,242,237,11,39,116,160,135,183,250,198,85,91,81,177,1,75,141,50,48,192,96,251,35,149,177,216,203,38,1,111,200,168,116,246,6,129,116,99,166,26,11,108,65,20,93,215,205,135,231,16,181,102,123,17,134,242,153,131,179,89,254,171,82,169,50,63,234,219,46,51,168,241,87,128,175,129,246,31,240,142,121,50,57,210,229,200,167,49,119,114,252,180,107,37,69,110,177,48,156,8,15,87,93,36,62,147,62,206,116,36,251,109,151,15,11,220,97,185,169,147,232,124,202,122,166,42,6,27,210,155,218,21,11,51,208,46,7,220,21,78,118,248,190,255,129,107,110,147,113,20,71,73,199,169,247,132,48,97,107,33,230,190,134,128,230,177,188,105,108,229,56,233,99,100,180,0,245,245,129,73,46,214,215,126,86,127,122,149,247,82,212,176,111,249,228,137,79,244,99,218,16,208,81,57,185,89,162,76,223,26,8,55,204,135,78,203,201,222,114,232,89,227,141,92,87,38,42,81,172,226,233,175,195,71,75,184,182,169,232,2,54,239,158,203,255,54,124,99,145,140,71,58,252,247,187,168,134,190,50,212,231,196,177,72,0,70,226,214,253,185,246,171,230,112,245,223,140,201,240,171,135,229,184,213,17,6,153,204,217,238,0,55,216,27,241,186,147,99,202,217,170,225,250,11,148,159,109,238,245,16,82,124,242,5,97,246,194,196,183,166,108,196,139,103,239,23,63,231,73,209,169,122,85,63,184,7,16,25,150,92,193,249,97,245,228,252,255,70,20,106,195,53,100,129,84,216,211,210,134,100,70,229,47,115,90,75,206,253,236,174,105,63,89,216,78,92,11,12,113,143,99,93,84,203,98,87,150,43,165,203,159,4,87,15,79,183,244,244,119,197,9,47,136,143,121,147,247,124,20,18,101,209,95,203,124,77,119,181,52,19,195,131,8,162,142,22,206,90,170,235,159,56,61,74,183,103,186,122,42,110,157,194,125,204,252,97,95,239,40,248,172,214,155,140,42,167,25,193,228,176,167,95,228,72,33,236,8,209,230,149,80,158,132,139,34,101,144,234,40,76,0,212,248,242,3,52,10,90,76,53,139,65,174,152,46,71,97,0,162,128,128,10,101,116,40,236,157,193,168,162,17,118,206,207,246,19,190,107,95,133,243,115,64,4,94,230,206,198,115,147,244,143,194,208,199,154,21,21,46,162,140,126,19,163,76,10,193,251,89,152,135,255,206,206,245,105,173,171,76,46,212,86,161,88,92,40,143,139,71,107,79,142,91,106,156,236,107,242,220,26,249,93,52,80,6,44,131,0,244,101,200,94,105,100,133,27,164,214,199,248,41,183,130,90,12,120,151,13,169,15,120,177,86,135,141,44,86,173,216,69,61,3,67,183,94,219,140,244,131,152,120,204,199,86,174,168,206,171,131,167,85,90,146,72,35,211,141,42,232,137,142,251,46,41,141,61,193,128,99,97,117,131,147,14,230,140,192,151,17,101,42,203,98,167,216,57,56,21,190,25,51,133,10,37,142,44,109,3,101,84,247,37,46,98,109,168,147,182,158,154,59,104,163,20,120,247,172,84,202,30,215,215,25,5,101,231,119,219,169,238,148,208,46,2,118,23,98,73,52,129,196,110,176,70,106,139,40,139,51,210,149,247,76,121,138,3,140,227,168,36,92,37,179,174,21,46,218,206,110,82,1739147335550,QBYTE | pirtle
56,16,104,226,181,13,183,95,41,168,145,225,103,66,159,30,110,79,234,174,8,227,219,185,243,195,70,144,42,130,193,219,64,25,216,43,229,128,105,177,253,250,93,150,181,208,52,111,101,213,220,228,110,4,7,34,60,14,63,94,56,232,173,5,129,181,112,62,98,138,88,193,55,190,188,5,184,232,38,134,213,52,251,114,13,249,219,233,173,8,17,236,28,65,240,193,196,95,50,51,203,213,246,97,149,185,138,123,101,229,85,85,72,188,23,46,162,10,238,24,199,97,78,240,128,23,170,141,76,139,149,3,6,56,166,172,145,30,198,147,237,224,5,72,173,47,69,52,215,221,93,32,63,24,5,184,96,112,152,147,236,126,246,196,210,193,127,120,51,15,82,236,73,85,213,225,123,245,159,239,134,8,193,212,210,51,129,7,134,61,31,153,131,242,109,164,15,51,133,73,9,80,35,181,125,2,69,138,61,216,133,121,50,3,213,87,36,133,234,52,245,84,164,192,193,194,216,234,0,198,8,149,58,171,212,133,163,12,147,248,59,7,49,63,2,255,86,252,143,34,1739147336621,/dev/cu.usbmodem14201
136,195,223,76,136,169,35,122,110,207,136,249,106,232,212,115,192,158,232,123,24,6,107,46,171,69,119,149,192,191,149,52,211,167,101,151,186,112,7,82,177,138,147,173,253,3,51,216,133,19,250,220,77,239,3,221,157,44,90,218,48,182,219,76,242,141,85,105,122,211,36,176,22,236,57,206,24,255,71,67,248,114,32,101,140,94,240,163,193,1,124,221,172,167,199,159,16,166,119,62,125,41,234,240,40,147,190,225,29,159,46,114,75,141,124,193,81,237,126,187,11,28,207,75,106,41,130,242,177,251,130,161,97,176,159,191,38,3,247,236,90,90,111,186,87,123,59,167,22,158,49,0,242,186,109,162,100,88,136,75,17,145,55,26,91,4,207,143,37,117,245,0,81,206,174,227,172,47,73,176,210,192,50,180,33,142,57,210,233,169,172,179,116,120,87,65,86,190,50,206,227,236,24,22,157,45,65,229,51,62,205,220,189,41,205,213,236,83,223,50,181,29,116,155,95,75,106,160,178,136,143,51,123,29,193,133,125,117,239,14,103,50,17,0,134,121,94,124,223,93,1739147336621,/dev/cu.usbmodem1413101
137,114,77,172,85,162,21,35,120,0,54,136,146,82,154,7,161,162,58,184,214,172,189,27,204,0,53,78,150,41,219,146,192,240,237,146,85,83,10,96,144,11,215,111,172,45,64,225,33,82,23,107,120,205,107,81,52,231,189,149,185,159,149,193,0,171,66,36,247,8,13,73,224,216,207,205,223,96,226,20,24,205,233,23,154,61,202,199,6,136,122,39,130,242,241,145,173,100,151,45,162,55,145,161,29,144,96,176,187,239,5,231,102,92,245,68,91,21,73,91,227,32,242,149,224,9,45,138,150,3,108,123,236,130,236,101,41,17,223,28,164,213,22,73,154,11,130,75,132,71,149,90,243,123,69,227,27,118,24,250,226,205,236,100,60,83,202,181,13,107,223,239,31,251,146,191,156,123,83,173,243,223,88,245,134,153,3,200,163,45,141,120,126,175,66,133,178,78,70,231,104,75,0,15,50,227,131,141,94,219,156,229,91,195,94,119,79,67,236,123,193,173,28,49,183,20,57,106,76,139,251,238,198,242,195,22,222,184,166,12,12,229,211,183,16,65,125,124,213,231,1739147336622,/dev/cu.usbmodem1413201
221,129,35,38,245,112,208,53,141,4,143,95,180,215,197,103,64,51,61,6,251,181,142,147,110,182,195,230,62,107,43,153,61,61,116,69,198,173,244,159,41,126,38,222,95,58,49,159,32,93,177,202,179,136,88,104,92,219,230,144,93,250,26,6,91,133,191,189,122,11,136,189,173,68,47,48,245,215,238,97,186,122,133,107,116,201,189,45,193,190,137,187,181,11,88,120,125,46,157,144,49,160,225,64,93,170,204,141,21,139,87,111,207,244,99,116,189,196,85,236,170,70,123,39,94,184,126,114,58,250,120,134,16,251,168,101,100,242,1,241,215,115,46,65,48,182,156,209,215,89,212,232,51,136,183,182,112,224,61,216,14,138,77,243,118,46,89,150,32,133,147,73,99,35,142,254,195,108,240,117,77,111,37,155,150,116,50,216,30,76,74,215,145,137,78,42,144,252,249,199,226,161,75,77,6,33,238,34,121,62,28,194,211,194,58,67,160,134,153,102,56,87,133,243,74,255,252,231,133,229,185,49,124,67,43,116,114,243,21,59,124,39,243,245,236,44,210,81,71,15,1739147336622,/dev/cu.usbmodem1413401
114,4,195,197,101,225,13,146,101,221,155,18,195,204,86,255,58,14,101,180,212,196,34,201,250,93,52,58,102,192,138,129,22,189,43,130,9,57,94,153,214,165,218,182,230,180,100,206,65,83,194,193,131,66,49,52,202,133,134,25,62,38,188,201,242,32,179,66,246,229,54,71,53,230,50,172,79,234,90,137,240,241,11,39,221,54,213,195,236,222,78,60,72,113,48,162,74,58,155,218,129,255,230,234,41,197,211,204,243,124,77,110,63,82,21,236,201,127,147,125,85,161,31,211,210,119,4,10,29,235,8,166,146,74,215,36,102,83,250,151,183,175,88,242,98,229,168,226,130,77,226,253,46,205,230,37,175,62,31,138,115,134,252,211,98,136,193,8,194,244,219,124,139,13,12,87,55,122,93,133,244,236,249,92,135,124,85,115,163,63,12,11,174,160,4,104,204,234,108,132,189,13,232,67,254,244,161,113,216,85,212,242,63,23,219,8,59,88,48,179,192,156,174,50,143,44,45,46,185,227,209,18,134,248,53,134,247,177,163,77,134,173,61,44,111,140,224,53,28,181,1739147336622,/dev/cu.usbmodem14124201
105,229,0,243,48,30,30,226,184,242,187,228,70,252,103,133,203,39,78,50,221,56,96,193,75,67,183,76,55,92,192,21,239,117,183,225,41,84,81,80,130,223,85,190,99,233,174,112,12,167,238,15,114,235,225,181,16,114,88,231,157,224,234,84,170,164,245,114,87,144,229,59,100,240,234,66,105,22,96,94,31,38,61,108,172,102,231,68,103,199,124,190,4,198,254,67,194,191,134,19,90,29,96,201,180,197,122,34,153,100,228,169,66,131,13,2,180,179,241,0,1,125,253,101,192,85,151,221,39,234,192,132,75,31,23,193,69,146,224,192,21,50,254,219,12,160,9,51,4,158,119,85,82,46,190,150,163,57,52,51,147,66,111,6,4,210,73,9,73,5,129,243,62,10,64,100,39,140,248,111,232,78,210,30,72,14,104,246,211,35,80,22,8,240,59,52,87,105,87,28,7,146,202,66,227,125,39,184,135,97,184,176,32,111,125,212,31,47,252,208,243,132,251,153,252,62,152,157,252,128,228,147,7,112,62,16,38,66,141,161,211,243,47,160,188,207,113,86,193,235,1739147336622,/dev/cu.usbmodem14124401
213,237,183,98,197,215,15,253,240,227,129,90,2,225,193,229,92,104,156,104,50,32,213,37,23,8,85,140,4,216,39,243,231,106,218,57,244,144,243,202,193,98,168,223,108,49,233,203,178,236,29,30,255,122,229,55,218,139,234,18,94,121,95,47,121,196,142,74,203,225,190,196,41,100,13,217,244,117,11,157,71,210,211,211,42,227,156,37,164,64,205,110,74,55,194,105,212,179,113,110,73,142,251,162,214,120,210,157,176,7,200,191,23,67,205,183,235,139,81,4,61,243,214,104,254,102,51,25,255,115,102,230,138,115,145,86,117,21,163,134,113,28,13,139,234,100,226,135,38,253,71,123,219,185,191,30,75,219,46,33,122,224,238,186,220,73,248,242,217,31,147,169,104,253,245,164,146,75,22,221,89,170,54,103,157,97,80,111,211,23,50,149,54,189,57,20,52,8,89,115,37,3,119,235,34,195,67,168,42,107,237,222,246,199,106,23,18,243,101,161,119,7,1,67,226,237,0,146,171,250,232,250,238,144,11,254,109,186,187,196,78,249,171,208,112,184,169,183,171,30,1739147336623,/dev/cu.usbmodem14124101
122,223,154,231,8,78,96,76,10,119,44,151,83,12,131,47,13,195,102,138,110,155,98,184,148,164,247,31,165,59,105,254,128,200,91,88,42,252,231,141,43,248,63,27,101,42,197,173,133,29,208,246,5,250,82,250,90,87,5,226,141,65,134,208,186,79,104,237,80,171,27,197,191,99,219,202,91,243,27,90,3,30,69,110,6,131,8,152,28,110,251,254,204,217,249,109,91,190,124,49,107,98,113,30,108,73,169,155,13,76,8,250,52,164,165,13,138,183,213,113,173,157,161,94,205,102,18,167,216,79,33,39,39,43,214,250,16,109,94,165,19,147,85,69,174,36,74,0,43,227,78,89,135,245,36,236,196,118,229,171,226,51,75,91,145,252,145,232,171,111,132,79,254,17,161,199,104,174,175,126,20,36,127,46,54,198,14,235,118,93,133,66,77,50,26,135,171,49,161,144,248,105,93,92,122,81,227,91,212,242,117,61,42,35,193,116,72,205,191,137,123,58,35,21,238,69,47,64,223,161,46,79,241,74,206,99,106,5,98,106,237,72,220,184,75,130,77,103,227,210,1739147336623,/dev/cu.usbmodem14124301
56,16,104,226,181,13,183,95,41,168,145,225,103,66,159,30,110,79,234,174,8,227,219,185,243,195,70,144,42,130,193,219,64,25,216,43,229,128,105,177,253,250,93,150,181,208,52,111,101,213,220,228,110,4,7,34,60,14,63,94,56,232,173,5,129,181,112,62,98,138,88,193,55,190,188,5,184,232,38,134,213,52,251,114,13,249,219,233,173,8,17,236,28,65,240,193,196,95,50,51,203,213,246,97,149,185,138,123,101,229,85,85,72,188,23,46,162,10,238,24,199,97,78,240,128,23,170,141,76,139,149,3,6,56,166,172,145,30,198,147,237,224,5,72,173,47,69,52,215,221,93,32,63,24,5,184,96,112,152,147,236,126,246,196,210,193,127,120,51,15,82,236,73,85,213,225,123,245,159,239,134,8,193,212,210,51,129,7,134,61,31,153,131,242,109,164,15,51,133,73,9,80,35,181,125,2,69,138,61,216,133,121,50,3,213,87,36,133,234,52,245,84,164,192,193,194,216,234,0,198,8,149,58,171,212,133,163,12,147,248,59,7,49,63,2,255,86,252,143,34,136,195,223,76,136,169,35,122,110,207,136,249,106,232,212,115,192,158,232,123,24,6,107,46,171,69,119,149,192,191,149,52,211,167,101,151,186,112,7,82,177,138,147,173,253,3,51,216,133,19,250,220,77,239,3,221,157,44,90,218,48,182,219,76,242,141,85,105,122,211,36,176,22,236,57,206,24,255,71,67,248,114,32,101,140,94,240,163,193,1,124,221,172,167,199,159,16,166,119,62,125,41,234,240,40,147,190,225,29,159,46,114,75,141,124,193,81,237,126,187,11,28,207,75,106,41,130,242,177,251,130,161,97,176,159,191,38,3,247,236,90,90,111,186,87,123,59,167,22,158,49,0,242,186,109,162,100,88,136,75,17,145,55,26,91,4,207,143,37,117,245,0,81,206,174,227,172,47,73,176,210,192,50,180,33,142,57,210,233,169,172,179,116,120,87,65,86,190,50,206,227,236,24,22,157,45,65,229,51,62,205,220,189,41,205,213,236,83,223,50,181,29,116,155,95,75,106,160,178,136,143,51,123,29,193,133,125,117,239,14,103,50,17,0,134,121,94,124,223,93,137,114,77,172,85,162,21,35,120,0,54,136,146,82,154,7,161,162,58,184,214,172,189,27,204,0,53,78,150,41,219,146,192,240,237,146,85,83,10,96,144,11,215,111,172,45,64,225,33,82,23,107,120,205,107,81,52,231,189,149,185,159,149,193,0,171,66,36,247,8,13,73,224,216,207,205,223,96,226,20,24,205,233,23,154,61,202,199,6,136,122,39,130,242,241,145,173,100,151,45,162,55,145,161,29,144,96,176,187,239,5,231,102,92,245,68,91,21,73,91,227,32,242,149,224,9,45,138,150,3,108,123,236,130,236,101,41,17,223,28,164,213,22,73,154,11,130,75,132,71,149,90,243,123,69,227,27,118,24,250,226,205,236,100,60,83,202,181,13,107,223,239,31,251,146,191,156,123,83,173,243,223,88,245,134,153,3,200,163,45,141,120,126,175,66,133,178,78,70,231,104,75,0,15,50,227,131,141,94,219,156,229,91,195,94,119,79,67,236,123,193,173,28,49,183,20,57,106,76,139,251,238,198,242,195,22,222,184,166,12,12,229,211,183,16,65,125,124,213,231,221,129,35,38,245,112,208,53,141,4,143,95,180,215,197,103,64,51,61,6,251,181,142,147,110,182,195,230,62,107,43,153,61,61,116,69,198,173,244,159,41,126,38,222,95,58,49,159,32,93,177,202,179,136,88,104,92,219,230,144,93,250,26,6,91,133,191,189,122,11,136,189,173,68,47,48,245,215,238,97,186,122,133,107,116,201,189,45,193,190,137,187,181,11,88,120,125,46,157,144,49,160,225,64,93,170,204,141,21,139,87,111,207,244,99,116,189,196,85,236,170,70,123,39,94,184,126,114,58,250,120,134,16,251,168,101,100,242,1,241,215,115,46,65,48,182,156,209,215,89,212,232,51,136,183,182,112,224,61,216,14,138,77,243,118,46,89,150,32,133,147,73,99,35,142,254,195,108,240,117,77,111,37,155,150,116,50,216,30,76,74,215,145,137,78,42,144,252,249,199,226,161,75,77,6,33,238,34,121,62,28,194,211,194,58,67,160,134,153,102,56,87,133,243,74,255,252,231,133,229,185,49,124,67,43,116,114,243,21,59,124,39,243,245,236,44,210,81,71,15,114,4,195,197,101,225,13,146,101,221,155,18,195,204,86,255,58,14,101,180,212,196,34,201,250,93,52,58,102,192,138,129,22,189,43,130,9,57,94,153,214,165,218,182,230,180,100,206,65,83,194,193,131,66,49,52,202,133,134,25,62,38,188,201,242,32,179,66,246,229,54,71,53,230,50,172,79,234,90,137,240,241,11,39,221,54,213,195,236,222,78,60,72,113,48,162,74,58,155,218,129,255,230,234,41,197,211,204,243,124,77,110,63,82,21,236,201,127,147,125,85,161,31,211,210,119,4,10,29,235,8,166,146,74,215,36,102,83,250,151,183,175,88,242,98,229,168,226,130,77,226,253,46,205,230,37,175,62,31,138,115,134,252,211,98,136,193,8,194,244,219,124,139,13,12,87,55,122,93,133,244,236,249,92,135,124,85,115,163,63,12,11,174,160,4,104,204,234,108,132,189,13,232,67,254,244,161,113,216,85,212,242,63,23,219,8,59,88,48,179,192,156,174,50,143,44,45,46,185,227,209,18,134,248,53,134,247,177,163,77,134,173,61,44,111,140,224,53,28,181,105,229,0,243,48,30,30,226,184,242,187,228,70,252,103,133,203,39,78,50,221,56,96,193,75,67,183,76,55,92,192,21,239,117,183,225,41,84,81,80,130,223,85,190,99,233,174,112,12,167,238,15,114,235,225,181,16,114,88,231,157,224,234,84,170,164,245,114,87,144,229,59,100,240,234,66,105,22,96,94,31,38,61,108,172,102,231,68,103,199,124,190,4,198,254,67,194,191,134,19,90,29,96,201,180,197,122,34,153,100,228,169,66,131,13,2,180,179,241,0,1,125,253,101,192,85,151,221,39,234,192,132,75,31,23,193,69,146,224,192,21,50,254,219,12,160,9,51,4,158,119,85,82,46,190,150,163,57,52,51,147,66,111,6,4,210,73,9,73,5,129,243,62,10,64,100,39,140,248,111,232,78,210,30,72,14,104,246,211,35,80,22,8,240,59,52,87,105,87,28,7,146,202,66,227,125,39,184,135,97,184,176,32,111,125,212,31,47,252,208,243,132,251,153,252,62,152,157,252,128,228,147,7,112,62,16,38,66,141,161,211,243,47,160,188,207,113,86,193,235,213,237,183,98,197,215,15,253,240,227,129,90,2,225,193,229,92,104,156,104,50,32,213,37,23,8,85,140,4,216,39,243,231,106,218,57,244,144,243,202,193,98,168,223,108,49,233,203,178,236,29,30,255,122,229,55,218,139,234,18,94,121,95,47,121,196,142,74,203,225,190,196,41,100,13,217,244,117,11,157,71,210,211,211,42,227,156,37,164,64,205,110,74,55,194,105,212,179,113,110,73,142,251,162,214,120,210,157,176,7,200,191,23,67,205,183,235,139,81,4,61,243,214,104,254,102,51,25,255,115,102,230,138,115,145,86,117,21,163,134,113,28,13,139,234,100,226,135,38,253,71,123,219,185,191,30,75,219,46,33,122,224,238,186,220,73,248,242,217,31,147,169,104,253,245,164,146,75,22,221,89,170,54,103,157,97,80,111,211,23,50,149,54,189,57,20,52,8,89,115,37,3,119,235,34,195,67,168,42,107,237,222,246,199,106,23,18,243,101,161,119,7,1,67,226,237,0,146,171,250,232,250,238,144,11,254,109,186,187,196,78,249,171,208,112,184,169,183,171,30,122,223,154,231,8,78,96,76,10,119,44,151,83,12,131,47,13,195,102,138,110,155,98,184,148,164,247,31,165,59,105,254,128,200,91,88,42,252,231,141,43,248,63,27,101,42,197,173,133,29,208,246,5,250,82,250,90,87,5,226,141,65,134,208,186,79,104,237,80,171,27,197,191,99,219,202,91,243,27,90,3,30,69,110,6,131,8,152,28,110,251,254,204,217,249,109,91,190,124,49,107,98,113,30,108,73,169,155,13,76,8,250,52,164,165,13,138,183,213,113,173,157,161,94,205,102,18,167,216,79,33,39,39,43,214,250,16,109,94,165,19,147,85,69,174,36,74,0,43,227,78,89,135,245,36,236,196,118,229,171,226,51,75,91,145,252,145,232,171,111,132,79,254,17,161,199,104,174,175,126,20,36,127,46,54,198,14,235,118,93,133,66,77,50,26,135,171,49,161,144,248,105,93,92,122,81,227,91,212,242,117,61,42,35,193,116,72,205,191,137,123,58,35,21,238,69,47,64,223,161,46,79,241,74,206,99,106,5,98,106,237,72,220,184,75,130,77,103,227,210,1739147336625,QBYTE | akhbar
35,72,77,13,224,131,90,167,249,37,189,19,245,147,143,192,246,0,59,170,172,111,134,120,139,37,132,216,88,50,33,10,16,222,121,151,140,135,42,161,13,225,145,229,185,167,126,70,102,80,144,131,165,108,123,29,17,182,65,143,179,6,41,47,252,178,210,212,130,98,34,240,209,171,177,151,159,218,96,153,90,149,111,189,248,206,172,85,154,84,23,21,94,188,52,249,227,239,164,55,126,14,14,153,210,158,190,249,44,14,65,154,139,188,77,106,12,185,4,233,13,148,125,248,163,7,2,251,94,87,246,195,116,201,105,46,4,210,4,160,228,158,1,75,128,3,43,213,108,208,126,35,142,1,156,41,177,39,250,105,47,124,239,200,69,77,129,151,180,60,82,18,103,208,129,119,28,232,69,210,56,200,221,221,90,121,116,140,88,37,166,100,200,196,10,127,201,182,45,182,252,61,19,229,42,207,104,193,244,190,120,119,178,184,47,48,114,153,194,158,85,166,81,80,43,180,232,228,6,112,162,215,167,88,61,191,232,173,181,29,131,67,16,233,90,46,33,96,75,32,1739147337703,/dev/cu.usbmodem14201
114,142,93,34,9,104,105,189,148,47,154,206,200,23,48,208,248,118,205,12,145,53,19,147,154,46,184,107,57,248,18,24,134,144,233,136,86,183,242,222,254,86,0,81,68,34,189,16,214,93,150,215,106,228,220,196,164,84,202,52,76,21,229,220,121,225,58,177,61,17,213,249,180,90,12,52,73,92,130,90,37,255,7,26,120,89,3,63,243,11,213,235,203,164,98,123,158,114,176,105,175,212,214,206,144,41,222,11,193,187,183,6,59,227,207,81,74,4,207,15,183,241,174,165,200,150,13,143,72,10,13,203,152,32,244,97,6,52,43,22,203,14,18,127,98,150,255,44,227,128,12,108,116,77,123,61,228,135,229,178,2,243,248,227,167,212,47,67,209,102,223,224,102,35,174,53,137,90,222,154,107,219,244,145,118,73,38,13,226,52,14,226,67,209,150,184,55,204,113,71,172,8,17,201,225,146,34,51,55,217,123,16,91,195,27,254,106,94,118,9,219,91,254,64,114,220,48,95,74,64,174,140,231,163,180,155,110,171,102,118,167,7,10,47,241,216,213,1,137,108,1739147337703,/dev/cu.usbmodem1413101
88,133,207,121,58,237,32,135,161,216,128,30,3,188,185,82,126,251,253,59,18,96,169,242,87,232,41,104,67,126,39,192,183,50,252,114,103,104,21,178,204,215,226,164,212,248,80,79,229,162,166,107,90,213,220,96,241,8,15,22,185,131,49,105,171,149,220,92,227,8,65,66,5,149,57,42,103,133,0,118,206,115,178,252,224,86,150,16,208,39,127,29,179,147,121,13,218,19,236,254,71,152,16,247,24,153,19,38,65,131,149,68,55,112,244,18,177,143,99,186,58,251,32,186,189,40,85,152,10,71,144,191,249,226,246,245,106,149,152,201,83,216,61,42,136,193,181,109,245,229,105,171,45,35,158,177,14,229,97,110,179,15,232,242,16,1,171,99,58,118,179,253,58,35,32,79,118,229,64,146,247,252,216,112,187,207,183,208,77,252,172,138,151,55,86,7,212,151,27,125,11,199,148,41,134,183,232,104,155,34,13,113,193,165,220,222,241,58,14,61,229,26,134,55,249,29,119,206,192,3,204,12,3,182,208,194,237,226,68,7,54,94,30,248,17,139,26,210,32,180,1739147337704,/dev/cu.usbmodem1413201
83,22,232,28,110,33,48,206,195,218,245,211,143,36,253,35,57,12,233,205,206,139,58,63,55,10,26,186,5,17,101,57,90,81,238,143,226,215,158,143,109,227,62,213,66,193,82,143,194,194,153,178,207,180,20,21,166,54,48,91,222,175,26,91,95,10,155,233,36,110,35,210,149,218,130,255,77,225,120,49,214,173,134,155,188,141,15,155,64,236,108,118,29,101,145,87,183,200,60,185,230,186,144,68,227,87,108,34,200,111,218,46,171,100,112,37,82,155,175,157,23,110,153,121,29,199,188,187,57,28,37,80,82,99,8,45,194,49,255,99,69,222,227,134,106,231,147,0,177,232,208,154,170,206,236,175,53,127,54,19,22,19,89,187,133,3,106,72,204,222,194,206,234,102,68,219,118,253,117,212,137,57,63,84,118,208,183,118,140,254,86,103,99,91,165,172,213,3,152,34,158,139,189,124,65,95,109,202,27,71,98,177,161,115,26,108,232,74,160,229,195,49,30,228,69,66,147,24,178,225,252,84,189,223,40,83,13,217,189,131,205,96,180,190,87,228,170,71,19,224,1739147337704,/dev/cu.usbmodem1413401
105,74,138,228,160,216,254,108,165,252,58,23,14,248,112,177,184,187,146,51,59,177,158,105,26,235,203,122,100,226,163,111,78,253,41,189,57,37,13,176,138,48,25,210,114,56,113,8,85,26,12,52,88,15,225,130,124,133,253,157,137,17,229,4,191,67,53,242,9,42,252,174,16,88,183,243,126,178,188,84,255,0,10,103,66,75,126,42,17,182,216,161,218,8,119,255,102,164,150,161,216,56,113,28,9,99,89,106,96,28,1,61,119,16,27,235,100,139,17,182,72,148,2,37,78,41,175,19,25,235,228,118,122,91,55,67,120,183,212,240,173,121,242,192,112,197,249,84,130,109,74,187,164,212,220,253,5,22,118,14,143,174,39,214,238,188,48,82,173,90,178,41,27,202,97,12,27,94,131,191,103,55,82,242,29,145,209,55,114,20,198,67,166,115,136,3,26,151,103,87,251,0,228,138,163,29,89,180,104,209,239,84,8,67,20,31,179,67,4,148,13,38,129,99,215,220,173,76,198,26,212,92,163,248,210,153,136,209,78,200,164,138,136,181,23,242,8,217,181,214,1739147337704,/dev/cu.usbmodem14124201
22,42,13,48,13,33,76,67,63,168,245,23,238,77,62,123,182,20,13,41,212,215,0,177,68,45,135,125,178,158,243,179,207,249,106,88,1,142,211,167,45,180,220,12,166,4,211,110,8,92,189,221,82,36,115,91,40,64,171,61,153,203,59,141,165,188,125,95,42,201,212,172,126,188,192,226,194,195,218,184,63,24,239,79,254,95,63,206,106,88,64,227,27,90,205,179,179,154,228,62,217,124,140,66,29,5,241,47,148,58,203,76,186,183,233,2,110,15,244,40,17,230,82,243,186,152,120,118,137,33,235,82,118,177,222,170,173,96,191,7,184,230,20,127,56,171,212,91,55,26,188,228,22,46,200,192,182,131,45,24,80,150,102,88,92,109,110,11,171,103,88,120,120,0,10,8,252,228,123,26,147,30,3,9,243,173,22,51,126,206,11,148,175,173,146,148,139,254,197,224,121,0,226,250,143,255,226,50,28,194,51,47,198,146,250,39,237,216,4,251,60,19,245,252,79,56,12,52,104,220,208,30,10,34,170,100,98,179,134,18,253,235,198,39,33,194,7,88,227,120,1739147337704,/dev/cu.usbmodem14124401
83,39,211,49,27,4,40,151,28,54,54,7,125,145,149,232,145,245,194,207,136,74,25,118,147,206,133,197,81,136,138,61,135,9,141,66,169,45,27,62,200,221,247,190,156,242,22,233,58,240,156,183,149,72,189,238,187,161,148,17,61,178,12,150,132,78,72,180,155,62,80,104,97,88,213,31,157,207,147,54,232,71,33,68,148,41,96,115,233,107,69,35,26,136,174,98,100,186,135,209,62,51,67,169,16,10,100,41,233,99,20,146,144,10,148,64,103,195,254,125,10,173,177,140,103,175,110,11,152,244,209,6,204,155,229,42,46,70,68,196,89,106,14,221,70,222,88,182,96,56,120,6,150,11,168,249,78,57,103,215,25,105,9,102,133,118,142,75,18,26,134,92,198,171,115,171,16,42,207,23,175,254,180,192,110,177,199,176,3,224,104,137,53,247,24,126,237,73,182,136,124,17,68,247,29,42,248,240,187,66,120,192,218,51,202,250,47,62,100,10,203,166,164,221,7,48,34,169,236,90,61,9,208,155,3,160,77,102,53,198,190,93,157,128,158,127,157,96,2,212,1739147337705,/dev/cu.usbmodem14124101
203,180,76,105,1,49,179,79,92,161,208,173,161,36,113,226,226,74,192,222,73,220,183,110,203,179,43,213,20,113,185,130,241,191,210,78,199,245,89,253,40,71,216,144,102,244,212,171,141,226,20,108,39,89,18,89,191,26,205,224,200,135,124,170,200,123,157,90,91,40,250,38,169,184,247,222,212,219,147,89,179,21,61,205,130,83,23,79,224,130,119,214,248,24,40,239,48,24,166,40,65,108,33,174,241,196,200,176,145,34,189,179,46,121,181,152,5,200,186,101,243,165,80,76,203,155,75,171,148,177,151,7,129,253,155,206,122,225,98,10,177,150,10,95,135,73,122,187,185,173,63,59,189,33,45,223,235,145,103,120,188,125,65,251,120,205,58,141,106,50,5,98,235,40,206,189,150,136,149,78,25,134,146,53,171,47,189,59,189,246,156,163,204,201,166,121,114,41,57,185,139,197,98,185,76,179,61,142,8,128,24,193,67,104,226,167,60,6,26,111,54,224,173,67,152,171,91,180,181,240,97,247,46,161,59,179,155,66,88,57,211,148,89,98,162,61,28,71,11,169,1739147337705,/dev/cu.usbmodem14124301
35,72,77,13,224,131,90,167,249,37,189,19,245,147,143,192,246,0,59,170,172,111,134,120,139,37,132,216,88,50,33,10,16,222,121,151,140,135,42,161,13,225,145,229,185,167,126,70,102,80,144,131,165,108,123,29,17,182,65,143,179,6,41,47,252,178,210,212,130,98,34,240,209,171,177,151,159,218,96,153,90,149,111,189,248,206,172,85,154,84,23,21,94,188,52,249,227,239,164,55,126,14,14,153,210,158,190,249,44,14,65,154,139,188,77,106,12,185,4,233,13,148,125,248,163,7,2,251,94,87,246,195,116,201,105,46,4,210,4,160,228,158,1,75,128,3,43,213,108,208,126,35,142,1,156,41,177,39,250,105,47,124,239,200,69,77,129,151,180,60,82,18,103,208,129,119,28,232,69,210,56,200,221,221,90,121,116,140,88,37,166,100,200,196,10,127,201,182,45,182,252,61,19,229,42,207,104,193,244,190,120,119,178,184,47,48,114,153,194,158,85,166,81,80,43,180,232,228,6,112,162,215,167,88,61,191,232,173,181,29,131,67,16,233,90,46,33,96,75,32,114,142,93,34,9,104,105,189,148,47,154,206,200,23,48,208,248,118,205,12,145,53,19,147,154,46,184,107,57,248,18,24,134,144,233,136,86,183,242,222,254,86,0,81,68,34,189,16,214,93,150,215,106,228,220,196,164,84,202,52,76,21,229,220,121,225,58,177,61,17,213,249,180,90,12,52,73,92,130,90,37,255,7,26,120,89,3,63,243,11,213,235,203,164,98,123,158,114,176,105,175,212,214,206,144,41,222,11,193,187,183,6,59,227,207,81,74,4,207,15,183,241,174,165,200,150,13,143,72,10,13,203,152,32,244,97,6,52,43,22,203,14,18,127,98,150,255,44,227,128,12,108,116,77,123,61,228,135,229,178,2,243,248,227,167,212,47,67,209,102,223,224,102,35,174,53,137,90,222,154,107,219,244,145,118,73,38,13,226,52,14,226,67,209,150,184,55,204,113,71,172,8,17,201,225,146,34,51,55,217,123,16,91,195,27,254,106,94,118,9,219,91,254,64,114,220,48,95,74,64,174,140,231,163,180,155,110,171,102,118,167,7,10,47,241,216,213,1,137,108,88,133,207,121,58,237,32,135,161,216,128,30,3,188,185,82,126,251,253,59,18,96,169,242,87,232,41,104,67,126,39,192,183,50,252,114,103,104,21,178,204,215,226,164,212,248,80,79,229,162,166,107,90,213,220,96,241,8,15,22,185,131,49,105,171,149,220,92,227,8,65,66,5,149,57,42,103,133,0,118,206,115,178,252,224,86,150,16,208,39,127,29,179,147,121,13,218,19,236,254,71,152,16,247,24,153,19,38,65,131,149,68,55,112,244,18,177,143,99,186,58,251,32,186,189,40,85,152,10,71,144,191,249,226,246,245,106,149,152,201,83,216,61,42,136,193,181,109,245,229,105,171,45,35,158,177,14,229,97,110,179,15,232,242,16,1,171,99,58,118,179,253,58,35,32,79,118,229,64,146,247,252,216,112,187,207,183,208,77,252,172,138,151,55,86,7,212,151,27,125,11,199,148,41,134,183,232,104,155,34,13,113,193,165,220,222,241,58,14,61,229,26,134,55,249,29,119,206,192,3,204,12,3,182,208,194,237,226,68,7,54,94,30,248,17,139,26,210,32,180,83,22,232,28,110,33,48,206,195,218,245,211,143,36,253,35,57,12,233,205,206,139,58,63,55,10,26,186,5,17,101,57,90,81,238,143,226,215,158,143,109,227,62,213,66,193,82,143,194,194,153,178,207,180,20,21,166,54,48,91,222,175,26,91,95,10,155,233,36,110,35,210,149,218,130,255,77,225,120,49,214,173,134,155,188,141,15,155,64,236,108,118,29,101,145,87,183,200,60,185,230,186,144,68,227,87,108,34,200,111,218,46,171,100,112,37,82,155,175,157,23,110,153,121,29,199,188,187,57,28,37,80,82,99,8,45,194,49,255,99,69,222,227,134,106,231,147,0,177,232,208,154,170,206,236,175,53,127,54,19,22,19,89,187,133,3,106,72,204,222,194,206,234,102,68,219,118,253,117,212,137,57,63,84,118,208,183,118,140,254,86,103,99,91,165,172,213,3,152,34,158,139,189,124,65,95,109,202,27,71,98,177,161,115,26,108,232,74,160,229,195,49,30,228,69,66,147,24,178,225,252,84,189,223,40,83,13,217,189,131,205,96,180,190,87,228,170,71,19,224,105,74,138,228,160,216,254,108,165,252,58,23,14,248,112,177,184,187,146,51,59,177,158,105,26,235,203,122,100,226,163,111,78,253,41,189,57,37,13,176,138,48,25,210,114,56,113,8,85,26,12,52,88,15,225,130,124,133,253,157,137,17,229,4,191,67,53,242,9,42,252,174,16,88,183,243,126,178,188,84,255,0,10,103,66,75,126,42,17,182,216,161,218,8,119,255,102,164,150,161,216,56,113,28,9,99,89,106,96,28,1,61,119,16,27,235,100,139,17,182,72,148,2,37,78,41,175,19,25,235,228,118,122,91,55,67,120,183,212,240,173,121,242,192,112,197,249,84,130,109,74,187,164,212,220,253,5,22,118,14,143,174,39,214,238,188,48,82,173,90,178,41,27,202,97,12,27,94,131,191,103,55,82,242,29,145,209,55,114,20,198,67,166,115,136,3,26,151,103,87,251,0,228,138,163,29,89,180,104,209,239,84,8,67,20,31,179,67,4,148,13,38,129,99,215,220,173,76,198,26,212,92,163,248,210,153,136,209,78,200,164,138,136,181,23,242,8,217,181,214,22,42,13,48,13,33,76,67,63,168,245,23,238,77,62,123,182,20,13,41,212,215,0,177,68,45,135,125,178,158,243,179,207,249,106,88,1,142,211,167,45,180,220,12,166,4,211,110,8,92,189,221,82,36,115,91,40,64,171,61,153,203,59,141,165,188,125,95,42,201,212,172,126,188,192,226,194,195,218,184,63,24,239,79,254,95,63,206,106,88,64,227,27,90,205,179,179,154,228,62,217,124,140,66,29,5,241,47,148,58,203,76,186,183,233,2,110,15,244,40,17,230,82,243,186,152,120,118,137,33,235,82,118,177,222,170,173,96,191,7,184,230,20,127,56,171,212,91,55,26,188,228,22,46,200,192,182,131,45,24,80,150,102,88,92,109,110,11,171,103,88,120,120,0,10,8,252,228,123,26,147,30,3,9,243,173,22,51,126,206,11,148,175,173,146,148,139,254,197,224,121,0,226,250,143,255,226,50,28,194,51,47,198,146,250,39,237,216,4,251,60,19,245,252,79,56,12,52,104,220,208,30,10,34,170,100,98,179,134,18,253,235,198,39,33,194,7,88,227,120,83,39,211,49,27,4,40,151,28,54,54,7,125,145,149,232,145,245,194,207,136,74,25,118,147,206,133,197,81,136,138,61,135,9,141,66,169,45,27,62,200,221,247,190,156,242,22,233,58,240,156,183,149,72,189,238,187,161,148,17,61,178,12,150,132,78,72,180,155,62,80,104,97,88,213,31,157,207,147,54,232,71,33,68,148,41,96,115,233,107,69,35,26,136,174,98,100,186,135,209,62,51,67,169,16,10,100,41,233,99,20,146,144,10,148,64,103,195,254,125,10,173,177,140,103,175,110,11,152,244,209,6,204,155,229,42,46,70,68,196,89,106,14,221,70,222,88,182,96,56,120,6,150,11,168,249,78,57,103,215,25,105,9,102,133,118,142,75,18,26,134,92,198,171,115,171,16,42,207,23,175,254,180,192,110,177,199,176,3,224,104,137,53,247,24,126,237,73,182,136,124,17,68,247,29,42,248,240,187,66,120,192,218,51,202,250,47,62,100,10,203,166,164,221,7,48,34,169,236,90,61,9,208,155,3,160,77,102,53,198,190,93,157,128,158,127,157,96,2,212,203,180,76,105,1,49,179,79,92,161,208,173,161,36,113,226,226,74,192,222,73,220,183,110,203,179,43,213,20,113,185,130,241,191,210,78,199,245,89,253,40,71,216,144,102,244,212,171,141,226,20,108,39,89,18,89,191,26,205,224,200,135,124,170,200,123,157,90,91,40,250,38,169,184,247,222,212,219,147,89,179,21,61,205,130,83,23,79,224,130,119,214,248,24,40,239,48,24,166,40,65,108,33,174,241,196,200,176,145,34,189,179,46,121,181,152,5,200,186,101,243,165,80,76,203,155,75,171,148,177,151,7,129,253,155,206,122,225,98,10,177,150,10,95,135,73,122,187,185,173,63,59,189,33,45,223,235,145,103,120,188,125,65,251,120,205,58,141,106,50,5,98,235,40,206,189,150,136,149,78,25,134,146,53,171,47,189,59,189,246,156,163,204,201,166,121,114,41,57,185,139,197,98,185,76,179,61,142,8,128,24,193,67,104,226,167,60,6,26,111,54,224,173,67,152,171,91,180,181,240,97,247,46,161,59,179,155,66,88,57,211,148,89,98,162,61,28,71,11,169,1739147337707,QBYTE | livest
254,63,140,25,36,9,93,50,48,129,1,77,197,72,21,107,201,7,165,167,54,173,111,151,18,55,102,22,184,166,183,155,245,15,112,242,221,123,159,211,240,183,155,19,199,252,97,225,213,219,173,139,70,216,121,40,187,6,153,177,48,101,162,65,80,70,218,209,15,4,167,34,91,218,65,150,143,43,99,38,61,164,208,117,97,119,92,58,159,129,57,235,114,13,237,223,230,52,118,73,224,178,124,205,134,6,159,158,165,158,117,190,64,60,2,70,148,63,10,127,215,152,119,140,4,208,253,29,177,50,210,0,113,208,255,189,93,226,16,93,183,213,24,146,85,184,138,131,104,73,16,115,128,32,72,39,250,122,5,227,144,15,177,206,125,89,223,98,94,84,154,76,85,176,30,84,217,209,140,85,230,5,88,32,32,247,250,214,232,66,31,10,146,190,200,226,124,194,211,33,221,239,190,99,208,228,135,183,145,189,155,79,30,48,156,83,30,103,124,41,232,64,206,227,67,165,35,122,195,32,143,98,214,131,208,34,128,190,155,27,6,52,22,120,106,221,78,214,3,223,1739147338784,/dev/cu.usbmodem14201
174,54,64,62,204,198,81,219,30,67,15,161,97,6,150,195,248,67,150,202,159,10,244,56,90,206,78,213,70,153,188,183,74,11,143,159,72,27,156,58,164,242,15,95,108,250,62,108,44,186,121,227,219,152,225,38,17,219,222,140,27,206,218,115,72,39,111,161,27,116,247,29,179,77,175,157,235,69,136,67,245,103,129,238,176,199,30,113,8,124,147,223,162,82,116,81,207,151,77,100,127,199,232,3,174,190,77,225,68,211,162,234,153,132,44,53,73,223,149,86,50,84,87,87,55,189,60,246,64,58,36,113,221,245,234,160,197,178,219,124,250,48,113,97,224,112,245,20,93,235,211,81,2,245,119,186,54,99,126,130,139,18,71,178,46,43,242,36,186,86,114,214,79,35,167,68,177,11,144,120,91,242,158,131,70,181,225,74,156,85,246,127,146,113,248,255,84,95,44,120,70,154,216,190,164,219,55,183,138,35,118,238,235,61,26,251,204,79,82,96,84,89,20,71,61,117,168,120,234,29,199,197,11,23,6,80,186,213,128,194,90,241,192,212,104,125,86,118,174,43,1739147338784,/dev/cu.usbmodem1413101
11,11,210,152,128,125,10,164,180,55,128,84,215,16,68,137,37,55,82,141,217,98,181,101,70,2,190,64,123,114,90,162,55,61,167,57,245,145,65,191,155,144,139,149,53,101,7,51,151,70,238,232,217,100,13,211,98,75,175,182,246,126,187,150,165,162,75,135,39,237,75,99,153,238,52,218,111,81,7,163,75,202,154,43,139,147,76,175,170,171,197,54,19,93,130,204,253,187,31,137,200,241,90,128,65,184,213,167,85,141,223,10,186,70,164,113,61,116,116,197,45,58,169,35,52,154,33,72,9,174,133,82,80,232,91,158,140,200,197,126,144,245,213,104,86,51,52,33,10,82,139,219,184,90,49,24,188,107,109,177,30,252,169,209,242,123,110,226,155,208,81,112,105,68,243,218,234,210,88,243,205,155,155,166,227,225,187,81,146,142,217,40,137,25,231,40,20,69,207,126,201,6,16,97,3,204,68,124,108,6,52,165,245,100,181,118,246,39,61,11,56,49,67,11,76,54,90,203,39,43,99,31,224,201,79,69,235,229,195,205,237,219,133,64,70,62,213,76,116,193,1739147338785,/dev/cu.usbmodem1413201
62,146,180,92,235,134,171,93,89,236,98,25,175,85,214,131,141,144,86,3,21,149,103,2,55,60,225,232,102,47,147,12,179,157,49,57,183,11,152,206,37,239,122,242,3,77,189,56,81,204,136,53,156,103,44,170,127,154,224,49,84,179,224,52,242,64,99,110,60,176,11,251,230,123,202,60,19,59,2,13,40,200,156,112,40,187,113,221,93,238,177,36,186,189,198,253,37,188,26,251,204,81,139,76,91,132,152,111,87,206,121,107,128,142,96,153,188,132,228,238,209,133,136,236,9,160,140,136,159,179,165,211,42,168,205,83,221,36,53,99,196,239,153,50,141,69,177,250,100,6,242,248,253,131,42,22,52,206,73,128,26,244,139,80,123,238,27,90,67,69,43,218,61,103,107,146,203,147,65,246,0,167,218,87,241,223,145,149,98,31,175,190,149,155,61,16,87,100,197,13,99,134,201,182,166,35,59,145,203,171,30,190,145,2,177,122,246,206,202,24,73,194,53,18,86,6,109,27,169,207,82,35,131,123,76,234,43,74,196,28,211,176,18,74,191,69,97,34,69,241,1739147338785,/dev/cu.usbmodem1413401
19,157,231,3,104,28,235,135,131,133,1,0,128,182,32,46,114,127,42,177,176,71,35,77,233,204,154,246,166,206,207,85,11,191,222,95,44,142,164,194,213,82,36,206,220,224,156,30,118,194,37,67,17,230,194,83,155,73,6,144,46,18,83,18,138,76,138,195,82,228,16,242,206,191,154,254,251,184,88,53,206,161,67,150,99,4,244,44,177,253,246,68,186,21,83,222,210,233,141,245,38,13,37,83,174,213,201,209,47,0,32,118,253,166,193,22,12,36,4,29,149,170,168,125,172,24,187,82,29,179,186,111,54,26,148,184,252,82,64,249,54,45,181,124,73,135,56,150,132,226,101,56,182,211,62,55,217,38,158,117,217,140,163,42,145,128,105,91,190,153,84,221,61,58,40,101,37,183,24,65,21,21,168,121,18,215,167,37,227,122,181,118,14,7,145,28,49,239,83,142,147,242,193,211,43,20,92,64,17,186,54,20,165,4,135,151,174,114,30,111,234,133,250,4,28,254,183,163,120,16,157,235,32,89,123,164,155,36,101,103,143,148,26,2,221,132,254,63,52,243,1739147338785,/dev/cu.usbmodem14124201
154,133,237,222,89,128,255,124,181,210,228,125,157,20,245,216,6,145,148,101,122,22,198,116,4,157,241,28,136,144,114,64,146,135,123,224,109,209,249,62,202,62,135,79,194,89,130,238,2,238,140,30,19,33,165,7,94,238,88,20,90,130,78,106,49,148,250,94,237,242,234,230,177,39,121,70,117,87,131,209,51,101,194,231,228,178,238,21,79,25,42,110,146,74,180,252,61,96,84,51,92,204,16,135,21,185,152,238,117,226,94,173,79,222,254,161,236,100,255,223,25,165,135,202,124,139,19,19,130,209,205,85,113,238,58,216,129,195,167,157,222,76,114,88,248,96,244,23,66,129,207,9,4,122,203,55,244,234,183,231,106,37,108,52,156,189,161,70,215,147,121,155,113,223,124,204,206,224,43,161,142,51,189,26,20,255,63,242,44,160,150,167,72,150,34,2,129,114,23,63,30,186,173,192,129,6,62,67,188,100,47,63,85,169,169,148,240,216,73,168,128,245,35,163,91,4,34,66,208,103,35,243,35,127,227,15,39,159,168,239,5,139,169,255,168,115,197,186,16,139,1739147338785,/dev/cu.usbmodem14124401
78,128,79,25,108,155,129,65,245,246,159,83,160,139,86,14,108,97,220,182,150,166,14,73,61,52,2,40,119,165,18,110,48,32,255,108,130,111,230,244,153,78,2,184,174,130,126,207,230,27,154,62,162,169,200,69,174,55,240,56,228,35,47,82,243,215,4,156,72,198,38,89,193,152,14,129,23,132,216,67,234,91,200,217,143,11,203,226,17,71,225,213,199,167,238,41,97,197,45,68,35,14,180,202,249,203,137,57,198,199,226,49,139,166,116,47,116,185,128,54,89,209,183,54,68,74,106,89,214,110,12,54,121,199,145,40,56,207,59,170,216,237,157,133,140,5,180,172,50,242,108,146,123,166,220,68,154,187,9,206,113,223,206,132,120,86,34,1,192,184,112,26,64,50,12,87,135,96,196,175,229,88,17,174,224,145,186,41,218,215,106,249,243,22,36,9,19,131,131,10,209,241,193,138,247,125,132,44,119,30,208,122,42,56,118,206,124,250,33,57,203,211,20,111,227,124,146,101,94,163,230,191,95,12,2,168,150,148,52,146,125,208,206,192,64,12,134,23,212,82,1739147338786,/dev/cu.usbmodem14124101
130,147,182,115,192,156,61,103,118,90,234,140,44,251,171,203,56,238,87,150,108,200,7,182,231,204,126,254,29,0,49,153,168,22,83,173,182,88,40,86,237,95,14,55,250,191,229,143,23,237,142,11,221,137,119,75,157,53,2,108,54,37,238,236,223,123,51,145,33,237,208,185,42,218,211,190,42,215,128,43,107,101,182,20,161,122,209,44,75,212,51,245,117,159,141,164,150,208,9,90,58,73,166,169,132,47,186,107,254,132,234,7,193,250,209,109,162,206,95,131,174,199,158,152,115,117,29,132,215,49,246,99,38,122,149,37,220,116,204,100,58,111,68,32,192,164,21,149,120,14,231,55,235,190,217,42,217,223,234,67,226,179,84,172,42,172,195,149,236,105,15,167,99,246,237,80,139,241,231,196,228,159,189,26,147,25,37,217,245,106,83,154,252,40,125,67,32,5,106,246,191,113,199,197,51,236,33,230,188,137,192,123,159,191,108,231,220,240,255,202,240,130,108,125,233,222,46,71,255,113,163,32,137,160,43,149,117,165,32,181,97,102,80,128,174,51,219,208,224,147,1739147338786,/dev/cu.usbmodem14124301
254,63,140,25,36,9,93,50,48,129,1,77,197,72,21,107,201,7,165,167,54,173,111,151,18,55,102,22,184,166,183,155,245,15,112,242,221,123,159,211,240,183,155,19,199,252,97,225,213,219,173,139,70,216,121,40,187,6,153,177,48,101,162,65,80,70,218,209,15,4,167,34,91,218,65,150,143,43,99,38,61,164,208,117,97,119,92,58,159,129,57,235,114,13,237,223,230,52,118,73,224,178,124,205,134,6,159,158,165,158,117,190,64,60,2,70,148,63,10,127,215,152,119,140,4,208,253,29,177,50,210,0,113,208,255,189,93,226,16,93,183,213,24,146,85,184,138,131,104,73,16,115,128,32,72,39,250,122,5,227,144,15,177,206,125,89,223,98,94,84,154,76,85,176,30,84,217,209,140,85,230,5,88,32,32,247,250,214,232,66,31,10,146,190,200,226,124,194,211,33,221,239,190,99,208,228,135,183,145,189,155,79,30,48,156,83,30,103,124,41,232,64,206,227,67,165,35,122,195,32,143,98,214,131,208,34,128,190,155,27,6,52,22,120,106,221,78,214,3,223,174,54,64,62,204,198,81,219,30,67,15,161,97,6,150,195,248,67,150,202,159,10,244,56,90,206,78,213,70,153,188,183,74,11,143,159,72,27,156,58,164,242,15,95,108,250,62,108,44,186,121,227,219,152,225,38,17,219,222,140,27,206,218,115,72,39,111,161,27,116,247,29,179,77,175,157,235,69,136,67,245,103,129,238,176,199,30,113,8,124,147,223,162,82,116,81,207,151,77,100,127,199,232,3,174,190,77,225,68,211,162,234,153,132,44,53,73,223,149,86,50,84,87,87,55,189,60,246,64,58,36,113,221,245,234,160,197,178,219,124,250,48,113,97,224,112,245,20,93,235,211,81,2,245,119,186,54,99,126,130,139,18,71,178,46,43,242,36,186,86,114,214,79,35,167,68,177,11,144,120,91,242,158,131,70,181,225,74,156,85,246,127,146,113,248,255,84,95,44,120,70,154,216,190,164,219,55,183,138,35,118,238,235,61,26,251,204,79,82,96,84,89,20,71,61,117,168,120,234,29,199,197,11,23,6,80,186,213,128,194,90,241,192,212,104,125,86,118,174,43,11,11,210,152,128,125,10,164,180,55,128,84,215,16,68,137,37,55,82,141,217,98,181,101,70,2,190,64,123,114,90,162,55,61,167,57,245,145,65,191,155,144,139,149,53,101,7,51,151,70,238,232,217,100,13,211,98,75,175,182,246,126,187,150,165,162,75,135,39,237,75,99,153,238,52,218,111,81,7,163,75,202,154,43,139,147,76,175,170,171,197,54,19,93,130,204,253,187,31,137,200,241,90,128,65,184,213,167,85,141,223,10,186,70,164,113,61,116,116,197,45,58,169,35,52,154,33,72,9,174,133,82,80,232,91,158,140,200,197,126,144,245,213,104,86,51,52,33,10,82,139,219,184,90,49,24,188,107,109,177,30,252,169,209,242,123,110,226,155,208,81,112,105,68,243,218,234,210,88,243,205,155,155,166,227,225,187,81,146,142,217,40,137,25,231,40,20,69,207,126,201,6,16,97,3,204,68,124,108,6,52,165,245,100,181,118,246,39,61,11,56,49,67,11,76,54,90,203,39,43,99,31,224,201,79,69,235,229,195,205,237,219,133,64,70,62,213,76,116,193,62,146,180,92,235,134,171,93,89,236,98,25,175,85,214,131,141,144,86,3,21,149,103,2,55,60,225,232,102,47,147,12,179,157,49,57,183,11,152,206,37,239,122,242,3,77,189,56,81,204,136,53,156,103,44,170,127,154,224,49,84,179,224,52,242,64,99,110,60,176,11,251,230,123,202,60,19,59,2,13,40,200,156,112,40,187,113,221,93,238,177,36,186,189,198,253,37,188,26,251,204,81,139,76,91,132,152,111,87,206,121,107,128,142,96,153,188,132,228,238,209,133,136,236,9,160,140,136,159,179,165,211,42,168,205,83,221,36,53,99,196,239,153,50,141,69,177,250,100,6,242,248,253,131,42,22,52,206,73,128,26,244,139,80,123,238,27,90,67,69,43,218,61,103,107,146,203,147,65,246,0,167,218,87,241,223,145,149,98,31,175,190,149,155,61,16,87,100,197,13,99,134,201,182,166,35,59,145,203,171,30,190,145,2,177,122,246,206,202,24,73,194,53,18,86,6,109,27,169,207,82,35,131,123,76,234,43,74,196,28,211,176,18,74,191,69,97,34,69,241,19,157,231,3,104,28,235,135,131,133,1,0,128,182,32,46,114,127,42,177,176,71,35,77,233,204,154,246,166,206,207,85,11,191,222,95,44,142,164,194,213,82,36,206,220,224,156,30,118,194,37,67,17,230,194,83,155,73,6,144,46,18,83,18,138,76,138,195,82,228,16,242,206,191,154,254,251,184,88,53,206,161,67,150,99,4,244,44,177,253,246,68,186,21,83,222,210,233,141,245,38,13,37,83,174,213,201,209,47,0,32,118,253,166,193,22,12,36,4,29,149,170,168,125,172,24,187,82,29,179,186,111,54,26,148,184,252,82,64,249,54,45,181,124,73,135,56,150,132,226,101,56,182,211,62,55,217,38,158,117,217,140,163,42,145,128,105,91,190,153,84,221,61,58,40,101,37,183,24,65,21,21,168,121,18,215,167,37,227,122,181,118,14,7,145,28,49,239,83,142,147,242,193,211,43,20,92,64,17,186,54,20,165,4,135,151,174,114,30,111,234,133,250,4,28,254,183,163,120,16,157,235,32,89,123,164,155,36,101,103,143,148,26,2,221,132,254,63,52,243,154,133,237,222,89,128,255,124,181,210,228,125,157,20,245,216,6,145,148,101,122,22,198,116,4,157,241,28,136,144,114,64,146,135,123,224,109,209,249,62,202,62,135,79,194,89,130,238,2,238,140,30,19,33,165,7,94,238,88,20,90,130,78,106,49,148,250,94,237,242,234,230,177,39,121,70,117,87,131,209,51,101,194,231,228,178,238,21,79,25,42,110,146,74,180,252,61,96,84,51,92,204,16,135,21,185,152,238,117,226,94,173,79,222,254,161,236,100,255,223,25,165,135,202,124,139,19,19,130,209,205,85,113,238,58,216,129,195,167,157,222,76,114,88,248,96,244,23,66,129,207,9,4,122,203,55,244,234,183,231,106,37,108,52,156,189,161,70,215,147,121,155,113,223,124,204,206,224,43,161,142,51,189,26,20,255,63,242,44,160,150,167,72,150,34,2,129,114,23,63,30,186,173,192,129,6,62,67,188,100,47,63,85,169,169,148,240,216,73,168,128,245,35,163,91,4,34,66,208,103,35,243,35,127,227,15,39,159,168,239,5,139,169,255,168,115,197,186,16,139,78,128,79,25,108,155,129,65,245,246,159,83,160,139,86,14,108,97,220,182,150,166,14,73,61,52,2,40,119,165,18,110,48,32,255,108,130,111,230,244,153,78,2,184,174,130,126,207,230,27,154,62,162,169,200,69,174,55,240,56,228,35,47,82,243,215,4,156,72,198,38,89,193,152,14,129,23,132,216,67,234,91,200,217,143,11,203,226,17,71,225,213,199,167,238,41,97,197,45,68,35,14,180,202,249,203,137,57,198,199,226,49,139,166,116,47,116,185,128,54,89,209,183,54,68,74,106,89,214,110,12,54,121,199,145,40,56,207,59,170,216,237,157,133,140,5,180,172,50,242,108,146,123,166,220,68,154,187,9,206,113,223,206,132,120,86,34,1,192,184,112,26,64,50,12,87,135,96,196,175,229,88,17,174,224,145,186,41,218,215,106,249,243,22,36,9,19,131,131,10,209,241,193,138,247,125,132,44,119,30,208,122,42,56,118,206,124,250,33,57,203,211,20,111,227,124,146,101,94,163,230,191,95,12,2,168,150,148,52,146,125,208,206,192,64,12,134,23,212,82,130,147,182,115,192,156,61,103,118,90,234,140,44,251,171,203,56,238,87,150,108,200,7,182,231,204,126,254,29,0,49,153,168,22,83,173,182,88,40,86,237,95,14,55,250,191,229,143,23,237,142,11,221,137,119,75,157,53,2,108,54,37,238,236,223,123,51,145,33,237,208,185,42,218,211,190,42,215,128,43,107,101,182,20,161,122,209,44,75,212,51,245,117,159,141,164,150,208,9,90,58,73,166,169,132,47,186,107,254,132,234,7,193,250,209,109,162,206,95,131,174,199,158,152,115,117,29,132,215,49,246,99,38,122,149,37,220,116,204,100,58,111,68,32,192,164,21,149,120,14,231,55,235,190,217,42,217,223,234,67,226,179,84,172,42,172,195,149,236,105,15,167,99,246,237,80,139,241,231,196,228,159,189,26,147,25,37,217,245,106,83,154,252,40,125,67,32,5,106,246,191,113,199,197,51,236,33,230,188,137,192,123,159,191,108,231,220,240,255,202,240,130,108,125,233,222,46,71,255,113,163,32,137,160,43,149,117,165,32,181,97,102,80,128,174,51,219,208,224,147,1739147338788,QBYTE | dutt
127,47,208,194,160,190,97,68,211,125,185,22,148,10,122,53,99,55,29,179,27,196,167,11,202,150,58,79,101,53,180,227,56,94,131,240,225,43,184,128,117,154,183,47,199,209,103,50,226,73,128,245,86,21,2,195,32,250,30,228,66,43,126,113,232,228,120,79,18,237,71,172,144,85,144,123,5,47,210,157,51,136,214,40,132,99,23,176,143,29,238,179,104,146,102,143,192,184,1,27,31,170,154,152,218,161,249,180,102,165,38,64,30,44,4,129,91,186,126,26,74,171,27,254,50,211,76,16,255,15,174,167,143,215,84,57,58,94,241,110,245,200,114,119,239,34,136,137,144,140,3,76,148,149,215,47,220,212,1,237,30,73,204,239,2,88,115,53,154,18,18,98,137,104,210,184,189,79,132,129,212,58,162,230,69,14,12,24,89,70,121,193,73,60,235,112,165,213,149,225,88,186,165,251,23,137,111,89,30,26,201,68,124,213,122,114,25,170,147,151,208,40,95,163,201,174,163,1,225,148,55,132,156,248,133,68,163,54,246,73,112,36,158,141,186,58,30,102,120,174,1739147339862,/dev/cu.usbmodem14201
173,84,26,245,229,41,1,172,57,225,25,181,255,32,242,218,162,230,189,93,252,177,154,6,73,71,34,250,145,97,218,209,38,49,148,252,252,207,204,76,46,130,255,100,67,126,20,139,223,151,232,229,1,122,184,233,54,84,79,114,94,37,227,77,160,209,97,142,95,71,149,240,241,238,17,206,79,214,141,194,91,120,103,178,229,14,48,99,207,9,78,126,34,117,203,166,182,251,174,126,46,102,214,141,109,108,234,58,13,244,208,255,63,201,87,57,48,210,94,165,26,147,165,252,8,29,238,5,97,134,19,162,238,111,151,252,153,230,81,39,132,148,155,129,174,169,205,134,84,207,230,73,0,129,221,38,170,67,60,134,87,216,174,136,37,191,23,86,49,231,113,132,251,217,197,66,189,168,79,23,116,82,93,5,123,52,45,237,164,205,112,98,154,251,0,213,43,137,171,15,169,41,60,133,173,222,108,157,231,179,248,55,183,42,116,90,193,4,209,234,199,83,35,59,78,38,168,155,99,46,19,130,175,153,95,28,162,3,183,150,111,49,96,235,88,46,148,161,77,242,1739147339862,/dev/cu.usbmodem1413101
99,229,209,178,68,206,37,48,7,12,178,157,149,20,8,73,195,222,159,162,99,123,202,100,59,141,153,92,178,42,101,37,39,237,234,105,211,69,138,126,209,192,140,224,194,60,36,103,158,221,15,142,31,10,103,221,93,18,184,142,84,203,64,158,142,236,93,240,235,127,39,109,15,72,39,26,255,74,120,228,249,190,198,31,20,222,49,132,58,191,84,102,94,177,228,167,244,196,30,197,80,128,103,136,110,246,108,249,94,194,126,167,144,16,186,91,163,120,82,107,175,235,123,195,171,107,107,239,248,50,174,51,101,90,228,69,214,224,46,180,117,250,90,42,48,30,49,115,75,162,74,71,163,20,25,104,154,242,81,251,18,84,46,172,73,179,87,251,70,25,252,91,199,183,87,136,59,55,102,175,47,242,74,121,249,107,227,134,250,236,106,251,1,147,137,63,75,143,231,45,249,156,169,59,119,19,45,93,228,126,225,228,21,173,87,114,96,100,153,139,77,88,17,125,151,99,230,65,223,199,212,46,189,54,137,229,89,59,116,182,171,127,252,114,78,196,98,91,12,185,1739147339862,/dev/cu.usbmodem1413201
165,108,250,168,34,129,171,250,46,223,83,105,52,56,9,222,157,169,170,84,3,7,106,177,26,70,171,1,104,74,186,144,27,3,81,223,228,218,43,248,244,154,229,200,29,100,103,35,219,204,165,62,191,246,242,177,35,169,197,195,134,163,158,229,136,56,4,89,136,253,72,232,131,151,248,248,51,51,165,61,86,234,245,128,89,72,163,229,165,2,87,168,208,5,5,241,71,172,124,162,233,254,131,5,245,149,163,82,242,196,16,99,197,196,207,252,180,82,66,130,70,201,97,225,230,125,180,42,102,102,239,245,251,53,181,63,38,176,183,239,147,35,37,60,115,221,136,117,44,212,177,54,103,246,102,149,103,53,145,111,232,120,112,252,218,41,179,119,216,248,165,223,136,128,158,219,38,208,79,106,189,24,24,150,167,183,121,114,223,225,235,123,84,157,50,71,173,94,1,231,43,101,239,28,161,165,216,131,232,207,224,235,214,212,102,183,93,178,2,222,172,201,52,148,141,172,91,254,79,31,255,77,222,228,75,182,142,64,180,66,232,226,233,186,13,196,240,12,84,16,1739147339862,/dev/cu.usbmodem1413401
151,187,10,70,166,20,177,237,87,230,225,243,216,149,5,2,208,193,145,172,154,169,169,58,233,187,95,188,57,179,246,26,173,120,97,49,115,30,126,154,204,195,189,73,73,236,105,201,27,230,104,101,12,220,131,191,74,169,59,164,139,150,107,246,120,6,244,174,62,83,58,183,206,149,130,163,126,172,217,19,182,91,96,229,15,188,213,101,119,51,112,146,25,176,61,37,114,12,124,218,223,237,196,115,59,234,5,240,233,216,198,253,237,120,117,9,136,61,195,129,187,244,96,206,38,253,177,87,140,103,186,163,199,68,41,67,226,135,243,238,166,236,185,25,209,237,225,138,204,51,24,166,93,49,82,142,110,54,140,9,3,155,121,88,145,166,157,50,17,115,83,70,169,13,119,44,34,209,98,93,206,125,113,230,94,172,35,19,212,225,208,229,180,191,114,212,123,31,238,239,200,48,201,226,120,6,236,30,41,127,69,181,123,83,190,137,186,45,171,255,202,45,73,50,165,56,218,27,144,232,70,226,44,58,17,87,152,122,47,229,208,16,63,55,93,4,147,93,187,34,1739147339863,/dev/cu.usbmodem14124201
187,166,97,63,54,112,24,17,209,157,3,241,13,19,42,39,3,130,249,209,123,221,137,219,222,103,230,162,32,12,13,41,229,166,144,29,86,197,218,26,29,53,119,221,129,109,27,85,220,132,96,192,210,241,55,189,186,230,165,155,50,8,242,61,180,240,140,108,158,6,243,94,195,232,20,96,42,39,207,55,60,253,119,209,59,246,151,116,35,94,158,50,69,162,224,58,27,7,252,144,142,55,156,30,188,148,191,88,92,184,132,130,48,84,226,52,39,122,1,20,95,11,39,83,44,73,222,105,118,106,184,221,47,216,11,137,16,94,95,125,127,83,19,68,152,255,76,151,32,54,243,137,10,105,80,54,44,105,237,0,111,68,17,214,17,41,138,36,176,235,110,86,81,235,182,2,111,74,119,153,131,12,0,156,254,67,74,214,191,70,94,137,145,237,9,151,225,105,228,249,240,228,195,158,2,78,115,18,74,3,133,103,128,201,192,99,238,64,225,235,0,131,135,207,196,155,170,100,100,93,241,138,25,147,233,126,30,29,181,188,248,183,239,102,160,250,91,230,112,121,1739147339863,/dev/cu.usbmodem14124401
153,64,87,132,209,205,236,49,241,94,226,221,140,216,95,29,253,1,182,63,64,120,163,29,24,155,217,7,253,50,182,45,118,163,229,113,3,243,139,173,116,122,159,215,135,197,245,129,145,18,50,207,179,54,252,3,75,75,149,222,29,80,232,145,149,219,3,176,180,110,141,118,43,225,140,51,249,170,214,209,204,26,112,115,174,47,234,179,217,192,119,71,145,235,191,146,96,161,169,175,118,89,70,49,120,104,84,253,96,50,36,247,93,204,29,121,199,70,239,237,205,235,220,200,226,44,14,183,91,28,12,180,51,104,44,179,105,96,149,104,134,209,43,189,54,144,102,180,47,241,64,172,250,35,222,16,47,86,56,28,41,215,51,147,72,197,209,217,250,72,214,21,144,174,247,221,153,126,39,179,59,178,157,126,39,175,251,14,134,164,1,196,142,252,41,230,85,156,236,87,255,153,122,91,69,217,20,65,192,150,191,30,183,131,19,14,158,88,18,149,109,224,173,153,69,192,53,17,255,60,153,116,158,60,131,44,124,143,16,124,48,230,47,82,44,69,234,230,254,76,1739147339863,/dev/cu.usbmodem14124101
209,167,119,162,162,62,140,27,167,101,240,25,5,33,88,77,149,9,61,130,208,24,177,91,119,177,114,43,70,223,56,175,107,131,252,180,204,111,230,125,76,0,47,67,205,242,180,55,132,166,190,202,20,235,98,58,145,191,86,120,7,236,24,148,176,5,249,167,214,251,144,233,208,46,177,143,193,219,166,234,123,7,93,104,129,61,25,243,138,185,47,244,104,148,207,9,164,100,57,118,240,140,46,42,188,221,58,99,73,157,48,58,193,143,136,13,206,67,125,51,19,155,151,203,84,160,228,27,49,85,253,97,144,201,156,175,109,23,192,95,114,238,193,141,175,121,200,102,171,21,79,148,42,79,47,40,80,195,123,43,190,216,197,162,104,193,212,183,14,237,12,94,215,93,184,250,163,47,78,183,141,104,145,16,156,15,224,2,12,191,172,120,157,107,62,147,217,246,20,90,165,197,220,123,6,194,22,216,95,21,128,129,102,140,189,27,180,180,148,220,54,199,220,67,53,147,64,151,199,150,161,155,253,227,65,151,91,117,165,55,10,146,40,64,191,189,191,21,93,29,1739147339863,/dev/cu.usbmodem14124301
127,47,208,194,160,190,97,68,211,125,185,22,148,10,122,53,99,55,29,179,27,196,167,11,202,150,58,79,101,53,180,227,56,94,131,240,225,43,184,128,117,154,183,47,199,209,103,50,226,73,128,245,86,21,2,195,32,250,30,228,66,43,126,113,232,228,120,79,18,237,71,172,144,85,144,123,5,47,210,157,51,136,214,40,132,99,23,176,143,29,238,179,104,146,102,143,192,184,1,27,31,170,154,152,218,161,249,180,102,165,38,64,30,44,4,129,91,186,126,26,74,171,27,254,50,211,76,16,255,15,174,167,143,215,84,57,58,94,241,110,245,200,114,119,239,34,136,137,144,140,3,76,148,149,215,47,220,212,1,237,30,73,204,239,2,88,115,53,154,18,18,98,137,104,210,184,189,79,132,129,212,58,162,230,69,14,12,24,89,70,121,193,73,60,235,112,165,213,149,225,88,186,165,251,23,137,111,89,30,26,201,68,124,213,122,114,25,170,147,151,208,40,95,163,201,174,163,1,225,148,55,132,156,248,133,68,163,54,246,73,112,36,158,141,186,58,30,102,120,174,173,84,26,245,229,41,1,172,57,225,25,181,255,32,242,218,162,230,189,93,252,177,154,6,73,71,34,250,145,97,218,209,38,49,148,252,252,207,204,76,46,130,255,100,67,126,20,139,223,151,232,229,1,122,184,233,54,84,79,114,94,37,227,77,160,209,97,142,95,71,149,240,241,238,17,206,79,214,141,194,91,120,103,178,229,14,48,99,207,9,78,126,34,117,203,166,182,251,174,126,46,102,214,141,109,108,234,58,13,244,208,255,63,201,87,57,48,210,94,165,26,147,165,252,8,29,238,5,97,134,19,162,238,111,151,252,153,230,81,39,132,148,155,129,174,169,205,134,84,207,230,73,0,129,221,38,170,67,60,134,87,216,174,136,37,191,23,86,49,231,113,132,251,217,197,66,189,168,79,23,116,82,93,5,123,52,45,237,164,205,112,98,154,251,0,213,43,137,171,15,169,41,60,133,173,222,108,157,231,179,248,55,183,42,116,90,193,4,209,234,199,83,35,59,78,38,168,155,99,46,19,130,175,153,95,28,162,3,183,150,111,49,96,235,88,46,148,161,77,242,99,229,209,178,68,206,37,48,7,12,178,157,149,20,8,73,195,222,159,162,99,123,202,100,59,141,153,92,178,42,101,37,39,237,234,105,211,69,138,126,209,192,140,224,194,60,36,103,158,221,15,142,31,10,103,221,93,18,184,142,84,203,64,158,142,236,93,240,235,127,39,109,15,72,39,26,255,74,120,228,249,190,198,31,20,222,49,132,58,191,84,102,94,177,228,167,244,196,30,197,80,128,103,136,110,246,108,249,94,194,126,167,144,16,186,91,163,120,82,107,175,235,123,195,171,107,107,239,248,50,174,51,101,90,228,69,214,224,46,180,117,250,90,42,48,30,49,115,75,162,74,71,163,20,25,104,154,242,81,251,18,84,46,172,73,179,87,251,70,25,252,91,199,183,87,136,59,55,102,175,47,242,74,121,249,107,227,134,250,236,106,251,1,147,137,63,75,143,231,45,249,156,169,59,119,19,45,93,228,126,225,228,21,173,87,114,96,100,153,139,77,88,17,125,151,99,230,65,223,199,212,46,189,54,137,229,89,59,116,182,171,127,252,114,78,196,98,91,12,185,165,108,250,168,34,129,171,250,46,223,83,105,52,56,9,222,157,169,170,84,3,7,106,177,26,70,171,1,104,74,186,144,27,3,81,223,228,218,43,248,244,154,229,200,29,100,103,35,219,204,165,62,191,246,242,177,35,169,197,195,134,163,158,229,136,56,4,89,136,253,72,232,131,151,248,248,51,51,165,61,86,234,245,128,89,72,163,229,165,2,87,168,208,5,5,241,71,172,124,162,233,254,131,5,245,149,163,82,242,196,16,99,197,196,207,252,180,82,66,130,70,201,97,225,230,125,180,42,102,102,239,245,251,53,181,63,38,176,183,239,147,35,37,60,115,221,136,117,44,212,177,54,103,246,102,149,103,53,145,111,232,120,112,252,218,41,179,119,216,248,165,223,136,128,158,219,38,208,79,106,189,24,24,150,167,183,121,114,223,225,235,123,84,157,50,71,173,94,1,231,43,101,239,28,161,165,216,131,232,207,224,235,214,212,102,183,93,178,2,222,172,201,52,148,141,172,91,254,79,31,255,77,222,228,75,182,142,64,180,66,232,226,233,186,13,196,240,12,84,16,151,187,10,70,166,20,177,237,87,230,225,243,216,149,5,2,208,193,145,172,154,169,169,58,233,187,95,188,57,179,246,26,173,120,97,49,115,30,126,154,204,195,189,73,73,236,105,201,27,230,104,101,12,220,131,191,74,169,59,164,139,150,107,246,120,6,244,174,62,83,58,183,206,149,130,163,126,172,217,19,182,91,96,229,15,188,213,101,119,51,112,146,25,176,61,37,114,12,124,218,223,237,196,115,59,234,5,240,233,216,198,253,237,120,117,9,136,61,195,129,187,244,96,206,38,253,177,87,140,103,186,163,199,68,41,67,226,135,243,238,166,236,185,25,209,237,225,138,204,51,24,166,93,49,82,142,110,54,140,9,3,155,121,88,145,166,157,50,17,115,83,70,169,13,119,44,34,209,98,93,206,125,113,230,94,172,35,19,212,225,208,229,180,191,114,212,123,31,238,239,200,48,201,226,120,6,236,30,41,127,69,181,123,83,190,137,186,45,171,255,202,45,73,50,165,56,218,27,144,232,70,226,44,58,17,87,152,122,47,229,208,16,63,55,93,4,147,93,187,34,187,166,97,63,54,112,24,17,209,157,3,241,13,19,42,39,3,130,249,209,123,221,137,219,222,103,230,162,32,12,13,41,229,166,144,29,86,197,218,26,29,53,119,221,129,109,27,85,220,132,96,192,210,241,55,189,186,230,165,155,50,8,242,61,180,240,140,108,158,6,243,94,195,232,20,96,42,39,207,55,60,253,119,209,59,246,151,116,35,94,158,50,69,162,224,58,27,7,252,144,142,55,156,30,188,148,191,88,92,184,132,130,48,84,226,52,39,122,1,20,95,11,39,83,44,73,222,105,118,106,184,221,47,216,11,137,16,94,95,125,127,83,19,68,152,255,76,151,32,54,243,137,10,105,80,54,44,105,237,0,111,68,17,214,17,41,138,36,176,235,110,86,81,235,182,2,111,74,119,153,131,12,0,156,254,67,74,214,191,70,94,137,145,237,9,151,225,105,228,249,240,228,195,158,2,78,115,18,74,3,133,103,128,201,192,99,238,64,225,235,0,131,135,207,196,155,170,100,100,93,241,138,25,147,233,126,30,29,181,188,248,183,239,102,160,250,91,230,112,121,153,64,87,132,209,205,236,49,241,94,226,221,140,216,95,29,253,1,182,63,64,120,163,29,24,155,217,7,253,50,182,45,118,163,229,113,3,243,139,173,116,122,159,215,135,197,245,129,145,18,50,207,179,54,252,3,75,75,149,222,29,80,232,145,149,219,3,176,180,110,141,118,43,225,140,51,249,170,214,209,204,26,112,115,174,47,234,179,217,192,119,71,145,235,191,146,96,161,169,175,118,89,70,49,120,104,84,253,96,50,36,247,93,204,29,121,199,70,239,237,205,235,220,200,226,44,14,183,91,28,12,180,51,104,44,179,105,96,149,104,134,209,43,189,54,144,102,180,47,241,64,172,250,35,222,16,47,86,56,28,41,215,51,147,72,197,209,217,250,72,214,21,144,174,247,221,153,126,39,179,59,178,157,126,39,175,251,14,134,164,1,196,142,252,41,230,85,156,236,87,255,153,122,91,69,217,20,65,192,150,191,30,183,131,19,14,158,88,18,149,109,224,173,153,69,192,53,17,255,60,153,116,158,60,131,44,124,143,16,124,48,230,47,82,44,69,234,230,254,76,209,167,119,162,162,62,140,27,167,101,240,25,5,33,88,77,149,9,61,130,208,24,177,91,119,177,114,43,70,223,56,175,107,131,252,180,204,111,230,125,76,0,47,67,205,242,180,55,132,166,190,202,20,235,98,58,145,191,86,120,7,236,24,148,176,5,249,167,214,251,144,233,208,46,177,143,193,219,166,234,123,7,93,104,129,61,25,243,138,185,47,244,104,148,207,9,164,100,57,118,240,140,46,42,188,221,58,99,73,157,48,58,193,143,136,13,206,67,125,51,19,155,151,203,84,160,228,27,49,85,253,97,144,201,156,175,109,23,192,95,114,238,193,141,175,121,200,102,171,21,79,148,42,79,47,40,80,195,123,43,190,216,197,162,104,193,212,183,14,237,12,94,215,93,184,250,163,47,78,183,141,104,145,16,156,15,224,2,12,191,172,120,157,107,62,147,217,246,20,90,165,197,220,123,6,194,22,216,95,21,128,129,102,140,189,27,180,180,148,220,54,199,220,67,53,147,64,151,199,150,161,155,253,227,65,151,91,117,165,55,10,146,40,64,191,189,191,21,93,29,1739147339865,QBYTE | jukebox
156,143,141,107,113,158,135,233,184,164,248,172,75,244,1,84,101,210,189,115,88,165,70,133,20,40,235,107,165,114,244,17,4,231,45,160,89,97,200,156,226,173,12,64,32,102,76,149,192,16,198,91,212,24,253,105,211,120,112,98,184,25,232,144,176,244,4,177,80,64,14,29,22,173,86,124,198,78,254,64,37,99,221,198,63,157,108,135,153,116,82,90,30,116,139,73,19,112,228,205,7,56,219,88,230,34,203,219,38,194,197,107,80,167,170,197,233,135,109,169,189,83,158,225,216,124,220,96,109,211,80,141,198,33,227,127,146,129,135,3,102,229,179,150,235,252,28,8,186,44,16,239,26,240,81,161,247,156,142,54,242,6,49,235,190,11,206,194,213,183,178,70,130,228,163,91,105,152,3,136,186,80,36,42,177,194,169,93,138,35,180,35,220,73,166,186,175,76,114,184,2,244,161,57,196,221,174,106,95,123,129,211,192,32,144,180,190,55,80,196,166,19,56,229,27,27,51,156,239,177,224,108,170,51,106,148,82,44,243,52,216,14,251,211,190,193,89,233,220,195,1739147340940,/dev/cu.usbmodem14201
109,66,252,75,252,87,206,7,1,134,141,148,32,57,67,51,173,111,175,54,227,248,217,249,185,231,99,137,30,81,138,154,30,79,150,240,174,150,129,125,24,99,147,139,79,144,219,195,222,45,253,56,84,89,86,3,114,35,73,33,29,74,29,248,205,26,129,2,70,43,59,77,103,25,204,216,188,165,90,117,119,68,230,204,29,102,147,82,46,97,221,46,43,54,238,55,93,78,76,165,194,245,223,50,31,67,76,176,180,71,225,165,200,179,135,28,184,140,139,170,254,177,134,178,33,7,53,152,184,143,70,234,208,75,211,141,58,6,88,189,140,192,209,39,49,66,78,209,47,236,190,20,92,88,143,165,0,225,97,55,116,166,86,105,241,127,22,176,130,131,68,211,149,0,179,73,70,73,249,253,30,85,200,6,13,179,77,244,107,38,125,211,255,103,232,136,83,136,156,194,117,5,200,109,251,225,68,161,99,255,235,42,79,231,1,181,136,168,154,119,241,60,5,234,244,92,150,175,165,161,170,196,112,183,129,197,151,87,117,100,234,158,85,255,157,222,84,98,51,216,1739147340940,/dev/cu.usbmodem1413101
45,230,206,81,159,146,85,179,146,185,144,6,6,229,67,141,75,92,255,96,10,161,62,15,232,157,17,187,130,128,14,182,249,234,24,115,77,249,211,197,186,73,59,143,179,87,4,111,77,183,245,151,245,186,105,180,39,166,37,183,154,156,162,188,239,228,185,67,137,146,95,116,98,105,228,97,0,166,119,84,98,121,27,89,151,208,41,222,248,150,244,122,200,76,43,13,120,176,114,36,57,168,185,248,166,16,220,183,33,39,200,86,181,165,96,113,124,78,213,33,57,18,107,204,61,159,230,90,237,205,90,90,121,42,208,79,60,215,196,129,199,55,205,208,88,171,51,155,35,74,162,199,19,14,79,154,154,128,0,145,186,131,255,101,76,78,185,25,169,65,197,103,219,116,49,254,105,21,119,70,172,57,168,79,204,20,239,69,182,221,162,174,112,133,108,52,34,129,101,118,226,70,116,186,30,75,88,225,175,160,33,28,178,176,120,255,107,11,158,50,179,68,144,44,2,146,156,45,244,38,232,92,3,252,35,165,11,164,182,197,13,235,18,195,196,89,154,163,243,40,1739147340940,/dev/cu.usbmodem1413201
34,85,114,158,153,11,49,168,249,191,44,75,220,144,40,166,150,15,234,184,168,181,142,10,190,75,83,168,101,183,97,218,136,35,37,234,40,64,218,254,158,202,194,33,153,216,224,203,211,72,157,47,35,142,23,74,211,50,158,165,6,181,175,253,59,33,76,200,169,127,68,247,234,71,37,137,93,59,115,101,102,50,191,169,25,231,120,222,106,193,240,253,218,122,254,217,198,178,3,146,16,212,10,157,30,251,135,162,247,71,65,237,215,78,122,145,194,214,208,37,185,122,127,123,97,191,255,208,231,25,194,65,67,32,62,81,58,78,124,40,203,243,113,45,225,176,20,22,223,211,138,194,80,117,202,78,107,165,195,45,159,28,171,253,188,214,200,183,189,96,69,210,230,124,67,70,56,178,85,169,234,207,153,239,121,158,236,176,98,145,119,201,69,218,44,128,44,27,53,21,221,254,137,176,229,95,98,47,232,115,19,72,108,146,148,174,170,141,171,77,18,4,46,128,38,186,162,75,199,126,71,206,31,67,111,195,175,185,21,121,197,158,22,231,104,166,99,129,55,6,1739147340940,/dev/cu.usbmodem1413401
156,250,73,191,158,158,69,146,53,111,100,217,187,71,32,71,96,24,44,182,73,42,19,31,172,248,10,253,102,23,97,216,113,143,98,168,76,120,117,124,232,122,235,78,237,164,4,188,10,248,68,103,113,44,190,61,212,129,128,234,57,88,115,219,201,132,8,133,195,21,145,6,183,45,33,254,106,57,21,79,113,216,161,195,132,147,242,50,73,234,9,33,218,40,136,174,123,81,97,168,46,54,151,102,33,54,162,120,63,187,234,126,189,171,85,186,144,156,186,21,20,150,253,96,243,107,200,13,137,235,107,132,108,244,43,9,103,96,103,150,208,97,121,10,159,171,5,90,48,195,217,66,190,1,49,87,249,140,102,198,155,233,234,234,94,27,177,232,255,187,179,55,72,86,43,34,150,18,134,113,211,20,137,254,216,155,183,182,117,97,98,199,83,134,144,206,200,47,188,24,75,84,59,11,96,241,160,47,206,248,193,115,1,67,241,35,60,73,218,73,14,116,20,12,246,115,231,98,121,105,145,29,27,196,1,101,139,177,179,241,181,151,244,30,121,160,132,22,1,111,1739147340941,/dev/cu.usbmodem14124201
221,152,225,88,220,194,50,144,18,206,148,108,241,56,156,89,252,253,156,8,184,133,196,239,225,112,35,112,169,212,151,251,229,27,163,73,54,219,147,7,37,81,84,89,192,203,228,160,94,134,104,210,19,204,117,245,148,234,148,66,172,177,137,201,103,239,230,180,118,140,7,120,153,57,105,169,159,44,69,225,226,35,112,243,217,7,129,174,192,104,62,250,199,203,188,81,229,237,168,63,179,30,181,135,45,72,211,152,221,91,54,228,213,44,45,241,43,156,253,106,13,158,145,97,233,114,197,194,6,56,150,131,230,99,23,216,211,190,29,38,165,178,170,197,44,189,221,54,91,112,35,201,173,11,23,205,98,213,242,17,90,160,68,81,246,47,237,93,114,229,160,242,15,190,73,66,213,147,76,146,15,14,132,108,154,245,89,63,85,1,206,126,170,172,231,217,188,44,45,240,164,8,15,238,10,49,58,132,114,7,128,144,153,10,19,103,239,46,63,140,85,59,237,12,222,27,3,5,132,184,105,190,227,176,33,71,123,78,86,99,192,134,87,94,166,91,66,26,192,67,1739147340941,/dev/cu.usbmodem14124401
79,128,182,28,27,22,57,192,58,37,26,87,197,151,134,147,43,58,211,200,190,75,6,166,198,168,254,132,134,131,223,177,18,231,162,105,224,46,111,222,140,57,111,45,52,13,251,56,145,101,89,43,140,140,105,232,132,197,209,38,58,76,83,235,228,174,15,70,176,236,249,109,113,165,241,77,48,253,160,69,247,98,84,38,46,224,243,209,250,239,174,93,178,27,154,163,200,16,113,18,18,241,241,220,128,94,51,230,65,184,188,20,37,198,240,31,169,175,107,161,66,243,113,179,198,230,2,47,193,155,142,242,226,14,226,77,188,221,97,69,46,188,126,117,57,130,29,128,197,173,251,114,217,184,144,143,25,194,122,78,33,22,1,254,87,155,199,31,87,230,202,23,253,159,44,236,225,12,180,146,248,204,110,173,11,172,228,46,96,120,61,108,201,216,178,74,77,108,68,223,60,117,245,152,39,238,46,26,70,194,38,23,19,178,29,205,175,189,222,93,2,161,83,103,161,233,5,200,146,46,160,196,92,156,226,185,181,239,140,138,48,163,40,219,246,130,72,205,125,242,1739147340941,/dev/cu.usbmodem14124101
121,130,3,203,212,18,141,216,119,234,131,104,126,128,147,50,7,193,11,234,111,47,206,202,74,59,88,16,101,120,95,5,251,39,233,65,231,155,226,103,164,183,55,57,72,242,163,175,97,101,199,227,45,175,52,94,106,6,132,230,144,172,50,244,107,81,206,126,218,108,82,6,69,204,65,8,35,133,223,97,72,157,212,8,171,161,196,179,69,15,24,29,104,128,137,230,234,143,29,164,9,93,250,9,161,94,7,136,150,242,185,136,162,117,101,105,218,181,159,200,173,156,7,59,254,87,111,155,128,181,123,177,113,139,238,90,77,26,94,147,192,196,60,44,124,54,93,111,232,7,171,31,154,16,42,250,183,73,59,204,170,73,164,238,66,19,10,76,100,206,59,62,48,186,201,173,239,213,119,128,22,173,201,108,34,214,227,162,169,129,100,34,36,140,12,43,61,97,43,84,18,194,8,116,133,109,128,199,91,196,131,204,100,93,199,75,194,246,157,237,75,114,241,13,192,170,170,243,244,196,0,147,225,235,37,149,9,183,110,229,128,49,63,69,4,16,199,65,220,22,1739147340941,/dev/cu.usbmodem14124301
156,143,141,107,113,158,135,233,184,164,248,172,75,244,1,84,101,210,189,115,88,165,70,133,20,40,235,107,165,114,244,17,4,231,45,160,89,97,200,156,226,173,12,64,32,102,76,149,192,16,198,91,212,24,253,105,211,120,112,98,184,25,232,144,176,244,4,177,80,64,14,29,22,173,86,124,198,78,254,64,37,99,221,198,63,157,108,135,153,116,82,90,30,116,139,73,19,112,228,205,7,56,219,88,230,34,203,219,38,194,197,107,80,167,170,197,233,135,109,169,189,83,158,225,216,124,220,96,109,211,80,141,198,33,227,127,146,129,135,3,102,229,179,150,235,252,28,8,186,44,16,239,26,240,81,161,247,156,142,54,242,6,49,235,190,11,206,194,213,183,178,70,130,228,163,91,105,152,3,136,186,80,36,42,177,194,169,93,138,35,180,35,220,73,166,186,175,76,114,184,2,244,161,57,196,221,174,106,95,123,129,211,192,32,144,180,190,55,80,196,166,19,56,229,27,27,51,156,239,177,224,108,170,51,106,148,82,44,243,52,216,14,251,211,190,193,89,233,220,195,109,66,252,75,252,87,206,7,1,134,141,148,32,57,67,51,173,111,175,54,227,248,217,249,185,231,99,137,30,81,138,154,30,79,150,240,174,150,129,125,24,99,147,139,79,144,219,195,222,45,253,56,84,89,86,3,114,35,73,33,29,74,29,248,205,26,129,2,70,43,59,77,103,25,204,216,188,165,90,117,119,68,230,204,29,102,147,82,46,97,221,46,43,54,238,55,93,78,76,165,194,245,223,50,31,67,76,176,180,71,225,165,200,179,135,28,184,140,139,170,254,177,134,178,33,7,53,152,184,143,70,234,208,75,211,141,58,6,88,189,140,192,209,39,49,66,78,209,47,236,190,20,92,88,143,165,0,225,97,55,116,166,86,105,241,127,22,176,130,131,68,211,149,0,179,73,70,73,249,253,30,85,200,6,13,179,77,244,107,38,125,211,255,103,232,136,83,136,156,194,117,5,200,109,251,225,68,161,99,255,235,42,79,231,1,181,136,168,154,119,241,60,5,234,244,92,150,175,165,161,170,196,112,183,129,197,151,87,117,100,234,158,85,255,157,222,84,98,51,216,45,230,206,81,159,146,85,179,146,185,144,6,6,229,67,141,75,92,255,96,10,161,62,15,232,157,17,187,130,128,14,182,249,234,24,115,77,249,211,197,186,73,59,143,179,87,4,111,77,183,245,151,245,186,105,180,39,166,37,183,154,156,162,188,239,228,185,67,137,146,95,116,98,105,228,97,0,166,119,84,98,121,27,89,151,208,41,222,248,150,244,122,200,76,43,13,120,176,114,36,57,168,185,248,166,16,220,183,33,39,200,86,181,165,96,113,124,78,213,33,57,18,107,204,61,159,230,90,237,205,90,90,121,42,208,79,60,215,196,129,199,55,205,208,88,171,51,155,35,74,162,199,19,14,79,154,154,128,0,145,186,131,255,101,76,78,185,25,169,65,197,103,219,116,49,254,105,21,119,70,172,57,168,79,204,20,239,69,182,221,162,174,112,133,108,52,34,129,101,118,226,70,116,186,30,75,88,225,175,160,33,28,178,176,120,255,107,11,158,50,179,68,144,44,2,146,156,45,244,38,232,92,3,252,35,165,11,164,182,197,13,235,18,195,196,89,154,163,243,40,34,85,114,158,153,11,49,168,249,191,44,75,220,144,40,166,150,15,234,184,168,181,142,10,190,75,83,168,101,183,97,218,136,35,37,234,40,64,218,254,158,202,194,33,153,216,224,203,211,72,157,47,35,142,23,74,211,50,158,165,6,181,175,253,59,33,76,200,169,127,68,247,234,71,37,137,93,59,115,101,102,50,191,169,25,231,120,222,106,193,240,253,218,122,254,217,198,178,3,146,16,212,10,157,30,251,135,162,247,71,65,237,215,78,122,145,194,214,208,37,185,122,127,123,97,191,255,208,231,25,194,65,67,32,62,81,58,78,124,40,203,243,113,45,225,176,20,22,223,211,138,194,80,117,202,78,107,165,195,45,159,28,171,253,188,214,200,183,189,96,69,210,230,124,67,70,56,178,85,169,234,207,153,239,121,158,236,176,98,145,119,201,69,218,44,128,44,27,53,21,221,254,137,176,229,95,98,47,232,115,19,72,108,146,148,174,170,141,171,77,18,4,46,128,38,186,162,75,199,126,71,206,31,67,111,195,175,185,21,121,197,158,22,231,104,166,99,129,55,6,156,250,73,191,158,158,69,146,53,111,100,217,187,71,32,71,96,24,44,182,73,42,19,31,172,248,10,253,102,23,97,216,113,143,98,168,76,120,117,124,232,122,235,78,237,164,4,188,10,248,68,103,113,44,190,61,212,129,128,234,57,88,115,219,201,132,8,133,195,21,145,6,183,45,33,254,106,57,21,79,113,216,161,195,132,147,242,50,73,234,9,33,218,40,136,174,123,81,97,168,46,54,151,102,33,54,162,120,63,187,234,126,189,171,85,186,144,156,186,21,20,150,253,96,243,107,200,13,137,235,107,132,108,244,43,9,103,96,103,150,208,97,121,10,159,171,5,90,48,195,217,66,190,1,49,87,249,140,102,198,155,233,234,234,94,27,177,232,255,187,179,55,72,86,43,34,150,18,134,113,211,20,137,254,216,155,183,182,117,97,98,199,83,134,144,206,200,47,188,24,75,84,59,11,96,241,160,47,206,248,193,115,1,67,241,35,60,73,218,73,14,116,20,12,246,115,231,98,121,105,145,29,27,196,1,101,139,177,179,241,181,151,244,30,121,160,132,22,1,111,221,152,225,88,220,194,50,144,18,206,148,108,241,56,156,89,252,253,156,8,184,133,196,239,225,112,35,112,169,212,151,251,229,27,163,73,54,219,147,7,37,81,84,89,192,203,228,160,94,134,104,210,19,204,117,245,148,234,148,66,172,177,137,201,103,239,230,180,118,140,7,120,153,57,105,169,159,44,69,225,226,35,112,243,217,7,129,174,192,104,62,250,199,203,188,81,229,237,168,63,179,30,181,135,45,72,211,152,221,91,54,228,213,44,45,241,43,156,253,106,13,158,145,97,233,114,197,194,6,56,150,131,230,99,23,216,211,190,29,38,165,178,170,197,44,189,221,54,91,112,35,201,173,11,23,205,98,213,242,17,90,160,68,81,246,47,237,93,114,229,160,242,15,190,73,66,213,147,76,146,15,14,132,108,154,245,89,63,85,1,206,126,170,172,231,217,188,44,45,240,164,8,15,238,10,49,58,132,114,7,128,144,153,10,19,103,239,46,63,140,85,59,237,12,222,27,3,5,132,184,105,190,227,176,33,71,123,78,86,99,192,134,87,94,166,91,66,26,192,67,79,128,182,28,27,22,57,192,58,37,26,87,197,151,134,147,43,58,211,200,190,75,6,166,198,168,254,132,134,131,223,177,18,231,162,105,224,46,111,222,140,57,111,45,52,13,251,56,145,101,89,43,140,140,105,232,132,197,209,38,58,76,83,235,228,174,15,70,176,236,249,109,113,165,241,77,48,253,160,69,247,98,84,38,46,224,243,209,250,239,174,93,178,27,154,163,200,16,113,18,18,241,241,220,128,94,51,230,65,184,188,20,37,198,240,31,169,175,107,161,66,243,113,179,198,230,2,47,193,155,142,242,226,14,226,77,188,221,97,69,46,188,126,117,57,130,29,128,197,173,251,114,217,184,144,143,25,194,122,78,33,22,1,254,87,155,199,31,87,230,202,23,253,159,44,236,225,12,180,146,248,204,110,173,11,172,228,46,96,120,61,108,201,216,178,74,77,108,68,223,60,117,245,152,39,238,46,26,70,194,38,23,19,178,29,205,175,189,222,93,2,161,83,103,161,233,5,200,146,46,160,196,92,156,226,185,181,239,140,138,48,163,40,219,246,130,72,205,125,242,121,130,3,203,212,18,141,216,119,234,131,104,126,128,147,50,7,193,11,234,111,47,206,202,74,59,88,16,101,120,95,5,251,39,233,65,231,155,226,103,164,183,55,57,72,242,163,175,97,101,199,227,45,175,52,94,106,6,132,230,144,172,50,244,107,81,206,126,218,108,82,6,69,204,65,8,35,133,223,97,72,157,212,8,171,161,196,179,69,15,24,29,104,128,137,230,234,143,29,164,9,93,250,9,161,94,7,136,150,242,185,136,162,117,101,105,218,181,159,200,173,156,7,59,254,87,111,155,128,181,123,177,113,139,238,90,77,26,94,147,192,196,60,44,124,54,93,111,232,7,171,31,154,16,42,250,183,73,59,204,170,73,164,238,66,19,10,76,100,206,59,62,48,186,201,173,239,213,119,128,22,173,201,108,34,214,227,162,169,129,100,34,36,140,12,43,61,97,43,84,18,194,8,116,133,109,128,199,91,196,131,204,100,93,199,75,194,246,157,237,75,114,241,13,192,170,170,243,244,196,0,147,225,235,37,149,9,183,110,229,128,49,63,69,4,16,199,65,220,22,1739147340943,QBYTE | darb
color change,-0.079192,3,98,141,148,1.575515
rotation
210,255,217,206,220,237,115,153,63,179,36,104,248,160,250,21,86,173,115,80,155,248,92,235,2,100,106,90,131,216,43,246,202,119,245,60,58,119,41,217,103,101,100,66,0,252,191,132,86,165,214,224,118,232,117,51,99,182,184,223,115,233,203,54,252,181,23,92,87,146,191,191,35,54,250,243,132,96,142,229,54,114,49,234,154,95,83,113,217,143,245,128,123,35,0,207,64,179,206,248,133,171,134,13,200,230,224,183,185,48,23,58,67,253,146,180,78,137,232,150,65,51,222,14,26,109,59,130,223,7,11,140,220,57,152,251,143,225,244,28,2,31,255,2,103,31,138,184,193,162,173,78,173,1,52,101,151,4,38,246,47,222,224,222,171,229,177,155,53,3,69,205,114,146,153,226,172,131,136,141,104,154,171,246,162,214,82,80,236,254,94,226,10,29,202,1,53,17,252,222,182,166,131,186,222,150,181,158,131,30,151,120,150,134,234,93,126,195,204,100,190,192,21,94,179,6,63,187,96,128,75,177,65,120,203,178,84,182,77,181,158,190,178,26,168,182,164,216,106,179,1739147342204,/dev/cu.usbmodem14201
5,79,191,53,184,159,196,132,75,74,194,37,132,160,202,249,82,180,57,34,167,108,132,102,85,69,89,16,117,24,180,74,60,126,20,82,162,167,66,243,193,10,239,239,155,133,49,126,140,213,215,17,66,125,64,102,207,51,173,132,178,167,9,98,183,129,116,158,157,51,97,64,241,85,32,211,241,248,216,71,178,209,192,82,53,82,64,203,172,192,15,11,241,90,138,87,210,140,182,138,137,218,14,168,114,167,223,189,14,93,50,230,137,250,125,14,57,106,131,111,139,228,209,247,186,90,38,6,47,43,253,210,28,104,124,124,40,197,223,231,231,21,106,170,218,249,48,123,139,101,58,119,122,149,165,141,240,186,36,158,224,76,11,71,25,158,70,14,206,240,29,97,220,62,232,6,122,243,186,138,122,104,138,228,202,102,70,28,219,130,31,232,78,136,196,153,52,65,161,49,75,210,227,222,43,48,121,194,196,2,109,115,37,100,173,150,216,137,211,164,203,48,172,106,157,60,158,214,82,175,16,252,64,238,85,121,247,139,2,92,115,149,203,73,43,75,170,110,179,175,1739147342204,/dev/cu.usbmodem1413101
205,230,156,245,113,4,160,166,195,57,148,191,56,36,71,92,41,117,122,175,107,40,237,4,209,15,100,232,9,195,223,25,90,232,8,6,98,254,112,53,185,121,108,99,110,84,110,17,177,171,131,119,78,142,73,8,103,168,151,246,20,73,210,117,252,21,88,165,149,156,144,180,65,199,91,101,193,156,86,7,194,118,139,152,227,215,204,215,147,64,93,241,174,201,191,220,255,180,172,43,230,239,155,173,141,236,119,244,32,83,172,132,120,106,38,7,183,7,8,42,92,250,55,229,96,2,243,247,233,105,227,146,124,210,87,60,222,55,229,243,34,14,224,74,4,201,178,54,85,90,51,235,70,154,21,72,180,101,181,188,53,98,116,97,225,59,189,164,247,111,70,119,251,125,106,209,83,74,37,118,110,20,78,154,97,1,190,43,78,21,74,66,29,235,44,219,79,138,170,246,91,59,79,87,99,3,45,183,140,22,125,206,87,141,153,65,85,117,131,130,210,221,135,184,231,154,202,127,249,214,134,141,124,67,228,242,149,109,180,95,19,203,38,68,178,57,187,91,76,198,1739147342204,/dev/cu.usbmodem1413201
28,153,169,68,37,34,99,237,230,6,162,255,93,88,117,51,52,185,218,237,4,108,174,100,146,26,135,249,80,207,208,60,207,242,239,17,242,59,131,149,135,191,69,12,231,20,69,231,245,189,237,22,108,49,119,35,255,144,129,239,94,209,19,172,228,57,0,107,151,69,93,251,169,149,249,10,249,238,210,170,223,201,241,158,158,245,43,88,62,120,73,209,140,39,214,84,165,90,143,81,34,253,176,252,166,17,166,239,3,59,147,24,212,139,92,199,58,99,210,96,144,221,39,188,74,237,236,121,223,216,26,223,180,80,223,24,209,67,153,161,200,204,122,100,76,12,193,164,205,146,125,97,105,170,35,103,171,131,218,39,88,232,225,3,249,216,28,89,92,225,64,160,148,110,128,230,78,196,50,189,170,208,127,154,64,63,165,116,144,244,11,38,0,77,179,189,17,242,108,241,145,221,237,49,204,153,18,18,183,34,118,147,248,23,171,189,34,33,154,75,48,148,39,141,167,214,87,48,239,0,219,82,7,144,179,21,161,70,40,68,162,25,68,43,193,97,177,134,59,39,1739147342204,/dev/cu.usbmodem1413401
11,117,50,233,72,131,133,185,63,27,20,200,147,56,133,100,248,113,39,178,230,16,80,94,86,173,102,22,53,51,236,208,152,143,140,144,68,139,117,209,241,167,168,233,72,249,214,206,56,224,110,253,55,207,126,121,142,134,217,233,173,147,196,129,157,4,229,165,161,117,235,44,235,40,150,50,108,9,38,155,42,75,221,86,182,54,220,130,164,131,18,79,205,168,23,234,167,163,63,69,42,184,22,85,58,105,180,46,184,49,236,200,0,240,109,104,101,81,201,86,135,179,155,38,53,150,17,36,180,202,0,210,92,236,78,239,34,58,117,188,166,100,179,187,153,90,45,217,145,48,186,151,157,155,44,125,187,251,52,165,216,55,187,53,86,226,138,45,199,115,115,238,135,232,241,94,69,203,169,140,163,224,67,124,122,182,114,137,177,3,199,16,167,214,30,221,248,66,219,220,93,10,237,93,19,75,111,229,14,42,160,215,145,4,103,166,107,45,220,46,196,231,241,94,212,236,38,227,87,219,159,141,18,36,78,116,233,45,93,6,69,62,71,120,197,47,18,218,234,184,1739147342205,/dev/cu.usbmodem14124201
31,155,93,208,152,104,50,184,217,215,58,204,219,38,35,20,37,139,151,197,9,14,89,96,82,70,10,64,80,78,217,75,203,122,201,51,32,201,200,211,196,150,47,207,20,24,39,95,105,81,108,68,224,238,230,164,110,111,93,15,174,23,159,249,51,144,4,16,206,250,87,178,186,210,198,94,184,46,135,34,114,25,249,14,211,238,221,46,250,77,197,168,195,12,212,245,204,150,60,144,63,118,54,22,252,170,132,0,175,176,204,246,216,75,161,61,192,163,157,228,27,111,190,188,174,50,78,198,217,19,252,38,124,77,147,240,117,33,122,243,126,157,134,86,90,113,137,227,2,52,191,178,6,171,212,142,64,2,202,95,163,138,124,155,71,251,139,162,188,20,145,89,243,103,146,107,226,10,76,233,200,206,8,32,150,122,27,70,70,90,55,10,60,34,66,44,14,193,184,169,5,83,145,7,58,95,136,11,150,13,9,171,66,137,186,23,228,166,164,109,175,66,236,190,235,145,173,168,87,252,220,174,45,75,185,49,148,198,117,70,237,236,32,80,136,175,54,202,72,158,1739147342205,/dev/cu.usbmodem14124401
146,191,32,134,172,115,98,177,228,10,67,203,156,52,254,136,225,20,35,251,76,188,3,90,207,149,0,217,163,94,14,139,171,217,245,218,44,235,130,66,244,22,41,100,167,44,220,151,138,84,119,142,78,29,57,211,172,7,214,133,220,46,242,146,196,220,19,225,6,114,231,214,196,86,219,129,212,18,76,60,246,173,67,118,24,145,2,79,240,61,54,41,122,255,24,20,105,54,104,115,131,76,104,78,135,215,182,59,89,229,94,9,231,4,238,161,4,91,66,24,197,216,47,114,1,219,193,132,119,67,3,251,71,18,7,41,43,80,231,93,224,107,93,58,148,22,27,169,117,128,174,86,248,216,64,178,212,186,106,111,130,233,123,58,23,152,117,148,155,77,103,113,76,237,163,44,107,88,199,122,182,18,17,121,185,4,102,68,92,81,2,163,149,81,146,107,35,132,154,250,10,242,230,134,122,87,108,186,175,109,77,51,233,238,188,136,32,12,57,98,18,113,107,47,183,90,144,32,78,184,44,221,37,140,197,144,1,13,86,168,3,21,209,215,227,79,32,36,203,64,1739147342205,/dev/cu.usbmodem14124101
244,223,222,78,106,54,104,153,115,27,149,25,25,150,177,73,87,106,242,239,124,49,24,171,12,127,45,197,88,78,201,186,76,144,68,10,25,111,69,74,132,72,130,209,50,135,16,197,91,186,76,179,178,58,156,105,134,201,203,152,15,58,207,98,157,95,87,64,146,171,149,54,17,127,142,210,57,220,254,46,60,91,114,53,236,1,110,22,72,249,249,116,243,75,206,203,43,136,83,165,107,39,202,51,86,1,231,253,180,80,124,144,126,214,186,250,248,229,5,58,135,146,232,209,36,200,247,69,110,12,15,144,190,210,67,138,100,210,229,218,53,242,18,102,39,167,140,193,157,3,240,219,158,16,155,97,220,142,139,97,168,31,111,159,22,1,138,43,20,56,199,176,18,248,231,112,154,169,208,220,64,135,59,7,82,112,231,12,24,70,68,234,144,173,77,68,74,8,147,253,145,230,20,52,236,56,154,127,85,65,31,67,104,123,204,134,141,26,160,204,192,177,40,93,16,21,120,149,100,6,20,110,122,129,54,146,216,67,68,198,107,119,65,204,10,61,55,126,96,33,1739147342205,/dev/cu.usbmodem14124301
210,255,217,206,220,237,115,153,63,179,36,104,248,160,250,21,86,173,115,80,155,248,92,235,2,100,106,90,131,216,43,246,202,119,245,60,58,119,41,217,103,101,100,66,0,252,191,132,86,165,214,224,118,232,117,51,99,182,184,223,115,233,203,54,252,181,23,92,87,146,191,191,35,54,250,243,132,96,142,229,54,114,49,234,154,95,83,113,217,143,245,128,123,35,0,207,64,179,206,248,133,171,134,13,200,230,224,183,185,48,23,58,67,253,146,180,78,137,232,150,65,51,222,14,26,109,59,130,223,7,11,140,220,57,152,251,143,225,244,28,2,31,255,2,103,31,138,184,193,162,173,78,173,1,52,101,151,4,38,246,47,222,224,222,171,229,177,155,53,3,69,205,114,146,153,226,172,131,136,141,104,154,171,246,162,214,82,80,236,254,94,226,10,29,202,1,53,17,252,222,182,166,131,186,222,150,181,158,131,30,151,120,150,134,234,93,126,195,204,100,190,192,21,94,179,6,63,187,96,128,75,177,65,120,203,178,84,182,77,181,158,190,178,26,168,182,164,216,106,179,5,79,191,53,184,159,196,132,75,74,194,37,132,160,202,249,82,180,57,34,167,108,132,102,85,69,89,16,117,24,180,74,60,126,20,82,162,167,66,243,193,10,239,239,155,133,49,126,140,213,215,17,66,125,64,102,207,51,173,132,178,167,9,98,183,129,116,158,157,51,97,64,241,85,32,211,241,248,216,71,178,209,192,82,53,82,64,203,172,192,15,11,241,90,138,87,210,140,182,138,137,218,14,168,114,167,223,189,14,93,50,230,137,250,125,14,57,106,131,111,139,228,209,247,186,90,38,6,47,43,253,210,28,104,124,124,40,197,223,231,231,21,106,170,218,249,48,123,139,101,58,119,122,149,165,141,240,186,36,158,224,76,11,71,25,158,70,14,206,240,29,97,220,62,232,6,122,243,186,138,122,104,138,228,202,102,70,28,219,130,31,232,78,136,196,153,52,65,161,49,75,210,227,222,43,48,121,194,196,2,109,115,37,100,173,150,216,137,211,164,203,48,172,106,157,60,158,214,82,175,16,252,64,238,85,121,247,139,2,92,115,149,203,73,43,75,170,110,179,175,205,230,156,245,113,4,160,166,195,57,148,191,56,36,71,92,41,117,122,175,107,40,237,4,209,15,100,232,9,195,223,25,90,232,8,6,98,254,112,53,185,121,108,99,110,84,110,17,177,171,131,119,78,142,73,8,103,168,151,246,20,73,210,117,252,21,88,165,149,156,144,180,65,199,91,101,193,156,86,7,194,118,139,152,227,215,204,215,147,64,93,241,174,201,191,220,255,180,172,43,230,239,155,173,141,236,119,244,32,83,172,132,120,106,38,7,183,7,8,42,92,250,55,229,96,2,243,247,233,105,227,146,124,210,87,60,222,55,229,243,34,14,224,74,4,201,178,54,85,90,51,235,70,154,21,72,180,101,181,188,53,98,116,97,225,59,189,164,247,111,70,119,251,125,106,209,83,74,37,118,110,20,78,154,97,1,190,43,78,21,74,66,29,235,44,219,79,138,170,246,91,59,79,87,99,3,45,183,140,22,125,206,87,141,153,65,85,117,131,130,210,221,135,184,231,154,202,127,249,214,134,141,124,67,228,242,149,109,180,95,19,203,38,68,178,57,187,91,76,198,28,153,169,68,37,34,99,237,230,6,162,255,93,88,117,51,52,185,218,237,4,108,174,100,146,26,135,249,80,207,208,60,207,242,239,17,242,59,131,149,135,191,69,12,231,20,69,231,245,189,237,22,108,49,119,35,255,144,129,239,94,209,19,172,228,57,0,107,151,69,93,251,169,149,249,10,249,238,210,170,223,201,241,158,158,245,43,88,62,120,73,209,140,39,214,84,165,90,143,81,34,253,176,252,166,17,166,239,3,59,147,24,212,139,92,199,58,99,210,96,144,221,39,188,74,237,236,121,223,216,26,223,180,80,223,24,209,67,153,161,200,204,122,100,76,12,193,164,205,146,125,97,105,170,35,103,171,131,218,39,88,232,225,3,249,216,28,89,92,225,64,160,148,110,128,230,78,196,50,189,170,208,127,154,64,63,165,116,144,244,11,38,0,77,179,189,17,242,108,241,145,221,237,49,204,153,18,18,183,34,118,147,248,23,171,189,34,33,154,75,48,148,39,141,167,214,87,48,239,0,219,82,7,144,179,21,161,70,40,68,162,25,68,43,193,97,177,134,59,39,11,117,50,233,72,131,133,185,63,27,20,200,147,56,133,100,248,113,39,178,230,16,80,94,86,173,102,22,53,51,236,208,152,143,140,144,68,139,117,209,241,167,168,233,72,249,214,206,56,224,110,253,55,207,126,121,142,134,217,233,173,147,196,129,157,4,229,165,161,117,235,44,235,40,150,50,108,9,38,155,42,75,221,86,182,54,220,130,164,131,18,79,205,168,23,234,167,163,63,69,42,184,22,85,58,105,180,46,184,49,236,200,0,240,109,104,101,81,201,86,135,179,155,38,53,150,17,36,180,202,0,210,92,236,78,239,34,58,117,188,166,100,179,187,153,90,45,217,145,48,186,151,157,155,44,125,187,251,52,165,216,55,187,53,86,226,138,45,199,115,115,238,135,232,241,94,69,203,169,140,163,224,67,124,122,182,114,137,177,3,199,16,167,214,30,221,248,66,219,220,93,10,237,93,19,75,111,229,14,42,160,215,145,4,103,166,107,45,220,46,196,231,241,94,212,236,38,227,87,219,159,141,18,36,78,116,233,45,93,6,69,62,71,120,197,47,18,218,234,184,31,155,93,208,152,104,50,184,217,215,58,204,219,38,35,20,37,139,151,197,9,14,89,96,82,70,10,64,80,78,217,75,203,122,201,51,32,201,200,211,196,150,47,207,20,24,39,95,105,81,108,68,224,238,230,164,110,111,93,15,174,23,159,249,51,144,4,16,206,250,87,178,186,210,198,94,184,46,135,34,114,25,249,14,211,238,221,46,250,77,197,168,195,12,212,245,204,150,60,144,63,118,54,22,252,170,132,0,175,176,204,246,216,75,161,61,192,163,157,228,27,111,190,188,174,50,78,198,217,19,252,38,124,77,147,240,117,33,122,243,126,157,134,86,90,113,137,227,2,52,191,178,6,171,212,142,64,2,202,95,163,138,124,155,71,251,139,162,188,20,145,89,243,103,146,107,226,10,76,233,200,206,8,32,150,122,27,70,70,90,55,10,60,34,66,44,14,193,184,169,5,83,145,7,58,95,136,11,150,13,9,171,66,137,186,23,228,166,164,109,175,66,236,190,235,145,173,168,87,252,220,174,45,75,185,49,148,198,117,70,237,236,32,80,136,175,54,202,72,158,146,191,32,134,172,115,98,177,228,10,67,203,156,52,254,136,225,20,35,251,76,188,3,90,207,149,0,217,163,94,14,139,171,217,245,218,44,235,130,66,244,22,41,100,167,44,220,151,138,84,119,142,78,29,57,211,172,7,214,133,220,46,242,146,196,220,19,225,6,114,231,214,196,86,219,129,212,18,76,60,246,173,67,118,24,145,2,79,240,61,54,41,122,255,24,20,105,54,104,115,131,76,104,78,135,215,182,59,89,229,94,9,231,4,238,161,4,91,66,24,197,216,47,114,1,219,193,132,119,67,3,251,71,18,7,41,43,80,231,93,224,107,93,58,148,22,27,169,117,128,174,86,248,216,64,178,212,186,106,111,130,233,123,58,23,152,117,148,155,77,103,113,76,237,163,44,107,88,199,122,182,18,17,121,185,4,102,68,92,81,2,163,149,81,146,107,35,132,154,250,10,242,230,134,122,87,108,186,175,109,77,51,233,238,188,136,32,12,57,98,18,113,107,47,183,90,144,32,78,184,44,221,37,140,197,144,1,13,86,168,3,21,209,215,227,79,32,36,203,64,244,223,222,78,106,54,104,153,115,27,149,25,25,150,177,73,87,106,242,239,124,49,24,171,12,127,45,197,88,78,201,186,76,144,68,10,25,111,69,74,132,72,130,209,50,135,16,197,91,186,76,179,178,58,156,105,134,201,203,152,15,58,207,98,157,95,87,64,146,171,149,54,17,127,142,210,57,220,254,46,60,91,114,53,236,1,110,22,72,249,249,116,243,75,206,203,43,136,83,165,107,39,202,51,86,1,231,253,180,80,124,144,126,214,186,250,248,229,5,58,135,146,232,209,36,200,247,69,110,12,15,144,190,210,67,138,100,210,229,218,53,242,18,102,39,167,140,193,157,3,240,219,158,16,155,97,220,142,139,97,168,31,111,159,22,1,138,43,20,56,199,176,18,248,231,112,154,169,208,220,64,135,59,7,82,112,231,12,24,70,68,234,144,173,77,68,74,8,147,253,145,230,20,52,236,56,154,127,85,65,31,67,104,123,204,134,141,26,160,204,192,177,40,93,16,21,120,149,100,6,20,110,122,129,54,146,216,67,68,198,107,119,65,204,10,61,55,126,96,33,1739147342207,QBYTE | outback
15,248,106,10,109,105,176,220,188,37,17,162,174,168,46,73,174,6,227,154,37,203,191,230,234,202,220,193,79,8,202,169,222,144,52,168,94,147,16,10,165,188,100,139,79,97,16,143,89,56,166,162,185,64,9,37,251,155,132,2,100,200,212,107,44,129,247,35,54,192,28,37,159,103,115,32,62,195,31,113,153,209,95,43,33,180,184,128,218,44,180,63,64,233,38,145,106,111,139,118,74,132,136,185,180,194,114,205,242,150,31,107,185,66,60,15,89,62,193,110,29,12,87,208,44,172,98,142,103,75,92,28,22,23,226,239,230,146,136,64,123,83,8,39,194,127,83,23,20,67,236,122,105,1,101,84,82,74,64,32,97,86,134,164,175,240,126,48,188,34,145,146,80,179,241,152,8,198,152,232,97,150,78,6,200,159,127,95,153,208,119,34,35,23,173,98,13,24,96,85,220,56,156,22,130,65,90,39,96,212,116,176,210,210,23,134,208,245,216,117,127,234,40,146,131,161,105,26,94,161,133,59,122,22,101,148,50,38,160,56,9,82,163,14,185,138,26,223,145,28,1739147343280,/dev/cu.usbmodem14201
9,230,83,227,236,102,119,142,39,202,145,199,96,117,223,170,101,86,218,23,201,122,133,3,42,225,205,238,72,47,255,251,33,77,111,96,86,6,252,98,180,153,251,236,108,196,249,129,208,162,181,74,45,193,69,212,111,130,97,84,187,22,62,78,89,32,52,72,198,124,203,0,74,55,175,212,131,65,0,249,35,217,30,211,82,48,39,20,232,221,160,11,146,54,203,59,216,201,26,215,195,59,61,212,85,173,251,90,116,155,104,215,31,205,164,78,129,8,235,5,146,96,199,40,17,184,165,175,253,189,121,12,121,163,136,39,152,9,111,96,137,132,111,196,227,194,159,117,117,35,219,145,252,57,4,50,201,52,160,22,175,199,84,148,190,190,152,180,95,48,221,181,240,203,115,6,180,178,215,11,11,39,208,173,105,170,100,78,1,127,237,164,228,199,43,139,108,15,171,55,196,248,29,95,252,177,149,60,67,175,188,100,133,236,25,48,179,50,86,95,185,207,231,54,71,122,121,210,218,186,248,197,75,236,113,88,94,107,28,183,72,219,224,21,58,101,205,193,137,236,1739147343280,/dev/cu.usbmodem1413101
180,59,130,163,105,124,228,185,93,140,19,85,54,207,97,162,135,111,223,51,134,184,206,173,83,184,42,227,149,245,46,163,62,107,235,79,135,238,85,78,143,225,19,75,88,238,112,101,195,161,106,151,179,29,170,118,42,158,124,126,26,133,139,248,50,144,129,19,165,76,152,60,128,229,215,24,192,10,242,61,182,44,251,73,18,240,247,61,196,72,215,58,17,137,250,1,113,241,232,116,247,50,66,223,138,59,12,194,190,139,98,96,240,12,22,84,226,76,68,108,17,240,5,35,38,183,240,208,172,213,157,26,118,227,109,158,123,210,62,203,55,111,162,46,251,114,173,231,145,188,170,164,234,28,84,208,172,108,208,215,106,23,162,206,98,105,61,117,22,147,22,211,164,42,108,9,51,29,153,161,108,107,65,174,149,163,79,6,212,188,88,145,27,63,245,244,65,52,70,113,162,104,24,143,156,121,36,234,68,178,11,126,10,65,76,96,217,134,180,153,147,51,95,246,117,75,228,209,4,27,126,70,247,187,141,184,211,131,172,25,139,223,188,63,228,10,222,108,180,78,1739147343280,/dev/cu.usbmodem1413201
80,34,140,97,53,145,159,208,110,44,148,195,251,118,99,221,190,101,235,221,219,74,4,175,76,156,153,118,82,199,138,1,169,148,164,207,230,123,61,39,118,54,206,22,19,82,34,42,0,160,205,140,140,9,190,14,114,29,96,19,62,163,71,143,183,31,146,251,40,109,208,131,80,224,69,180,46,109,60,100,182,244,42,166,21,22,148,185,31,91,102,65,155,252,140,20,102,88,219,167,33,233,135,242,19,190,58,15,94,80,216,96,251,93,27,210,215,107,66,159,178,107,8,160,251,234,180,26,9,115,206,64,35,162,46,122,120,65,88,221,17,94,119,172,75,149,59,176,37,46,167,137,0,86,27,178,26,151,62,147,53,202,81,101,225,166,139,197,130,220,128,116,4,49,164,231,7,245,169,154,73,58,225,6,167,96,241,133,117,159,102,27,15,15,193,10,58,214,83,206,164,39,41,100,230,107,29,128,183,230,67,81,103,4,198,206,41,228,218,203,132,167,168,104,83,148,40,80,237,112,124,245,47,184,249,103,69,134,66,39,198,38,23,185,96,42,89,53,107,203,1739147343280,/dev/cu.usbmodem1413401
52,195,14,5,145,117,42,239,99,31,31,43,120,107,244,112,186,201,211,99,196,31,7,35,13,196,30,16,20,229,168,204,89,90,78,68,127,198,211,229,130,254,166,236,1,180,28,60,100,165,176,54,145,69,200,6,139,205,39,83,28,137,175,241,65,160,136,236,208,98,32,79,226,187,211,239,224,71,253,169,70,106,0,246,216,126,39,75,168,211,250,134,156,139,81,35,167,210,82,251,172,208,148,68,114,110,46,233,227,88,57,16,123,178,144,208,189,67,17,96,132,162,81,77,104,50,134,228,1,207,0,41,105,198,82,143,64,187,217,136,216,163,61,218,31,137,69,135,88,31,84,126,72,5,128,56,199,240,60,30,170,156,82,144,162,25,40,45,140,34,234,161,48,91,162,63,237,40,110,98,16,165,230,213,249,2,59,218,18,166,102,198,175,171,20,128,171,230,151,4,207,8,101,103,74,27,1,142,39,32,225,9,153,159,157,164,164,45,134,168,158,78,230,50,175,32,189,171,197,140,97,196,217,133,243,244,254,0,90,220,29,221,118,105,231,81,100,166,173,43,1739147343281,/dev/cu.usbmodem14124201
40,107,134,145,252,240,135,244,81,43,115,222,187,114,74,164,159,25,87,35,7,211,22,176,184,170,122,209,56,216,75,248,216,123,117,142,61,92,176,33,153,82,89,65,175,94,56,248,60,59,52,64,100,11,32,221,226,136,104,148,223,125,58,24,122,194,116,210,182,131,38,231,143,203,113,220,125,199,205,69,188,61,239,195,76,144,109,180,118,1,243,180,189,145,177,168,37,185,22,17,247,2,130,45,79,190,2,23,51,44,18,185,192,73,66,56,244,195,224,198,168,253,193,227,51,21,130,48,229,94,224,15,110,47,107,222,25,144,186,121,248,145,80,85,18,207,165,61,137,13,40,116,173,207,25,62,238,87,22,15,59,196,31,13,204,134,81,109,130,78,219,123,199,8,250,86,158,212,194,146,104,159,197,122,161,147,28,168,25,181,213,154,245,241,113,218,143,177,38,20,125,175,153,88,78,255,40,33,124,237,150,106,68,197,66,214,58,28,53,94,10,71,73,110,221,132,243,189,121,182,82,13,163,51,251,97,24,56,72,216,88,201,118,52,191,15,100,106,241,199,1739147343281,/dev/cu.usbmodem14124401
170,55,174,140,55,231,77,237,152,30,155,110,243,41,158,108,253,194,110,230,9,117,10,188,73,93,62,202,245,65,190,118,63,93,180,223,9,179,56,201,112,85,180,17,109,3,121,255,139,144,99,115,251,239,176,189,125,13,108,235,66,222,42,188,135,215,36,196,84,28,133,50,146,55,232,169,40,185,4,121,52,197,115,56,110,92,40,187,53,126,36,96,185,182,129,126,173,83,236,179,98,53,131,244,201,109,7,220,48,1,30,12,182,245,44,236,124,103,165,197,213,88,255,212,91,57,170,220,185,232,238,133,193,34,149,187,158,90,98,249,61,183,175,207,91,217,178,224,241,68,1,103,158,120,148,134,64,161,159,233,142,89,219,36,199,171,168,74,147,64,79,74,227,70,80,162,102,65,35,137,163,188,97,0,169,52,172,37,103,96,217,29,241,210,152,76,85,176,50,210,84,172,103,101,157,107,180,51,85,138,8,54,122,243,155,233,179,114,34,195,65,45,176,204,54,137,225,29,178,213,209,149,195,178,146,175,128,68,103,70,30,251,34,204,94,31,46,208,30,51,1739147343281,/dev/cu.usbmodem14124101
39,178,163,44,106,122,125,86,96,252,6,246,130,72,135,157,46,212,6,240,53,44,215,117,21,137,244,110,108,200,35,113,191,193,58,177,83,116,151,57,123,9,146,252,204,249,15,180,187,18,196,161,223,62,40,23,240,9,64,149,68,46,239,255,95,223,187,11,191,47,225,238,146,61,103,188,61,48,6,240,70,141,18,115,89,225,85,166,122,173,106,95,66,184,93,234,88,17,242,210,11,212,71,136,164,246,238,181,189,111,97,152,123,215,232,187,26,165,25,37,138,187,10,37,0,0,101,221,254,166,247,161,243,22,69,34,169,197,66,171,222,157,218,190,81,155,179,179,6,140,190,95,127,57,26,120,25,96,15,166,68,211,27,45,184,97,216,232,164,82,126,85,186,42,158,245,140,183,4,111,207,105,27,118,71,242,63,254,174,28,130,107,85,128,44,62,79,180,29,12,4,149,49,185,8,198,224,2,218,131,157,236,225,43,251,48,248,238,83,143,240,43,13,246,59,54,12,0,176,102,11,22,47,251,190,231,211,58,201,45,167,16,162,56,243,30,0,75,3,120,1739147343282,/dev/cu.usbmodem14124301
15,248,106,10,109,105,176,220,188,37,17,162,174,168,46,73,174,6,227,154,37,203,191,230,234,202,220,193,79,8,202,169,222,144,52,168,94,147,16,10,165,188,100,139,79,97,16,143,89,56,166,162,185,64,9,37,251,155,132,2,100,200,212,107,44,129,247,35,54,192,28,37,159,103,115,32,62,195,31,113,153,209,95,43,33,180,184,128,218,44,180,63,64,233,38,145,106,111,139,118,74,132,136,185,180,194,114,205,242,150,31,107,185,66,60,15,89,62,193,110,29,12,87,208,44,172,98,142,103,75,92,28,22,23,226,239,230,146,136,64,123,83,8,39,194,127,83,23,20,67,236,122,105,1,101,84,82,74,64,32,97,86,134,164,175,240,126,48,188,34,145,146,80,179,241,152,8,198,152,232,97,150,78,6,200,159,127,95,153,208,119,34,35,23,173,98,13,24,96,85,220,56,156,22,130,65,90,39,96,212,116,176,210,210,23,134,208,245,216,117,127,234,40,146,131,161,105,26,94,161,133,59,122,22,101,148,50,38,160,56,9,82,163,14,185,138,26,223,145,28,9,230,83,227,236,102,119,142,39,202,145,199,96,117,223,170,101,86,218,23,201,122,133,3,42,225,205,238,72,47,255,251,33,77,111,96,86,6,252,98,180,153,251,236,108,196,249,129,208,162,181,74,45,193,69,212,111,130,97,84,187,22,62,78,89,32,52,72,198,124,203,0,74,55,175,212,131,65,0,249,35,217,30,211,82,48,39,20,232,221,160,11,146,54,203,59,216,201,26,215,195,59,61,212,85,173,251,90,116,155,104,215,31,205,164,78,129,8,235,5,146,96,199,40,17,184,165,175,253,189,121,12,121,163,136,39,152,9,111,96,137,132,111,196,227,194,159,117,117,35,219,145,252,57,4,50,201,52,160,22,175,199,84,148,190,190,152,180,95,48,221,181,240,203,115,6,180,178,215,11,11,39,208,173,105,170,100,78,1,127,237,164,228,199,43,139,108,15,171,55,196,248,29,95,252,177,149,60,67,175,188,100,133,236,25,48,179,50,86,95,185,207,231,54,71,122,121,210,218,186,248,197,75,236,113,88,94,107,28,183,72,219,224,21,58,101,205,193,137,236,180,59,130,163,105,124,228,185,93,140,19,85,54,207,97,162,135,111,223,51,134,184,206,173,83,184,42,227,149,245,46,163,62,107,235,79,135,238,85,78,143,225,19,75,88,238,112,101,195,161,106,151,179,29,170,118,42,158,124,126,26,133,139,248,50,144,129,19,165,76,152,60,128,229,215,24,192,10,242,61,182,44,251,73,18,240,247,61,196,72,215,58,17,137,250,1,113,241,232,116,247,50,66,223,138,59,12,194,190,139,98,96,240,12,22,84,226,76,68,108,17,240,5,35,38,183,240,208,172,213,157,26,118,227,109,158,123,210,62,203,55,111,162,46,251,114,173,231,145,188,170,164,234,28,84,208,172,108,208,215,106,23,162,206,98,105,61,117,22,147,22,211,164,42,108,9,51,29,153,161,108,107,65,174,149,163,79,6,212,188,88,145,27,63,245,244,65,52,70,113,162,104,24,143,156,121,36,234,68,178,11,126,10,65,76,96,217,134,180,153,147,51,95,246,117,75,228,209,4,27,126,70,247,187,141,184,211,131,172,25,139,223,188,63,228,10,222,108,180,78,80,34,140,97,53,145,159,208,110,44,148,195,251,118,99,221,190,101,235,221,219,74,4,175,76,156,153,118,82,199,138,1,169,148,164,207,230,123,61,39,118,54,206,22,19,82,34,42,0,160,205,140,140,9,190,14,114,29,96,19,62,163,71,143,183,31,146,251,40,109,208,131,80,224,69,180,46,109,60,100,182,244,42,166,21,22,148,185,31,91,102,65,155,252,140,20,102,88,219,167,33,233,135,242,19,190,58,15,94,80,216,96,251,93,27,210,215,107,66,159,178,107,8,160,251,234,180,26,9,115,206,64,35,162,46,122,120,65,88,221,17,94,119,172,75,149,59,176,37,46,167,137,0,86,27,178,26,151,62,147,53,202,81,101,225,166,139,197,130,220,128,116,4,49,164,231,7,245,169,154,73,58,225,6,167,96,241,133,117,159,102,27,15,15,193,10,58,214,83,206,164,39,41,100,230,107,29,128,183,230,67,81,103,4,198,206,41,228,218,203,132,167,168,104,83,148,40,80,237,112,124,245,47,184,249,103,69,134,66,39,198,38,23,185,96,42,89,53,107,203,52,195,14,5,145,117,42,239,99,31,31,43,120,107,244,112,186,201,211,99,196,31,7,35,13,196,30,16,20,229,168,204,89,90,78,68,127,198,211,229,130,254,166,236,1,180,28,60,100,165,176,54,145,69,200,6,139,205,39,83,28,137,175,241,65,160,136,236,208,98,32,79,226,187,211,239,224,71,253,169,70,106,0,246,216,126,39,75,168,211,250,134,156,139,81,35,167,210,82,251,172,208,148,68,114,110,46,233,227,88,57,16,123,178,144,208,189,67,17,96,132,162,81,77,104,50,134,228,1,207,0,41,105,198,82,143,64,187,217,136,216,163,61,218,31,137,69,135,88,31,84,126,72,5,128,56,199,240,60,30,170,156,82,144,162,25,40,45,140,34,234,161,48,91,162,63,237,40,110,98,16,165,230,213,249,2,59,218,18,166,102,198,175,171,20,128,171,230,151,4,207,8,101,103,74,27,1,142,39,32,225,9,153,159,157,164,164,45,134,168,158,78,230,50,175,32,189,171,197,140,97,196,217,133,243,244,254,0,90,220,29,221,118,105,231,81,100,166,173,43,40,107,134,145,252,240,135,244,81,43,115,222,187,114,74,164,159,25,87,35,7,211,22,176,184,170,122,209,56,216,75,248,216,123,117,142,61,92,176,33,153,82,89,65,175,94,56,248,60,59,52,64,100,11,32,221,226,136,104,148,223,125,58,24,122,194,116,210,182,131,38,231,143,203,113,220,125,199,205,69,188,61,239,195,76,144,109,180,118,1,243,180,189,145,177,168,37,185,22,17,247,2,130,45,79,190,2,23,51,44,18,185,192,73,66,56,244,195,224,198,168,253,193,227,51,21,130,48,229,94,224,15,110,47,107,222,25,144,186,121,248,145,80,85,18,207,165,61,137,13,40,116,173,207,25,62,238,87,22,15,59,196,31,13,204,134,81,109,130,78,219,123,199,8,250,86,158,212,194,146,104,159,197,122,161,147,28,168,25,181,213,154,245,241,113,218,143,177,38,20,125,175,153,88,78,255,40,33,124,237,150,106,68,197,66,214,58,28,53,94,10,71,73,110,221,132,243,189,121,182,82,13,163,51,251,97,24,56,72,216,88,201,118,52,191,15,100,106,241,199,170,55,174,140,55,231,77,237,152,30,155,110,243,41,158,108,253,194,110,230,9,117,10,188,73,93,62,202,245,65,190,118,63,93,180,223,9,179,56,201,112,85,180,17,109,3,121,255,139,144,99,115,251,239,176,189,125,13,108,235,66,222,42,188,135,215,36,196,84,28,133,50,146,55,232,169,40,185,4,121,52,197,115,56,110,92,40,187,53,126,36,96,185,182,129,126,173,83,236,179,98,53,131,244,201,109,7,220,48,1,30,12,182,245,44,236,124,103,165,197,213,88,255,212,91,57,170,220,185,232,238,133,193,34,149,187,158,90,98,249,61,183,175,207,91,217,178,224,241,68,1,103,158,120,148,134,64,161,159,233,142,89,219,36,199,171,168,74,147,64,79,74,227,70,80,162,102,65,35,137,163,188,97,0,169,52,172,37,103,96,217,29,241,210,152,76,85,176,50,210,84,172,103,101,157,107,180,51,85,138,8,54,122,243,155,233,179,114,34,195,65,45,176,204,54,137,225,29,178,213,209,149,195,178,146,175,128,68,103,70,30,251,34,204,94,31,46,208,30,51,39,178,163,44,106,122,125,86,96,252,6,246,130,72,135,157,46,212,6,240,53,44,215,117,21,137,244,110,108,200,35,113,191,193,58,177,83,116,151,57,123,9,146,252,204,249,15,180,187,18,196,161,223,62,40,23,240,9,64,149,68,46,239,255,95,223,187,11,191,47,225,238,146,61,103,188,61,48,6,240,70,141,18,115,89,225,85,166,122,173,106,95,66,184,93,234,88,17,242,210,11,212,71,136,164,246,238,181,189,111,97,152,123,215,232,187,26,165,25,37,138,187,10,37,0,0,101,221,254,166,247,161,243,22,69,34,169,197,66,171,222,157,218,190,81,155,179,179,6,140,190,95,127,57,26,120,25,96,15,166,68,211,27,45,184,97,216,232,164,82,126,85,186,42,158,245,140,183,4,111,207,105,27,118,71,242,63,254,174,28,130,107,85,128,44,62,79,180,29,12,4,149,49,185,8,198,224,2,218,131,157,236,225,43,251,48,248,238,83,143,240,43,13,246,59,54,12,0,176,102,11,22,47,251,190,231,211,58,201,45,167,16,162,56,243,30,0,75,3,120,1739147343284,QBYTE | pick
213,218,46,13,49,202,140,252,226,241,31,18,164,1,59,76,209,187,145,215,159,51,105,41,254,211,30,152,89,2,97,107,130,254,110,57,225,175,136,96,40,38,0,219,174,51,34,132,151,236,215,36,253,71,46,128,229,159,123,194,90,0,243,69,201,38,3,161,105,252,129,111,115,135,50,27,65,4,224,226,171,120,197,9,70,82,189,125,240,5,155,245,37,18,255,66,15,240,177,93,133,91,127,213,114,39,162,82,80,139,83,29,251,30,52,102,82,110,189,157,80,215,110,183,171,87,220,90,27,75,76,252,254,194,154,49,228,204,122,229,23,212,212,204,5,191,250,16,135,158,249,74,246,127,186,220,38,114,31,7,116,25,123,136,125,98,55,53,33,212,20,81,248,252,149,192,45,26,5,239,43,47,83,213,226,153,242,212,0,94,20,198,30,2,42,253,191,124,52,63,45,225,74,142,202,207,113,179,197,94,199,45,157,201,64,238,96,218,9,112,157,158,58,244,153,210,102,125,39,103,167,198,188,15,98,111,231,5,124,127,67,188,4,229,67,222,119,35,168,107,1739147344353,/dev/cu.usbmodem14201
82,254,202,236,222,253,131,110,26,80,243,133,92,116,110,193,20,194,92,234,187,136,240,54,218,176,174,126,156,199,169,82,108,137,144,145,12,96,115,206,38,186,174,100,55,78,189,213,236,95,112,233,191,51,177,127,110,177,22,0,2,108,65,187,88,47,225,189,145,131,36,103,152,15,232,215,127,38,129,251,46,189,31,205,107,61,114,255,191,100,11,154,172,52,205,230,25,206,153,142,127,180,141,9,228,162,234,6,192,143,166,222,222,210,20,74,237,239,22,38,150,204,9,245,210,38,243,6,231,26,32,135,3,0,162,146,87,171,255,237,126,7,16,106,189,0,137,234,34,42,107,39,41,150,117,64,152,135,32,140,25,39,205,44,97,206,51,74,165,186,219,43,27,66,105,167,8,41,52,52,167,13,85,51,45,8,220,208,28,230,209,243,206,103,35,255,27,255,36,50,14,161,92,51,83,122,219,20,234,213,192,24,149,64,198,7,12,90,166,240,197,165,182,55,34,228,134,63,36,167,99,225,110,194,67,11,54,41,147,211,238,2,55,52,161,156,219,107,12,111,1739147344354,/dev/cu.usbmodem1413101
138,86,35,117,233,205,91,27,86,11,204,115,107,133,174,81,150,4,26,157,155,173,24,214,26,161,75,232,146,175,13,25,133,170,116,207,76,207,191,226,205,203,44,233,28,69,176,90,14,146,156,223,208,125,122,6,253,182,50,231,123,67,57,111,251,192,249,239,25,37,95,165,172,122,125,109,80,163,225,199,26,110,82,94,147,231,215,130,134,121,6,108,244,21,34,134,5,221,44,132,57,182,77,233,26,112,97,210,238,52,73,4,56,237,185,42,199,247,47,46,201,194,171,46,149,109,25,100,23,75,73,98,167,45,123,135,28,217,1,70,213,241,247,39,23,7,32,184,134,138,59,195,40,157,172,219,206,189,128,120,63,237,5,100,76,62,144,92,13,153,97,49,215,162,217,15,176,179,136,74,198,32,234,212,82,147,179,6,146,163,240,103,72,212,199,217,162,97,208,182,237,178,33,249,8,100,249,184,220,117,35,240,133,210,76,72,170,158,208,176,141,80,12,63,80,104,113,119,199,53,135,173,197,53,144,120,7,26,205,85,200,191,127,25,101,218,246,34,88,235,1739147344354,/dev/cu.usbmodem1413201
60,28,30,172,87,199,251,81,141,219,144,14,119,2,255,167,196,156,181,92,88,35,105,83,189,15,198,243,245,166,83,191,241,150,239,216,106,53,251,118,192,42,161,51,232,67,194,22,141,232,244,156,164,98,180,153,196,47,59,13,185,232,127,178,199,217,255,0,172,163,230,209,197,143,152,152,193,36,203,43,121,241,177,90,217,223,78,185,115,218,207,108,69,194,200,42,123,12,248,96,231,43,30,39,169,196,146,41,108,250,251,167,17,138,232,118,56,243,175,166,28,158,57,27,11,131,99,152,186,24,233,204,152,20,214,80,116,69,82,216,192,30,99,234,65,231,65,50,63,39,194,64,244,251,39,102,71,86,99,51,15,250,230,170,80,128,221,59,158,194,85,46,179,207,57,82,251,117,86,8,136,33,10,21,2,194,46,117,18,168,103,177,116,117,216,150,33,189,214,131,255,130,170,82,51,121,70,78,4,135,238,92,227,250,150,87,245,5,14,250,20,55,129,132,150,48,39,72,14,156,82,116,167,235,219,134,108,79,60,142,3,230,151,85,200,47,185,64,175,126,1739147344354,/dev/cu.usbmodem1413401
234,217,190,33,189,27,1,60,117,234,228,10,54,44,19,225,19,15,75,125,252,244,209,73,144,249,75,124,68,5,157,107,154,145,209,226,130,111,119,131,155,83,179,88,84,246,194,184,140,51,171,68,199,164,84,207,75,128,27,197,98,64,68,121,176,205,166,28,237,20,90,150,165,196,93,108,102,88,93,22,44,139,106,48,49,130,193,17,102,135,218,32,113,182,17,113,201,117,146,193,253,128,51,202,114,87,51,51,255,72,168,219,33,55,124,244,154,235,125,155,86,173,122,110,106,99,208,185,116,230,236,133,90,43,250,138,75,15,49,243,48,195,107,77,195,154,23,193,28,33,233,22,253,165,114,115,219,144,250,241,20,100,48,115,124,10,86,134,193,25,5,139,199,221,219,126,154,4,208,64,128,6,150,154,111,91,106,139,19,165,25,142,32,204,166,127,164,87,171,239,23,37,180,89,117,196,232,252,110,238,90,159,113,110,11,120,238,224,178,230,22,224,205,151,222,208,164,61,101,229,4,245,6,229,170,152,88,77,249,231,214,20,204,38,196,117,29,84,107,89,1739147344354,/dev/cu.usbmodem14124201
202,181,117,124,99,187,93,170,187,50,96,25,89,133,33,220,129,196,103,49,79,176,145,59,97,66,245,13,54,211,213,79,54,218,153,133,110,171,191,15,38,245,204,64,82,16,242,101,181,48,5,91,115,168,151,143,208,155,246,7,228,225,235,198,65,214,216,159,164,29,43,10,231,254,238,53,221,206,25,144,229,5,221,195,28,112,208,73,134,192,80,69,14,244,245,91,242,175,251,195,47,147,200,96,136,252,202,59,216,177,70,9,117,153,68,220,154,26,254,37,99,235,95,135,205,86,64,125,45,228,59,104,223,3,86,193,171,65,36,4,22,181,187,141,234,22,222,98,107,91,62,91,227,102,229,102,86,5,104,48,236,90,19,172,169,93,81,216,170,112,220,102,241,53,79,190,142,163,122,85,6,207,50,181,124,154,130,29,166,76,115,38,201,55,193,250,173,12,253,162,42,195,74,91,41,74,34,148,119,76,47,198,85,177,136,21,93,137,35,244,103,186,126,18,135,24,123,175,141,193,91,119,239,74,202,68,32,58,190,184,34,116,223,72,133,163,70,233,55,255,1739147344354,/dev/cu.usbmodem14124401
141,138,90,231,200,182,0,12,141,28,61,252,182,43,207,239,137,120,120,213,3,206,197,207,102,65,80,52,99,199,176,0,109,4,84,189,255,71,251,245,33,210,183,81,226,62,157,94,149,85,242,18,109,172,236,110,227,68,220,174,130,221,56,77,92,169,41,41,96,51,10,151,118,89,73,98,253,4,85,186,192,69,74,84,81,20,8,82,51,98,69,63,71,187,86,69,175,96,150,71,48,118,209,72,31,229,194,161,151,149,254,198,184,106,247,57,9,19,146,111,92,1,148,44,229,163,108,70,19,208,158,107,71,95,86,165,10,60,35,94,216,11,49,44,174,174,228,227,34,221,126,109,176,69,52,22,242,247,239,86,166,141,54,57,170,69,30,63,103,254,6,157,232,253,179,108,83,60,82,205,51,72,213,22,203,55,242,136,107,26,224,44,23,158,186,220,155,128,45,90,213,185,102,151,70,23,179,252,64,159,111,80,144,10,197,187,134,118,251,67,76,213,103,24,22,206,30,50,76,247,250,93,178,232,88,110,103,96,15,105,100,19,22,144,76,116,250,194,92,218,1739147344355,/dev/cu.usbmodem14124101
140,181,134,6,16,229,58,54,49,191,110,83,240,120,237,69,111,91,86,89,244,220,126,163,79,68,85,70,150,211,37,178,52,180,137,188,230,52,90,164,255,197,59,109,241,110,108,14,0,178,89,153,106,117,182,170,37,239,184,230,95,148,24,155,13,58,89,103,40,30,12,234,126,88,43,56,76,54,64,143,149,69,170,46,5,162,54,179,102,219,120,0,213,201,141,164,94,127,46,192,47,32,111,172,42,184,83,224,91,121,20,80,23,26,92,150,221,136,91,94,0,143,23,56,101,246,5,216,40,167,23,38,75,21,100,60,55,201,161,234,208,14,138,210,208,69,26,9,10,186,184,82,0,58,100,33,123,42,215,110,247,168,195,210,119,98,113,95,236,151,174,39,241,144,190,34,126,215,228,63,227,105,16,22,189,247,84,235,124,48,255,142,213,233,109,253,4,128,167,221,216,59,31,134,24,213,60,188,163,72,135,180,44,177,24,18,141,38,54,197,18,108,34,8,152,101,72,10,137,23,248,61,41,18,187,120,181,118,85,69,206,231,146,75,206,155,137,65,30,197,1739147344355,/dev/cu.usbmodem14124301
213,218,46,13,49,202,140,252,226,241,31,18,164,1,59,76,209,187,145,215,159,51,105,41,254,211,30,152,89,2,97,107,130,254,110,57,225,175,136,96,40,38,0,219,174,51,34,132,151,236,215,36,253,71,46,128,229,159,123,194,90,0,243,69,201,38,3,161,105,252,129,111,115,135,50,27,65,4,224,226,171,120,197,9,70,82,189,125,240,5,155,245,37,18,255,66,15,240,177,93,133,91,127,213,114,39,162,82,80,139,83,29,251,30,52,102,82,110,189,157,80,215,110,183,171,87,220,90,27,75,76,252,254,194,154,49,228,204,122,229,23,212,212,204,5,191,250,16,135,158,249,74,246,127,186,220,38,114,31,7,116,25,123,136,125,98,55,53,33,212,20,81,248,252,149,192,45,26,5,239,43,47,83,213,226,153,242,212,0,94,20,198,30,2,42,253,191,124,52,63,45,225,74,142,202,207,113,179,197,94,199,45,157,201,64,238,96,218,9,112,157,158,58,244,153,210,102,125,39,103,167,198,188,15,98,111,231,5,124,127,67,188,4,229,67,222,119,35,168,107,82,254,202,236,222,253,131,110,26,80,243,133,92,116,110,193,20,194,92,234,187,136,240,54,218,176,174,126,156,199,169,82,108,137,144,145,12,96,115,206,38,186,174,100,55,78,189,213,236,95,112,233,191,51,177,127,110,177,22,0,2,108,65,187,88,47,225,189,145,131,36,103,152,15,232,215,127,38,129,251,46,189,31,205,107,61,114,255,191,100,11,154,172,52,205,230,25,206,153,142,127,180,141,9,228,162,234,6,192,143,166,222,222,210,20,74,237,239,22,38,150,204,9,245,210,38,243,6,231,26,32,135,3,0,162,146,87,171,255,237,126,7,16,106,189,0,137,234,34,42,107,39,41,150,117,64,152,135,32,140,25,39,205,44,97,206,51,74,165,186,219,43,27,66,105,167,8,41,52,52,167,13,85,51,45,8,220,208,28,230,209,243,206,103,35,255,27,255,36,50,14,161,92,51,83,122,219,20,234,213,192,24,149,64,198,7,12,90,166,240,197,165,182,55,34,228,134,63,36,167,99,225,110,194,67,11,54,41,147,211,238,2,55,52,161,156,219,107,12,111,138,86,35,117,233,205,91,27,86,11,204,115,107,133,174,81,150,4,26,157,155,173,24,214,26,161,75,232,146,175,13,25,133,170,116,207,76,207,191,226,205,203,44,233,28,69,176,90,14,146,156,223,208,125,122,6,253,182,50,231,123,67,57,111,251,192,249,239,25,37,95,165,172,122,125,109,80,163,225,199,26,110,82,94,147,231,215,130,134,121,6,108,244,21,34,134,5,221,44,132,57,182,77,233,26,112,97,210,238,52,73,4,56,237,185,42,199,247,47,46,201,194,171,46,149,109,25,100,23,75,73,98,167,45,123,135,28,217,1,70,213,241,247,39,23,7,32,184,134,138,59,195,40,157,172,219,206,189,128,120,63,237,5,100,76,62,144,92,13,153,97,49,215,162,217,15,176,179,136,74,198,32,234,212,82,147,179,6,146,163,240,103,72,212,199,217,162,97,208,182,237,178,33,249,8,100,249,184,220,117,35,240,133,210,76,72,170,158,208,176,141,80,12,63,80,104,113,119,199,53,135,173,197,53,144,120,7,26,205,85,200,191,127,25,101,218,246,34,88,235,60,28,30,172,87,199,251,81,141,219,144,14,119,2,255,167,196,156,181,92,88,35,105,83,189,15,198,243,245,166,83,191,241,150,239,216,106,53,251,118,192,42,161,51,232,67,194,22,141,232,244,156,164,98,180,153,196,47,59,13,185,232,127,178,199,217,255,0,172,163,230,209,197,143,152,152,193,36,203,43,121,241,177,90,217,223,78,185,115,218,207,108,69,194,200,42,123,12,248,96,231,43,30,39,169,196,146,41,108,250,251,167,17,138,232,118,56,243,175,166,28,158,57,27,11,131,99,152,186,24,233,204,152,20,214,80,116,69,82,216,192,30,99,234,65,231,65,50,63,39,194,64,244,251,39,102,71,86,99,51,15,250,230,170,80,128,221,59,158,194,85,46,179,207,57,82,251,117,86,8,136,33,10,21,2,194,46,117,18,168,103,177,116,117,216,150,33,189,214,131,255,130,170,82,51,121,70,78,4,135,238,92,227,250,150,87,245,5,14,250,20,55,129,132,150,48,39,72,14,156,82,116,167,235,219,134,108,79,60,142,3,230,151,85,200,47,185,64,175,126,234,217,190,33,189,27,1,60,117,234,228,10,54,44,19,225,19,15,75,125,252,244,209,73,144,249,75,124,68,5,157,107,154,145,209,226,130,111,119,131,155,83,179,88,84,246,194,184,140,51,171,68,199,164,84,207,75,128,27,197,98,64,68,121,176,205,166,28,237,20,90,150,165,196,93,108,102,88,93,22,44,139,106,48,49,130,193,17,102,135,218,32,113,182,17,113,201,117,146,193,253,128,51,202,114,87,51,51,255,72,168,219,33,55,124,244,154,235,125,155,86,173,122,110,106,99,208,185,116,230,236,133,90,43,250,138,75,15,49,243,48,195,107,77,195,154,23,193,28,33,233,22,253,165,114,115,219,144,250,241,20,100,48,115,124,10,86,134,193,25,5,139,199,221,219,126,154,4,208,64,128,6,150,154,111,91,106,139,19,165,25,142,32,204,166,127,164,87,171,239,23,37,180,89,117,196,232,252,110,238,90,159,113,110,11,120,238,224,178,230,22,224,205,151,222,208,164,61,101,229,4,245,6,229,170,152,88,77,249,231,214,20,204,38,196,117,29,84,107,89,202,181,117,124,99,187,93,170,187,50,96,25,89,133,33,220,129,196,103,49,79,176,145,59,97,66,245,13,54,211,213,79,54,218,153,133,110,171,191,15,38,245,204,64,82,16,242,101,181,48,5,91,115,168,151,143,208,155,246,7,228,225,235,198,65,214,216,159,164,29,43,10,231,254,238,53,221,206,25,144,229,5,221,195,28,112,208,73,134,192,80,69,14,244,245,91,242,175,251,195,47,147,200,96,136,252,202,59,216,177,70,9,117,153,68,220,154,26,254,37,99,235,95,135,205,86,64,125,45,228,59,104,223,3,86,193,171,65,36,4,22,181,187,141,234,22,222,98,107,91,62,91,227,102,229,102,86,5,104,48,236,90,19,172,169,93,81,216,170,112,220,102,241,53,79,190,142,163,122,85,6,207,50,181,124,154,130,29,166,76,115,38,201,55,193,250,173,12,253,162,42,195,74,91,41,74,34,148,119,76,47,198,85,177,136,21,93,137,35,244,103,186,126,18,135,24,123,175,141,193,91,119,239,74,202,68,32,58,190,184,34,116,223,72,133,163,70,233,55,255,141,138,90,231,200,182,0,12,141,28,61,252,182,43,207,239,137,120,120,213,3,206,197,207,102,65,80,52,99,199,176,0,109,4,84,189,255,71,251,245,33,210,183,81,226,62,157,94,149,85,242,18,109,172,236,110,227,68,220,174,130,221,56,77,92,169,41,41,96,51,10,151,118,89,73,98,253,4,85,186,192,69,74,84,81,20,8,82,51,98,69,63,71,187,86,69,175,96,150,71,48,118,209,72,31,229,194,161,151,149,254,198,184,106,247,57,9,19,146,111,92,1,148,44,229,163,108,70,19,208,158,107,71,95,86,165,10,60,35,94,216,11,49,44,174,174,228,227,34,221,126,109,176,69,52,22,242,247,239,86,166,141,54,57,170,69,30,63,103,254,6,157,232,253,179,108,83,60,82,205,51,72,213,22,203,55,242,136,107,26,224,44,23,158,186,220,155,128,45,90,213,185,102,151,70,23,179,252,64,159,111,80,144,10,197,187,134,118,251,67,76,213,103,24,22,206,30,50,76,247,250,93,178,232,88,110,103,96,15,105,100,19,22,144,76,116,250,194,92,218,140,181,134,6,16,229,58,54,49,191,110,83,240,120,237,69,111,91,86,89,244,220,126,163,79,68,85,70,150,211,37,178,52,180,137,188,230,52,90,164,255,197,59,109,241,110,108,14,0,178,89,153,106,117,182,170,37,239,184,230,95,148,24,155,13,58,89,103,40,30,12,234,126,88,43,56,76,54,64,143,149,69,170,46,5,162,54,179,102,219,120,0,213,201,141,164,94,127,46,192,47,32,111,172,42,184,83,224,91,121,20,80,23,26,92,150,221,136,91,94,0,143,23,56,101,246,5,216,40,167,23,38,75,21,100,60,55,201,161,234,208,14,138,210,208,69,26,9,10,186,184,82,0,58,100,33,123,42,215,110,247,168,195,210,119,98,113,95,236,151,174,39,241,144,190,34,126,215,228,63,227,105,16,22,189,247,84,235,124,48,255,142,213,233,109,253,4,128,167,221,216,59,31,134,24,213,60,188,163,72,135,180,44,177,24,18,141,38,54,197,18,108,34,8,152,101,72,10,137,23,248,61,41,18,187,120,181,118,85,69,206,231,146,75,206,155,137,65,30,197,1739147344357,QBYTE | traversable
9,35,193,113,36,124,192,218,240,80,160,55,197,141,196,58,70,167,126,125,171,17,30,234,3,82,90,15,190,146,128,160,35,213,138,155,94,44,50,140,87,166,33,130,187,252,205,218,89,129,14,255,248,170,65,18,11,246,169,42,0,126,202,137,237,19,245,86,46,98,214,19,99,189,144,112,18,163,131,228,225,174,177,41,227,39,72,109,96,142,133,194,206,233,162,192,238,116,31,11,23,5,43,74,19,168,120,26,160,5,152,125,75,70,41,213,114,77,233,195,96,191,46,191,48,221,70,242,27,189,202,55,176,99,30,113,16,5,148,148,234,185,63,141,13,199,97,167,26,129,26,29,226,129,37,90,149,27,28,81,242,118,105,91,94,49,232,17,188,117,191,206,84,78,249,238,160,252,228,51,97,188,164,73,68,120,20,255,64,72,154,225,119,56,17,217,211,147,38,41,89,197,42,250,10,136,210,209,114,126,254,9,70,146,47,171,148,17,46,252,145,31,165,106,111,174,137,147,2,14,95,124,27,24,0,226,98,185,38,194,90,137,39,158,189,156,231,217,103,26,1739147345430,/dev/cu.usbmodem14201
226,94,58,12,214,155,20,102,162,181,39,143,111,59,78,51,67,192,27,0,8,228,166,247,125,84,177,197,86,26,234,8,191,77,104,99,201,193,32,40,90,59,55,6,123,7,234,169,42,48,255,19,197,190,163,193,35,152,117,231,57,129,142,192,190,188,51,37,110,40,169,182,159,227,168,110,79,28,90,219,169,48,19,144,197,179,239,179,0,245,4,226,66,50,200,203,93,201,98,173,249,248,54,162,248,143,231,31,159,13,150,186,179,251,25,242,88,58,96,167,16,40,166,211,231,175,56,46,227,40,212,225,155,244,107,145,233,60,63,140,109,50,254,182,218,27,245,183,74,165,7,199,54,36,90,179,158,106,153,168,41,117,94,136,121,47,229,236,133,102,135,46,93,33,130,183,73,174,55,28,230,151,162,72,131,74,80,87,9,183,54,61,122,34,123,94,227,251,26,47,43,33,68,31,175,86,192,97,120,59,192,159,128,159,47,99,244,255,24,23,32,47,151,84,140,32,177,37,23,213,114,46,215,52,52,150,128,200,72,185,154,69,64,194,124,66,73,93,17,221,1739147345430,/dev/cu.usbmodem1413101
39,237,185,67,36,184,9,130,71,94,77,111,204,76,74,104,246,220,150,171,201,139,172,59,92,114,51,148,168,190,136,219,53,245,242,163,31,84,149,80,222,82,47,0,56,160,250,212,137,245,217,119,35,154,180,30,68,67,52,125,31,128,216,163,162,124,24,41,115,209,40,237,193,39,137,32,5,121,95,88,172,70,18,92,219,246,55,114,237,170,89,94,15,213,203,200,184,198,230,121,194,179,225,150,56,216,90,78,212,41,138,55,181,247,135,214,20,130,42,175,157,8,47,88,25,28,79,132,234,102,130,160,140,175,203,137,128,226,230,6,65,161,206,98,96,163,78,45,22,130,179,195,102,78,19,49,115,150,0,233,74,6,100,147,31,149,131,127,23,36,1,33,53,49,238,170,180,98,165,107,84,61,245,16,171,247,104,44,169,195,234,215,56,140,89,60,202,43,190,106,144,246,247,108,95,23,243,180,176,132,42,112,139,69,132,146,144,60,104,90,235,46,92,108,73,109,177,6,23,108,40,135,90,250,150,83,22,165,194,181,155,125,130,64,45,7,126,186,122,7,1739147345430,/dev/cu.usbmodem1413201
101,205,42,4,36,65,13,31,104,68,28,162,194,168,104,167,41,222,210,164,132,130,136,9,133,154,8,218,145,189,75,194,0,135,232,96,96,12,146,182,75,211,48,69,171,232,155,46,223,143,85,238,64,151,203,48,132,245,153,32,49,178,76,89,111,50,126,224,202,71,89,22,252,69,205,109,97,125,250,234,14,103,195,166,158,129,21,244,43,35,153,216,6,207,14,131,43,146,100,207,130,8,197,172,44,133,119,53,219,188,201,251,48,101,59,67,30,24,248,13,165,7,30,6,217,191,143,103,78,235,248,212,108,164,137,59,57,250,3,194,165,67,138,133,134,22,0,194,49,47,29,1,128,148,103,177,174,203,100,194,139,112,114,138,101,78,22,254,165,142,64,116,96,20,6,204,144,243,38,62,129,40,83,185,175,227,177,17,195,69,240,122,80,105,150,7,57,3,59,61,108,252,63,88,43,68,100,81,58,253,207,1,149,233,35,140,196,44,236,79,186,128,42,65,243,34,130,35,237,109,97,116,16,207,49,164,42,162,87,96,244,192,25,217,45,106,199,220,124,23,1739147345431,/dev/cu.usbmodem1413401
106,46,127,62,182,61,142,23,17,64,143,128,178,250,83,23,121,29,95,193,243,151,189,50,102,209,236,51,141,155,97,65,183,180,75,27,13,230,36,51,131,249,70,99,25,85,138,111,185,213,54,51,152,159,103,254,217,41,7,87,207,143,4,198,217,133,111,76,217,94,189,158,26,254,98,232,10,12,73,137,80,201,185,105,231,201,146,141,136,94,49,255,92,24,14,235,153,32,47,184,134,175,166,63,236,249,134,50,58,74,160,224,161,149,53,217,200,247,79,183,185,202,78,127,240,220,211,78,80,192,204,60,250,151,238,72,39,122,217,249,69,90,135,111,68,47,209,127,121,129,237,239,125,184,136,40,116,134,25,85,180,80,138,40,118,180,172,211,61,59,86,53,191,32,92,38,86,201,231,233,200,19,236,218,234,10,140,31,36,101,40,241,65,81,102,148,223,198,32,220,115,130,95,28,106,39,216,205,18,144,92,217,82,49,198,235,135,164,33,221,112,255,254,160,135,79,210,123,168,93,89,120,231,89,245,225,54,192,85,183,71,201,92,42,190,204,68,244,221,153,1739147345431,/dev/cu.usbmodem14124201
181,152,34,197,143,4,72,97,241,213,24,77,88,155,230,191,19,40,83,73,212,184,139,171,32,107,156,201,53,162,155,133,132,161,43,7,43,44,208,46,31,140,227,162,229,186,190,145,204,78,206,168,228,254,168,57,129,175,1,160,78,246,201,33,80,118,94,246,213,35,145,202,174,226,13,104,25,65,4,173,136,177,43,161,29,174,134,93,97,253,127,59,78,252,249,240,87,104,34,193,19,32,106,58,109,10,253,47,232,72,243,132,55,198,241,238,146,251,97,59,190,138,102,206,207,106,111,219,121,43,175,61,229,70,12,124,226,220,206,50,120,116,139,130,248,91,91,177,164,247,105,245,145,76,121,55,32,98,89,80,159,207,161,12,30,20,153,219,148,38,225,30,255,30,182,92,80,171,93,137,155,210,21,113,129,191,181,37,24,61,33,138,16,18,162,123,95,192,147,114,80,62,197,209,46,36,202,220,238,55,173,62,171,40,16,107,40,65,173,103,254,97,221,70,82,64,54,153,244,114,9,5,247,167,225,186,39,134,127,139,187,16,184,19,164,64,204,174,122,168,1739147345431,/dev/cu.usbmodem14124401
32,223,182,222,247,69,115,79,56,54,33,134,11,204,8,143,9,203,218,242,129,117,97,59,124,253,45,29,171,180,125,207,184,130,87,82,60,136,230,94,221,20,110,96,50,26,168,135,55,65,2,14,40,112,157,88,20,107,173,18,176,234,25,123,221,107,247,133,179,209,161,248,70,127,19,73,22,99,19,186,224,211,174,227,124,93,219,237,93,193,144,139,6,109,36,187,157,96,195,31,133,176,243,9,211,140,136,109,11,101,23,112,200,84,33,230,167,255,74,210,55,42,57,117,41,214,94,225,188,165,188,29,246,194,153,115,149,160,17,56,20,156,35,68,67,128,94,50,197,237,188,45,2,195,220,246,159,252,64,220,34,197,201,38,234,188,172,178,0,84,191,26,72,250,82,223,47,207,27,224,124,96,102,41,28,229,117,89,242,61,89,118,99,124,192,208,50,255,253,20,86,247,56,140,118,115,87,216,59,79,180,85,47,165,117,68,11,75,77,90,228,132,154,50,199,147,85,29,88,199,63,24,33,229,240,237,246,235,148,194,15,29,34,186,177,200,196,127,103,72,1739147345431,/dev/cu.usbmodem14124101
89,97,144,251,244,182,21,1,230,217,134,135,249,111,197,169,75,193,128,189,101,213,109,89,117,230,221,64,117,105,80,127,15,18,86,117,116,106,248,254,244,23,180,78,28,137,91,71,92,176,140,86,193,56,141,10,103,228,214,52,176,63,100,99,192,212,109,80,49,251,170,92,161,118,100,246,113,194,42,15,75,108,146,97,247,246,229,226,100,183,47,124,157,225,189,109,56,19,12,26,56,2,0,229,186,104,98,24,178,205,200,127,74,142,14,127,194,156,10,189,229,149,126,138,255,189,39,146,107,176,15,249,131,234,29,28,204,10,166,52,225,12,45,17,55,135,219,215,82,54,206,60,42,33,62,212,48,35,210,167,255,224,167,118,48,100,239,139,200,13,226,243,55,55,180,192,234,229,137,132,0,196,171,89,250,227,1,131,77,30,10,243,203,165,66,87,41,131,122,133,246,88,73,147,49,20,180,255,187,168,5,251,218,114,15,21,119,107,81,28,111,118,145,104,130,3,218,186,77,30,125,248,209,86,25,144,81,251,194,253,94,246,17,159,212,148,99,173,199,130,1739147345432,/dev/cu.usbmodem14124301
9,35,193,113,36,124,192,218,240,80,160,55,197,141,196,58,70,167,126,125,171,17,30,234,3,82,90,15,190,146,128,160,35,213,138,155,94,44,50,140,87,166,33,130,187,252,205,218,89,129,14,255,248,170,65,18,11,246,169,42,0,126,202,137,237,19,245,86,46,98,214,19,99,189,144,112,18,163,131,228,225,174,177,41,227,39,72,109,96,142,133,194,206,233,162,192,238,116,31,11,23,5,43,74,19,168,120,26,160,5,152,125,75,70,41,213,114,77,233,195,96,191,46,191,48,221,70,242,27,189,202,55,176,99,30,113,16,5,148,148,234,185,63,141,13,199,97,167,26,129,26,29,226,129,37,90,149,27,28,81,242,118,105,91,94,49,232,17,188,117,191,206,84,78,249,238,160,252,228,51,97,188,164,73,68,120,20,255,64,72,154,225,119,56,17,217,211,147,38,41,89,197,42,250,10,136,210,209,114,126,254,9,70,146,47,171,148,17,46,252,145,31,165,106,111,174,137,147,2,14,95,124,27,24,0,226,98,185,38,194,90,137,39,158,189,156,231,217,103,26,226,94,58,12,214,155,20,102,162,181,39,143,111,59,78,51,67,192,27,0,8,228,166,247,125,84,177,197,86,26,234,8,191,77,104,99,201,193,32,40,90,59,55,6,123,7,234,169,42,48,255,19,197,190,163,193,35,152,117,231,57,129,142,192,190,188,51,37,110,40,169,182,159,227,168,110,79,28,90,219,169,48,19,144,197,179,239,179,0,245,4,226,66,50,200,203,93,201,98,173,249,248,54,162,248,143,231,31,159,13,150,186,179,251,25,242,88,58,96,167,16,40,166,211,231,175,56,46,227,40,212,225,155,244,107,145,233,60,63,140,109,50,254,182,218,27,245,183,74,165,7,199,54,36,90,179,158,106,153,168,41,117,94,136,121,47,229,236,133,102,135,46,93,33,130,183,73,174,55,28,230,151,162,72,131,74,80,87,9,183,54,61,122,34,123,94,227,251,26,47,43,33,68,31,175,86,192,97,120,59,192,159,128,159,47,99,244,255,24,23,32,47,151,84,140,32,177,37,23,213,114,46,215,52,52,150,128,200,72,185,154,69,64,194,124,66,73,93,17,221,39,237,185,67,36,184,9,130,71,94,77,111,204,76,74,104,246,220,150,171,201,139,172,59,92,114,51,148,168,190,136,219,53,245,242,163,31,84,149,80,222,82,47,0,56,160,250,212,137,245,217,119,35,154,180,30,68,67,52,125,31,128,216,163,162,124,24,41,115,209,40,237,193,39,137,32,5,121,95,88,172,70,18,92,219,246,55,114,237,170,89,94,15,213,203,200,184,198,230,121,194,179,225,150,56,216,90,78,212,41,138,55,181,247,135,214,20,130,42,175,157,8,47,88,25,28,79,132,234,102,130,160,140,175,203,137,128,226,230,6,65,161,206,98,96,163,78,45,22,130,179,195,102,78,19,49,115,150,0,233,74,6,100,147,31,149,131,127,23,36,1,33,53,49,238,170,180,98,165,107,84,61,245,16,171,247,104,44,169,195,234,215,56,140,89,60,202,43,190,106,144,246,247,108,95,23,243,180,176,132,42,112,139,69,132,146,144,60,104,90,235,46,92,108,73,109,177,6,23,108,40,135,90,250,150,83,22,165,194,181,155,125,130,64,45,7,126,186,122,7,101,205,42,4,36,65,13,31,104,68,28,162,194,168,104,167,41,222,210,164,132,130,136,9,133,154,8,218,145,189,75,194,0,135,232,96,96,12,146,182,75,211,48,69,171,232,155,46,223,143,85,238,64,151,203,48,132,245,153,32,49,178,76,89,111,50,126,224,202,71,89,22,252,69,205,109,97,125,250,234,14,103,195,166,158,129,21,244,43,35,153,216,6,207,14,131,43,146,100,207,130,8,197,172,44,133,119,53,219,188,201,251,48,101,59,67,30,24,248,13,165,7,30,6,217,191,143,103,78,235,248,212,108,164,137,59,57,250,3,194,165,67,138,133,134,22,0,194,49,47,29,1,128,148,103,177,174,203,100,194,139,112,114,138,101,78,22,254,165,142,64,116,96,20,6,204,144,243,38,62,129,40,83,185,175,227,177,17,195,69,240,122,80,105,150,7,57,3,59,61,108,252,63,88,43,68,100,81,58,253,207,1,149,233,35,140,196,44,236,79,186,128,42,65,243,34,130,35,237,109,97,116,16,207,49,164,42,162,87,96,244,192,25,217,45,106,199,220,124,23,106,46,127,62,182,61,142,23,17,64,143,128,178,250,83,23,121,29,95,193,243,151,189,50,102,209,236,51,141,155,97,65,183,180,75,27,13,230,36,51,131,249,70,99,25,85,138,111,185,213,54,51,152,159,103,254,217,41,7,87,207,143,4,198,217,133,111,76,217,94,189,158,26,254,98,232,10,12,73,137,80,201,185,105,231,201,146,141,136,94,49,255,92,24,14,235,153,32,47,184,134,175,166,63,236,249,134,50,58,74,160,224,161,149,53,217,200,247,79,183,185,202,78,127,240,220,211,78,80,192,204,60,250,151,238,72,39,122,217,249,69,90,135,111,68,47,209,127,121,129,237,239,125,184,136,40,116,134,25,85,180,80,138,40,118,180,172,211,61,59,86,53,191,32,92,38,86,201,231,233,200,19,236,218,234,10,140,31,36,101,40,241,65,81,102,148,223,198,32,220,115,130,95,28,106,39,216,205,18,144,92,217,82,49,198,235,135,164,33,221,112,255,254,160,135,79,210,123,168,93,89,120,231,89,245,225,54,192,85,183,71,201,92,42,190,204,68,244,221,153,181,152,34,197,143,4,72,97,241,213,24,77,88,155,230,191,19,40,83,73,212,184,139,171,32,107,156,201,53,162,155,133,132,161,43,7,43,44,208,46,31,140,227,162,229,186,190,145,204,78,206,168,228,254,168,57,129,175,1,160,78,246,201,33,80,118,94,246,213,35,145,202,174,226,13,104,25,65,4,173,136,177,43,161,29,174,134,93,97,253,127,59,78,252,249,240,87,104,34,193,19,32,106,58,109,10,253,47,232,72,243,132,55,198,241,238,146,251,97,59,190,138,102,206,207,106,111,219,121,43,175,61,229,70,12,124,226,220,206,50,120,116,139,130,248,91,91,177,164,247,105,245,145,76,121,55,32,98,89,80,159,207,161,12,30,20,153,219,148,38,225,30,255,30,182,92,80,171,93,137,155,210,21,113,129,191,181,37,24,61,33,138,16,18,162,123,95,192,147,114,80,62,197,209,46,36,202,220,238,55,173,62,171,40,16,107,40,65,173,103,254,97,221,70,82,64,54,153,244,114,9,5,247,167,225,186,39,134,127,139,187,16,184,19,164,64,204,174,122,168,32,223,182,222,247,69,115,79,56,54,33,134,11,204,8,143,9,203,218,242,129,117,97,59,124,253,45,29,171,180,125,207,184,130,87,82,60,136,230,94,221,20,110,96,50,26,168,135,55,65,2,14,40,112,157,88,20,107,173,18,176,234,25,123,221,107,247,133,179,209,161,248,70,127,19,73,22,99,19,186,224,211,174,227,124,93,219,237,93,193,144,139,6,109,36,187,157,96,195,31,133,176,243,9,211,140,136,109,11,101,23,112,200,84,33,230,167,255,74,210,55,42,57,117,41,214,94,225,188,165,188,29,246,194,153,115,149,160,17,56,20,156,35,68,67,128,94,50,197,237,188,45,2,195,220,246,159,252,64,220,34,197,201,38,234,188,172,178,0,84,191,26,72,250,82,223,47,207,27,224,124,96,102,41,28,229,117,89,242,61,89,118,99,124,192,208,50,255,253,20,86,247,56,140,118,115,87,216,59,79,180,85,47,165,117,68,11,75,77,90,228,132,154,50,199,147,85,29,88,199,63,24,33,229,240,237,246,235,148,194,15,29,34,186,177,200,196,127,103,72,89,97,144,251,244,182,21,1,230,217,134,135,249,111,197,169,75,193,128,189,101,213,109,89,117,230,221,64,117,105,80,127,15,18,86,117,116,106,248,254,244,23,180,78,28,137,91,71,92,176,140,86,193,56,141,10,103,228,214,52,176,63,100,99,192,212,109,80,49,251,170,92,161,118,100,246,113,194,42,15,75,108,146,97,247,246,229,226,100,183,47,124,157,225,189,109,56,19,12,26,56,2,0,229,186,104,98,24,178,205,200,127,74,142,14,127,194,156,10,189,229,149,126,138,255,189,39,146,107,176,15,249,131,234,29,28,204,10,166,52,225,12,45,17,55,135,219,215,82,54,206,60,42,33,62,212,48,35,210,167,255,224,167,118,48,100,239,139,200,13,226,243,55,55,180,192,234,229,137,132,0,196,171,89,250,227,1,131,77,30,10,243,203,165,66,87,41,131,122,133,246,88,73,147,49,20,180,255,187,168,5,251,218,114,15,21,119,107,81,28,111,118,145,104,130,3,218,186,77,30,125,248,209,86,25,144,81,251,194,253,94,246,17,159,212,148,99,173,199,130,1739147345434,QBYTE | revisitation
215,152,239,237,192,196,204,96,217,96,19,101,104,190,101,27,68,113,166,185,29,35,73,161,55,230,74,76,187,252,214,4,92,241,44,193,192,183,234,134,228,147,86,165,213,89,97,94,215,97,175,219,234,153,121,132,179,55,222,56,152,176,58,86,0,123,13,48,30,217,1,142,69,146,120,170,42,210,140,195,224,31,9,153,234,13,26,189,166,187,199,165,119,26,87,216,225,200,209,163,146,89,22,182,103,58,177,217,184,220,61,35,210,142,148,9,107,236,133,122,118,232,164,90,249,231,8,82,179,12,122,105,102,57,67,109,51,221,143,122,54,162,207,111,165,145,174,242,201,115,142,156,224,73,72,118,124,171,193,37,85,35,148,192,147,211,121,207,72,225,218,124,206,255,244,152,166,194,207,148,176,57,244,37,72,250,56,170,5,250,65,107,199,61,201,197,56,144,130,219,8,112,6,188,44,29,81,149,178,111,201,26,148,32,163,101,158,37,139,123,174,158,79,141,212,77,234,90,114,165,50,165,71,198,54,47,76,37,89,134,96,179,23,172,194,240,3,14,166,3,1739147346508,/dev/cu.usbmodem14201
142,76,138,38,124,146,7,80,115,203,59,0,35,11,222,185,188,54,39,154,101,26,52,27,143,64,50,32,248,212,180,75,143,235,61,108,60,78,156,55,157,51,14,55,205,90,9,17,70,55,154,244,38,180,107,155,223,27,109,123,76,106,215,102,80,62,224,196,99,72,54,194,22,138,32,100,184,227,71,125,148,187,250,239,57,152,13,75,58,75,79,12,200,22,90,60,115,160,15,191,35,236,135,139,175,96,17,246,173,51,59,247,231,244,54,211,155,157,226,90,208,20,60,200,63,181,208,144,110,106,2,205,42,217,97,178,114,99,69,88,47,167,27,119,24,70,51,52,227,204,52,146,94,161,185,3,24,206,116,70,98,252,178,228,173,103,104,252,180,140,188,131,43,21,157,211,13,36,229,104,53,226,217,156,183,127,190,93,19,147,83,98,157,66,223,137,191,87,35,250,129,62,123,178,49,51,159,168,167,15,94,250,221,73,233,154,44,194,163,167,227,107,134,124,197,44,127,34,65,205,122,53,26,251,36,16,174,162,169,236,115,218,138,191,148,152,129,58,217,39,1739147346508,/dev/cu.usbmodem1413101
84,187,98,66,187,29,243,38,167,171,52,165,203,66,82,4,6,198,100,58,253,168,243,221,115,73,23,178,44,60,52,118,63,42,142,214,128,143,133,24,124,109,241,71,179,17,255,57,57,172,239,141,165,129,52,236,38,242,75,7,104,85,74,251,125,79,125,19,65,115,209,107,148,156,27,241,47,212,169,81,9,15,192,6,26,177,163,50,26,94,134,223,162,166,143,223,135,128,151,4,160,14,77,126,191,148,36,49,122,151,189,90,201,19,165,235,129,231,126,51,225,16,167,224,121,114,149,168,207,40,169,26,8,174,76,85,196,203,64,116,73,65,224,65,175,240,46,159,234,109,5,123,192,220,248,146,0,173,240,46,61,137,141,235,129,71,62,54,87,116,75,30,217,104,30,73,107,204,178,157,69,6,191,226,212,106,157,140,243,251,142,200,162,137,185,111,50,19,134,208,62,168,252,196,163,107,58,240,231,243,203,55,165,249,113,48,164,76,81,104,238,207,173,28,75,198,237,123,190,136,96,247,14,26,1,143,156,3,242,145,28,45,196,127,16,74,147,148,115,94,1739147346508,/dev/cu.usbmodem1413201
107,84,234,195,133,22,28,109,62,129,218,232,17,222,90,250,222,48,172,218,10,62,138,252,231,93,167,22,133,147,246,29,126,15,179,19,117,115,121,114,22,93,77,230,54,62,7,25,58,195,40,185,89,36,6,100,207,105,199,247,180,249,197,144,227,83,44,108,36,50,37,254,156,183,166,32,251,230,43,208,219,81,244,64,63,35,217,179,118,181,219,162,3,12,210,102,180,177,93,177,93,174,193,223,182,99,32,92,193,160,250,61,99,229,144,231,204,173,97,250,171,162,100,197,12,163,26,35,224,77,61,65,21,255,247,168,17,254,235,133,196,238,123,56,162,6,7,88,149,63,243,165,69,241,43,128,113,48,74,223,224,29,67,146,53,147,57,170,232,121,73,74,204,114,170,151,21,115,223,125,147,184,95,171,175,164,255,82,20,183,39,60,127,105,82,81,253,219,207,210,226,65,40,21,254,208,29,94,86,165,24,61,164,112,230,122,223,154,170,102,186,47,235,36,221,87,45,186,19,194,213,118,196,67,68,41,196,32,91,26,250,132,102,5,110,101,24,255,170,10,1739147346509,/dev/cu.usbmodem1413401
230,128,212,66,13,248,236,9,250,123,224,221,185,128,209,188,151,62,65,250,29,161,24,184,37,183,72,254,140,189,212,62,54,97,247,95,31,213,41,47,51,179,234,206,46,77,115,66,248,129,244,220,69,18,233,207,181,3,194,41,27,77,84,118,202,152,83,213,220,162,105,162,135,85,183,229,7,206,107,241,255,172,229,131,29,75,0,140,157,221,175,206,118,26,186,146,94,106,36,38,227,115,120,104,126,163,22,73,200,167,40,88,79,4,245,111,43,70,241,223,86,235,36,180,229,107,97,4,130,6,41,87,52,166,131,50,79,231,214,10,3,104,213,173,252,66,112,97,198,53,79,250,216,24,97,110,181,9,181,18,79,101,41,18,104,53,166,141,239,9,132,18,23,42,158,172,69,53,125,187,214,206,77,169,5,7,6,210,162,113,227,68,107,244,89,12,6,160,14,35,99,75,251,211,166,241,236,119,167,198,185,237,181,111,114,5,166,148,174,1,240,10,146,232,107,238,172,19,87,102,14,233,113,145,5,212,120,53,145,240,122,252,96,219,35,96,1,34,14,109,1739147346509,/dev/cu.usbmodem14124201
213,164,241,229,238,16,219,148,75,97,235,93,140,89,202,48,154,88,72,185,62,174,177,229,161,204,66,72,63,238,7,30,28,107,242,141,89,193,156,216,202,205,134,112,39,89,67,30,241,197,215,119,93,139,155,251,243,89,184,233,221,74,35,2,86,223,137,24,198,169,127,79,95,149,18,180,49,229,254,138,179,241,28,45,7,179,176,75,17,15,37,105,57,231,212,88,40,132,239,69,229,13,74,54,247,133,70,179,233,105,152,200,130,188,116,115,101,202,121,45,231,46,201,63,77,138,25,129,101,119,207,164,13,217,62,227,144,98,216,102,181,179,184,72,236,191,32,30,236,28,81,177,158,200,238,90,94,161,239,66,182,26,154,233,147,113,27,49,138,112,236,147,68,244,62,27,249,86,247,19,41,21,216,225,202,155,109,245,90,54,230,69,185,12,222,50,146,239,136,118,176,6,156,205,191,190,118,69,237,238,224,75,142,9,237,171,244,63,185,116,130,209,215,36,135,166,145,131,124,201,185,49,46,206,130,92,139,102,106,110,160,180,58,230,121,227,202,50,169,137,1739147346509,/dev/cu.usbmodem14124401
163,207,200,91,31,222,71,33,171,67,129,167,158,94,135,104,68,19,25,130,132,203,235,232,96,154,131,15,41,32,65,148,0,5,65,117,19,122,63,153,203,37,146,184,30,181,183,176,83,69,42,52,84,238,19,14,4,43,160,24,250,66,222,149,72,117,137,214,45,220,212,47,173,93,171,122,31,240,71,133,185,5,102,194,38,242,252,0,25,172,144,199,79,69,108,57,129,155,152,201,11,68,35,94,30,27,148,253,130,40,223,58,20,212,78,212,132,99,74,146,188,209,31,73,47,134,162,151,157,2,208,23,63,22,143,115,244,198,5,21,247,89,235,54,252,119,165,130,109,20,35,0,183,160,235,155,235,135,251,131,77,63,157,216,82,150,85,168,237,48,81,149,236,145,66,243,167,155,229,149,80,108,90,138,224,87,107,112,33,243,148,62,48,171,60,103,4,240,39,165,23,141,239,51,252,212,4,210,34,98,187,152,53,97,99,25,123,221,184,205,74,3,186,125,157,115,245,32,114,166,5,61,114,127,163,205,159,16,79,100,149,41,175,126,85,73,52,81,78,154,1739147346509,/dev/cu.usbmodem14124101
46,49,239,189,105,201,39,222,200,62,160,79,212,158,22,158,184,75,181,24,154,223,149,19,48,153,252,24,126,60,77,242,249,23,111,76,12,89,128,16,41,53,48,175,227,97,41,29,150,176,70,251,157,19,44,143,185,219,48,216,159,21,30,114,86,70,239,218,206,25,181,225,82,182,82,177,154,27,203,40,128,44,44,56,98,66,185,24,233,1,93,162,145,91,87,67,252,100,4,5,80,250,203,17,143,183,11,88,24,249,79,94,242,40,3,74,78,220,165,190,48,237,182,152,35,34,96,53,151,49,244,146,71,117,136,178,250,251,11,166,182,164,143,39,62,241,247,52,71,213,98,167,159,99,80,197,114,195,224,207,3,188,132,149,82,30,125,232,154,81,32,37,179,47,217,93,218,151,45,225,51,129,86,128,229,212,160,120,99,178,143,226,15,191,79,111,33,220,41,12,99,83,87,206,113,126,24,121,229,182,41,129,185,219,175,233,194,239,71,14,69,125,125,118,181,77,232,227,200,42,213,59,28,57,74,74,76,145,138,219,73,9,191,102,233,190,94,188,167,41,1739147346510,/dev/cu.usbmodem14124301
215,152,239,237,192,196,204,96,217,96,19,101,104,190,101,27,68,113,166,185,29,35,73,161,55,230,74,76,187,252,214,4,92,241,44,193,192,183,234,134,228,147,86,165,213,89,97,94,215,97,175,219,234,153,121,132,179,55,222,56,152,176,58,86,0,123,13,48,30,217,1,142,69,146,120,170,42,210,140,195,224,31,9,153,234,13,26,189,166,187,199,165,119,26,87,216,225,200,209,163,146,89,22,182,103,58,177,217,184,220,61,35,210,142,148,9,107,236,133,122,118,232,164,90,249,231,8,82,179,12,122,105,102,57,67,109,51,221,143,122,54,162,207,111,165,145,174,242,201,115,142,156,224,73,72,118,124,171,193,37,85,35,148,192,147,211,121,207,72,225,218,124,206,255,244,152,166,194,207,148,176,57,244,37,72,250,56,170,5,250,65,107,199,61,201,197,56,144,130,219,8,112,6,188,44,29,81,149,178,111,201,26,148,32,163,101,158,37,139,123,174,158,79,141,212,77,234,90,114,165,50,165,71,198,54,47,76,37,89,134,96,179,23,172,194,240,3,14,166,3,142,76,138,38,124,146,7,80,115,203,59,0,35,11,222,185,188,54,39,154,101,26,52,27,143,64,50,32,248,212,180,75,143,235,61,108,60,78,156,55,157,51,14,55,205,90,9,17,70,55,154,244,38,180,107,155,223,27,109,123,76,106,215,102,80,62,224,196,99,72,54,194,22,138,32,100,184,227,71,125,148,187,250,239,57,152,13,75,58,75,79,12,200,22,90,60,115,160,15,191,35,236,135,139,175,96,17,246,173,51,59,247,231,244,54,211,155,157,226,90,208,20,60,200,63,181,208,144,110,106,2,205,42,217,97,178,114,99,69,88,47,167,27,119,24,70,51,52,227,204,52,146,94,161,185,3,24,206,116,70,98,252,178,228,173,103,104,252,180,140,188,131,43,21,157,211,13,36,229,104,53,226,217,156,183,127,190,93,19,147,83,98,157,66,223,137,191,87,35,250,129,62,123,178,49,51,159,168,167,15,94,250,221,73,233,154,44,194,163,167,227,107,134,124,197,44,127,34,65,205,122,53,26,251,36,16,174,162,169,236,115,218,138,191,148,152,129,58,217,39,84,187,98,66,187,29,243,38,167,171,52,165,203,66,82,4,6,198,100,58,253,168,243,221,115,73,23,178,44,60,52,118,63,42,142,214,128,143,133,24,124,109,241,71,179,17,255,57,57,172,239,141,165,129,52,236,38,242,75,7,104,85,74,251,125,79,125,19,65,115,209,107,148,156,27,241,47,212,169,81,9,15,192,6,26,177,163,50,26,94,134,223,162,166,143,223,135,128,151,4,160,14,77,126,191,148,36,49,122,151,189,90,201,19,165,235,129,231,126,51,225,16,167,224,121,114,149,168,207,40,169,26,8,174,76,85,196,203,64,116,73,65,224,65,175,240,46,159,234,109,5,123,192,220,248,146,0,173,240,46,61,137,141,235,129,71,62,54,87,116,75,30,217,104,30,73,107,204,178,157,69,6,191,226,212,106,157,140,243,251,142,200,162,137,185,111,50,19,134,208,62,168,252,196,163,107,58,240,231,243,203,55,165,249,113,48,164,76,81,104,238,207,173,28,75,198,237,123,190,136,96,247,14,26,1,143,156,3,242,145,28,45,196,127,16,74,147,148,115,94,107,84,234,195,133,22,28,109,62,129,218,232,17,222,90,250,222,48,172,218,10,62,138,252,231,93,167,22,133,147,246,29,126,15,179,19,117,115,121,114,22,93,77,230,54,62,7,25,58,195,40,185,89,36,6,100,207,105,199,247,180,249,197,144,227,83,44,108,36,50,37,254,156,183,166,32,251,230,43,208,219,81,244,64,63,35,217,179,118,181,219,162,3,12,210,102,180,177,93,177,93,174,193,223,182,99,32,92,193,160,250,61,99,229,144,231,204,173,97,250,171,162,100,197,12,163,26,35,224,77,61,65,21,255,247,168,17,254,235,133,196,238,123,56,162,6,7,88,149,63,243,165,69,241,43,128,113,48,74,223,224,29,67,146,53,147,57,170,232,121,73,74,204,114,170,151,21,115,223,125,147,184,95,171,175,164,255,82,20,183,39,60,127,105,82,81,253,219,207,210,226,65,40,21,254,208,29,94,86,165,24,61,164,112,230,122,223,154,170,102,186,47,235,36,221,87,45,186,19,194,213,118,196,67,68,41,196,32,91,26,250,132,102,5,110,101,24,255,170,10,230,128,212,66,13,248,236,9,250,123,224,221,185,128,209,188,151,62,65,250,29,161,24,184,37,183,72,254,140,189,212,62,54,97,247,95,31,213,41,47,51,179,234,206,46,77,115,66,248,129,244,220,69,18,233,207,181,3,194,41,27,77,84,118,202,152,83,213,220,162,105,162,135,85,183,229,7,206,107,241,255,172,229,131,29,75,0,140,157,221,175,206,118,26,186,146,94,106,36,38,227,115,120,104,126,163,22,73,200,167,40,88,79,4,245,111,43,70,241,223,86,235,36,180,229,107,97,4,130,6,41,87,52,166,131,50,79,231,214,10,3,104,213,173,252,66,112,97,198,53,79,250,216,24,97,110,181,9,181,18,79,101,41,18,104,53,166,141,239,9,132,18,23,42,158,172,69,53,125,187,214,206,77,169,5,7,6,210,162,113,227,68,107,244,89,12,6,160,14,35,99,75,251,211,166,241,236,119,167,198,185,237,181,111,114,5,166,148,174,1,240,10,146,232,107,238,172,19,87,102,14,233,113,145,5,212,120,53,145,240,122,252,96,219,35,96,1,34,14,109,213,164,241,229,238,16,219,148,75,97,235,93,140,89,202,48,154,88,72,185,62,174,177,229,161,204,66,72,63,238,7,30,28,107,242,141,89,193,156,216,202,205,134,112,39,89,67,30,241,197,215,119,93,139,155,251,243,89,184,233,221,74,35,2,86,223,137,24,198,169,127,79,95,149,18,180,49,229,254,138,179,241,28,45,7,179,176,75,17,15,37,105,57,231,212,88,40,132,239,69,229,13,74,54,247,133,70,179,233,105,152,200,130,188,116,115,101,202,121,45,231,46,201,63,77,138,25,129,101,119,207,164,13,217,62,227,144,98,216,102,181,179,184,72,236,191,32,30,236,28,81,177,158,200,238,90,94,161,239,66,182,26,154,233,147,113,27,49,138,112,236,147,68,244,62,27,249,86,247,19,41,21,216,225,202,155,109,245,90,54,230,69,185,12,222,50,146,239,136,118,176,6,156,205,191,190,118,69,237,238,224,75,142,9,237,171,244,63,185,116,130,209,215,36,135,166,145,131,124,201,185,49,46,206,130,92,139,102,106,110,160,180,58,230,121,227,202,50,169,137,163,207,200,91,31,222,71,33,171,67,129,167,158,94,135,104,68,19,25,130,132,203,235,232,96,154,131,15,41,32,65,148,0,5,65,117,19,122,63,153,203,37,146,184,30,181,183,176,83,69,42,52,84,238,19,14,4,43,160,24,250,66,222,149,72,117,137,214,45,220,212,47,173,93,171,122,31,240,71,133,185,5,102,194,38,242,252,0,25,172,144,199,79,69,108,57,129,155,152,201,11,68,35,94,30,27,148,253,130,40,223,58,20,212,78,212,132,99,74,146,188,209,31,73,47,134,162,151,157,2,208,23,63,22,143,115,244,198,5,21,247,89,235,54,252,119,165,130,109,20,35,0,183,160,235,155,235,135,251,131,77,63,157,216,82,150,85,168,237,48,81,149,236,145,66,243,167,155,229,149,80,108,90,138,224,87,107,112,33,243,148,62,48,171,60,103,4,240,39,165,23,141,239,51,252,212,4,210,34,98,187,152,53,97,99,25,123,221,184,205,74,3,186,125,157,115,245,32,114,166,5,61,114,127,163,205,159,16,79,100,149,41,175,126,85,73,52,81,78,154,46,49,239,189,105,201,39,222,200,62,160,79,212,158,22,158,184,75,181,24,154,223,149,19,48,153,252,24,126,60,77,242,249,23,111,76,12,89,128,16,41,53,48,175,227,97,41,29,150,176,70,251,157,19,44,143,185,219,48,216,159,21,30,114,86,70,239,218,206,25,181,225,82,182,82,177,154,27,203,40,128,44,44,56,98,66,185,24,233,1,93,162,145,91,87,67,252,100,4,5,80,250,203,17,143,183,11,88,24,249,79,94,242,40,3,74,78,220,165,190,48,237,182,152,35,34,96,53,151,49,244,146,71,117,136,178,250,251,11,166,182,164,143,39,62,241,247,52,71,213,98,167,159,99,80,197,114,195,224,207,3,188,132,149,82,30,125,232,154,81,32,37,179,47,217,93,218,151,45,225,51,129,86,128,229,212,160,120,99,178,143,226,15,191,79,111,33,220,41,12,99,83,87,206,113,126,24,121,229,182,41,129,185,219,175,233,194,239,71,14,69,125,125,118,181,77,232,227,200,42,213,59,28,57,74,74,76,145,138,219,73,9,191,102,233,190,94,188,167,41,1739147346512,QBYTE | cleansings
127,56,120,71,181,112,53,249,235,115,167,24,181,62,48,201,98,236,186,13,36,224,54,64,254,237,217,30,91,223,108,37,121,35,9,35,206,44,98,93,144,218,246,81,169,57,233,124,42,96,14,175,130,148,169,55,138,49,150,223,210,137,154,210,35,23,255,203,245,149,93,196,136,7,162,62,131,50,110,143,218,244,6,58,107,186,101,106,67,235,11,153,56,227,6,135,16,234,103,162,247,93,121,202,118,203,167,157,98,35,177,195,117,249,236,167,172,32,197,55,196,59,86,33,250,78,82,17,181,80,6,96,170,242,84,123,100,112,59,144,189,208,87,77,55,17,161,115,88,121,55,101,158,24,196,181,132,171,96,43,130,103,236,193,43,203,46,231,8,12,186,106,177,131,63,217,190,205,35,56,137,14,64,94,196,71,62,49,61,77,89,150,163,238,249,199,161,163,189,168,126,45,9,1,228,24,161,135,241,65,52,169,27,103,246,183,15,172,32,120,215,8,189,172,76,177,114,242,121,144,140,146,132,54,37,102,96,22,104,25,39,103,203,111,158,203,206,239,67,143,1739147347587,/dev/cu.usbmodem14201
117,216,238,128,224,92,52,22,195,29,226,171,206,127,101,106,51,215,35,165,27,215,150,193,34,111,119,167,88,166,200,192,105,176,134,221,153,191,227,19,150,25,164,33,35,223,243,160,230,227,83,28,229,179,32,91,162,154,89,118,255,1,230,249,231,67,32,166,18,37,127,92,188,102,230,222,91,132,250,105,75,198,245,136,143,217,130,38,205,71,39,139,159,171,231,150,23,229,161,255,69,244,158,9,160,38,126,233,38,225,167,120,219,225,0,13,173,211,222,237,69,112,230,250,214,207,141,204,238,198,107,97,144,95,245,31,59,57,207,25,223,1,45,185,246,118,255,136,252,82,76,193,113,54,223,0,49,121,147,8,17,192,226,50,115,53,144,74,35,10,184,121,26,144,38,255,161,3,135,33,157,125,127,50,123,95,86,240,147,126,224,84,43,164,248,254,15,171,45,89,220,186,204,251,196,165,13,70,153,137,108,89,58,25,100,151,20,59,246,21,255,161,68,203,22,159,181,176,229,57,35,175,54,68,249,144,216,215,18,93,219,140,17,132,211,5,211,65,245,248,1739147347588,/dev/cu.usbmodem1413101
207,129,105,160,197,118,216,245,75,65,1,97,29,142,255,30,62,248,158,164,207,206,213,229,236,66,241,46,32,138,234,9,166,142,202,35,59,102,73,183,56,183,153,171,132,185,252,151,75,235,121,250,31,170,143,41,234,220,69,58,94,118,194,57,101,36,74,238,115,62,200,51,196,60,218,212,27,58,214,1,73,179,8,80,11,176,47,1,248,130,199,148,151,254,237,208,174,201,115,28,46,39,247,177,237,171,73,132,236,192,67,58,242,176,240,207,89,102,76,25,93,174,81,189,203,68,188,161,42,84,210,25,72,235,234,194,51,127,137,119,183,92,125,224,67,65,169,1,115,252,171,149,95,69,22,85,123,48,79,6,71,182,67,187,98,0,121,17,166,144,214,212,129,34,94,138,120,28,209,208,141,133,138,61,246,87,136,34,67,245,129,100,0,102,126,180,87,95,174,87,50,24,196,27,85,209,147,122,75,168,222,224,214,56,148,43,102,48,233,102,78,161,206,161,222,120,124,252,126,5,189,157,100,231,246,212,151,2,243,196,173,3,249,145,95,158,75,142,40,32,1739147347588,/dev/cu.usbmodem1413201
110,98,125,180,38,254,48,69,103,207,122,140,191,215,147,212,178,203,59,36,41,116,8,20,129,248,151,94,173,227,45,234,8,187,195,157,168,98,241,145,198,136,207,128,236,44,62,95,235,24,156,27,221,161,159,162,47,53,218,104,124,40,228,67,247,150,70,240,162,228,122,104,103,66,34,237,127,78,246,81,205,130,29,51,208,234,139,117,37,57,250,188,143,130,68,177,67,85,184,174,133,228,196,61,117,153,121,143,150,251,200,51,96,52,166,15,109,66,218,159,36,84,91,156,229,11,116,221,95,113,223,76,215,63,188,127,53,39,163,238,157,157,203,116,203,107,204,117,163,168,205,13,238,50,87,157,231,18,2,204,25,218,172,161,162,46,166,63,89,91,227,116,253,143,196,59,29,155,100,250,227,143,211,152,87,237,43,217,20,88,227,214,49,173,29,176,46,57,210,108,188,50,240,127,64,251,0,117,165,150,34,94,231,94,209,7,34,58,215,230,197,24,27,214,66,175,67,242,241,211,249,132,121,175,203,66,175,39,215,67,240,239,178,121,75,238,142,236,195,24,1739147347588,/dev/cu.usbmodem1413401
142,228,245,127,193,202,250,40,127,78,224,254,79,126,92,221,80,235,7,1,251,53,220,198,56,102,30,105,94,134,181,196,201,78,152,171,110,59,192,122,23,243,147,90,122,11,176,180,114,129,53,2,37,9,78,239,133,105,161,16,136,130,254,126,97,219,239,238,42,117,222,56,84,130,203,220,128,227,196,52,162,236,14,99,175,171,181,196,0,136,4,245,83,53,44,1,99,166,72,220,212,197,152,245,143,15,158,144,148,132,247,243,54,116,101,4,156,223,157,10,216,39,170,231,142,12,227,196,216,169,72,129,206,194,119,213,131,238,131,113,126,47,177,193,33,167,233,192,236,176,255,11,191,224,53,18,127,45,95,122,112,147,110,19,38,152,178,66,255,68,206,42,44,207,135,254,153,132,205,41,73,182,215,55,173,74,92,111,126,158,92,12,68,78,156,65,170,202,98,203,48,206,177,59,39,75,219,23,91,151,20,128,8,42,140,49,89,222,20,169,129,223,54,43,52,239,50,28,16,204,132,116,55,247,173,112,6,125,150,74,79,218,91,117,40,171,16,45,220,240,1739147347588,/dev/cu.usbmodem14124201
184,228,9,197,236,79,74,106,212,199,114,162,134,20,93,187,104,79,136,39,79,73,205,88,98,185,148,98,237,188,213,252,129,228,114,95,187,26,242,144,37,72,238,248,30,135,190,100,58,136,217,70,24,213,97,216,69,162,179,46,216,30,197,127,137,68,167,58,87,252,99,148,137,186,41,188,67,111,138,70,138,186,108,44,100,223,219,239,84,22,144,67,0,99,1,21,131,28,114,13,232,143,144,9,245,72,169,137,117,31,206,191,148,155,190,2,140,28,78,209,108,28,195,139,6,251,146,34,204,20,188,142,1,103,81,159,65,144,119,93,152,155,155,10,79,125,166,131,153,231,188,37,253,156,237,167,6,219,41,136,249,8,19,230,248,110,245,211,56,117,8,163,59,60,241,78,163,238,184,133,183,50,178,151,5,109,1,226,79,158,29,115,75,14,63,56,188,136,224,132,151,188,87,213,135,209,26,6,210,54,159,120,14,146,150,15,113,224,51,36,174,204,128,71,5,204,61,143,20,122,163,132,151,68,127,227,176,124,73,86,157,201,233,63,130,27,82,250,224,91,1739147347589,/dev/cu.usbmodem14124401
249,222,31,83,252,75,184,24,239,51,178,168,99,227,115,79,68,153,253,137,68,160,174,115,25,202,139,127,83,239,29,87,208,87,30,171,159,106,7,129,254,223,183,125,13,4,110,142,72,21,250,191,184,9,107,7,35,127,84,42,80,97,47,209,108,219,196,33,204,195,162,79,203,111,62,159,175,189,191,58,46,246,52,161,136,202,110,143,36,190,28,81,3,135,156,125,208,163,47,151,210,92,35,45,101,198,110,242,230,119,84,3,40,248,128,235,77,107,27,40,195,97,200,104,180,215,127,40,144,18,250,252,4,33,106,11,254,46,49,38,79,173,63,29,192,82,51,99,137,170,66,166,223,141,160,217,168,72,13,112,4,68,83,50,77,33,41,63,165,223,83,73,143,188,26,226,14,240,248,206,244,133,253,123,252,64,126,186,162,132,182,13,244,234,155,84,158,243,22,232,249,21,207,47,5,133,33,10,43,113,160,99,165,143,228,136,86,66,202,170,51,20,192,95,196,85,74,18,222,168,21,31,205,142,210,243,61,197,165,66,139,201,128,206,193,38,194,95,13,162,1739147347589,/dev/cu.usbmodem14124101
116,145,243,12,202,123,17,45,104,204,223,18,233,98,20,248,103,138,168,157,251,167,220,34,156,171,82,251,54,149,31,141,23,84,110,9,168,229,94,128,96,54,89,155,142,147,17,13,135,215,38,13,171,145,176,247,27,212,90,244,157,52,146,124,47,250,249,114,81,73,25,132,183,201,191,44,60,2,209,253,225,34,12,225,0,88,77,248,13,12,108,127,122,117,47,21,117,52,103,61,5,194,88,120,212,199,59,105,30,177,254,253,108,104,126,23,139,51,214,175,37,177,230,32,136,205,109,205,44,101,94,187,113,36,89,7,240,179,137,145,157,157,131,155,87,201,32,94,172,149,158,57,49,2,237,127,35,98,103,198,203,206,139,138,1,153,73,172,111,206,93,203,187,163,72,235,219,190,28,49,121,254,176,179,113,61,249,161,166,112,118,65,239,1,212,164,167,234,70,127,30,73,46,63,107,16,47,235,65,69,245,137,141,248,125,170,253,133,78,203,121,200,186,176,131,60,112,129,213,231,173,196,220,6,204,230,83,124,25,9,106,0,201,214,83,143,74,218,31,93,1739147347589,/dev/cu.usbmodem14124301
127,56,120,71,181,112,53,249,235,115,167,24,181,62,48,201,98,236,186,13,36,224,54,64,254,237,217,30,91,223,108,37,121,35,9,35,206,44,98,93,144,218,246,81,169,57,233,124,42,96,14,175,130,148,169,55,138,49,150,223,210,137,154,210,35,23,255,203,245,149,93,196,136,7,162,62,131,50,110,143,218,244,6,58,107,186,101,106,67,235,11,153,56,227,6,135,16,234,103,162,247,93,121,202,118,203,167,157,98,35,177,195,117,249,236,167,172,32,197,55,196,59,86,33,250,78,82,17,181,80,6,96,170,242,84,123,100,112,59,144,189,208,87,77,55,17,161,115,88,121,55,101,158,24,196,181,132,171,96,43,130,103,236,193,43,203,46,231,8,12,186,106,177,131,63,217,190,205,35,56,137,14,64,94,196,71,62,49,61,77,89,150,163,238,249,199,161,163,189,168,126,45,9,1,228,24,161,135,241,65,52,169,27,103,246,183,15,172,32,120,215,8,189,172,76,177,114,242,121,144,140,146,132,54,37,102,96,22,104,25,39,103,203,111,158,203,206,239,67,143,117,216,238,128,224,92,52,22,195,29,226,171,206,127,101,106,51,215,35,165,27,215,150,193,34,111,119,167,88,166,200,192,105,176,134,221,153,191,227,19,150,25,164,33,35,223,243,160,230,227,83,28,229,179,32,91,162,154,89,118,255,1,230,249,231,67,32,166,18,37,127,92,188,102,230,222,91,132,250,105,75,198,245,136,143,217,130,38,205,71,39,139,159,171,231,150,23,229,161,255,69,244,158,9,160,38,126,233,38,225,167,120,219,225,0,13,173,211,222,237,69,112,230,250,214,207,141,204,238,198,107,97,144,95,245,31,59,57,207,25,223,1,45,185,246,118,255,136,252,82,76,193,113,54,223,0,49,121,147,8,17,192,226,50,115,53,144,74,35,10,184,121,26,144,38,255,161,3,135,33,157,125,127,50,123,95,86,240,147,126,224,84,43,164,248,254,15,171,45,89,220,186,204,251,196,165,13,70,153,137,108,89,58,25,100,151,20,59,246,21,255,161,68,203,22,159,181,176,229,57,35,175,54,68,249,144,216,215,18,93,219,140,17,132,211,5,211,65,245,248,207,129,105,160,197,118,216,245,75,65,1,97,29,142,255,30,62,248,158,164,207,206,213,229,236,66,241,46,32,138,234,9,166,142,202,35,59,102,73,183,56,183,153,171,132,185,252,151,75,235,121,250,31,170,143,41,234,220,69,58,94,118,194,57,101,36,74,238,115,62,200,51,196,60,218,212,27,58,214,1,73,179,8,80,11,176,47,1,248,130,199,148,151,254,237,208,174,201,115,28,46,39,247,177,237,171,73,132,236,192,67,58,242,176,240,207,89,102,76,25,93,174,81,189,203,68,188,161,42,84,210,25,72,235,234,194,51,127,137,119,183,92,125,224,67,65,169,1,115,252,171,149,95,69,22,85,123,48,79,6,71,182,67,187,98,0,121,17,166,144,214,212,129,34,94,138,120,28,209,208,141,133,138,61,246,87,136,34,67,245,129,100,0,102,126,180,87,95,174,87,50,24,196,27,85,209,147,122,75,168,222,224,214,56,148,43,102,48,233,102,78,161,206,161,222,120,124,252,126,5,189,157,100,231,246,212,151,2,243,196,173,3,249,145,95,158,75,142,40,32,110,98,125,180,38,254,48,69,103,207,122,140,191,215,147,212,178,203,59,36,41,116,8,20,129,248,151,94,173,227,45,234,8,187,195,157,168,98,241,145,198,136,207,128,236,44,62,95,235,24,156,27,221,161,159,162,47,53,218,104,124,40,228,67,247,150,70,240,162,228,122,104,103,66,34,237,127,78,246,81,205,130,29,51,208,234,139,117,37,57,250,188,143,130,68,177,67,85,184,174,133,228,196,61,117,153,121,143,150,251,200,51,96,52,166,15,109,66,218,159,36,84,91,156,229,11,116,221,95,113,223,76,215,63,188,127,53,39,163,238,157,157,203,116,203,107,204,117,163,168,205,13,238,50,87,157,231,18,2,204,25,218,172,161,162,46,166,63,89,91,227,116,253,143,196,59,29,155,100,250,227,143,211,152,87,237,43,217,20,88,227,214,49,173,29,176,46,57,210,108,188,50,240,127,64,251,0,117,165,150,34,94,231,94,209,7,34,58,215,230,197,24,27,214,66,175,67,242,241,211,249,132,121,175,203,66,175,39,215,67,240,239,178,121,75,238,142,236,195,24,142,228,245,127,193,202,250,40,127,78,224,254,79,126,92,221,80,235,7,1,251,53,220,198,56,102,30,105,94,134,181,196,201,78,152,171,110,59,192,122,23,243,147,90,122,11,176,180,114,129,53,2,37,9,78,239,133,105,161,16,136,130,254,126,97,219,239,238,42,117,222,56,84,130,203,220,128,227,196,52,162,236,14,99,175,171,181,196,0,136,4,245,83,53,44,1,99,166,72,220,212,197,152,245,143,15,158,144,148,132,247,243,54,116,101,4,156,223,157,10,216,39,170,231,142,12,227,196,216,169,72,129,206,194,119,213,131,238,131,113,126,47,177,193,33,167,233,192,236,176,255,11,191,224,53,18,127,45,95,122,112,147,110,19,38,152,178,66,255,68,206,42,44,207,135,254,153,132,205,41,73,182,215,55,173,74,92,111,126,158,92,12,68,78,156,65,170,202,98,203,48,206,177,59,39,75,219,23,91,151,20,128,8,42,140,49,89,222,20,169,129,223,54,43,52,239,50,28,16,204,132,116,55,247,173,112,6,125,150,74,79,218,91,117,40,171,16,45,220,240,184,228,9,197,236,79,74,106,212,199,114,162,134,20,93,187,104,79,136,39,79,73,205,88,98,185,148,98,237,188,213,252,129,228,114,95,187,26,242,144,37,72,238,248,30,135,190,100,58,136,217,70,24,213,97,216,69,162,179,46,216,30,197,127,137,68,167,58,87,252,99,148,137,186,41,188,67,111,138,70,138,186,108,44,100,223,219,239,84,22,144,67,0,99,1,21,131,28,114,13,232,143,144,9,245,72,169,137,117,31,206,191,148,155,190,2,140,28,78,209,108,28,195,139,6,251,146,34,204,20,188,142,1,103,81,159,65,144,119,93,152,155,155,10,79,125,166,131,153,231,188,37,253,156,237,167,6,219,41,136,249,8,19,230,248,110,245,211,56,117,8,163,59,60,241,78,163,238,184,133,183,50,178,151,5,109,1,226,79,158,29,115,75,14,63,56,188,136,224,132,151,188,87,213,135,209,26,6,210,54,159,120,14,146,150,15,113,224,51,36,174,204,128,71,5,204,61,143,20,122,163,132,151,68,127,227,176,124,73,86,157,201,233,63,130,27,82,250,224,91,249,222,31,83,252,75,184,24,239,51,178,168,99,227,115,79,68,153,253,137,68,160,174,115,25,202,139,127,83,239,29,87,208,87,30,171,159,106,7,129,254,223,183,125,13,4,110,142,72,21,250,191,184,9,107,7,35,127,84,42,80,97,47,209,108,219,196,33,204,195,162,79,203,111,62,159,175,189,191,58,46,246,52,161,136,202,110,143,36,190,28,81,3,135,156,125,208,163,47,151,210,92,35,45,101,198,110,242,230,119,84,3,40,248,128,235,77,107,27,40,195,97,200,104,180,215,127,40,144,18,250,252,4,33,106,11,254,46,49,38,79,173,63,29,192,82,51,99,137,170,66,166,223,141,160,217,168,72,13,112,4,68,83,50,77,33,41,63,165,223,83,73,143,188,26,226,14,240,248,206,244,133,253,123,252,64,126,186,162,132,182,13,244,234,155,84,158,243,22,232,249,21,207,47,5,133,33,10,43,113,160,99,165,143,228,136,86,66,202,170,51,20,192,95,196,85,74,18,222,168,21,31,205,142,210,243,61,197,165,66,139,201,128,206,193,38,194,95,13,162,116,145,243,12,202,123,17,45,104,204,223,18,233,98,20,248,103,138,168,157,251,167,220,34,156,171,82,251,54,149,31,141,23,84,110,9,168,229,94,128,96,54,89,155,142,147,17,13,135,215,38,13,171,145,176,247,27,212,90,244,157,52,146,124,47,250,249,114,81,73,25,132,183,201,191,44,60,2,209,253,225,34,12,225,0,88,77,248,13,12,108,127,122,117,47,21,117,52,103,61,5,194,88,120,212,199,59,105,30,177,254,253,108,104,126,23,139,51,214,175,37,177,230,32,136,205,109,205,44,101,94,187,113,36,89,7,240,179,137,145,157,157,131,155,87,201,32,94,172,149,158,57,49,2,237,127,35,98,103,198,203,206,139,138,1,153,73,172,111,206,93,203,187,163,72,235,219,190,28,49,121,254,176,179,113,61,249,161,166,112,118,65,239,1,212,164,167,234,70,127,30,73,46,63,107,16,47,235,65,69,245,137,141,248,125,170,253,133,78,203,121,200,186,176,131,60,112,129,213,231,173,196,220,6,204,230,83,124,25,9,106,0,201,214,83,143,74,218,31,93,1739147347591,QBYTE | zinoman
239,108,102,183,154,100,136,77,229,110,89,251,77,241,102,95,207,239,92,142,193,141,174,191,113,181,120,110,193,75,190,250,125,165,29,246,54,229,111,98,216,101,228,120,47,66,115,225,2,4,29,170,146,108,110,224,51,238,94,171,58,225,131,3,193,17,174,111,22,209,216,253,94,106,218,176,175,63,198,143,251,171,232,152,178,56,50,199,51,2,45,200,22,85,41,189,86,243,191,25,82,27,78,35,70,187,224,79,112,37,171,235,89,8,110,198,183,22,118,149,222,55,215,38,196,162,128,52,205,242,57,183,199,186,27,12,64,136,20,143,152,151,146,167,52,215,236,136,248,23,161,182,165,124,191,103,100,38,57,255,10,113,53,4,22,80,212,18,59,123,25,126,109,30,13,107,146,229,97,210,209,237,29,241,127,34,36,32,181,58,236,232,174,147,243,203,240,172,193,161,57,30,92,184,189,87,123,29,145,73,104,85,58,140,116,7,106,76,239,191,183,176,143,205,163,114,71,132,130,172,148,152,80,21,78,29,43,13,170,32,220,202,3,35,10,42,116,116,200,18,1739147348664,/dev/cu.usbmodem14201
158,216,168,125,178,237,204,98,206,68,236,44,2,34,100,132,138,230,233,14,89,170,76,131,242,234,203,170,114,73,220,170,28,19,62,136,97,16,214,66,233,170,237,6,180,12,73,247,68,180,16,141,246,95,213,225,96,122,0,221,194,2,44,144,151,189,140,86,84,85,21,66,191,50,229,229,168,136,167,18,32,213,71,33,161,182,210,24,77,122,169,62,22,233,160,193,60,139,150,4,93,62,33,75,143,110,108,60,30,221,147,13,15,94,2,78,22,95,190,143,242,8,232,209,208,143,253,115,89,109,12,202,247,203,6,27,236,21,25,168,200,158,189,205,219,82,25,236,78,101,122,255,2,134,234,19,161,40,126,105,26,65,62,137,226,237,76,203,150,226,220,138,166,212,83,233,33,255,177,159,125,125,239,197,234,167,122,249,60,42,66,157,74,37,28,239,32,245,92,2,139,232,150,160,165,49,75,135,233,247,122,60,80,204,26,83,113,224,28,179,153,162,122,109,1,218,220,215,144,57,124,193,118,204,86,143,61,249,45,176,245,190,112,39,138,31,87,186,173,31,1739147348664,/dev/cu.usbmodem1413101
226,194,53,179,247,75,88,176,113,41,98,99,240,154,48,154,187,175,245,78,86,187,230,99,185,48,245,225,155,200,39,116,39,3,132,101,69,208,87,183,9,151,166,87,177,56,145,63,110,111,187,140,128,106,228,181,39,123,90,154,187,176,31,65,97,45,38,62,199,8,43,233,121,170,119,254,228,78,202,115,79,83,220,152,179,63,39,227,173,59,243,169,218,47,240,244,127,201,219,142,56,34,52,173,254,60,147,162,185,124,146,244,31,62,197,78,196,255,66,113,199,188,123,54,9,59,72,120,58,80,177,113,63,130,54,220,66,80,71,217,48,25,193,86,114,245,57,74,187,97,174,172,87,100,61,3,57,120,56,23,61,191,32,179,36,131,168,155,177,19,242,100,168,200,64,47,148,252,246,7,117,147,91,99,38,186,212,129,36,94,79,154,33,189,86,251,47,102,40,89,87,60,14,49,98,225,216,94,148,54,249,162,95,183,115,188,132,45,34,234,96,242,111,222,247,78,101,39,213,78,104,15,16,241,169,108,254,174,174,208,58,192,64,123,16,244,107,18,123,122,1739147348665,/dev/cu.usbmodem1413201
119,219,76,51,236,42,251,80,181,218,219,10,6,58,18,42,160,93,74,210,246,242,154,96,28,99,141,115,166,84,76,148,113,173,160,78,133,215,139,96,134,105,130,117,22,117,58,118,9,150,79,231,24,100,210,254,196,168,181,2,97,74,132,92,205,223,54,128,69,54,211,4,196,217,32,168,36,190,129,194,200,136,173,91,64,108,27,145,202,128,240,12,7,140,100,35,249,166,94,54,192,37,88,199,46,161,0,137,60,151,230,177,79,226,129,39,197,19,129,0,215,131,64,74,112,209,124,9,169,193,227,18,166,155,115,136,238,109,246,199,110,251,100,167,241,157,238,30,133,81,150,199,93,205,251,114,186,130,183,100,74,0,218,114,43,125,142,156,165,138,29,103,37,25,186,22,117,122,18,155,81,193,109,38,109,38,135,225,106,165,161,5,252,116,2,9,236,138,14,131,188,64,182,249,125,71,198,222,75,3,144,197,69,83,137,240,172,164,79,201,199,64,240,100,182,221,88,39,173,214,159,158,134,16,118,56,132,112,228,113,16,66,74,137,0,168,39,147,202,232,1739147348665,/dev/cu.usbmodem1413401
226,156,64,58,17,192,197,173,206,104,250,204,150,195,180,133,189,9,172,22,4,62,32,143,210,173,254,158,45,128,135,148,156,2,250,21,39,250,138,111,100,54,126,231,102,122,6,65,164,249,21,227,202,241,220,64,104,3,76,185,219,245,254,250,34,179,30,23,170,63,31,144,110,223,34,42,144,251,219,64,101,67,14,71,117,61,110,10,136,163,182,71,137,222,191,20,248,128,82,151,19,176,206,135,136,4,88,112,215,233,98,199,125,102,90,243,8,189,244,175,217,32,181,24,0,160,136,71,122,150,162,254,77,185,70,72,252,152,241,223,225,229,12,182,217,161,78,218,42,163,50,171,145,202,54,9,72,112,21,228,222,222,48,194,173,154,74,95,58,67,117,168,43,226,192,73,43,230,74,27,196,111,27,59,117,212,76,185,59,206,162,89,196,181,132,223,202,41,64,99,192,214,83,117,93,159,159,54,28,129,227,106,250,126,133,36,15,25,210,61,220,15,17,39,175,166,220,71,129,48,224,110,107,181,20,99,188,181,114,247,98,104,163,64,247,229,182,93,92,65,1739147348665,/dev/cu.usbmodem14124201
49,106,129,185,138,110,166,138,72,75,121,12,143,246,235,41,237,112,178,15,112,5,224,116,79,136,196,95,218,148,79,35,130,7,147,15,245,193,101,203,223,226,16,213,36,92,48,245,161,78,74,118,83,198,143,37,187,81,206,203,174,37,43,26,79,66,31,43,58,42,66,255,76,83,239,160,216,45,244,230,147,180,5,50,132,140,73,144,20,242,83,179,74,150,215,204,176,9,132,197,168,189,5,209,34,21,13,149,82,209,44,185,111,145,50,111,67,84,63,75,132,54,224,111,3,226,160,184,221,127,161,90,109,182,2,4,226,35,138,63,113,157,131,93,245,196,0,188,81,0,227,152,86,128,158,136,195,180,136,152,12,214,156,139,44,75,71,46,121,204,237,169,204,69,117,111,109,117,83,52,241,253,13,63,197,70,36,178,31,195,89,153,181,108,68,233,117,128,137,204,210,216,26,9,87,45,141,223,26,225,91,174,112,8,164,167,86,65,25,231,173,84,132,13,13,195,76,24,168,11,27,242,22,95,66,27,83,33,74,75,245,159,169,71,198,137,142,131,204,20,1739147348665,/dev/cu.usbmodem14124401
224,196,109,164,59,235,114,14,108,211,28,117,147,22,236,121,212,174,253,73,206,199,189,202,164,111,114,174,155,2,114,118,249,238,247,20,146,54,84,28,10,61,81,4,58,59,239,4,143,176,148,94,147,45,113,181,71,52,14,51,195,12,151,123,29,215,175,113,149,197,180,159,255,70,67,9,252,140,231,121,180,79,232,229,204,25,203,225,163,252,130,225,145,219,105,186,49,183,222,21,151,95,56,0,112,206,1,119,135,195,51,166,184,99,35,86,52,245,106,115,242,37,44,173,41,246,128,58,89,144,223,254,158,220,82,135,21,240,73,101,139,149,28,186,29,196,154,13,46,73,62,179,44,23,93,254,115,51,105,76,13,78,181,219,226,236,247,106,36,226,112,133,231,188,37,115,145,93,60,51,93,233,5,143,153,43,36,226,51,1,213,65,23,237,10,66,34,17,130,143,139,235,43,216,104,106,43,40,192,54,220,134,4,112,178,124,123,72,37,63,141,90,150,37,104,148,167,203,161,9,21,112,196,2,255,148,174,124,210,40,59,22,184,144,132,150,150,158,87,60,1739147348666,/dev/cu.usbmodem14124101
187,203,71,48,145,49,47,7,216,209,8,55,158,65,106,137,110,32,222,111,252,250,81,138,216,100,162,168,135,71,233,240,170,173,46,153,4,27,1,154,235,163,242,95,125,45,133,182,242,196,126,174,252,36,70,234,71,248,198,131,163,173,251,216,65,214,80,246,144,67,175,168,205,17,132,117,193,14,70,66,35,35,92,118,39,220,236,39,42,224,8,178,95,223,206,218,67,172,200,110,250,145,114,241,94,34,62,72,244,230,184,39,109,207,176,42,232,57,67,232,247,30,1,73,93,224,233,23,76,146,107,24,198,56,254,29,73,92,22,11,14,121,187,214,63,134,0,200,185,147,73,139,34,247,175,170,47,225,127,193,221,151,92,150,247,194,211,164,101,81,215,206,44,178,235,173,94,220,67,66,196,202,112,80,15,231,163,93,65,106,145,33,31,193,33,67,63,71,242,84,2,84,72,250,244,12,230,249,191,163,72,208,165,244,164,235,202,8,211,244,51,50,1,224,125,178,210,109,227,190,225,225,46,105,231,89,225,156,41,56,132,220,241,142,100,100,6,198,65,254,1739147348666,/dev/cu.usbmodem14124301
239,108,102,183,154,100,136,77,229,110,89,251,77,241,102,95,207,239,92,142,193,141,174,191,113,181,120,110,193,75,190,250,125,165,29,246,54,229,111,98,216,101,228,120,47,66,115,225,2,4,29,170,146,108,110,224,51,238,94,171,58,225,131,3,193,17,174,111,22,209,216,253,94,106,218,176,175,63,198,143,251,171,232,152,178,56,50,199,51,2,45,200,22,85,41,189,86,243,191,25,82,27,78,35,70,187,224,79,112,37,171,235,89,8,110,198,183,22,118,149,222,55,215,38,196,162,128,52,205,242,57,183,199,186,27,12,64,136,20,143,152,151,146,167,52,215,236,136,248,23,161,182,165,124,191,103,100,38,57,255,10,113,53,4,22,80,212,18,59,123,25,126,109,30,13,107,146,229,97,210,209,237,29,241,127,34,36,32,181,58,236,232,174,147,243,203,240,172,193,161,57,30,92,184,189,87,123,29,145,73,104,85,58,140,116,7,106,76,239,191,183,176,143,205,163,114,71,132,130,172,148,152,80,21,78,29,43,13,170,32,220,202,3,35,10,42,116,116,200,18,158,216,168,125,178,237,204,98,206,68,236,44,2,34,100,132,138,230,233,14,89,170,76,131,242,234,203,170,114,73,220,170,28,19,62,136,97,16,214,66,233,170,237,6,180,12,73,247,68,180,16,141,246,95,213,225,96,122,0,221,194,2,44,144,151,189,140,86,84,85,21,66,191,50,229,229,168,136,167,18,32,213,71,33,161,182,210,24,77,122,169,62,22,233,160,193,60,139,150,4,93,62,33,75,143,110,108,60,30,221,147,13,15,94,2,78,22,95,190,143,242,8,232,209,208,143,253,115,89,109,12,202,247,203,6,27,236,21,25,168,200,158,189,205,219,82,25,236,78,101,122,255,2,134,234,19,161,40,126,105,26,65,62,137,226,237,76,203,150,226,220,138,166,212,83,233,33,255,177,159,125,125,239,197,234,167,122,249,60,42,66,157,74,37,28,239,32,245,92,2,139,232,150,160,165,49,75,135,233,247,122,60,80,204,26,83,113,224,28,179,153,162,122,109,1,218,220,215,144,57,124,193,118,204,86,143,61,249,45,176,245,190,112,39,138,31,87,186,173,31,226,194,53,179,247,75,88,176,113,41,98,99,240,154,48,154,187,175,245,78,86,187,230,99,185,48,245,225,155,200,39,116,39,3,132,101,69,208,87,183,9,151,166,87,177,56,145,63,110,111,187,140,128,106,228,181,39,123,90,154,187,176,31,65,97,45,38,62,199,8,43,233,121,170,119,254,228,78,202,115,79,83,220,152,179,63,39,227,173,59,243,169,218,47,240,244,127,201,219,142,56,34,52,173,254,60,147,162,185,124,146,244,31,62,197,78,196,255,66,113,199,188,123,54,9,59,72,120,58,80,177,113,63,130,54,220,66,80,71,217,48,25,193,86,114,245,57,74,187,97,174,172,87,100,61,3,57,120,56,23,61,191,32,179,36,131,168,155,177,19,242,100,168,200,64,47,148,252,246,7,117,147,91,99,38,186,212,129,36,94,79,154,33,189,86,251,47,102,40,89,87,60,14,49,98,225,216,94,148,54,249,162,95,183,115,188,132,45,34,234,96,242,111,222,247,78,101,39,213,78,104,15,16,241,169,108,254,174,174,208,58,192,64,123,16,244,107,18,123,122,119,219,76,51,236,42,251,80,181,218,219,10,6,58,18,42,160,93,74,210,246,242,154,96,28,99,141,115,166,84,76,148,113,173,160,78,133,215,139,96,134,105,130,117,22,117,58,118,9,150,79,231,24,100,210,254,196,168,181,2,97,74,132,92,205,223,54,128,69,54,211,4,196,217,32,168,36,190,129,194,200,136,173,91,64,108,27,145,202,128,240,12,7,140,100,35,249,166,94,54,192,37,88,199,46,161,0,137,60,151,230,177,79,226,129,39,197,19,129,0,215,131,64,74,112,209,124,9,169,193,227,18,166,155,115,136,238,109,246,199,110,251,100,167,241,157,238,30,133,81,150,199,93,205,251,114,186,130,183,100,74,0,218,114,43,125,142,156,165,138,29,103,37,25,186,22,117,122,18,155,81,193,109,38,109,38,135,225,106,165,161,5,252,116,2,9,236,138,14,131,188,64,182,249,125,71,198,222,75,3,144,197,69,83,137,240,172,164,79,201,199,64,240,100,182,221,88,39,173,214,159,158,134,16,118,56,132,112,228,113,16,66,74,137,0,168,39,147,202,232,226,156,64,58,17,192,197,173,206,104,250,204,150,195,180,133,189,9,172,22,4,62,32,143,210,173,254,158,45,128,135,148,156,2,250,21,39,250,138,111,100,54,126,231,102,122,6,65,164,249,21,227,202,241,220,64,104,3,76,185,219,245,254,250,34,179,30,23,170,63,31,144,110,223,34,42,144,251,219,64,101,67,14,71,117,61,110,10,136,163,182,71,137,222,191,20,248,128,82,151,19,176,206,135,136,4,88,112,215,233,98,199,125,102,90,243,8,189,244,175,217,32,181,24,0,160,136,71,122,150,162,254,77,185,70,72,252,152,241,223,225,229,12,182,217,161,78,218,42,163,50,171,145,202,54,9,72,112,21,228,222,222,48,194,173,154,74,95,58,67,117,168,43,226,192,73,43,230,74,27,196,111,27,59,117,212,76,185,59,206,162,89,196,181,132,223,202,41,64,99,192,214,83,117,93,159,159,54,28,129,227,106,250,126,133,36,15,25,210,61,220,15,17,39,175,166,220,71,129,48,224,110,107,181,20,99,188,181,114,247,98,104,163,64,247,229,182,93,92,65,49,106,129,185,138,110,166,138,72,75,121,12,143,246,235,41,237,112,178,15,112,5,224,116,79,136,196,95,218,148,79,35,130,7,147,15,245,193,101,203,223,226,16,213,36,92,48,245,161,78,74,118,83,198,143,37,187,81,206,203,174,37,43,26,79,66,31,43,58,42,66,255,76,83,239,160,216,45,244,230,147,180,5,50,132,140,73,144,20,242,83,179,74,150,215,204,176,9,132,197,168,189,5,209,34,21,13,149,82,209,44,185,111,145,50,111,67,84,63,75,132,54,224,111,3,226,160,184,221,127,161,90,109,182,2,4,226,35,138,63,113,157,131,93,245,196,0,188,81,0,227,152,86,128,158,136,195,180,136,152,12,214,156,139,44,75,71,46,121,204,237,169,204,69,117,111,109,117,83,52,241,253,13,63,197,70,36,178,31,195,89,153,181,108,68,233,117,128,137,204,210,216,26,9,87,45,141,223,26,225,91,174,112,8,164,167,86,65,25,231,173,84,132,13,13,195,76,24,168,11,27,242,22,95,66,27,83,33,74,75,245,159,169,71,198,137,142,131,204,20,224,196,109,164,59,235,114,14,108,211,28,117,147,22,236,121,212,174,253,73,206,199,189,202,164,111,114,174,155,2,114,118,249,238,247,20,146,54,84,28,10,61,81,4,58,59,239,4,143,176,148,94,147,45,113,181,71,52,14,51,195,12,151,123,29,215,175,113,149,197,180,159,255,70,67,9,252,140,231,121,180,79,232,229,204,25,203,225,163,252,130,225,145,219,105,186,49,183,222,21,151,95,56,0,112,206,1,119,135,195,51,166,184,99,35,86,52,245,106,115,242,37,44,173,41,246,128,58,89,144,223,254,158,220,82,135,21,240,73,101,139,149,28,186,29,196,154,13,46,73,62,179,44,23,93,254,115,51,105,76,13,78,181,219,226,236,247,106,36,226,112,133,231,188,37,115,145,93,60,51,93,233,5,143,153,43,36,226,51,1,213,65,23,237,10,66,34,17,130,143,139,235,43,216,104,106,43,40,192,54,220,134,4,112,178,124,123,72,37,63,141,90,150,37,104,148,167,203,161,9,21,112,196,2,255,148,174,124,210,40,59,22,184,144,132,150,150,158,87,60,187,203,71,48,145,49,47,7,216,209,8,55,158,65,106,137,110,32,222,111,252,250,81,138,216,100,162,168,135,71,233,240,170,173,46,153,4,27,1,154,235,163,242,95,125,45,133,182,242,196,126,174,252,36,70,234,71,248,198,131,163,173,251,216,65,214,80,246,144,67,175,168,205,17,132,117,193,14,70,66,35,35,92,118,39,220,236,39,42,224,8,178,95,223,206,218,67,172,200,110,250,145,114,241,94,34,62,72,244,230,184,39,109,207,176,42,232,57,67,232,247,30,1,73,93,224,233,23,76,146,107,24,198,56,254,29,73,92,22,11,14,121,187,214,63,134,0,200,185,147,73,139,34,247,175,170,47,225,127,193,221,151,92,150,247,194,211,164,101,81,215,206,44,178,235,173,94,220,67,66,196,202,112,80,15,231,163,93,65,106,145,33,31,193,33,67,63,71,242,84,2,84,72,250,244,12,230,249,191,163,72,208,165,244,164,235,202,8,211,244,51,50,1,224,125,178,210,109,227,190,225,225,46,105,231,89,225,156,41,56,132,220,241,142,100,100,6,198,65,254,1739147348668,QBYTE | firefox
