ColorZ: 1.65 RotZ: 1.85 RNG params: trng True False
29,186,132,224,123,57,73,240,211,73,202,28,42,169,72,46,202,153,26,126,56,126,0,67,74,138,92,230,199,223,204,150,14,67,139,22,83,115,51,107,243,12,238,239,18,28,179,177,45,192,208,169,220,229,117,197,170,100,179,90,42,33,241,235,98,48,29,189,28,240,6,152,125,110,125,153,59,7,250,193,236,90,46,96,85,188,129,216,23,51,102,107,34,3,141,180,53,192,59,207,74,138,89,19,98,194,149,108,63,65,140,125,187,39,249,246,49,144,10,20,77,124,186,233,74,86,92,127,23,139,133,149,143,130,39,72,220,37,59,104,74,243,130,196,160,54,206,25,117,128,44,138,111,134,214,23,221,41,126,236,70,61,72,59,203,13,38,111,151,161,106,108,252,133,254,223,16,124,55,207,241,42,184,83,10,118,53,122,39,127,57,255,217,63,149,68,22,63,100,92,163,79,118,199,199,170,9,70,159,117,153,49,174,11,143,80,117,183,253,144,249,101,211,195,103,6,38,139,164,103,239,62,130,177,37,9,167,73,74,135,125,223,36,228,25,128,70,8,21,29,1739147409314,QBYTE | ekstrom
9,219,240,45,247,180,136,6,69,37,159,187,5,164,42,91,237,113,157,183,64,151,48,101,161,28,47,166,213,112,214,50,49,99,198,200,207,172,228,134,101,94,79,196,75,147,42,238,74,252,89,139,127,130,175,167,179,102,32,110,191,40,181,69,70,143,221,156,226,234,112,30,29,0,97,138,73,223,49,28,45,219,153,12,191,225,38,50,103,141,75,162,158,13,241,71,169,68,224,242,132,165,30,190,54,249,61,232,189,194,147,91,204,157,166,183,33,44,219,85,34,225,47,17,14,253,92,116,61,152,39,141,168,3,225,40,135,241,139,251,6,36,197,120,131,228,54,181,226,217,177,31,84,137,175,227,207,84,175,35,254,33,138,93,82,194,76,63,95,166,235,22,60,66,117,82,115,137,219,104,78,2,196,184,51,206,98,182,75,20,125,155,37,238,31,202,219,13,51,233,26,178,159,15,109,55,2,210,221,193,61,45,24,159,148,39,157,107,117,227,52,140,141,198,236,206,108,79,63,197,157,80,227,41,111,207,124,95,9,198,202,216,159,111,136,189,39,93,64,15,1739147409315,QBYTE | biomedical
57,112,144,4,145,32,79,186,51,51,73,232,16,72,1,86,151,206,206,106,28,199,103,122,146,154,45,30,0,183,162,84,151,41,57,37,96,33,142,111,207,158,187,109,189,158,5,101,69,208,208,157,144,230,33,232,201,206,60,56,155,150,247,203,46,246,164,89,98,215,16,222,174,125,132,229,201,187,96,143,144,104,171,139,175,110,66,209,99,197,224,44,225,17,139,69,211,90,213,141,3,246,1,163,41,167,34,30,34,144,7,77,198,4,205,10,27,118,159,164,24,74,214,206,9,141,46,237,194,201,69,237,154,58,130,191,174,106,194,215,250,33,187,111,92,122,235,53,215,251,138,212,72,0,221,138,111,198,29,22,158,163,75,198,192,252,76,59,240,115,169,208,151,220,195,55,158,56,101,149,141,132,199,122,34,203,250,224,67,211,37,23,151,38,49,144,32,107,246,215,135,221,4,106,235,28,179,213,64,225,45,25,65,124,223,125,28,252,143,95,59,126,46,154,10,103,131,85,38,160,220,8,161,40,71,142,108,199,33,174,30,44,162,106,210,205,181,109,103,118,1739147409953,/dev/cu.usbmodem14201
194,201,9,183,132,81,206,211,162,60,121,255,198,25,57,223,168,89,99,196,20,235,117,185,97,65,219,145,179,241,100,215,253,179,0,106,190,242,165,206,144,80,71,61,90,245,211,131,2,198,240,44,137,95,222,14,74,230,90,228,236,24,187,64,82,1,1,90,241,160,201,254,48,211,125,164,82,159,68,164,185,217,93,182,162,146,140,90,13,34,42,142,108,99,241,193,227,120,253,218,152,222,68,239,118,124,51,61,35,20,199,108,245,34,165,202,13,71,225,96,32,212,35,11,45,198,59,25,252,192,140,17,184,195,255,88,125,46,144,156,124,132,51,239,225,74,201,153,88,69,174,149,224,195,95,150,152,134,6,184,68,230,147,28,23,73,229,245,158,238,68,111,89,1,215,79,54,161,120,133,89,153,1,44,40,99,116,64,247,122,196,185,170,79,243,119,7,92,242,42,252,33,0,101,238,15,103,122,48,98,207,177,174,234,127,88,141,194,135,108,251,105,222,182,127,16,105,79,237,115,237,155,27,190,230,119,91,27,6,100,237,182,75,81,239,148,175,69,66,58,1739147409953,/dev/cu.usbmodem1413101
165,33,47,197,63,242,157,141,13,111,162,161,46,19,205,156,7,173,136,118,193,104,128,201,189,232,112,222,186,196,140,127,41,16,15,217,175,101,232,113,193,10,89,223,231,192,62,1,139,58,246,75,167,26,68,69,98,176,198,54,184,229,156,86,158,148,55,176,16,198,238,192,246,136,240,93,155,188,40,110,102,126,152,5,37,186,135,164,56,195,78,195,23,109,187,84,214,130,101,105,15,130,41,74,43,1,212,228,213,141,226,102,191,154,162,118,46,160,183,6,247,154,182,21,136,169,240,108,205,25,12,183,39,27,80,87,141,134,166,49,101,155,201,169,168,1,48,214,61,150,255,166,100,240,251,47,25,27,173,14,60,240,189,225,75,117,108,45,45,153,162,67,141,134,68,150,62,221,232,57,225,53,137,84,214,185,13,26,187,113,21,93,51,6,138,3,34,248,253,132,54,154,66,154,189,12,236,66,149,87,253,72,106,199,29,152,88,211,198,163,194,230,135,29,173,241,59,72,211,244,132,121,103,69,128,84,185,36,89,98,123,20,161,140,57,73,187,99,237,236,1739147409953,/dev/cu.usbmodem1413201
6,110,215,43,152,147,124,64,74,169,139,80,206,177,37,215,147,188,118,163,66,183,36,21,248,108,3,156,147,102,48,99,229,70,213,94,217,134,78,128,215,111,255,98,100,113,49,118,163,10,212,204,111,140,5,212,134,146,183,30,145,122,158,184,0,208,221,218,181,243,145,171,152,107,130,179,134,201,36,155,85,206,239,203,40,84,147,94,181,162,209,3,102,69,36,62,135,22,162,175,226,255,56,154,194,25,251,220,44,136,186,185,124,211,35,168,184,40,163,57,75,158,83,210,51,11,112,146,85,85,114,1,48,40,150,214,41,131,56,237,129,63,75,163,28,1,142,106,235,87,196,33,94,241,37,17,37,101,119,174,145,167,108,196,163,168,97,205,142,40,132,213,231,243,100,130,40,191,107,213,122,3,197,218,151,192,141,10,25,86,97,139,142,61,32,233,164,217,130,247,205,129,62,41,147,173,180,108,146,8,200,41,171,55,160,208,127,125,168,79,126,179,236,214,171,139,198,4,85,76,226,184,238,20,197,99,203,130,167,164,191,152,211,130,42,1,97,16,91,90,1739147409953,/dev/cu.usbmodem1413401
235,158,231,254,10,229,246,245,235,23,253,18,77,163,176,102,68,113,6,245,186,114,154,162,70,38,238,46,246,92,165,229,21,130,12,5,74,67,3,101,49,204,227,250,28,121,64,17,41,123,174,47,181,224,249,164,182,241,247,174,184,74,138,5,232,121,198,27,171,88,164,50,48,197,91,133,41,216,140,4,219,178,97,202,95,205,116,153,160,216,211,78,14,73,49,215,254,235,2,240,155,62,155,244,116,207,139,6,22,44,4,117,35,134,217,207,49,157,220,5,167,182,102,107,124,232,204,117,177,187,9,23,172,0,41,21,159,117,139,230,205,3,205,168,117,170,145,130,253,81,43,10,53,62,169,180,178,32,169,68,6,24,202,243,110,114,216,49,118,216,146,205,182,226,161,226,32,191,77,45,20,49,228,96,201,8,46,216,172,154,181,136,24,253,23,55,96,229,36,240,91,86,119,186,216,47,99,59,175,184,144,203,225,105,54,170,99,198,94,215,99,18,150,143,111,137,252,198,172,45,100,217,79,201,190,231,131,41,187,235,154,110,96,29,206,70,177,234,223,9,1739147409953,/dev/cu.usbmodem14124201
157,37,234,168,224,18,100,15,216,120,16,27,239,116,183,200,251,152,246,181,165,179,0,225,63,224,81,183,23,118,6,221,194,91,57,67,225,96,245,76,161,167,59,156,88,106,59,203,216,15,130,12,66,253,50,228,173,212,131,78,250,206,78,231,190,179,115,194,163,221,89,204,99,154,76,134,37,224,180,202,46,181,138,36,89,181,117,173,240,150,177,216,238,144,227,203,168,96,164,219,67,217,163,158,151,107,13,248,140,91,245,182,214,162,156,136,221,237,154,142,210,3,93,32,101,56,250,162,251,105,218,96,151,138,106,248,49,26,118,173,176,212,205,210,74,60,32,32,106,254,63,62,193,162,13,18,126,53,76,224,166,91,234,82,227,151,138,64,232,218,155,170,157,178,137,112,101,27,77,145,140,202,180,3,249,251,107,7,41,154,177,204,11,12,143,105,39,112,212,39,170,71,147,217,117,103,139,254,129,222,230,73,43,65,132,151,15,197,14,137,47,252,18,223,173,87,230,106,70,0,247,221,15,30,248,92,51,212,94,74,118,64,39,114,136,49,224,161,114,154,1739147409954,/dev/cu.usbmodem14124401
249,64,60,134,240,13,19,24,250,188,174,69,187,29,212,95,2,45,122,19,20,221,53,214,63,103,246,230,67,221,88,37,191,123,178,102,116,236,80,136,195,9,217,211,214,208,176,14,44,251,175,214,0,128,113,253,234,55,53,90,52,43,18,104,238,203,165,11,182,83,130,220,128,91,244,185,59,49,151,87,198,89,40,141,57,194,147,235,84,169,238,146,192,81,143,144,35,18,241,16,220,58,182,180,102,87,88,110,230,253,134,141,92,41,78,90,189,14,65,246,210,116,201,213,64,24,206,230,46,220,184,115,74,182,157,136,9,114,230,226,228,204,165,122,69,197,4,187,132,200,223,167,22,238,15,32,192,203,139,120,133,187,88,103,229,1,151,231,202,251,236,205,41,73,50,156,218,23,248,75,119,85,139,56,154,5,37,63,207,110,74,103,69,248,106,211,174,105,198,114,200,78,168,12,212,77,211,113,30,253,132,230,116,144,247,238,217,82,24,105,104,72,134,43,110,128,176,33,10,32,75,104,116,84,67,63,255,119,68,74,67,161,83,182,75,164,170,245,176,158,1739147409954,/dev/cu.usbmodem14124101
43,199,135,128,78,125,226,207,236,13,195,206,35,43,205,187,19,252,207,221,163,50,195,252,91,87,240,187,249,61,143,250,76,90,73,99,46,89,229,167,113,106,15,63,116,63,207,114,100,82,144,21,140,195,94,80,95,243,135,188,135,172,107,150,203,84,156,236,193,238,14,208,2,145,78,0,152,161,215,125,33,124,216,118,196,168,45,104,254,56,126,0,228,206,190,7,36,234,105,69,36,123,144,6,211,86,128,252,230,159,91,96,11,243,173,93,48,127,180,88,232,109,102,166,180,110,57,201,196,254,195,173,87,204,142,202,103,78,237,243,6,160,88,206,35,54,130,33,28,117,79,38,66,234,148,40,81,157,126,77,156,216,32,211,171,157,118,254,171,179,24,191,247,9,47,155,156,28,166,70,148,254,115,146,80,24,66,54,53,13,82,82,162,185,223,254,133,69,231,35,72,52,165,16,50,167,90,106,231,174,55,252,208,193,167,112,131,2,203,225,20,167,162,31,229,211,191,193,24,48,227,115,5,62,188,117,76,217,171,188,30,13,233,217,169,100,111,90,229,217,1739147409954,/dev/cu.usbmodem14124301
57,112,144,4,145,32,79,186,51,51,73,232,16,72,1,86,151,206,206,106,28,199,103,122,146,154,45,30,0,183,162,84,151,41,57,37,96,33,142,111,207,158,187,109,189,158,5,101,69,208,208,157,144,230,33,232,201,206,60,56,155,150,247,203,46,246,164,89,98,215,16,222,174,125,132,229,201,187,96,143,144,104,171,139,175,110,66,209,99,197,224,44,225,17,139,69,211,90,213,141,3,246,1,163,41,167,34,30,34,144,7,77,198,4,205,10,27,118,159,164,24,74,214,206,9,141,46,237,194,201,69,237,154,58,130,191,174,106,194,215,250,33,187,111,92,122,235,53,215,251,138,212,72,0,221,138,111,198,29,22,158,163,75,198,192,252,76,59,240,115,169,208,151,220,195,55,158,56,101,149,141,132,199,122,34,203,250,224,67,211,37,23,151,38,49,144,32,107,246,215,135,221,4,106,235,28,179,213,64,225,45,25,65,124,223,125,28,252,143,95,59,126,46,154,10,103,131,85,38,160,220,8,161,40,71,142,108,199,33,174,30,44,162,106,210,205,181,109,103,118,194,201,9,183,132,81,206,211,162,60,121,255,198,25,57,223,168,89,99,196,20,235,117,185,97,65,219,145,179,241,100,215,253,179,0,106,190,242,165,206,144,80,71,61,90,245,211,131,2,198,240,44,137,95,222,14,74,230,90,228,236,24,187,64,82,1,1,90,241,160,201,254,48,211,125,164,82,159,68,164,185,217,93,182,162,146,140,90,13,34,42,142,108,99,241,193,227,120,253,218,152,222,68,239,118,124,51,61,35,20,199,108,245,34,165,202,13,71,225,96,32,212,35,11,45,198,59,25,252,192,140,17,184,195,255,88,125,46,144,156,124,132,51,239,225,74,201,153,88,69,174,149,224,195,95,150,152,134,6,184,68,230,147,28,23,73,229,245,158,238,68,111,89,1,215,79,54,161,120,133,89,153,1,44,40,99,116,64,247,122,196,185,170,79,243,119,7,92,242,42,252,33,0,101,238,15,103,122,48,98,207,177,174,234,127,88,141,194,135,108,251,105,222,182,127,16,105,79,237,115,237,155,27,190,230,119,91,27,6,100,237,182,75,81,239,148,175,69,66,58,165,33,47,197,63,242,157,141,13,111,162,161,46,19,205,156,7,173,136,118,193,104,128,201,189,232,112,222,186,196,140,127,41,16,15,217,175,101,232,113,193,10,89,223,231,192,62,1,139,58,246,75,167,26,68,69,98,176,198,54,184,229,156,86,158,148,55,176,16,198,238,192,246,136,240,93,155,188,40,110,102,126,152,5,37,186,135,164,56,195,78,195,23,109,187,84,214,130,101,105,15,130,41,74,43,1,212,228,213,141,226,102,191,154,162,118,46,160,183,6,247,154,182,21,136,169,240,108,205,25,12,183,39,27,80,87,141,134,166,49,101,155,201,169,168,1,48,214,61,150,255,166,100,240,251,47,25,27,173,14,60,240,189,225,75,117,108,45,45,153,162,67,141,134,68,150,62,221,232,57,225,53,137,84,214,185,13,26,187,113,21,93,51,6,138,3,34,248,253,132,54,154,66,154,189,12,236,66,149,87,253,72,106,199,29,152,88,211,198,163,194,230,135,29,173,241,59,72,211,244,132,121,103,69,128,84,185,36,89,98,123,20,161,140,57,73,187,99,237,236,6,110,215,43,152,147,124,64,74,169,139,80,206,177,37,215,147,188,118,163,66,183,36,21,248,108,3,156,147,102,48,99,229,70,213,94,217,134,78,128,215,111,255,98,100,113,49,118,163,10,212,204,111,140,5,212,134,146,183,30,145,122,158,184,0,208,221,218,181,243,145,171,152,107,130,179,134,201,36,155,85,206,239,203,40,84,147,94,181,162,209,3,102,69,36,62,135,22,162,175,226,255,56,154,194,25,251,220,44,136,186,185,124,211,35,168,184,40,163,57,75,158,83,210,51,11,112,146,85,85,114,1,48,40,150,214,41,131,56,237,129,63,75,163,28,1,142,106,235,87,196,33,94,241,37,17,37,101,119,174,145,167,108,196,163,168,97,205,142,40,132,213,231,243,100,130,40,191,107,213,122,3,197,218,151,192,141,10,25,86,97,139,142,61,32,233,164,217,130,247,205,129,62,41,147,173,180,108,146,8,200,41,171,55,160,208,127,125,168,79,126,179,236,214,171,139,198,4,85,76,226,184,238,20,197,99,203,130,167,164,191,152,211,130,42,1,97,16,91,90,235,158,231,254,10,229,246,245,235,23,253,18,77,163,176,102,68,113,6,245,186,114,154,162,70,38,238,46,246,92,165,229,21,130,12,5,74,67,3,101,49,204,227,250,28,121,64,17,41,123,174,47,181,224,249,164,182,241,247,174,184,74,138,5,232,121,198,27,171,88,164,50,48,197,91,133,41,216,140,4,219,178,97,202,95,205,116,153,160,216,211,78,14,73,49,215,254,235,2,240,155,62,155,244,116,207,139,6,22,44,4,117,35,134,217,207,49,157,220,5,167,182,102,107,124,232,204,117,177,187,9,23,172,0,41,21,159,117,139,230,205,3,205,168,117,170,145,130,253,81,43,10,53,62,169,180,178,32,169,68,6,24,202,243,110,114,216,49,118,216,146,205,182,226,161,226,32,191,77,45,20,49,228,96,201,8,46,216,172,154,181,136,24,253,23,55,96,229,36,240,91,86,119,186,216,47,99,59,175,184,144,203,225,105,54,170,99,198,94,215,99,18,150,143,111,137,252,198,172,45,100,217,79,201,190,231,131,41,187,235,154,110,96,29,206,70,177,234,223,9,157,37,234,168,224,18,100,15,216,120,16,27,239,116,183,200,251,152,246,181,165,179,0,225,63,224,81,183,23,118,6,221,194,91,57,67,225,96,245,76,161,167,59,156,88,106,59,203,216,15,130,12,66,253,50,228,173,212,131,78,250,206,78,231,190,179,115,194,163,221,89,204,99,154,76,134,37,224,180,202,46,181,138,36,89,181,117,173,240,150,177,216,238,144,227,203,168,96,164,219,67,217,163,158,151,107,13,248,140,91,245,182,214,162,156,136,221,237,154,142,210,3,93,32,101,56,250,162,251,105,218,96,151,138,106,248,49,26,118,173,176,212,205,210,74,60,32,32,106,254,63,62,193,162,13,18,126,53,76,224,166,91,234,82,227,151,138,64,232,218,155,170,157,178,137,112,101,27,77,145,140,202,180,3,249,251,107,7,41,154,177,204,11,12,143,105,39,112,212,39,170,71,147,217,117,103,139,254,129,222,230,73,43,65,132,151,15,197,14,137,47,252,18,223,173,87,230,106,70,0,247,221,15,30,248,92,51,212,94,74,118,64,39,114,136,49,224,161,114,154,249,64,60,134,240,13,19,24,250,188,174,69,187,29,212,95,2,45,122,19,20,221,53,214,63,103,246,230,67,221,88,37,191,123,178,102,116,236,80,136,195,9,217,211,214,208,176,14,44,251,175,214,0,128,113,253,234,55,53,90,52,43,18,104,238,203,165,11,182,83,130,220,128,91,244,185,59,49,151,87,198,89,40,141,57,194,147,235,84,169,238,146,192,81,143,144,35,18,241,16,220,58,182,180,102,87,88,110,230,253,134,141,92,41,78,90,189,14,65,246,210,116,201,213,64,24,206,230,46,220,184,115,74,182,157,136,9,114,230,226,228,204,165,122,69,197,4,187,132,200,223,167,22,238,15,32,192,203,139,120,133,187,88,103,229,1,151,231,202,251,236,205,41,73,50,156,218,23,248,75,119,85,139,56,154,5,37,63,207,110,74,103,69,248,106,211,174,105,198,114,200,78,168,12,212,77,211,113,30,253,132,230,116,144,247,238,217,82,24,105,104,72,134,43,110,128,176,33,10,32,75,104,116,84,67,63,255,119,68,74,67,161,83,182,75,164,170,245,176,158,43,199,135,128,78,125,226,207,236,13,195,206,35,43,205,187,19,252,207,221,163,50,195,252,91,87,240,187,249,61,143,250,76,90,73,99,46,89,229,167,113,106,15,63,116,63,207,114,100,82,144,21,140,195,94,80,95,243,135,188,135,172,107,150,203,84,156,236,193,238,14,208,2,145,78,0,152,161,215,125,33,124,216,118,196,168,45,104,254,56,126,0,228,206,190,7,36,234,105,69,36,123,144,6,211,86,128,252,230,159,91,96,11,243,173,93,48,127,180,88,232,109,102,166,180,110,57,201,196,254,195,173,87,204,142,202,103,78,237,243,6,160,88,206,35,54,130,33,28,117,79,38,66,234,148,40,81,157,126,77,156,216,32,211,171,157,118,254,171,179,24,191,247,9,47,155,156,28,166,70,148,254,115,146,80,24,66,54,53,13,82,82,162,185,223,254,133,69,231,35,72,52,165,16,50,167,90,106,231,174,55,252,208,193,167,112,131,2,203,225,20,167,162,31,229,211,191,193,24,48,227,115,5,62,188,117,76,217,171,188,30,13,233,217,169,100,111,90,229,217,1739147409956,QBYTE | mg/ml
rotation
243,191,128,75,88,210,170,243,203,205,200,27,40,216,230,191,193,2,115,68,90,132,251,192,180,192,196,175,113,152,155,30,150,212,221,250,147,29,16,254,203,92,139,187,13,214,163,247,92,233,114,242,242,158,180,108,23,154,239,217,120,28,239,75,253,5,199,178,108,225,188,199,160,169,244,25,105,226,142,248,57,174,152,25,56,58,195,12,40,206,14,67,44,212,116,199,60,125,140,75,18,139,115,154,95,45,116,207,146,144,210,243,210,213,117,22,11,62,140,16,239,128,147,186,185,154,183,128,247,166,114,142,165,226,24,216,191,65,102,241,97,226,213,244,18,221,213,172,214,70,132,178,143,227,249,198,238,111,16,92,201,239,254,105,191,161,33,68,158,195,52,21,203,206,82,127,226,27,177,228,219,203,65,238,122,187,64,165,250,95,147,192,133,24,8,120,209,25,150,209,110,216,116,155,130,84,203,61,103,172,188,166,145,66,71,204,184,211,198,17,96,98,101,130,169,234,165,22,63,114,30,40,183,58,112,133,75,58,50,218,145,223,85,211,224,7,10,106,223,135,1739147411029,/dev/cu.usbmodem14201
3,137,174,199,230,221,175,142,249,137,153,198,2,253,207,252,196,83,130,63,133,193,47,206,230,211,109,60,126,35,179,215,110,189,104,219,226,212,146,103,181,31,119,241,30,63,145,222,164,0,92,236,108,178,56,223,77,143,52,207,33,176,211,233,19,108,97,200,251,152,133,84,64,125,72,13,192,166,222,153,152,179,234,67,106,167,161,58,22,28,210,243,248,215,95,48,132,76,14,114,156,2,155,44,49,217,166,73,159,171,195,123,88,188,111,84,17,42,109,137,246,2,97,76,144,194,255,165,245,127,198,44,234,36,106,132,59,234,3,146,121,79,84,177,103,228,245,211,213,114,113,174,90,18,103,242,233,229,52,38,18,242,122,203,11,26,31,24,134,233,231,169,45,254,70,174,255,70,164,43,194,164,188,224,65,9,149,111,252,131,223,139,114,64,255,51,64,240,185,36,94,191,147,235,56,17,255,149,192,163,148,141,87,57,218,124,20,61,183,0,177,253,216,254,250,59,117,51,68,35,10,241,251,76,63,183,239,213,255,65,113,210,89,60,39,53,18,14,43,77,1739147411029,/dev/cu.usbmodem1413101
163,153,129,165,249,100,32,243,67,83,7,198,210,119,185,79,230,196,36,232,142,29,79,44,250,173,35,39,53,140,95,72,211,36,170,217,113,99,171,250,106,144,67,77,217,250,147,213,135,195,124,52,45,101,186,7,237,233,3,14,195,229,187,10,131,162,61,126,96,20,77,70,144,77,77,88,83,146,118,102,60,247,242,98,178,86,204,162,34,112,52,100,97,252,148,13,251,52,111,220,211,171,114,15,30,192,42,35,199,16,103,190,196,229,3,54,88,114,206,225,91,152,125,13,200,60,155,113,113,164,210,18,96,151,251,83,129,162,203,26,205,210,157,21,133,117,111,224,126,69,219,90,132,107,129,78,6,29,204,220,241,146,84,70,196,159,88,236,96,156,193,175,59,44,82,192,5,189,254,0,46,139,216,94,54,65,163,102,231,92,50,51,21,15,115,129,49,238,81,120,168,116,4,35,22,169,176,251,129,72,24,176,108,86,179,76,179,116,19,56,140,164,76,48,112,211,51,116,75,74,76,252,70,16,182,106,30,17,99,149,107,254,52,54,24,218,55,115,232,145,1739147411029,/dev/cu.usbmodem1413201
219,236,184,76,110,219,21,28,184,176,52,227,184,221,214,148,215,30,197,154,219,211,95,67,189,165,150,247,43,124,65,242,243,66,103,199,24,184,249,203,199,236,247,233,255,71,28,177,235,95,125,191,207,67,118,100,100,59,136,59,9,171,251,129,34,17,76,198,236,167,113,246,4,134,87,158,106,90,174,130,92,7,44,102,162,216,144,246,56,99,53,242,12,217,74,71,162,195,9,114,209,33,226,46,199,227,153,62,101,49,134,148,179,168,150,148,94,21,99,250,115,58,133,78,83,157,59,242,196,43,33,155,125,253,97,186,161,231,0,117,141,160,121,242,14,80,174,217,26,189,165,6,6,253,16,244,75,57,4,82,185,62,88,226,202,5,203,104,32,103,114,108,178,13,40,82,173,34,96,8,32,35,141,104,26,142,216,177,138,130,95,255,249,127,15,197,185,63,103,230,203,177,211,81,214,185,102,163,112,247,176,65,192,137,96,163,76,252,230,2,152,176,110,252,22,223,242,194,136,253,201,113,1,164,119,105,235,90,69,186,166,226,249,200,16,198,23,245,78,136,1739147411029,/dev/cu.usbmodem1413401
170,46,105,237,153,169,85,108,220,240,166,82,114,192,135,65,21,9,152,24,89,50,108,44,253,5,64,13,200,31,69,233,204,154,234,169,74,213,41,166,162,178,152,100,220,56,36,245,174,216,38,55,12,16,217,152,249,73,138,113,35,136,53,186,9,87,209,74,8,174,111,121,124,182,26,143,112,141,104,22,172,167,209,107,243,223,218,162,152,103,124,23,115,52,146,111,193,150,35,127,240,219,29,161,45,180,225,114,252,109,135,85,3,45,131,81,165,133,23,233,0,122,93,7,21,161,203,111,117,64,129,88,132,236,230,29,220,163,244,67,208,106,128,165,177,213,91,168,243,128,34,47,30,82,244,107,221,231,250,120,69,87,120,82,98,65,228,19,31,80,151,208,147,150,230,212,19,35,126,24,229,204,143,98,163,139,255,209,39,121,146,169,64,171,174,228,232,116,30,185,254,123,205,24,95,169,186,24,161,127,75,245,110,125,193,98,9,103,193,180,206,179,6,164,199,89,21,135,219,204,86,209,100,81,76,232,144,199,33,245,67,150,33,142,236,134,219,244,101,86,1739147411030,/dev/cu.usbmodem14124201
38,62,70,20,195,87,87,102,195,73,113,100,137,144,250,211,234,50,197,56,226,161,152,78,201,215,210,200,189,108,11,147,145,110,6,230,12,197,109,176,155,249,230,23,179,254,100,88,36,22,20,74,194,74,221,188,134,123,74,255,254,3,213,87,61,235,81,197,156,7,108,13,19,19,245,35,219,194,73,99,215,48,188,91,104,120,80,167,245,160,159,160,95,221,212,149,66,90,255,118,220,142,128,18,232,96,36,193,7,161,69,175,150,221,213,94,77,130,180,233,19,227,242,228,120,94,46,117,237,3,200,62,30,213,139,204,4,18,162,154,57,71,250,244,193,80,242,155,76,157,217,106,131,203,105,202,129,230,152,173,148,87,173,90,28,73,33,185,15,241,79,171,215,204,152,230,133,34,21,67,66,183,112,127,161,60,99,161,238,29,108,45,183,67,91,42,112,16,189,173,40,114,106,146,51,91,146,99,208,247,40,248,40,127,218,8,230,216,53,206,40,119,14,197,235,134,5,169,207,48,91,8,182,34,134,223,183,159,208,6,94,178,153,65,40,253,2,165,230,162,1739147411030,/dev/cu.usbmodem14124401
154,8,91,29,10,15,229,123,253,87,83,98,153,88,185,103,227,193,89,6,160,70,128,163,155,164,81,29,113,14,145,133,196,225,247,154,99,240,117,213,67,74,161,69,46,69,53,89,112,151,221,161,220,218,53,61,112,183,105,157,66,240,23,126,106,210,195,243,15,39,19,119,106,143,207,175,117,134,37,208,70,18,143,23,75,224,141,41,49,199,156,42,40,201,24,52,248,60,227,192,30,101,146,202,234,92,106,155,35,247,242,250,247,66,241,41,98,245,52,178,20,71,255,233,157,183,84,48,27,133,203,131,56,229,148,35,215,190,147,104,203,83,12,53,26,214,246,180,231,254,225,128,20,94,0,90,196,214,207,194,218,109,236,87,67,50,93,42,173,184,101,127,255,44,237,228,25,61,153,180,221,142,124,251,193,74,186,18,102,240,238,40,203,207,69,157,55,3,115,71,216,72,144,136,185,254,237,119,99,18,208,117,40,126,153,226,132,27,216,59,152,153,55,111,253,85,88,66,180,220,15,129,165,110,24,140,180,32,18,122,35,195,219,82,61,254,42,101,109,210,1739147411030,/dev/cu.usbmodem14124101
6,59,249,179,186,20,167,202,146,94,137,88,217,127,91,215,133,141,11,206,172,168,101,246,107,224,104,28,8,192,188,84,218,188,239,172,94,244,124,93,17,11,207,16,185,97,12,71,211,99,15,61,209,5,156,92,130,47,18,103,118,229,125,90,166,135,91,23,63,203,208,237,218,246,56,107,67,2,239,226,129,67,54,12,105,146,67,44,202,17,179,197,45,42,123,126,224,225,213,180,239,252,92,218,219,83,4,70,173,129,205,20,185,202,69,161,253,100,87,72,158,143,94,48,250,104,164,195,175,190,52,11,225,134,193,168,184,146,219,251,40,2,5,227,211,170,84,31,244,185,49,227,222,188,117,182,196,26,108,14,65,231,117,243,159,184,138,191,171,66,106,112,172,156,122,225,106,248,243,149,43,135,109,195,139,35,152,64,59,172,169,43,98,34,142,194,1,144,173,159,147,0,224,187,244,125,84,29,100,2,28,14,144,194,85,186,209,131,248,40,199,43,165,173,109,217,168,29,106,72,86,179,191,94,130,243,35,170,156,183,196,121,142,129,135,23,122,169,83,36,1739147411030,/dev/cu.usbmodem14124301
243,191,128,75,88,210,170,243,203,205,200,27,40,216,230,191,193,2,115,68,90,132,251,192,180,192,196,175,113,152,155,30,150,212,221,250,147,29,16,254,203,92,139,187,13,214,163,247,92,233,114,242,242,158,180,108,23,154,239,217,120,28,239,75,253,5,199,178,108,225,188,199,160,169,244,25,105,226,142,248,57,174,152,25,56,58,195,12,40,206,14,67,44,212,116,199,60,125,140,75,18,139,115,154,95,45,116,207,146,144,210,243,210,213,117,22,11,62,140,16,239,128,147,186,185,154,183,128,247,166,114,142,165,226,24,216,191,65,102,241,97,226,213,244,18,221,213,172,214,70,132,178,143,227,249,198,238,111,16,92,201,239,254,105,191,161,33,68,158,195,52,21,203,206,82,127,226,27,177,228,219,203,65,238,122,187,64,165,250,95,147,192,133,24,8,120,209,25,150,209,110,216,116,155,130,84,203,61,103,172,188,166,145,66,71,204,184,211,198,17,96,98,101,130,169,234,165,22,63,114,30,40,183,58,112,133,75,58,50,218,145,223,85,211,224,7,10,106,223,135,3,137,174,199,230,221,175,142,249,137,153,198,2,253,207,252,196,83,130,63,133,193,47,206,230,211,109,60,126,35,179,215,110,189,104,219,226,212,146,103,181,31,119,241,30,63,145,222,164,0,92,236,108,178,56,223,77,143,52,207,33,176,211,233,19,108,97,200,251,152,133,84,64,125,72,13,192,166,222,153,152,179,234,67,106,167,161,58,22,28,210,243,248,215,95,48,132,76,14,114,156,2,155,44,49,217,166,73,159,171,195,123,88,188,111,84,17,42,109,137,246,2,97,76,144,194,255,165,245,127,198,44,234,36,106,132,59,234,3,146,121,79,84,177,103,228,245,211,213,114,113,174,90,18,103,242,233,229,52,38,18,242,122,203,11,26,31,24,134,233,231,169,45,254,70,174,255,70,164,43,194,164,188,224,65,9,149,111,252,131,223,139,114,64,255,51,64,240,185,36,94,191,147,235,56,17,255,149,192,163,148,141,87,57,218,124,20,61,183,0,177,253,216,254,250,59,117,51,68,35,10,241,251,76,63,183,239,213,255,65,113,210,89,60,39,53,18,14,43,77,163,153,129,165,249,100,32,243,67,83,7,198,210,119,185,79,230,196,36,232,142,29,79,44,250,173,35,39,53,140,95,72,211,36,170,217,113,99,171,250,106,144,67,77,217,250,147,213,135,195,124,52,45,101,186,7,237,233,3,14,195,229,187,10,131,162,61,126,96,20,77,70,144,77,77,88,83,146,118,102,60,247,242,98,178,86,204,162,34,112,52,100,97,252,148,13,251,52,111,220,211,171,114,15,30,192,42,35,199,16,103,190,196,229,3,54,88,114,206,225,91,152,125,13,200,60,155,113,113,164,210,18,96,151,251,83,129,162,203,26,205,210,157,21,133,117,111,224,126,69,219,90,132,107,129,78,6,29,204,220,241,146,84,70,196,159,88,236,96,156,193,175,59,44,82,192,5,189,254,0,46,139,216,94,54,65,163,102,231,92,50,51,21,15,115,129,49,238,81,120,168,116,4,35,22,169,176,251,129,72,24,176,108,86,179,76,179,116,19,56,140,164,76,48,112,211,51,116,75,74,76,252,70,16,182,106,30,17,99,149,107,254,52,54,24,218,55,115,232,145,219,236,184,76,110,219,21,28,184,176,52,227,184,221,214,148,215,30,197,154,219,211,95,67,189,165,150,247,43,124,65,242,243,66,103,199,24,184,249,203,199,236,247,233,255,71,28,177,235,95,125,191,207,67,118,100,100,59,136,59,9,171,251,129,34,17,76,198,236,167,113,246,4,134,87,158,106,90,174,130,92,7,44,102,162,216,144,246,56,99,53,242,12,217,74,71,162,195,9,114,209,33,226,46,199,227,153,62,101,49,134,148,179,168,150,148,94,21,99,250,115,58,133,78,83,157,59,242,196,43,33,155,125,253,97,186,161,231,0,117,141,160,121,242,14,80,174,217,26,189,165,6,6,253,16,244,75,57,4,82,185,62,88,226,202,5,203,104,32,103,114,108,178,13,40,82,173,34,96,8,32,35,141,104,26,142,216,177,138,130,95,255,249,127,15,197,185,63,103,230,203,177,211,81,214,185,102,163,112,247,176,65,192,137,96,163,76,252,230,2,152,176,110,252,22,223,242,194,136,253,201,113,1,164,119,105,235,90,69,186,166,226,249,200,16,198,23,245,78,136,170,46,105,237,153,169,85,108,220,240,166,82,114,192,135,65,21,9,152,24,89,50,108,44,253,5,64,13,200,31,69,233,204,154,234,169,74,213,41,166,162,178,152,100,220,56,36,245,174,216,38,55,12,16,217,152,249,73,138,113,35,136,53,186,9,87,209,74,8,174,111,121,124,182,26,143,112,141,104,22,172,167,209,107,243,223,218,162,152,103,124,23,115,52,146,111,193,150,35,127,240,219,29,161,45,180,225,114,252,109,135,85,3,45,131,81,165,133,23,233,0,122,93,7,21,161,203,111,117,64,129,88,132,236,230,29,220,163,244,67,208,106,128,165,177,213,91,168,243,128,34,47,30,82,244,107,221,231,250,120,69,87,120,82,98,65,228,19,31,80,151,208,147,150,230,212,19,35,126,24,229,204,143,98,163,139,255,209,39,121,146,169,64,171,174,228,232,116,30,185,254,123,205,24,95,169,186,24,161,127,75,245,110,125,193,98,9,103,193,180,206,179,6,164,199,89,21,135,219,204,86,209,100,81,76,232,144,199,33,245,67,150,33,142,236,134,219,244,101,86,38,62,70,20,195,87,87,102,195,73,113,100,137,144,250,211,234,50,197,56,226,161,152,78,201,215,210,200,189,108,11,147,145,110,6,230,12,197,109,176,155,249,230,23,179,254,100,88,36,22,20,74,194,74,221,188,134,123,74,255,254,3,213,87,61,235,81,197,156,7,108,13,19,19,245,35,219,194,73,99,215,48,188,91,104,120,80,167,245,160,159,160,95,221,212,149,66,90,255,118,220,142,128,18,232,96,36,193,7,161,69,175,150,221,213,94,77,130,180,233,19,227,242,228,120,94,46,117,237,3,200,62,30,213,139,204,4,18,162,154,57,71,250,244,193,80,242,155,76,157,217,106,131,203,105,202,129,230,152,173,148,87,173,90,28,73,33,185,15,241,79,171,215,204,152,230,133,34,21,67,66,183,112,127,161,60,99,161,238,29,108,45,183,67,91,42,112,16,189,173,40,114,106,146,51,91,146,99,208,247,40,248,40,127,218,8,230,216,53,206,40,119,14,197,235,134,5,169,207,48,91,8,182,34,134,223,183,159,208,6,94,178,153,65,40,253,2,165,230,162,154,8,91,29,10,15,229,123,253,87,83,98,153,88,185,103,227,193,89,6,160,70,128,163,155,164,81,29,113,14,145,133,196,225,247,154,99,240,117,213,67,74,161,69,46,69,53,89,112,151,221,161,220,218,53,61,112,183,105,157,66,240,23,126,106,210,195,243,15,39,19,119,106,143,207,175,117,134,37,208,70,18,143,23,75,224,141,41,49,199,156,42,40,201,24,52,248,60,227,192,30,101,146,202,234,92,106,155,35,247,242,250,247,66,241,41,98,245,52,178,20,71,255,233,157,183,84,48,27,133,203,131,56,229,148,35,215,190,147,104,203,83,12,53,26,214,246,180,231,254,225,128,20,94,0,90,196,214,207,194,218,109,236,87,67,50,93,42,173,184,101,127,255,44,237,228,25,61,153,180,221,142,124,251,193,74,186,18,102,240,238,40,203,207,69,157,55,3,115,71,216,72,144,136,185,254,237,119,99,18,208,117,40,126,153,226,132,27,216,59,152,153,55,111,253,85,88,66,180,220,15,129,165,110,24,140,180,32,18,122,35,195,219,82,61,254,42,101,109,210,6,59,249,179,186,20,167,202,146,94,137,88,217,127,91,215,133,141,11,206,172,168,101,246,107,224,104,28,8,192,188,84,218,188,239,172,94,244,124,93,17,11,207,16,185,97,12,71,211,99,15,61,209,5,156,92,130,47,18,103,118,229,125,90,166,135,91,23,63,203,208,237,218,246,56,107,67,2,239,226,129,67,54,12,105,146,67,44,202,17,179,197,45,42,123,126,224,225,213,180,239,252,92,218,219,83,4,70,173,129,205,20,185,202,69,161,253,100,87,72,158,143,94,48,250,104,164,195,175,190,52,11,225,134,193,168,184,146,219,251,40,2,5,227,211,170,84,31,244,185,49,227,222,188,117,182,196,26,108,14,65,231,117,243,159,184,138,191,171,66,106,112,172,156,122,225,106,248,243,149,43,135,109,195,139,35,152,64,59,172,169,43,98,34,142,194,1,144,173,159,147,0,224,187,244,125,84,29,100,2,28,14,144,194,85,186,209,131,248,40,199,43,165,173,109,217,168,29,106,72,86,179,191,94,130,243,35,170,156,183,196,121,142,129,135,23,122,169,83,36,1739147411032,QBYTE | alvar
164,220,142,0,172,83,105,7,199,129,247,80,53,210,113,243,62,236,197,150,203,34,102,47,245,109,253,238,137,197,16,223,68,111,172,38,146,65,42,79,245,110,166,164,191,65,15,21,230,185,14,149,85,227,19,95,100,24,202,98,128,94,250,4,60,63,66,221,12,90,207,20,202,214,127,76,212,29,56,103,207,228,247,107,221,57,215,4,205,124,243,245,45,90,84,191,158,86,171,227,104,4,24,108,223,103,76,40,204,218,208,141,13,111,23,166,155,81,182,238,115,64,131,47,106,148,180,9,81,129,24,147,57,202,197,82,43,104,125,132,221,88,201,241,196,134,190,60,99,223,22,193,37,160,162,129,61,216,199,207,75,56,60,119,46,72,132,71,150,63,192,22,127,221,27,147,147,230,102,145,20,135,164,80,219,183,202,201,130,254,91,230,108,195,101,26,212,182,78,208,140,252,149,51,88,56,11,132,177,165,232,89,207,196,49,186,47,118,235,232,166,86,224,254,207,255,10,136,156,79,129,108,87,72,106,82,142,115,79,6,155,61,98,225,42,201,135,56,0,127,1739147412088,/dev/cu.usbmodem14201
15,156,202,110,209,171,134,186,163,242,53,140,230,249,37,129,127,99,194,1,239,129,38,74,127,141,124,207,165,64,120,249,58,124,103,216,24,224,24,54,18,120,93,191,99,251,144,9,26,215,11,219,68,78,240,227,38,57,198,96,194,107,184,136,33,208,255,112,74,54,247,65,29,55,236,155,100,238,27,150,11,28,151,178,48,182,216,90,49,120,99,255,196,171,142,128,222,225,253,104,240,251,75,148,59,235,161,6,71,70,249,199,236,131,124,42,76,196,252,222,48,101,100,189,166,135,217,186,187,138,63,173,69,237,134,88,153,54,114,188,72,255,58,249,234,58,104,155,28,201,229,73,229,26,77,0,140,238,182,174,91,11,87,201,175,63,71,1,15,99,38,187,204,67,31,183,129,12,105,134,240,32,85,148,72,34,164,187,254,98,212,219,103,71,87,153,53,136,251,124,115,60,166,138,63,232,242,193,243,77,4,149,44,193,79,105,179,66,139,226,81,146,201,29,147,238,58,92,119,40,2,215,243,183,172,13,0,217,219,51,178,136,75,121,62,12,169,131,66,136,1739147412088,/dev/cu.usbmodem1413101
44,211,139,226,145,91,23,238,170,41,225,208,193,189,86,89,238,197,75,0,5,80,43,227,164,45,76,29,238,54,183,203,71,61,169,155,159,211,197,200,103,9,239,171,158,228,176,212,23,71,251,226,162,24,160,242,79,190,34,69,204,80,35,164,65,13,196,6,170,209,102,201,71,77,115,121,244,52,140,220,102,40,161,218,198,101,209,21,99,220,149,37,171,22,67,110,242,186,50,94,191,122,241,96,97,159,249,232,186,253,27,128,120,214,210,63,18,195,99,107,6,38,247,251,96,49,69,102,104,162,169,67,41,234,24,233,48,236,151,6,170,46,90,145,207,205,105,190,207,64,159,180,120,168,6,228,224,70,39,66,158,90,83,34,174,204,136,249,75,227,124,11,165,188,173,194,18,92,106,30,52,114,243,203,183,243,252,16,243,27,169,166,83,33,42,25,90,128,186,75,53,19,188,229,223,250,31,147,57,116,74,225,3,198,206,2,23,152,83,153,179,32,176,198,210,69,206,134,105,39,232,73,87,96,28,63,32,190,127,158,48,175,8,40,208,205,203,9,87,159,1739147412088,/dev/cu.usbmodem1413201
37,85,45,179,11,102,33,86,109,135,3,241,7,135,252,91,134,160,25,157,182,25,25,199,105,123,223,120,51,9,138,233,54,219,1,177,231,184,142,35,240,169,45,196,139,193,40,99,1,208,180,34,36,69,1,235,91,141,53,16,27,45,215,53,54,203,103,127,138,152,215,85,238,128,12,156,64,175,55,47,144,208,78,115,45,193,43,150,63,114,76,173,225,143,28,111,231,195,16,171,242,202,140,196,46,159,222,215,202,209,35,45,73,49,82,219,165,175,169,188,100,115,78,147,160,254,150,60,219,76,103,208,146,167,153,172,167,250,217,1,106,249,54,90,77,52,219,230,55,27,44,10,59,26,215,158,193,121,86,127,206,52,144,220,194,237,72,138,59,72,191,18,195,189,209,160,37,247,24,148,130,210,214,236,175,145,10,228,146,122,242,140,123,89,136,200,247,131,230,146,163,254,234,82,53,184,27,235,99,172,67,71,235,0,121,251,48,128,94,125,254,224,253,253,174,165,195,41,54,175,193,204,41,84,213,232,206,45,186,193,237,3,79,83,211,115,138,240,244,144,1739147412089,/dev/cu.usbmodem1413401
160,112,252,5,248,62,194,172,126,15,144,237,253,174,205,133,104,226,50,170,72,94,218,134,51,251,173,156,120,42,94,163,53,162,8,59,247,91,153,39,135,153,7,120,129,6,63,227,218,94,32,70,53,230,112,81,196,88,255,118,116,214,153,103,160,162,110,171,18,143,158,255,43,66,95,193,184,19,8,18,248,216,147,68,91,51,24,159,195,174,234,88,229,30,247,81,128,145,2,57,207,42,151,197,209,99,31,125,156,139,221,30,59,2,220,180,67,90,10,223,207,248,181,195,46,22,15,138,36,252,136,114,206,18,38,149,161,185,207,41,158,195,85,13,235,182,26,129,58,215,102,249,105,91,196,183,12,117,166,172,253,7,214,167,34,122,170,209,72,142,254,40,13,207,51,78,189,152,55,103,117,185,178,86,192,163,221,185,249,233,192,233,240,193,38,250,56,55,4,92,53,151,80,187,242,137,231,190,176,120,27,125,132,164,182,162,124,154,121,147,62,26,109,80,44,148,201,164,79,225,34,95,53,144,41,255,1,61,221,119,88,12,217,52,247,245,161,191,204,46,1739147412089,/dev/cu.usbmodem14124201
107,120,145,159,178,186,218,201,186,222,128,252,93,101,4,73,21,209,159,250,229,15,13,33,193,162,130,121,74,165,188,226,80,219,74,105,1,66,183,49,103,49,44,174,224,50,66,229,2,71,245,173,220,65,163,58,241,252,135,15,7,117,107,181,148,101,213,96,212,191,33,255,47,40,252,97,136,196,108,69,105,64,80,155,91,144,102,180,210,204,26,124,79,186,43,31,219,10,86,167,1,114,163,132,244,179,32,40,246,203,116,112,148,52,149,38,25,87,80,151,82,28,26,229,140,51,164,137,121,63,170,194,153,36,234,142,51,65,251,196,107,118,155,160,184,229,163,33,23,57,235,36,236,78,8,126,224,28,236,59,4,176,184,176,6,110,96,30,202,113,39,185,197,24,117,82,94,17,141,89,84,218,170,225,173,70,45,247,167,57,251,161,148,98,27,237,232,91,230,27,225,132,188,193,67,237,208,249,22,238,11,63,168,44,27,231,194,195,41,150,220,100,104,202,84,213,170,104,159,183,144,160,20,14,128,56,73,249,144,195,185,149,191,130,222,61,22,23,187,47,1739147412089,/dev/cu.usbmodem14124401
96,43,211,195,30,244,123,89,136,255,202,215,193,102,6,176,158,173,62,193,237,233,124,79,218,112,36,32,246,251,92,187,71,225,32,236,152,192,51,216,50,68,72,83,253,159,71,6,88,174,222,6,211,166,42,62,172,106,248,29,5,97,24,95,39,199,196,3,22,253,224,130,90,71,107,134,208,63,207,32,237,25,77,202,191,204,157,170,121,92,190,56,231,81,47,12,54,38,152,82,24,218,16,125,44,179,141,165,213,146,187,229,22,173,210,244,214,138,116,102,231,82,194,166,245,108,18,94,127,252,73,238,66,104,214,46,87,243,84,71,195,174,236,41,202,134,40,170,118,191,199,107,232,71,116,211,17,87,194,140,73,100,229,183,196,182,16,201,152,246,82,50,122,149,152,48,116,175,220,42,33,151,150,205,186,245,189,182,154,57,158,131,115,128,160,194,210,66,44,71,30,107,83,226,159,132,15,73,96,61,201,153,130,119,123,245,105,172,105,118,10,141,124,212,120,173,57,112,83,154,48,164,70,111,175,238,207,147,182,140,26,38,65,15,77,37,165,21,141,154,1739147412089,/dev/cu.usbmodem14124101
33,134,90,33,14,47,56,24,234,119,72,64,29,182,7,201,66,26,108,92,238,37,181,125,230,49,161,118,47,239,166,124,51,245,218,6,81,71,220,60,73,174,234,102,62,220,100,68,121,240,54,168,131,221,213,6,185,240,80,39,176,136,209,151,83,93,64,195,159,46,129,119,140,153,94,133,2,26,131,179,96,249,40,71,26,203,17,38,7,219,136,106,59,159,192,134,254,197,173,243,14,99,22,137,15,147,33,162,43,112,67,207,155,133,158,91,223,183,69,221,220,110,228,95,161,162,82,82,43,86,240,137,38,168,49,167,110,83,35,47,177,232,121,166,32,126,197,241,30,39,90,100,220,151,188,61,43,84,153,10,214,28,22,207,66,35,132,226,199,51,83,17,228,76,204,34,241,94,63,103,109,54,77,79,8,124,186,43,216,81,239,88,245,124,80,113,217,2,59,87,43,216,33,38,223,190,65,146,241,102,160,244,199,28,31,33,154,169,182,206,93,36,42,1,85,128,231,164,184,146,105,214,208,209,213,144,22,217,66,64,73,205,159,4,80,197,239,2,246,106,1739147412090,/dev/cu.usbmodem14124301
164,220,142,0,172,83,105,7,199,129,247,80,53,210,113,243,62,236,197,150,203,34,102,47,245,109,253,238,137,197,16,223,68,111,172,38,146,65,42,79,245,110,166,164,191,65,15,21,230,185,14,149,85,227,19,95,100,24,202,98,128,94,250,4,60,63,66,221,12,90,207,20,202,214,127,76,212,29,56,103,207,228,247,107,221,57,215,4,205,124,243,245,45,90,84,191,158,86,171,227,104,4,24,108,223,103,76,40,204,218,208,141,13,111,23,166,155,81,182,238,115,64,131,47,106,148,180,9,81,129,24,147,57,202,197,82,43,104,125,132,221,88,201,241,196,134,190,60,99,223,22,193,37,160,162,129,61,216,199,207,75,56,60,119,46,72,132,71,150,63,192,22,127,221,27,147,147,230,102,145,20,135,164,80,219,183,202,201,130,254,91,230,108,195,101,26,212,182,78,208,140,252,149,51,88,56,11,132,177,165,232,89,207,196,49,186,47,118,235,232,166,86,224,254,207,255,10,136,156,79,129,108,87,72,106,82,142,115,79,6,155,61,98,225,42,201,135,56,0,127,15,156,202,110,209,171,134,186,163,242,53,140,230,249,37,129,127,99,194,1,239,129,38,74,127,141,124,207,165,64,120,249,58,124,103,216,24,224,24,54,18,120,93,191,99,251,144,9,26,215,11,219,68,78,240,227,38,57,198,96,194,107,184,136,33,208,255,112,74,54,247,65,29,55,236,155,100,238,27,150,11,28,151,178,48,182,216,90,49,120,99,255,196,171,142,128,222,225,253,104,240,251,75,148,59,235,161,6,71,70,249,199,236,131,124,42,76,196,252,222,48,101,100,189,166,135,217,186,187,138,63,173,69,237,134,88,153,54,114,188,72,255,58,249,234,58,104,155,28,201,229,73,229,26,77,0,140,238,182,174,91,11,87,201,175,63,71,1,15,99,38,187,204,67,31,183,129,12,105,134,240,32,85,148,72,34,164,187,254,98,212,219,103,71,87,153,53,136,251,124,115,60,166,138,63,232,242,193,243,77,4,149,44,193,79,105,179,66,139,226,81,146,201,29,147,238,58,92,119,40,2,215,243,183,172,13,0,217,219,51,178,136,75,121,62,12,169,131,66,136,44,211,139,226,145,91,23,238,170,41,225,208,193,189,86,89,238,197,75,0,5,80,43,227,164,45,76,29,238,54,183,203,71,61,169,155,159,211,197,200,103,9,239,171,158,228,176,212,23,71,251,226,162,24,160,242,79,190,34,69,204,80,35,164,65,13,196,6,170,209,102,201,71,77,115,121,244,52,140,220,102,40,161,218,198,101,209,21,99,220,149,37,171,22,67,110,242,186,50,94,191,122,241,96,97,159,249,232,186,253,27,128,120,214,210,63,18,195,99,107,6,38,247,251,96,49,69,102,104,162,169,67,41,234,24,233,48,236,151,6,170,46,90,145,207,205,105,190,207,64,159,180,120,168,6,228,224,70,39,66,158,90,83,34,174,204,136,249,75,227,124,11,165,188,173,194,18,92,106,30,52,114,243,203,183,243,252,16,243,27,169,166,83,33,42,25,90,128,186,75,53,19,188,229,223,250,31,147,57,116,74,225,3,198,206,2,23,152,83,153,179,32,176,198,210,69,206,134,105,39,232,73,87,96,28,63,32,190,127,158,48,175,8,40,208,205,203,9,87,159,37,85,45,179,11,102,33,86,109,135,3,241,7,135,252,91,134,160,25,157,182,25,25,199,105,123,223,120,51,9,138,233,54,219,1,177,231,184,142,35,240,169,45,196,139,193,40,99,1,208,180,34,36,69,1,235,91,141,53,16,27,45,215,53,54,203,103,127,138,152,215,85,238,128,12,156,64,175,55,47,144,208,78,115,45,193,43,150,63,114,76,173,225,143,28,111,231,195,16,171,242,202,140,196,46,159,222,215,202,209,35,45,73,49,82,219,165,175,169,188,100,115,78,147,160,254,150,60,219,76,103,208,146,167,153,172,167,250,217,1,106,249,54,90,77,52,219,230,55,27,44,10,59,26,215,158,193,121,86,127,206,52,144,220,194,237,72,138,59,72,191,18,195,189,209,160,37,247,24,148,130,210,214,236,175,145,10,228,146,122,242,140,123,89,136,200,247,131,230,146,163,254,234,82,53,184,27,235,99,172,67,71,235,0,121,251,48,128,94,125,254,224,253,253,174,165,195,41,54,175,193,204,41,84,213,232,206,45,186,193,237,3,79,83,211,115,138,240,244,144,160,112,252,5,248,62,194,172,126,15,144,237,253,174,205,133,104,226,50,170,72,94,218,134,51,251,173,156,120,42,94,163,53,162,8,59,247,91,153,39,135,153,7,120,129,6,63,227,218,94,32,70,53,230,112,81,196,88,255,118,116,214,153,103,160,162,110,171,18,143,158,255,43,66,95,193,184,19,8,18,248,216,147,68,91,51,24,159,195,174,234,88,229,30,247,81,128,145,2,57,207,42,151,197,209,99,31,125,156,139,221,30,59,2,220,180,67,90,10,223,207,248,181,195,46,22,15,138,36,252,136,114,206,18,38,149,161,185,207,41,158,195,85,13,235,182,26,129,58,215,102,249,105,91,196,183,12,117,166,172,253,7,214,167,34,122,170,209,72,142,254,40,13,207,51,78,189,152,55,103,117,185,178,86,192,163,221,185,249,233,192,233,240,193,38,250,56,55,4,92,53,151,80,187,242,137,231,190,176,120,27,125,132,164,182,162,124,154,121,147,62,26,109,80,44,148,201,164,79,225,34,95,53,144,41,255,1,61,221,119,88,12,217,52,247,245,161,191,204,46,107,120,145,159,178,186,218,201,186,222,128,252,93,101,4,73,21,209,159,250,229,15,13,33,193,162,130,121,74,165,188,226,80,219,74,105,1,66,183,49,103,49,44,174,224,50,66,229,2,71,245,173,220,65,163,58,241,252,135,15,7,117,107,181,148,101,213,96,212,191,33,255,47,40,252,97,136,196,108,69,105,64,80,155,91,144,102,180,210,204,26,124,79,186,43,31,219,10,86,167,1,114,163,132,244,179,32,40,246,203,116,112,148,52,149,38,25,87,80,151,82,28,26,229,140,51,164,137,121,63,170,194,153,36,234,142,51,65,251,196,107,118,155,160,184,229,163,33,23,57,235,36,236,78,8,126,224,28,236,59,4,176,184,176,6,110,96,30,202,113,39,185,197,24,117,82,94,17,141,89,84,218,170,225,173,70,45,247,167,57,251,161,148,98,27,237,232,91,230,27,225,132,188,193,67,237,208,249,22,238,11,63,168,44,27,231,194,195,41,150,220,100,104,202,84,213,170,104,159,183,144,160,20,14,128,56,73,249,144,195,185,149,191,130,222,61,22,23,187,47,96,43,211,195,30,244,123,89,136,255,202,215,193,102,6,176,158,173,62,193,237,233,124,79,218,112,36,32,246,251,92,187,71,225,32,236,152,192,51,216,50,68,72,83,253,159,71,6,88,174,222,6,211,166,42,62,172,106,248,29,5,97,24,95,39,199,196,3,22,253,224,130,90,71,107,134,208,63,207,32,237,25,77,202,191,204,157,170,121,92,190,56,231,81,47,12,54,38,152,82,24,218,16,125,44,179,141,165,213,146,187,229,22,173,210,244,214,138,116,102,231,82,194,166,245,108,18,94,127,252,73,238,66,104,214,46,87,243,84,71,195,174,236,41,202,134,40,170,118,191,199,107,232,71,116,211,17,87,194,140,73,100,229,183,196,182,16,201,152,246,82,50,122,149,152,48,116,175,220,42,33,151,150,205,186,245,189,182,154,57,158,131,115,128,160,194,210,66,44,71,30,107,83,226,159,132,15,73,96,61,201,153,130,119,123,245,105,172,105,118,10,141,124,212,120,173,57,112,83,154,48,164,70,111,175,238,207,147,182,140,26,38,65,15,77,37,165,21,141,154,33,134,90,33,14,47,56,24,234,119,72,64,29,182,7,201,66,26,108,92,238,37,181,125,230,49,161,118,47,239,166,124,51,245,218,6,81,71,220,60,73,174,234,102,62,220,100,68,121,240,54,168,131,221,213,6,185,240,80,39,176,136,209,151,83,93,64,195,159,46,129,119,140,153,94,133,2,26,131,179,96,249,40,71,26,203,17,38,7,219,136,106,59,159,192,134,254,197,173,243,14,99,22,137,15,147,33,162,43,112,67,207,155,133,158,91,223,183,69,221,220,110,228,95,161,162,82,82,43,86,240,137,38,168,49,167,110,83,35,47,177,232,121,166,32,126,197,241,30,39,90,100,220,151,188,61,43,84,153,10,214,28,22,207,66,35,132,226,199,51,83,17,228,76,204,34,241,94,63,103,109,54,77,79,8,124,186,43,216,81,239,88,245,124,80,113,217,2,59,87,43,216,33,38,223,190,65,146,241,102,160,244,199,28,31,33,154,169,182,206,93,36,42,1,85,128,231,164,184,146,105,214,208,209,213,144,22,217,66,64,73,205,159,4,80,197,239,2,246,106,1739147412091,QBYTE | voicesoverlapping
88,16,247,222,197,55,239,135,204,236,86,249,75,215,156,210,214,165,111,94,94,56,221,106,71,211,189,6,190,94,180,41,79,140,38,78,148,71,23,101,185,154,113,70,236,220,160,147,139,177,143,49,207,206,113,136,112,0,220,230,156,221,109,47,228,33,171,47,238,135,11,113,80,212,134,26,226,44,221,58,112,186,45,196,97,88,145,38,118,3,75,102,223,49,253,136,5,199,142,205,26,184,142,142,210,254,238,137,119,8,198,113,196,13,177,153,151,61,79,145,163,244,11,128,72,174,132,217,83,1,20,53,55,104,148,172,18,18,52,26,180,146,209,166,210,44,108,47,98,48,71,38,130,90,249,154,23,6,2,217,7,169,185,72,156,45,112,194,83,223,93,194,123,172,28,236,177,216,101,14,195,152,116,204,3,229,205,11,226,80,70,74,224,102,206,179,230,145,180,72,7,211,204,31,92,61,141,162,218,229,66,10,216,220,250,185,149,28,239,61,119,165,92,50,67,35,96,221,71,182,81,245,235,219,97,228,170,165,161,10,113,99,107,212,57,178,84,234,121,147,1739147416994,/dev/cu.usbmodem14201
0,76,58,83,80,122,158,89,57,43,212,220,249,65,31,106,178,249,184,234,134,50,3,12,190,245,181,131,200,226,249,202,232,146,192,78,36,81,57,144,127,45,50,249,144,77,31,81,33,81,199,86,147,15,30,112,236,158,25,253,232,28,247,75,142,103,146,108,218,191,255,118,101,176,24,219,141,20,17,160,132,187,80,218,166,139,194,157,177,219,124,240,164,0,21,29,134,45,98,21,102,179,18,93,36,39,172,54,93,5,167,198,215,74,153,152,184,94,0,135,82,238,2,13,76,242,100,2,228,179,241,39,176,94,60,136,91,0,57,84,88,140,243,77,133,72,31,108,76,93,74,80,88,126,115,224,59,166,26,99,191,183,171,247,65,145,247,81,132,223,63,63,152,232,79,15,79,70,175,47,246,51,243,151,123,101,103,68,239,204,127,142,53,193,50,221,158,205,92,42,86,189,116,1,41,100,193,151,39,7,248,194,244,176,70,205,216,39,60,225,240,190,75,91,127,4,0,181,214,84,86,150,230,159,63,223,57,46,219,106,252,225,30,177,190,238,74,144,122,252,1739147416995,/dev/cu.usbmodem1413101
72,237,134,127,29,9,179,94,112,5,109,32,38,14,15,45,18,41,186,124,131,224,50,252,245,22,138,11,150,189,69,239,143,25,75,0,72,240,159,147,0,28,122,100,82,167,171,6,125,35,199,244,196,109,173,84,209,93,208,124,20,142,126,101,209,52,115,153,114,80,219,133,92,193,207,241,65,30,213,103,5,93,92,144,107,170,97,227,93,255,148,135,164,99,206,88,178,45,46,82,138,242,227,32,101,223,214,42,79,69,160,215,214,177,127,108,53,70,114,202,18,238,102,60,206,164,221,155,52,109,47,72,58,163,175,4,61,202,170,223,142,151,252,13,178,48,155,194,36,101,118,44,152,78,147,253,78,226,16,29,24,184,26,171,44,133,24,68,201,235,208,67,231,2,156,190,26,185,22,168,185,193,189,175,41,134,9,247,147,59,109,24,39,223,166,221,84,86,206,151,252,53,35,61,169,32,0,116,183,149,100,197,103,196,178,45,154,50,72,245,26,70,54,4,204,202,34,217,121,239,178,227,53,209,39,135,235,186,0,253,40,94,90,201,41,238,215,81,30,171,1739147416995,/dev/cu.usbmodem1413201
47,120,202,189,25,166,23,102,195,132,97,223,29,66,160,35,193,233,159,221,129,26,54,24,208,2,190,177,81,83,211,120,218,252,44,225,165,1,78,237,230,103,112,122,135,249,207,203,200,154,115,128,19,212,134,10,230,234,80,65,0,182,106,3,45,42,54,198,28,35,215,122,176,154,226,49,246,36,31,6,95,95,235,3,9,101,82,88,165,120,5,185,106,110,220,90,159,58,255,251,55,81,204,100,155,248,88,186,32,124,103,31,160,1,127,212,50,118,194,60,171,190,177,3,44,146,21,186,146,33,217,127,151,147,239,197,186,178,36,10,22,233,100,219,134,78,245,91,56,104,203,161,17,85,124,7,123,230,100,128,245,218,169,189,59,100,17,5,12,70,217,112,191,114,6,215,37,10,13,232,0,93,28,118,76,63,13,234,113,35,5,39,166,87,168,162,73,28,60,186,111,198,164,149,40,127,38,159,150,11,236,154,97,8,43,207,191,26,21,215,225,42,40,118,228,24,219,195,171,95,148,151,123,208,192,196,178,69,255,69,42,53,97,111,203,70,210,124,99,246,1739147416995,/dev/cu.usbmodem1413401
151,209,84,63,140,27,79,53,87,179,57,103,243,192,121,181,128,196,207,197,163,2,166,171,45,46,28,210,41,140,78,8,213,160,42,237,16,174,132,203,118,155,246,23,168,207,171,155,106,106,159,172,219,46,160,159,167,201,118,16,136,8,212,93,69,115,172,246,179,248,240,95,170,179,185,10,10,232,69,226,177,88,110,10,26,43,214,117,205,134,168,68,199,182,114,139,155,95,191,194,167,26,16,159,52,38,117,53,170,26,250,70,105,43,155,181,190,252,49,188,172,72,57,21,199,128,226,30,81,107,71,199,185,95,225,206,97,191,107,57,12,76,252,157,105,117,13,249,141,252,4,82,133,132,113,134,192,206,139,237,149,227,74,197,60,33,115,127,164,205,191,15,177,7,203,174,172,3,152,26,19,146,56,32,174,30,158,220,180,170,20,64,247,177,222,188,170,34,119,229,249,157,219,210,12,190,33,37,190,214,131,174,34,55,238,75,144,13,72,195,119,190,107,224,34,113,223,79,80,19,123,180,244,10,207,179,153,28,140,94,122,239,6,61,105,34,215,249,49,169,1739147416995,/dev/cu.usbmodem14124201
9,183,128,44,144,20,248,223,253,254,224,53,59,239,184,202,114,132,207,213,85,163,175,137,133,205,136,57,39,70,164,184,224,4,201,129,52,179,20,94,106,188,87,193,73,192,2,9,14,183,23,214,88,200,1,234,30,67,149,101,244,101,123,176,182,27,253,181,44,200,246,66,137,52,58,27,52,196,208,245,124,186,13,97,184,24,133,12,117,35,213,77,174,194,41,122,33,96,2,70,91,58,7,136,43,127,52,195,195,49,170,208,107,81,233,98,40,229,34,149,108,66,18,44,254,173,46,220,252,91,102,79,96,163,176,25,75,191,66,253,138,25,228,112,140,203,186,135,166,71,26,0,239,47,29,222,219,235,250,201,128,98,93,75,113,234,11,182,62,10,91,207,91,253,134,204,202,248,163,114,120,213,107,177,24,4,246,41,218,79,15,241,7,231,232,137,65,20,165,20,76,161,178,131,180,245,96,89,155,145,128,237,202,217,186,47,56,119,127,124,151,105,242,73,227,42,67,20,64,42,199,7,145,62,195,44,158,10,161,213,203,236,181,213,180,47,165,57,139,197,1739147416996,/dev/cu.usbmodem14124401
141,233,133,74,172,96,0,242,39,208,123,219,163,211,217,251,227,133,78,227,123,229,104,242,212,39,98,20,200,40,130,101,122,232,16,156,15,250,55,95,139,159,24,38,36,158,229,105,113,246,164,231,58,34,173,183,9,165,240,37,67,84,198,203,191,111,58,132,131,123,223,61,145,38,149,138,249,93,189,87,51,132,87,47,29,89,217,29,81,74,89,98,95,133,168,135,113,145,118,196,164,98,39,243,199,207,251,221,164,51,225,207,53,199,136,225,34,33,232,86,244,176,171,158,190,81,148,82,116,249,106,253,96,87,22,18,105,142,160,118,232,114,245,203,43,127,99,237,4,139,234,77,224,235,234,108,158,252,209,126,154,20,254,62,232,123,216,87,180,138,112,194,119,130,180,2,187,19,193,135,112,54,218,116,163,56,4,94,19,15,50,235,155,235,62,41,109,226,21,79,106,178,136,231,95,19,90,5,144,35,136,93,44,134,112,232,236,8,197,82,253,48,168,240,140,89,79,59,186,28,49,87,144,95,115,54,56,253,53,183,29,183,31,127,246,241,66,181,131,2,1739147416996,/dev/cu.usbmodem14124101
144,240,170,231,4,238,87,195,115,156,177,241,251,158,74,47,23,103,133,169,65,224,42,137,46,235,97,57,77,224,130,95,86,8,72,38,32,247,143,190,91,71,240,191,158,74,206,107,187,205,40,149,176,121,89,237,33,95,34,140,155,183,127,166,101,85,50,177,77,133,187,122,2,149,208,175,108,241,242,213,130,51,35,51,123,130,224,82,247,98,169,48,167,127,89,222,156,251,13,139,211,1,183,136,61,18,146,60,87,186,204,210,43,132,129,253,52,103,122,158,66,222,102,246,39,90,206,27,239,183,218,0,5,150,191,15,58,101,95,169,241,14,161,106,18,60,64,89,139,46,94,42,28,154,5,30,179,156,35,134,68,163,127,65,89,162,199,151,12,220,81,106,56,68,70,243,18,29,189,68,157,89,27,254,20,191,173,63,252,216,183,149,185,42,126,183,180,137,228,172,197,215,42,9,242,155,0,60,27,93,83,243,214,74,163,102,131,175,190,223,176,220,96,75,84,204,200,244,52,162,95,188,32,74,115,51,235,128,52,34,242,232,36,43,8,62,248,241,180,110,1739147416996,/dev/cu.usbmodem14124301
88,16,247,222,197,55,239,135,204,236,86,249,75,215,156,210,214,165,111,94,94,56,221,106,71,211,189,6,190,94,180,41,79,140,38,78,148,71,23,101,185,154,113,70,236,220,160,147,139,177,143,49,207,206,113,136,112,0,220,230,156,221,109,47,228,33,171,47,238,135,11,113,80,212,134,26,226,44,221,58,112,186,45,196,97,88,145,38,118,3,75,102,223,49,253,136,5,199,142,205,26,184,142,142,210,254,238,137,119,8,198,113,196,13,177,153,151,61,79,145,163,244,11,128,72,174,132,217,83,1,20,53,55,104,148,172,18,18,52,26,180,146,209,166,210,44,108,47,98,48,71,38,130,90,249,154,23,6,2,217,7,169,185,72,156,45,112,194,83,223,93,194,123,172,28,236,177,216,101,14,195,152,116,204,3,229,205,11,226,80,70,74,224,102,206,179,230,145,180,72,7,211,204,31,92,61,141,162,218,229,66,10,216,220,250,185,149,28,239,61,119,165,92,50,67,35,96,221,71,182,81,245,235,219,97,228,170,165,161,10,113,99,107,212,57,178,84,234,121,147,0,76,58,83,80,122,158,89,57,43,212,220,249,65,31,106,178,249,184,234,134,50,3,12,190,245,181,131,200,226,249,202,232,146,192,78,36,81,57,144,127,45,50,249,144,77,31,81,33,81,199,86,147,15,30,112,236,158,25,253,232,28,247,75,142,103,146,108,218,191,255,118,101,176,24,219,141,20,17,160,132,187,80,218,166,139,194,157,177,219,124,240,164,0,21,29,134,45,98,21,102,179,18,93,36,39,172,54,93,5,167,198,215,74,153,152,184,94,0,135,82,238,2,13,76,242,100,2,228,179,241,39,176,94,60,136,91,0,57,84,88,140,243,77,133,72,31,108,76,93,74,80,88,126,115,224,59,166,26,99,191,183,171,247,65,145,247,81,132,223,63,63,152,232,79,15,79,70,175,47,246,51,243,151,123,101,103,68,239,204,127,142,53,193,50,221,158,205,92,42,86,189,116,1,41,100,193,151,39,7,248,194,244,176,70,205,216,39,60,225,240,190,75,91,127,4,0,181,214,84,86,150,230,159,63,223,57,46,219,106,252,225,30,177,190,238,74,144,122,252,72,237,134,127,29,9,179,94,112,5,109,32,38,14,15,45,18,41,186,124,131,224,50,252,245,22,138,11,150,189,69,239,143,25,75,0,72,240,159,147,0,28,122,100,82,167,171,6,125,35,199,244,196,109,173,84,209,93,208,124,20,142,126,101,209,52,115,153,114,80,219,133,92,193,207,241,65,30,213,103,5,93,92,144,107,170,97,227,93,255,148,135,164,99,206,88,178,45,46,82,138,242,227,32,101,223,214,42,79,69,160,215,214,177,127,108,53,70,114,202,18,238,102,60,206,164,221,155,52,109,47,72,58,163,175,4,61,202,170,223,142,151,252,13,178,48,155,194,36,101,118,44,152,78,147,253,78,226,16,29,24,184,26,171,44,133,24,68,201,235,208,67,231,2,156,190,26,185,22,168,185,193,189,175,41,134,9,247,147,59,109,24,39,223,166,221,84,86,206,151,252,53,35,61,169,32,0,116,183,149,100,197,103,196,178,45,154,50,72,245,26,70,54,4,204,202,34,217,121,239,178,227,53,209,39,135,235,186,0,253,40,94,90,201,41,238,215,81,30,171,47,120,202,189,25,166,23,102,195,132,97,223,29,66,160,35,193,233,159,221,129,26,54,24,208,2,190,177,81,83,211,120,218,252,44,225,165,1,78,237,230,103,112,122,135,249,207,203,200,154,115,128,19,212,134,10,230,234,80,65,0,182,106,3,45,42,54,198,28,35,215,122,176,154,226,49,246,36,31,6,95,95,235,3,9,101,82,88,165,120,5,185,106,110,220,90,159,58,255,251,55,81,204,100,155,248,88,186,32,124,103,31,160,1,127,212,50,118,194,60,171,190,177,3,44,146,21,186,146,33,217,127,151,147,239,197,186,178,36,10,22,233,100,219,134,78,245,91,56,104,203,161,17,85,124,7,123,230,100,128,245,218,169,189,59,100,17,5,12,70,217,112,191,114,6,215,37,10,13,232,0,93,28,118,76,63,13,234,113,35,5,39,166,87,168,162,73,28,60,186,111,198,164,149,40,127,38,159,150,11,236,154,97,8,43,207,191,26,21,215,225,42,40,118,228,24,219,195,171,95,148,151,123,208,192,196,178,69,255,69,42,53,97,111,203,70,210,124,99,246,151,209,84,63,140,27,79,53,87,179,57,103,243,192,121,181,128,196,207,197,163,2,166,171,45,46,28,210,41,140,78,8,213,160,42,237,16,174,132,203,118,155,246,23,168,207,171,155,106,106,159,172,219,46,160,159,167,201,118,16,136,8,212,93,69,115,172,246,179,248,240,95,170,179,185,10,10,232,69,226,177,88,110,10,26,43,214,117,205,134,168,68,199,182,114,139,155,95,191,194,167,26,16,159,52,38,117,53,170,26,250,70,105,43,155,181,190,252,49,188,172,72,57,21,199,128,226,30,81,107,71,199,185,95,225,206,97,191,107,57,12,76,252,157,105,117,13,249,141,252,4,82,133,132,113,134,192,206,139,237,149,227,74,197,60,33,115,127,164,205,191,15,177,7,203,174,172,3,152,26,19,146,56,32,174,30,158,220,180,170,20,64,247,177,222,188,170,34,119,229,249,157,219,210,12,190,33,37,190,214,131,174,34,55,238,75,144,13,72,195,119,190,107,224,34,113,223,79,80,19,123,180,244,10,207,179,153,28,140,94,122,239,6,61,105,34,215,249,49,169,9,183,128,44,144,20,248,223,253,254,224,53,59,239,184,202,114,132,207,213,85,163,175,137,133,205,136,57,39,70,164,184,224,4,201,129,52,179,20,94,106,188,87,193,73,192,2,9,14,183,23,214,88,200,1,234,30,67,149,101,244,101,123,176,182,27,253,181,44,200,246,66,137,52,58,27,52,196,208,245,124,186,13,97,184,24,133,12,117,35,213,77,174,194,41,122,33,96,2,70,91,58,7,136,43,127,52,195,195,49,170,208,107,81,233,98,40,229,34,149,108,66,18,44,254,173,46,220,252,91,102,79,96,163,176,25,75,191,66,253,138,25,228,112,140,203,186,135,166,71,26,0,239,47,29,222,219,235,250,201,128,98,93,75,113,234,11,182,62,10,91,207,91,253,134,204,202,248,163,114,120,213,107,177,24,4,246,41,218,79,15,241,7,231,232,137,65,20,165,20,76,161,178,131,180,245,96,89,155,145,128,237,202,217,186,47,56,119,127,124,151,105,242,73,227,42,67,20,64,42,199,7,145,62,195,44,158,10,161,213,203,236,181,213,180,47,165,57,139,197,141,233,133,74,172,96,0,242,39,208,123,219,163,211,217,251,227,133,78,227,123,229,104,242,212,39,98,20,200,40,130,101,122,232,16,156,15,250,55,95,139,159,24,38,36,158,229,105,113,246,164,231,58,34,173,183,9,165,240,37,67,84,198,203,191,111,58,132,131,123,223,61,145,38,149,138,249,93,189,87,51,132,87,47,29,89,217,29,81,74,89,98,95,133,168,135,113,145,118,196,164,98,39,243,199,207,251,221,164,51,225,207,53,199,136,225,34,33,232,86,244,176,171,158,190,81,148,82,116,249,106,253,96,87,22,18,105,142,160,118,232,114,245,203,43,127,99,237,4,139,234,77,224,235,234,108,158,252,209,126,154,20,254,62,232,123,216,87,180,138,112,194,119,130,180,2,187,19,193,135,112,54,218,116,163,56,4,94,19,15,50,235,155,235,62,41,109,226,21,79,106,178,136,231,95,19,90,5,144,35,136,93,44,134,112,232,236,8,197,82,253,48,168,240,140,89,79,59,186,28,49,87,144,95,115,54,56,253,53,183,29,183,31,127,246,241,66,181,131,2,144,240,170,231,4,238,87,195,115,156,177,241,251,158,74,47,23,103,133,169,65,224,42,137,46,235,97,57,77,224,130,95,86,8,72,38,32,247,143,190,91,71,240,191,158,74,206,107,187,205,40,149,176,121,89,237,33,95,34,140,155,183,127,166,101,85,50,177,77,133,187,122,2,149,208,175,108,241,242,213,130,51,35,51,123,130,224,82,247,98,169,48,167,127,89,222,156,251,13,139,211,1,183,136,61,18,146,60,87,186,204,210,43,132,129,253,52,103,122,158,66,222,102,246,39,90,206,27,239,183,218,0,5,150,191,15,58,101,95,169,241,14,161,106,18,60,64,89,139,46,94,42,28,154,5,30,179,156,35,134,68,163,127,65,89,162,199,151,12,220,81,106,56,68,70,243,18,29,189,68,157,89,27,254,20,191,173,63,252,216,183,149,185,42,126,183,180,137,228,172,197,215,42,9,242,155,0,60,27,93,83,243,214,74,163,102,131,175,190,223,176,220,96,75,84,204,200,244,52,162,95,188,32,74,115,51,235,128,52,34,242,232,36,43,8,62,248,241,180,110,1739147416998,QBYTE | taboada
80,81,250,142,202,247,221,28,98,114,59,83,67,14,27,83,53,187,34,202,129,85,40,1,165,63,18,227,49,100,224,15,119,153,50,209,0,68,189,238,237,28,31,234,95,125,220,8,25,143,214,85,110,88,129,27,47,20,219,214,134,252,227,236,95,157,103,13,245,65,82,133,166,101,47,163,149,162,16,184,211,116,27,253,205,36,58,140,234,84,145,176,143,239,145,56,150,113,44,131,108,164,144,107,170,46,61,0,254,145,49,40,68,108,65,234,124,183,21,4,102,220,150,202,2,175,18,85,230,65,213,74,25,123,21,42,233,126,56,170,236,211,137,91,89,170,31,149,129,230,48,74,191,181,227,182,117,183,111,236,25,36,152,206,18,58,60,122,218,147,44,133,148,48,178,218,56,203,118,164,4,234,41,4,185,72,102,77,108,70,247,158,118,230,131,101,152,223,5,53,4,46,4,50,205,200,17,250,229,48,134,116,83,178,48,7,189,158,241,71,173,174,13,104,127,187,174,193,106,79,23,214,217,60,39,239,234,37,29,153,92,246,241,39,170,102,89,187,147,211,1739147418271,/dev/cu.usbmodem14201
0,93,46,73,200,206,190,120,127,164,67,131,137,52,216,145,34,207,166,222,150,177,113,157,43,127,242,169,78,38,250,207,67,20,157,69,50,77,129,74,172,238,251,131,142,70,22,80,42,208,23,244,170,244,115,176,148,254,245,15,93,180,127,98,192,72,241,224,82,110,50,46,64,165,245,214,98,211,185,254,85,90,201,81,127,204,100,151,199,220,4,39,220,220,58,133,92,1,154,79,116,29,18,140,254,202,132,202,141,248,121,47,248,112,129,25,166,164,192,87,254,177,4,170,28,229,251,203,60,114,86,77,185,176,66,183,18,172,107,16,196,100,121,23,89,85,127,55,252,52,190,120,73,153,38,27,153,186,25,114,192,228,0,42,129,85,211,162,4,134,245,86,165,123,209,176,139,201,214,102,238,210,230,44,31,199,52,225,76,201,235,227,172,187,166,66,255,28,115,200,4,72,20,219,143,9,246,103,207,225,195,242,124,236,137,204,133,253,214,126,255,215,76,199,91,70,197,255,171,7,112,149,135,149,61,174,236,161,105,154,71,127,240,8,22,158,209,94,101,63,1739147418271,/dev/cu.usbmodem1413101
2,146,77,249,207,243,98,192,89,137,55,203,111,196,189,125,216,119,156,252,133,118,113,145,21,179,107,157,114,236,196,122,149,11,37,131,163,206,237,22,134,131,96,78,12,46,78,73,33,42,243,36,35,232,36,28,173,162,90,156,211,137,5,216,68,220,6,218,250,229,64,35,167,255,90,176,227,165,103,237,175,17,128,217,23,226,65,96,7,88,48,233,189,173,88,216,234,140,157,181,246,102,56,86,210,220,31,148,156,29,140,82,65,172,247,127,45,146,228,13,176,174,70,199,248,201,185,59,39,59,229,111,220,132,112,45,138,114,204,33,168,7,210,205,211,164,48,210,8,166,33,49,247,160,207,121,107,214,57,9,248,202,175,96,204,175,169,3,160,93,230,132,207,9,87,3,77,134,162,75,239,150,36,101,125,99,116,69,67,249,254,198,37,158,25,117,161,121,0,188,203,102,174,211,121,57,78,66,31,160,122,15,50,91,102,118,131,27,219,211,226,167,101,108,189,84,142,113,43,132,153,115,145,196,13,124,126,60,227,42,72,134,20,201,95,197,210,134,232,86,1739147418271,/dev/cu.usbmodem1413201
52,248,80,207,53,2,171,105,143,1,107,150,132,251,177,154,110,114,123,244,191,11,86,139,213,129,20,92,252,73,58,245,124,162,68,173,16,120,80,89,188,154,152,75,4,49,172,73,209,22,139,108,132,38,175,35,206,15,218,1,173,22,25,112,172,78,102,36,177,161,49,64,164,67,34,90,62,74,107,105,95,50,226,148,35,148,187,13,242,134,224,194,245,249,106,166,203,129,212,231,3,70,134,203,82,9,205,137,192,190,174,229,40,30,147,35,192,132,213,138,98,204,20,14,100,218,123,108,154,210,146,175,54,204,245,107,239,71,81,227,199,228,197,235,42,63,98,148,69,155,125,250,158,113,27,6,32,10,53,104,128,79,49,165,4,83,18,161,127,210,136,77,196,246,166,31,60,85,99,109,162,22,179,226,21,215,104,17,164,69,14,55,176,122,31,218,234,73,98,156,233,200,81,222,32,77,3,140,80,1,227,233,189,193,64,242,52,53,138,206,112,241,27,27,205,109,83,119,163,126,171,205,128,68,69,81,123,195,244,72,159,169,27,145,70,105,196,24,88,1,1739147418271,/dev/cu.usbmodem1413401
145,2,40,202,43,65,222,234,88,24,172,37,196,129,234,196,216,106,133,175,172,179,69,5,226,172,84,149,49,128,245,168,122,197,165,218,154,224,28,248,107,191,224,11,234,39,47,59,156,50,22,84,82,109,152,187,252,233,242,142,59,213,85,214,12,198,41,219,79,20,78,229,39,176,107,235,202,178,108,78,140,11,230,182,97,13,62,136,144,41,181,57,81,52,75,58,75,179,178,222,180,149,118,123,221,77,175,97,165,3,50,204,105,181,207,56,109,21,249,30,136,51,211,109,13,44,205,103,188,37,247,65,217,228,192,249,22,134,70,20,125,184,235,129,130,28,189,248,161,61,202,126,232,175,205,156,208,103,168,177,255,180,169,197,249,145,22,161,100,149,139,222,178,242,105,111,225,103,123,156,121,180,92,234,126,206,67,158,224,174,6,162,58,194,128,145,27,21,139,38,252,101,207,52,182,4,248,166,116,18,75,145,180,69,156,243,224,243,174,116,249,39,206,227,126,52,124,9,194,160,43,33,146,188,152,150,206,1,100,155,203,178,220,153,96,203,189,125,215,120,1739147418271,/dev/cu.usbmodem14124201
161,18,198,108,130,123,242,9,244,61,110,115,95,225,35,218,51,52,120,35,191,165,159,89,244,175,167,113,132,112,154,139,157,234,29,184,213,98,187,17,34,51,191,13,183,243,158,109,35,144,230,184,184,113,208,47,63,159,87,22,155,244,21,196,227,16,247,82,182,66,158,10,181,198,206,208,41,158,141,128,255,152,198,224,92,201,102,42,173,13,105,79,182,6,207,163,46,42,241,130,196,217,129,184,10,179,44,105,25,162,77,127,1,216,158,142,98,194,14,8,7,86,238,55,32,112,160,139,238,233,39,178,205,124,112,12,22,164,56,111,34,154,48,79,74,103,4,39,135,39,93,196,211,213,240,116,54,131,153,92,111,168,213,153,123,182,53,81,177,97,70,223,62,123,72,40,254,173,30,26,47,239,25,239,58,25,160,92,215,30,138,240,104,68,254,97,129,36,28,23,0,164,9,181,44,162,163,255,118,221,78,154,143,208,93,93,137,33,106,245,59,27,236,167,128,162,56,35,171,224,167,148,201,233,26,50,139,248,155,96,127,168,191,184,96,150,196,226,24,79,1739147418272,/dev/cu.usbmodem14124401
38,134,38,20,74,213,104,82,89,199,213,55,208,72,215,145,89,211,202,226,36,111,254,85,191,53,91,53,15,98,179,132,183,77,12,34,59,231,195,151,255,88,212,10,147,18,167,171,192,201,100,80,114,64,79,98,121,37,139,25,41,226,129,166,228,200,251,47,8,85,11,192,139,94,118,84,111,220,223,255,199,120,120,161,83,142,26,98,32,27,72,167,112,204,113,117,6,80,223,221,237,83,245,186,114,86,92,123,134,147,39,200,93,152,212,121,41,6,194,231,167,33,141,169,157,62,4,220,9,101,242,131,68,255,228,35,73,38,116,105,127,146,220,238,41,15,46,160,6,91,176,94,161,214,119,216,59,237,223,212,221,216,13,101,219,0,238,152,21,60,45,55,109,243,234,190,42,20,225,204,206,143,188,239,45,46,38,9,173,152,122,19,216,169,124,76,216,106,196,120,132,34,227,141,229,103,31,240,52,116,32,191,28,228,62,214,84,219,113,233,44,63,135,230,174,177,82,179,67,228,194,244,51,82,232,3,222,124,103,206,33,116,245,116,135,205,235,243,99,51,1739147418272,/dev/cu.usbmodem14124101
57,195,63,144,88,247,88,238,77,164,194,38,188,245,73,135,0,9,25,23,104,160,14,129,136,83,241,249,126,155,61,94,246,213,52,170,192,59,163,24,177,241,111,104,179,177,194,39,58,244,95,148,203,56,189,84,61,201,100,103,252,43,167,222,56,148,19,12,222,46,194,64,200,255,19,205,220,240,243,0,57,173,21,103,217,17,163,211,80,169,99,22,80,151,101,18,137,10,245,21,172,57,195,132,168,196,103,24,254,31,68,237,214,180,220,26,143,82,223,72,224,43,52,22,39,214,22,134,108,218,64,237,33,133,31,25,213,58,164,137,16,11,150,64,0,86,220,201,46,202,230,163,123,41,1,122,13,105,63,110,220,66,7,40,182,189,2,76,151,170,20,250,238,228,231,77,95,60,154,225,101,37,17,48,112,223,45,119,55,199,250,189,244,206,63,65,243,15,203,61,32,172,68,118,26,99,195,198,122,153,167,41,226,232,122,234,83,212,162,57,47,18,0,219,177,70,199,246,161,185,232,0,231,174,245,221,79,6,113,238,183,234,1,244,96,148,226,84,202,82,1739147418272,/dev/cu.usbmodem14124301
80,81,250,142,202,247,221,28,98,114,59,83,67,14,27,83,53,187,34,202,129,85,40,1,165,63,18,227,49,100,224,15,119,153,50,209,0,68,189,238,237,28,31,234,95,125,220,8,25,143,214,85,110,88,129,27,47,20,219,214,134,252,227,236,95,157,103,13,245,65,82,133,166,101,47,163,149,162,16,184,211,116,27,253,205,36,58,140,234,84,145,176,143,239,145,56,150,113,44,131,108,164,144,107,170,46,61,0,254,145,49,40,68,108,65,234,124,183,21,4,102,220,150,202,2,175,18,85,230,65,213,74,25,123,21,42,233,126,56,170,236,211,137,91,89,170,31,149,129,230,48,74,191,181,227,182,117,183,111,236,25,36,152,206,18,58,60,122,218,147,44,133,148,48,178,218,56,203,118,164,4,234,41,4,185,72,102,77,108,70,247,158,118,230,131,101,152,223,5,53,4,46,4,50,205,200,17,250,229,48,134,116,83,178,48,7,189,158,241,71,173,174,13,104,127,187,174,193,106,79,23,214,217,60,39,239,234,37,29,153,92,246,241,39,170,102,89,187,147,211,0,93,46,73,200,206,190,120,127,164,67,131,137,52,216,145,34,207,166,222,150,177,113,157,43,127,242,169,78,38,250,207,67,20,157,69,50,77,129,74,172,238,251,131,142,70,22,80,42,208,23,244,170,244,115,176,148,254,245,15,93,180,127,98,192,72,241,224,82,110,50,46,64,165,245,214,98,211,185,254,85,90,201,81,127,204,100,151,199,220,4,39,220,220,58,133,92,1,154,79,116,29,18,140,254,202,132,202,141,248,121,47,248,112,129,25,166,164,192,87,254,177,4,170,28,229,251,203,60,114,86,77,185,176,66,183,18,172,107,16,196,100,121,23,89,85,127,55,252,52,190,120,73,153,38,27,153,186,25,114,192,228,0,42,129,85,211,162,4,134,245,86,165,123,209,176,139,201,214,102,238,210,230,44,31,199,52,225,76,201,235,227,172,187,166,66,255,28,115,200,4,72,20,219,143,9,246,103,207,225,195,242,124,236,137,204,133,253,214,126,255,215,76,199,91,70,197,255,171,7,112,149,135,149,61,174,236,161,105,154,71,127,240,8,22,158,209,94,101,63,2,146,77,249,207,243,98,192,89,137,55,203,111,196,189,125,216,119,156,252,133,118,113,145,21,179,107,157,114,236,196,122,149,11,37,131,163,206,237,22,134,131,96,78,12,46,78,73,33,42,243,36,35,232,36,28,173,162,90,156,211,137,5,216,68,220,6,218,250,229,64,35,167,255,90,176,227,165,103,237,175,17,128,217,23,226,65,96,7,88,48,233,189,173,88,216,234,140,157,181,246,102,56,86,210,220,31,148,156,29,140,82,65,172,247,127,45,146,228,13,176,174,70,199,248,201,185,59,39,59,229,111,220,132,112,45,138,114,204,33,168,7,210,205,211,164,48,210,8,166,33,49,247,160,207,121,107,214,57,9,248,202,175,96,204,175,169,3,160,93,230,132,207,9,87,3,77,134,162,75,239,150,36,101,125,99,116,69,67,249,254,198,37,158,25,117,161,121,0,188,203,102,174,211,121,57,78,66,31,160,122,15,50,91,102,118,131,27,219,211,226,167,101,108,189,84,142,113,43,132,153,115,145,196,13,124,126,60,227,42,72,134,20,201,95,197,210,134,232,86,52,248,80,207,53,2,171,105,143,1,107,150,132,251,177,154,110,114,123,244,191,11,86,139,213,129,20,92,252,73,58,245,124,162,68,173,16,120,80,89,188,154,152,75,4,49,172,73,209,22,139,108,132,38,175,35,206,15,218,1,173,22,25,112,172,78,102,36,177,161,49,64,164,67,34,90,62,74,107,105,95,50,226,148,35,148,187,13,242,134,224,194,245,249,106,166,203,129,212,231,3,70,134,203,82,9,205,137,192,190,174,229,40,30,147,35,192,132,213,138,98,204,20,14,100,218,123,108,154,210,146,175,54,204,245,107,239,71,81,227,199,228,197,235,42,63,98,148,69,155,125,250,158,113,27,6,32,10,53,104,128,79,49,165,4,83,18,161,127,210,136,77,196,246,166,31,60,85,99,109,162,22,179,226,21,215,104,17,164,69,14,55,176,122,31,218,234,73,98,156,233,200,81,222,32,77,3,140,80,1,227,233,189,193,64,242,52,53,138,206,112,241,27,27,205,109,83,119,163,126,171,205,128,68,69,81,123,195,244,72,159,169,27,145,70,105,196,24,88,1,145,2,40,202,43,65,222,234,88,24,172,37,196,129,234,196,216,106,133,175,172,179,69,5,226,172,84,149,49,128,245,168,122,197,165,218,154,224,28,248,107,191,224,11,234,39,47,59,156,50,22,84,82,109,152,187,252,233,242,142,59,213,85,214,12,198,41,219,79,20,78,229,39,176,107,235,202,178,108,78,140,11,230,182,97,13,62,136,144,41,181,57,81,52,75,58,75,179,178,222,180,149,118,123,221,77,175,97,165,3,50,204,105,181,207,56,109,21,249,30,136,51,211,109,13,44,205,103,188,37,247,65,217,228,192,249,22,134,70,20,125,184,235,129,130,28,189,248,161,61,202,126,232,175,205,156,208,103,168,177,255,180,169,197,249,145,22,161,100,149,139,222,178,242,105,111,225,103,123,156,121,180,92,234,126,206,67,158,224,174,6,162,58,194,128,145,27,21,139,38,252,101,207,52,182,4,248,166,116,18,75,145,180,69,156,243,224,243,174,116,249,39,206,227,126,52,124,9,194,160,43,33,146,188,152,150,206,1,100,155,203,178,220,153,96,203,189,125,215,120,161,18,198,108,130,123,242,9,244,61,110,115,95,225,35,218,51,52,120,35,191,165,159,89,244,175,167,113,132,112,154,139,157,234,29,184,213,98,187,17,34,51,191,13,183,243,158,109,35,144,230,184,184,113,208,47,63,159,87,22,155,244,21,196,227,16,247,82,182,66,158,10,181,198,206,208,41,158,141,128,255,152,198,224,92,201,102,42,173,13,105,79,182,6,207,163,46,42,241,130,196,217,129,184,10,179,44,105,25,162,77,127,1,216,158,142,98,194,14,8,7,86,238,55,32,112,160,139,238,233,39,178,205,124,112,12,22,164,56,111,34,154,48,79,74,103,4,39,135,39,93,196,211,213,240,116,54,131,153,92,111,168,213,153,123,182,53,81,177,97,70,223,62,123,72,40,254,173,30,26,47,239,25,239,58,25,160,92,215,30,138,240,104,68,254,97,129,36,28,23,0,164,9,181,44,162,163,255,118,221,78,154,143,208,93,93,137,33,106,245,59,27,236,167,128,162,56,35,171,224,167,148,201,233,26,50,139,248,155,96,127,168,191,184,96,150,196,226,24,79,38,134,38,20,74,213,104,82,89,199,213,55,208,72,215,145,89,211,202,226,36,111,254,85,191,53,91,53,15,98,179,132,183,77,12,34,59,231,195,151,255,88,212,10,147,18,167,171,192,201,100,80,114,64,79,98,121,37,139,25,41,226,129,166,228,200,251,47,8,85,11,192,139,94,118,84,111,220,223,255,199,120,120,161,83,142,26,98,32,27,72,167,112,204,113,117,6,80,223,221,237,83,245,186,114,86,92,123,134,147,39,200,93,152,212,121,41,6,194,231,167,33,141,169,157,62,4,220,9,101,242,131,68,255,228,35,73,38,116,105,127,146,220,238,41,15,46,160,6,91,176,94,161,214,119,216,59,237,223,212,221,216,13,101,219,0,238,152,21,60,45,55,109,243,234,190,42,20,225,204,206,143,188,239,45,46,38,9,173,152,122,19,216,169,124,76,216,106,196,120,132,34,227,141,229,103,31,240,52,116,32,191,28,228,62,214,84,219,113,233,44,63,135,230,174,177,82,179,67,228,194,244,51,82,232,3,222,124,103,206,33,116,245,116,135,205,235,243,99,51,57,195,63,144,88,247,88,238,77,164,194,38,188,245,73,135,0,9,25,23,104,160,14,129,136,83,241,249,126,155,61,94,246,213,52,170,192,59,163,24,177,241,111,104,179,177,194,39,58,244,95,148,203,56,189,84,61,201,100,103,252,43,167,222,56,148,19,12,222,46,194,64,200,255,19,205,220,240,243,0,57,173,21,103,217,17,163,211,80,169,99,22,80,151,101,18,137,10,245,21,172,57,195,132,168,196,103,24,254,31,68,237,214,180,220,26,143,82,223,72,224,43,52,22,39,214,22,134,108,218,64,237,33,133,31,25,213,58,164,137,16,11,150,64,0,86,220,201,46,202,230,163,123,41,1,122,13,105,63,110,220,66,7,40,182,189,2,76,151,170,20,250,238,228,231,77,95,60,154,225,101,37,17,48,112,223,45,119,55,199,250,189,244,206,63,65,243,15,203,61,32,172,68,118,26,99,195,198,122,153,167,41,226,232,122,234,83,212,162,57,47,18,0,219,177,70,199,246,161,185,232,0,231,174,245,221,79,6,113,238,183,234,1,244,96,148,226,84,202,82,1739147418274,QBYTE | volk
155,166,77,198,40,19,0,217,2,92,87,194,115,35,179,245,93,129,134,101,2,8,78,49,244,47,145,109,71,190,138,188,103,126,210,118,12,173,240,14,103,144,52,137,119,169,226,185,245,103,240,5,91,107,214,213,189,108,132,114,237,1,122,2,148,165,255,156,2,242,9,87,181,65,169,213,151,148,231,177,248,107,115,44,153,42,81,115,179,245,26,115,78,193,210,209,182,209,231,64,184,1,170,124,133,225,205,173,62,45,185,208,14,17,136,36,182,99,135,125,81,101,74,172,35,231,5,182,133,161,81,156,18,191,188,250,21,186,46,212,237,98,2,88,219,222,59,157,190,182,21,61,142,118,9,128,31,147,126,7,13,105,214,167,150,200,172,231,27,6,235,62,109,208,236,218,210,60,102,113,189,139,11,225,27,190,243,88,176,45,215,103,118,118,126,103,181,39,94,85,28,11,233,245,114,133,51,22,224,63,248,227,230,136,171,119,175,81,242,29,116,82,136,209,250,48,153,174,158,128,207,51,73,112,148,201,197,230,221,89,197,186,184,75,122,231,33,137,153,118,1739147419337,/dev/cu.usbmodem14201
23,46,177,160,160,33,155,254,17,52,132,197,254,136,199,48,118,6,49,203,96,49,172,168,118,76,91,192,241,23,108,240,160,218,179,13,223,72,216,252,234,40,198,81,171,245,140,161,162,203,130,181,245,9,240,66,57,103,89,78,117,194,51,154,199,25,152,161,187,55,91,53,32,26,103,62,71,3,237,20,126,64,80,234,139,141,46,199,16,136,140,176,109,68,227,111,42,105,53,139,114,130,7,44,30,94,151,178,121,46,249,69,145,95,70,215,142,113,223,15,81,144,144,209,153,181,251,211,176,53,10,144,244,119,184,131,147,34,1,238,178,242,87,178,35,93,239,134,131,238,47,83,77,106,2,163,20,112,141,73,201,43,1,194,241,199,57,102,10,186,162,104,45,193,252,68,4,194,159,104,134,163,212,131,219,59,104,127,187,115,189,115,232,146,109,41,167,59,79,125,45,35,173,159,107,57,100,45,192,16,45,184,71,86,211,168,110,235,161,245,236,238,220,124,74,106,87,116,250,127,203,253,44,122,202,239,210,14,178,4,245,105,133,168,198,223,102,50,66,142,1739147419338,/dev/cu.usbmodem1413101
227,107,139,37,135,125,255,240,104,227,101,93,25,156,142,243,212,216,212,59,169,254,143,124,163,174,7,28,156,145,159,86,192,16,100,119,106,82,17,45,36,44,151,214,79,161,218,73,99,29,41,111,138,197,111,29,244,157,234,175,72,12,75,43,113,202,64,209,81,208,37,107,37,14,89,203,223,128,246,9,237,121,148,132,186,121,107,254,27,171,20,189,56,7,17,69,3,158,109,34,14,169,79,164,58,229,238,128,51,77,253,206,134,194,141,69,225,78,153,243,143,121,169,118,212,21,91,178,194,221,41,96,117,68,159,14,163,22,28,34,53,175,210,17,70,91,142,112,229,147,109,69,101,126,89,27,127,24,162,76,54,29,14,236,99,82,212,211,199,16,214,122,238,103,130,79,6,237,163,13,104,43,18,11,114,167,208,247,175,60,40,236,221,92,194,18,227,213,6,32,157,232,196,151,251,74,152,182,131,94,233,123,5,92,134,12,181,127,123,29,91,209,52,129,27,85,183,34,146,215,30,241,35,180,197,227,236,124,121,116,72,66,187,169,73,121,185,247,174,168,1739147419338,/dev/cu.usbmodem1413201
151,207,49,127,89,188,30,33,37,212,22,140,189,60,222,171,29,37,49,225,174,120,169,21,53,48,243,33,225,146,51,108,68,56,99,189,238,145,116,134,46,183,226,0,221,179,78,84,247,200,5,203,114,128,100,119,236,64,216,153,161,230,220,89,66,188,87,40,43,74,99,109,92,74,154,148,125,137,138,190,38,91,7,48,197,72,82,68,57,53,232,239,11,11,108,117,167,212,100,186,57,43,77,254,210,209,15,159,194,64,179,89,85,124,196,223,76,152,102,20,84,167,175,193,90,96,168,128,240,229,71,149,134,234,160,180,48,192,57,212,118,79,22,192,101,217,95,160,155,162,34,60,246,29,8,133,204,106,81,63,79,20,226,56,222,138,5,29,104,80,195,62,18,249,8,241,162,81,94,202,67,211,234,60,124,12,32,141,138,46,102,124,29,74,224,119,140,35,73,195,48,80,101,192,243,234,255,38,108,90,75,26,156,243,208,24,203,83,98,23,54,107,173,211,140,193,192,42,176,130,153,35,23,109,246,61,112,152,191,179,133,37,39,178,207,169,66,41,15,159,1739147419338,/dev/cu.usbmodem1413401
8,141,58,250,45,9,98,220,38,177,104,63,219,96,246,74,229,196,150,83,230,79,191,104,172,170,255,120,210,167,248,8,107,4,252,123,19,232,239,51,92,89,110,44,15,176,38,133,19,159,2,85,247,210,32,78,162,88,229,49,207,40,23,198,228,66,220,231,248,70,165,232,173,253,189,186,136,126,218,236,164,50,39,168,167,238,241,42,144,216,243,143,83,65,88,63,158,137,212,50,199,213,45,150,88,220,192,220,69,161,210,211,146,26,188,128,0,217,178,172,105,203,185,100,193,121,185,113,39,149,36,226,208,214,206,200,166,222,69,201,98,196,68,53,147,254,253,119,77,66,183,107,186,178,124,196,2,24,219,59,195,164,236,213,14,83,214,34,136,119,6,68,197,75,201,105,77,162,77,22,56,153,106,242,2,29,99,5,94,57,108,201,99,198,184,194,6,119,125,226,12,229,173,22,186,2,142,203,23,92,218,28,201,130,22,199,162,67,108,69,5,107,137,174,77,6,91,3,169,141,48,53,199,126,67,174,43,66,178,20,0,90,233,229,61,217,51,25,99,116,1739147419338,/dev/cu.usbmodem14124201
137,82,193,25,26,136,143,155,70,24,33,78,248,224,211,73,130,143,94,51,20,152,74,5,40,213,209,39,198,37,6,255,11,231,147,12,71,195,249,61,251,183,250,244,143,4,49,50,153,230,206,68,85,227,155,25,6,68,219,105,223,74,130,249,228,255,247,130,216,216,204,169,210,110,179,199,127,248,95,47,196,253,54,240,194,178,169,249,182,247,12,254,160,42,128,128,61,62,149,192,175,100,7,77,143,59,9,167,232,13,23,10,142,71,39,171,126,4,129,237,55,252,132,29,167,2,125,80,142,63,133,26,193,50,19,221,27,170,115,187,78,235,154,74,47,75,159,97,230,133,2,162,153,16,130,108,222,206,187,184,76,37,134,2,214,197,212,50,91,159,184,157,230,224,204,174,8,63,199,218,240,114,221,22,227,251,133,129,56,239,84,12,29,85,123,113,185,203,102,250,49,178,238,215,206,33,224,6,116,58,68,247,220,216,98,156,129,252,44,58,68,28,103,154,198,70,223,116,31,150,5,221,203,81,58,48,103,181,11,62,109,173,118,85,57,202,120,252,196,152,1739147419338,/dev/cu.usbmodem14124401
40,28,29,179,172,45,195,12,200,173,131,80,251,154,59,190,48,146,183,137,120,10,224,187,81,212,142,78,84,248,224,205,212,224,118,4,221,229,103,28,163,22,206,58,148,198,228,118,137,17,73,163,77,19,55,211,136,148,1,126,172,0,65,84,7,153,85,69,163,13,126,114,111,133,244,173,223,199,79,6,24,199,90,182,217,222,131,183,61,202,212,156,192,64,0,216,64,228,166,8,218,170,106,171,242,148,250,160,93,239,23,35,233,151,226,245,144,70,31,8,13,39,157,94,155,160,142,112,100,238,74,160,12,110,149,228,216,15,98,76,145,80,143,249,30,227,29,234,24,36,170,62,145,218,37,182,178,67,2,98,139,25,110,131,197,127,108,229,67,34,184,56,194,248,145,203,160,182,10,194,208,55,186,153,146,68,243,50,173,91,250,209,182,42,112,108,87,110,31,243,43,186,49,107,32,217,240,6,117,85,97,41,68,208,87,106,174,120,71,195,244,105,68,211,169,59,178,123,155,129,22,69,102,65,125,227,6,171,162,173,164,144,61,63,47,24,225,201,115,174,1739147419339,/dev/cu.usbmodem14124101
63,34,90,82,189,178,22,47,215,16,111,60,224,89,243,17,84,69,209,42,97,151,195,157,247,9,246,230,35,67,70,87,195,43,147,53,209,218,98,166,64,166,61,23,118,190,235,211,80,44,222,222,173,86,202,185,121,213,106,62,158,99,198,173,21,175,131,64,87,76,9,198,89,126,180,91,164,75,14,93,15,102,65,150,66,245,85,116,121,23,13,227,186,78,11,74,92,176,26,39,166,139,111,191,106,63,57,46,32,14,167,163,61,101,68,69,43,238,204,13,195,35,16,23,242,18,213,15,7,245,155,137,141,179,72,208,44,215,183,67,94,151,244,26,98,184,192,237,59,122,83,97,68,20,12,110,186,176,87,33,107,22,20,143,108,208,173,185,129,52,13,134,149,69,166,211,49,74,65,101,95,19,155,225,225,92,52,127,215,221,255,76,15,94,252,142,249,199,172,131,76,203,132,135,111,152,245,137,75,181,110,36,217,217,51,237,109,125,201,173,49,247,164,31,156,160,50,237,151,186,11,44,13,157,134,96,49,188,16,253,181,196,173,162,13,97,194,189,221,207,1739147419339,/dev/cu.usbmodem14124301
155,166,77,198,40,19,0,217,2,92,87,194,115,35,179,245,93,129,134,101,2,8,78,49,244,47,145,109,71,190,138,188,103,126,210,118,12,173,240,14,103,144,52,137,119,169,226,185,245,103,240,5,91,107,214,213,189,108,132,114,237,1,122,2,148,165,255,156,2,242,9,87,181,65,169,213,151,148,231,177,248,107,115,44,153,42,81,115,179,245,26,115,78,193,210,209,182,209,231,64,184,1,170,124,133,225,205,173,62,45,185,208,14,17,136,36,182,99,135,125,81,101,74,172,35,231,5,182,133,161,81,156,18,191,188,250,21,186,46,212,237,98,2,88,219,222,59,157,190,182,21,61,142,118,9,128,31,147,126,7,13,105,214,167,150,200,172,231,27,6,235,62,109,208,236,218,210,60,102,113,189,139,11,225,27,190,243,88,176,45,215,103,118,118,126,103,181,39,94,85,28,11,233,245,114,133,51,22,224,63,248,227,230,136,171,119,175,81,242,29,116,82,136,209,250,48,153,174,158,128,207,51,73,112,148,201,197,230,221,89,197,186,184,75,122,231,33,137,153,118,23,46,177,160,160,33,155,254,17,52,132,197,254,136,199,48,118,6,49,203,96,49,172,168,118,76,91,192,241,23,108,240,160,218,179,13,223,72,216,252,234,40,198,81,171,245,140,161,162,203,130,181,245,9,240,66,57,103,89,78,117,194,51,154,199,25,152,161,187,55,91,53,32,26,103,62,71,3,237,20,126,64,80,234,139,141,46,199,16,136,140,176,109,68,227,111,42,105,53,139,114,130,7,44,30,94,151,178,121,46,249,69,145,95,70,215,142,113,223,15,81,144,144,209,153,181,251,211,176,53,10,144,244,119,184,131,147,34,1,238,178,242,87,178,35,93,239,134,131,238,47,83,77,106,2,163,20,112,141,73,201,43,1,194,241,199,57,102,10,186,162,104,45,193,252,68,4,194,159,104,134,163,212,131,219,59,104,127,187,115,189,115,232,146,109,41,167,59,79,125,45,35,173,159,107,57,100,45,192,16,45,184,71,86,211,168,110,235,161,245,236,238,220,124,74,106,87,116,250,127,203,253,44,122,202,239,210,14,178,4,245,105,133,168,198,223,102,50,66,142,227,107,139,37,135,125,255,240,104,227,101,93,25,156,142,243,212,216,212,59,169,254,143,124,163,174,7,28,156,145,159,86,192,16,100,119,106,82,17,45,36,44,151,214,79,161,218,73,99,29,41,111,138,197,111,29,244,157,234,175,72,12,75,43,113,202,64,209,81,208,37,107,37,14,89,203,223,128,246,9,237,121,148,132,186,121,107,254,27,171,20,189,56,7,17,69,3,158,109,34,14,169,79,164,58,229,238,128,51,77,253,206,134,194,141,69,225,78,153,243,143,121,169,118,212,21,91,178,194,221,41,96,117,68,159,14,163,22,28,34,53,175,210,17,70,91,142,112,229,147,109,69,101,126,89,27,127,24,162,76,54,29,14,236,99,82,212,211,199,16,214,122,238,103,130,79,6,237,163,13,104,43,18,11,114,167,208,247,175,60,40,236,221,92,194,18,227,213,6,32,157,232,196,151,251,74,152,182,131,94,233,123,5,92,134,12,181,127,123,29,91,209,52,129,27,85,183,34,146,215,30,241,35,180,197,227,236,124,121,116,72,66,187,169,73,121,185,247,174,168,151,207,49,127,89,188,30,33,37,212,22,140,189,60,222,171,29,37,49,225,174,120,169,21,53,48,243,33,225,146,51,108,68,56,99,189,238,145,116,134,46,183,226,0,221,179,78,84,247,200,5,203,114,128,100,119,236,64,216,153,161,230,220,89,66,188,87,40,43,74,99,109,92,74,154,148,125,137,138,190,38,91,7,48,197,72,82,68,57,53,232,239,11,11,108,117,167,212,100,186,57,43,77,254,210,209,15,159,194,64,179,89,85,124,196,223,76,152,102,20,84,167,175,193,90,96,168,128,240,229,71,149,134,234,160,180,48,192,57,212,118,79,22,192,101,217,95,160,155,162,34,60,246,29,8,133,204,106,81,63,79,20,226,56,222,138,5,29,104,80,195,62,18,249,8,241,162,81,94,202,67,211,234,60,124,12,32,141,138,46,102,124,29,74,224,119,140,35,73,195,48,80,101,192,243,234,255,38,108,90,75,26,156,243,208,24,203,83,98,23,54,107,173,211,140,193,192,42,176,130,153,35,23,109,246,61,112,152,191,179,133,37,39,178,207,169,66,41,15,159,8,141,58,250,45,9,98,220,38,177,104,63,219,96,246,74,229,196,150,83,230,79,191,104,172,170,255,120,210,167,248,8,107,4,252,123,19,232,239,51,92,89,110,44,15,176,38,133,19,159,2,85,247,210,32,78,162,88,229,49,207,40,23,198,228,66,220,231,248,70,165,232,173,253,189,186,136,126,218,236,164,50,39,168,167,238,241,42,144,216,243,143,83,65,88,63,158,137,212,50,199,213,45,150,88,220,192,220,69,161,210,211,146,26,188,128,0,217,178,172,105,203,185,100,193,121,185,113,39,149,36,226,208,214,206,200,166,222,69,201,98,196,68,53,147,254,253,119,77,66,183,107,186,178,124,196,2,24,219,59,195,164,236,213,14,83,214,34,136,119,6,68,197,75,201,105,77,162,77,22,56,153,106,242,2,29,99,5,94,57,108,201,99,198,184,194,6,119,125,226,12,229,173,22,186,2,142,203,23,92,218,28,201,130,22,199,162,67,108,69,5,107,137,174,77,6,91,3,169,141,48,53,199,126,67,174,43,66,178,20,0,90,233,229,61,217,51,25,99,116,137,82,193,25,26,136,143,155,70,24,33,78,248,224,211,73,130,143,94,51,20,152,74,5,40,213,209,39,198,37,6,255,11,231,147,12,71,195,249,61,251,183,250,244,143,4,49,50,153,230,206,68,85,227,155,25,6,68,219,105,223,74,130,249,228,255,247,130,216,216,204,169,210,110,179,199,127,248,95,47,196,253,54,240,194,178,169,249,182,247,12,254,160,42,128,128,61,62,149,192,175,100,7,77,143,59,9,167,232,13,23,10,142,71,39,171,126,4,129,237,55,252,132,29,167,2,125,80,142,63,133,26,193,50,19,221,27,170,115,187,78,235,154,74,47,75,159,97,230,133,2,162,153,16,130,108,222,206,187,184,76,37,134,2,214,197,212,50,91,159,184,157,230,224,204,174,8,63,199,218,240,114,221,22,227,251,133,129,56,239,84,12,29,85,123,113,185,203,102,250,49,178,238,215,206,33,224,6,116,58,68,247,220,216,98,156,129,252,44,58,68,28,103,154,198,70,223,116,31,150,5,221,203,81,58,48,103,181,11,62,109,173,118,85,57,202,120,252,196,152,40,28,29,179,172,45,195,12,200,173,131,80,251,154,59,190,48,146,183,137,120,10,224,187,81,212,142,78,84,248,224,205,212,224,118,4,221,229,103,28,163,22,206,58,148,198,228,118,137,17,73,163,77,19,55,211,136,148,1,126,172,0,65,84,7,153,85,69,163,13,126,114,111,133,244,173,223,199,79,6,24,199,90,182,217,222,131,183,61,202,212,156,192,64,0,216,64,228,166,8,218,170,106,171,242,148,250,160,93,239,23,35,233,151,226,245,144,70,31,8,13,39,157,94,155,160,142,112,100,238,74,160,12,110,149,228,216,15,98,76,145,80,143,249,30,227,29,234,24,36,170,62,145,218,37,182,178,67,2,98,139,25,110,131,197,127,108,229,67,34,184,56,194,248,145,203,160,182,10,194,208,55,186,153,146,68,243,50,173,91,250,209,182,42,112,108,87,110,31,243,43,186,49,107,32,217,240,6,117,85,97,41,68,208,87,106,174,120,71,195,244,105,68,211,169,59,178,123,155,129,22,69,102,65,125,227,6,171,162,173,164,144,61,63,47,24,225,201,115,174,63,34,90,82,189,178,22,47,215,16,111,60,224,89,243,17,84,69,209,42,97,151,195,157,247,9,246,230,35,67,70,87,195,43,147,53,209,218,98,166,64,166,61,23,118,190,235,211,80,44,222,222,173,86,202,185,121,213,106,62,158,99,198,173,21,175,131,64,87,76,9,198,89,126,180,91,164,75,14,93,15,102,65,150,66,245,85,116,121,23,13,227,186,78,11,74,92,176,26,39,166,139,111,191,106,63,57,46,32,14,167,163,61,101,68,69,43,238,204,13,195,35,16,23,242,18,213,15,7,245,155,137,141,179,72,208,44,215,183,67,94,151,244,26,98,184,192,237,59,122,83,97,68,20,12,110,186,176,87,33,107,22,20,143,108,208,173,185,129,52,13,134,149,69,166,211,49,74,65,101,95,19,155,225,225,92,52,127,215,221,255,76,15,94,252,142,249,199,172,131,76,203,132,135,111,152,245,137,75,181,110,36,217,217,51,237,109,125,201,173,49,247,164,31,156,160,50,237,151,186,11,44,13,157,134,96,49,188,16,253,181,196,173,162,13,97,194,189,221,207,1739147419340,QBYTE | sprawls
28,234,124,89,112,59,184,235,95,25,46,163,6,122,78,68,75,186,157,25,78,17,103,64,248,247,134,30,102,10,101,72,125,192,54,249,56,151,34,101,36,234,112,132,158,109,89,119,149,161,7,106,105,127,244,51,21,220,64,110,248,76,11,13,52,99,102,127,142,185,35,152,80,187,38,35,247,117,96,148,72,177,19,247,50,162,25,47,8,221,210,15,225,165,242,36,231,127,177,173,55,4,119,192,155,247,113,68,112,148,204,86,208,188,186,218,115,74,94,110,82,191,182,71,99,113,219,107,48,111,246,150,128,117,173,253,237,170,37,98,129,35,194,67,218,62,23,48,238,30,195,232,57,104,236,174,66,27,237,157,37,216,231,110,45,24,3,184,23,49,1,138,131,71,100,115,206,20,31,198,21,128,102,185,136,173,132,189,156,200,208,141,42,251,154,195,199,72,249,79,77,33,120,2,89,74,39,155,235,205,143,19,252,80,213,64,185,218,175,191,28,182,238,154,182,239,62,240,0,78,119,16,148,16,71,235,203,254,196,41,49,192,63,100,15,40,245,229,193,254,1739147420403,/dev/cu.usbmodem14201
187,216,54,64,132,51,88,239,212,41,255,16,86,75,40,254,74,220,218,255,236,99,31,7,57,60,157,44,53,155,214,124,196,76,172,45,147,217,227,49,234,72,124,236,47,48,208,55,33,202,252,122,127,103,180,231,32,104,192,120,34,251,10,182,58,8,16,198,95,47,112,136,251,203,167,213,104,149,169,193,5,65,255,154,29,18,75,128,79,113,127,25,225,102,234,107,60,1,255,35,183,15,173,183,184,43,225,179,244,99,87,95,203,153,127,112,120,166,114,240,101,184,99,240,155,123,27,146,159,122,83,87,57,117,129,246,35,159,238,157,107,141,185,89,114,99,109,230,253,138,129,34,134,145,240,134,175,133,253,150,135,0,65,7,137,96,119,120,242,255,153,78,172,14,216,49,222,255,254,106,212,124,157,114,28,222,206,104,110,174,92,2,238,210,88,98,164,62,188,17,242,151,254,246,148,106,74,96,70,121,12,142,196,169,202,96,10,221,47,80,8,173,94,200,170,250,43,173,48,240,166,168,133,21,173,130,18,177,2,1,223,25,246,173,155,199,96,117,162,123,1739147420403,/dev/cu.usbmodem1413101
10,61,104,8,188,7,132,163,35,110,26,205,135,244,187,64,175,126,134,82,27,51,95,191,193,42,24,180,35,137,43,177,127,95,59,120,235,206,29,144,87,115,186,45,86,105,36,155,157,125,27,251,97,223,28,30,133,176,209,249,7,172,206,129,143,127,173,196,58,71,121,51,234,106,143,132,146,144,165,60,251,134,232,4,142,238,68,196,180,194,139,225,53,189,163,16,94,206,144,201,47,234,102,212,112,163,211,114,84,130,141,106,111,143,1,204,153,150,235,83,41,222,31,139,35,169,114,21,204,14,129,61,128,217,112,82,191,115,153,99,4,227,202,232,106,129,5,30,39,150,63,80,233,12,188,131,25,254,157,7,219,201,153,231,165,128,86,53,47,77,31,20,42,5,149,91,95,72,124,229,195,196,214,59,176,4,225,188,156,159,49,28,223,194,96,63,189,65,240,254,40,53,43,35,40,158,120,38,165,195,37,93,93,28,54,64,10,122,131,154,139,148,192,178,81,216,187,175,144,252,15,69,131,159,230,42,62,28,49,7,114,101,143,219,14,31,216,144,47,210,1739147420403,/dev/cu.usbmodem1413201
214,187,67,77,62,82,80,117,0,195,125,18,86,48,8,24,54,43,201,5,130,244,144,79,154,151,250,170,36,147,26,192,255,163,217,104,248,165,60,47,17,140,117,64,75,123,194,214,0,41,174,106,67,49,220,243,51,205,164,229,31,53,144,203,145,27,195,199,133,96,175,59,237,50,135,97,250,242,154,235,84,47,9,80,252,25,235,166,78,116,204,239,0,224,157,47,228,197,249,148,79,170,160,41,19,37,206,44,250,141,51,210,51,148,21,198,201,72,220,55,56,180,247,64,7,53,198,73,223,71,112,248,22,255,70,250,250,27,82,153,248,175,38,123,96,201,9,189,65,91,137,81,30,153,249,225,122,240,186,21,63,73,207,110,79,163,64,253,221,3,168,48,28,147,180,4,116,218,25,100,175,1,162,212,163,229,29,167,82,134,146,79,217,24,59,191,19,7,4,179,133,35,104,123,208,45,132,1,182,44,206,45,1,240,203,26,206,12,160,44,30,185,85,238,176,201,37,38,52,156,241,116,16,197,106,80,56,93,24,122,96,8,123,228,255,236,1,187,138,79,1739147420403,/dev/cu.usbmodem1413401
172,10,193,178,45,214,182,163,116,89,199,133,16,209,53,66,34,150,248,182,53,62,24,106,20,218,103,45,247,25,145,19,127,185,29,176,77,226,150,172,41,174,32,175,149,237,138,51,136,233,88,50,155,208,17,85,26,215,79,54,132,85,96,201,179,102,117,22,247,170,230,97,155,234,178,155,133,48,184,192,173,209,212,65,210,146,88,217,138,131,203,119,232,54,28,159,218,192,112,141,248,122,156,46,63,44,114,113,28,160,76,251,165,174,226,146,9,145,235,76,76,24,164,226,71,229,91,166,86,157,246,124,111,194,64,210,82,87,140,22,242,100,105,243,168,110,28,78,186,128,143,1,26,26,168,248,227,37,10,77,136,112,134,184,6,87,24,72,93,237,15,251,54,225,174,81,206,146,175,8,126,252,234,126,8,236,81,81,114,106,197,226,14,63,108,27,155,5,206,74,22,166,225,25,151,115,254,209,118,55,197,0,174,108,253,63,71,221,226,168,11,186,122,17,115,224,37,22,208,95,237,149,150,226,239,161,154,162,87,17,151,148,118,71,111,118,192,255,215,3,1739147420403,/dev/cu.usbmodem14124201
140,213,140,142,84,205,65,213,39,133,81,214,52,37,150,33,184,125,28,49,1,202,159,238,235,8,189,98,130,42,86,33,136,54,136,155,34,21,184,156,193,226,122,138,80,162,140,19,221,4,91,186,66,178,1,202,139,147,201,197,14,99,83,59,139,147,54,29,151,42,45,84,80,106,235,51,208,21,190,19,120,181,131,130,187,52,69,255,207,174,50,75,40,140,190,230,149,4,220,119,250,230,244,46,4,215,21,71,232,4,23,168,73,96,64,41,66,239,18,138,204,242,13,21,20,240,168,24,4,249,2,133,246,26,244,101,166,118,252,125,125,177,55,218,229,33,222,77,2,16,88,154,127,44,100,44,11,217,249,232,120,65,197,167,122,121,211,107,70,108,229,149,73,253,68,111,175,147,107,224,154,46,69,232,23,27,70,11,23,119,161,189,148,137,29,15,205,251,206,51,2,158,57,93,87,174,140,64,116,245,148,13,8,111,86,225,227,232,233,246,228,151,24,177,166,36,163,49,53,35,76,188,83,137,111,63,69,202,255,31,154,201,83,100,168,100,5,239,37,98,1739147420404,/dev/cu.usbmodem14124401
46,106,251,100,23,5,101,25,197,19,23,115,231,67,236,248,103,237,82,184,153,22,71,182,64,79,63,170,180,88,34,7,218,176,1,192,144,99,50,72,115,82,237,147,221,201,254,133,142,50,51,75,116,223,103,203,191,244,34,27,92,227,117,169,247,131,5,14,96,35,117,118,169,169,80,12,64,196,160,183,187,108,145,120,185,37,82,244,39,239,49,150,76,186,252,3,223,178,139,195,119,140,107,251,144,246,135,99,229,129,131,93,59,168,223,201,202,39,10,246,155,2,47,246,129,23,238,33,236,111,255,71,198,23,104,88,26,175,160,251,34,89,244,197,195,99,2,255,94,74,130,202,193,51,37,195,251,23,219,245,39,222,146,85,215,242,10,7,199,8,39,206,10,118,255,55,154,175,171,32,185,247,236,152,48,59,138,120,3,43,203,154,71,40,97,130,189,60,3,70,233,198,184,32,161,253,150,198,248,123,189,237,29,95,7,11,0,197,18,25,42,87,233,37,218,105,199,176,54,163,224,190,139,176,118,66,91,58,218,113,212,248,176,170,132,125,161,40,59,149,1739147420404,/dev/cu.usbmodem14124101
243,57,141,208,171,41,167,33,60,30,197,172,40,251,77,95,90,182,183,156,81,3,208,157,47,147,41,95,154,110,165,253,114,61,49,4,126,97,197,94,192,31,112,116,228,193,22,149,199,134,169,147,27,18,92,162,141,117,104,44,38,99,237,142,158,203,221,175,243,129,158,53,55,22,208,72,49,135,101,149,163,204,161,59,193,17,43,182,189,219,16,162,25,167,20,250,169,94,110,232,166,14,219,180,205,126,198,172,149,112,152,242,81,148,133,1,166,190,194,234,187,36,114,175,8,36,120,192,16,251,92,116,107,190,240,107,94,9,213,25,54,50,163,250,214,25,188,201,84,240,45,100,186,137,189,250,150,19,110,236,1,56,222,230,127,228,158,188,162,81,83,235,250,148,114,35,129,12,121,194,27,187,172,1,37,107,65,65,75,214,38,80,216,173,32,183,26,151,178,68,167,21,121,105,242,250,235,91,202,57,16,216,249,122,189,148,33,62,158,149,104,107,253,124,4,166,223,175,162,43,186,129,250,101,142,232,132,133,185,212,242,224,89,101,52,85,20,162,55,133,1739147420404,/dev/cu.usbmodem14124301
28,234,124,89,112,59,184,235,95,25,46,163,6,122,78,68,75,186,157,25,78,17,103,64,248,247,134,30,102,10,101,72,125,192,54,249,56,151,34,101,36,234,112,132,158,109,89,119,149,161,7,106,105,127,244,51,21,220,64,110,248,76,11,13,52,99,102,127,142,185,35,152,80,187,38,35,247,117,96,148,72,177,19,247,50,162,25,47,8,221,210,15,225,165,242,36,231,127,177,173,55,4,119,192,155,247,113,68,112,148,204,86,208,188,186,218,115,74,94,110,82,191,182,71,99,113,219,107,48,111,246,150,128,117,173,253,237,170,37,98,129,35,194,67,218,62,23,48,238,30,195,232,57,104,236,174,66,27,237,157,37,216,231,110,45,24,3,184,23,49,1,138,131,71,100,115,206,20,31,198,21,128,102,185,136,173,132,189,156,200,208,141,42,251,154,195,199,72,249,79,77,33,120,2,89,74,39,155,235,205,143,19,252,80,213,64,185,218,175,191,28,182,238,154,182,239,62,240,0,78,119,16,148,16,71,235,203,254,196,41,49,192,63,100,15,40,245,229,193,254,187,216,54,64,132,51,88,239,212,41,255,16,86,75,40,254,74,220,218,255,236,99,31,7,57,60,157,44,53,155,214,124,196,76,172,45,147,217,227,49,234,72,124,236,47,48,208,55,33,202,252,122,127,103,180,231,32,104,192,120,34,251,10,182,58,8,16,198,95,47,112,136,251,203,167,213,104,149,169,193,5,65,255,154,29,18,75,128,79,113,127,25,225,102,234,107,60,1,255,35,183,15,173,183,184,43,225,179,244,99,87,95,203,153,127,112,120,166,114,240,101,184,99,240,155,123,27,146,159,122,83,87,57,117,129,246,35,159,238,157,107,141,185,89,114,99,109,230,253,138,129,34,134,145,240,134,175,133,253,150,135,0,65,7,137,96,119,120,242,255,153,78,172,14,216,49,222,255,254,106,212,124,157,114,28,222,206,104,110,174,92,2,238,210,88,98,164,62,188,17,242,151,254,246,148,106,74,96,70,121,12,142,196,169,202,96,10,221,47,80,8,173,94,200,170,250,43,173,48,240,166,168,133,21,173,130,18,177,2,1,223,25,246,173,155,199,96,117,162,123,10,61,104,8,188,7,132,163,35,110,26,205,135,244,187,64,175,126,134,82,27,51,95,191,193,42,24,180,35,137,43,177,127,95,59,120,235,206,29,144,87,115,186,45,86,105,36,155,157,125,27,251,97,223,28,30,133,176,209,249,7,172,206,129,143,127,173,196,58,71,121,51,234,106,143,132,146,144,165,60,251,134,232,4,142,238,68,196,180,194,139,225,53,189,163,16,94,206,144,201,47,234,102,212,112,163,211,114,84,130,141,106,111,143,1,204,153,150,235,83,41,222,31,139,35,169,114,21,204,14,129,61,128,217,112,82,191,115,153,99,4,227,202,232,106,129,5,30,39,150,63,80,233,12,188,131,25,254,157,7,219,201,153,231,165,128,86,53,47,77,31,20,42,5,149,91,95,72,124,229,195,196,214,59,176,4,225,188,156,159,49,28,223,194,96,63,189,65,240,254,40,53,43,35,40,158,120,38,165,195,37,93,93,28,54,64,10,122,131,154,139,148,192,178,81,216,187,175,144,252,15,69,131,159,230,42,62,28,49,7,114,101,143,219,14,31,216,144,47,210,214,187,67,77,62,82,80,117,0,195,125,18,86,48,8,24,54,43,201,5,130,244,144,79,154,151,250,170,36,147,26,192,255,163,217,104,248,165,60,47,17,140,117,64,75,123,194,214,0,41,174,106,67,49,220,243,51,205,164,229,31,53,144,203,145,27,195,199,133,96,175,59,237,50,135,97,250,242,154,235,84,47,9,80,252,25,235,166,78,116,204,239,0,224,157,47,228,197,249,148,79,170,160,41,19,37,206,44,250,141,51,210,51,148,21,198,201,72,220,55,56,180,247,64,7,53,198,73,223,71,112,248,22,255,70,250,250,27,82,153,248,175,38,123,96,201,9,189,65,91,137,81,30,153,249,225,122,240,186,21,63,73,207,110,79,163,64,253,221,3,168,48,28,147,180,4,116,218,25,100,175,1,162,212,163,229,29,167,82,134,146,79,217,24,59,191,19,7,4,179,133,35,104,123,208,45,132,1,182,44,206,45,1,240,203,26,206,12,160,44,30,185,85,238,176,201,37,38,52,156,241,116,16,197,106,80,56,93,24,122,96,8,123,228,255,236,1,187,138,79,172,10,193,178,45,214,182,163,116,89,199,133,16,209,53,66,34,150,248,182,53,62,24,106,20,218,103,45,247,25,145,19,127,185,29,176,77,226,150,172,41,174,32,175,149,237,138,51,136,233,88,50,155,208,17,85,26,215,79,54,132,85,96,201,179,102,117,22,247,170,230,97,155,234,178,155,133,48,184,192,173,209,212,65,210,146,88,217,138,131,203,119,232,54,28,159,218,192,112,141,248,122,156,46,63,44,114,113,28,160,76,251,165,174,226,146,9,145,235,76,76,24,164,226,71,229,91,166,86,157,246,124,111,194,64,210,82,87,140,22,242,100,105,243,168,110,28,78,186,128,143,1,26,26,168,248,227,37,10,77,136,112,134,184,6,87,24,72,93,237,15,251,54,225,174,81,206,146,175,8,126,252,234,126,8,236,81,81,114,106,197,226,14,63,108,27,155,5,206,74,22,166,225,25,151,115,254,209,118,55,197,0,174,108,253,63,71,221,226,168,11,186,122,17,115,224,37,22,208,95,237,149,150,226,239,161,154,162,87,17,151,148,118,71,111,118,192,255,215,3,140,213,140,142,84,205,65,213,39,133,81,214,52,37,150,33,184,125,28,49,1,202,159,238,235,8,189,98,130,42,86,33,136,54,136,155,34,21,184,156,193,226,122,138,80,162,140,19,221,4,91,186,66,178,1,202,139,147,201,197,14,99,83,59,139,147,54,29,151,42,45,84,80,106,235,51,208,21,190,19,120,181,131,130,187,52,69,255,207,174,50,75,40,140,190,230,149,4,220,119,250,230,244,46,4,215,21,71,232,4,23,168,73,96,64,41,66,239,18,138,204,242,13,21,20,240,168,24,4,249,2,133,246,26,244,101,166,118,252,125,125,177,55,218,229,33,222,77,2,16,88,154,127,44,100,44,11,217,249,232,120,65,197,167,122,121,211,107,70,108,229,149,73,253,68,111,175,147,107,224,154,46,69,232,23,27,70,11,23,119,161,189,148,137,29,15,205,251,206,51,2,158,57,93,87,174,140,64,116,245,148,13,8,111,86,225,227,232,233,246,228,151,24,177,166,36,163,49,53,35,76,188,83,137,111,63,69,202,255,31,154,201,83,100,168,100,5,239,37,98,46,106,251,100,23,5,101,25,197,19,23,115,231,67,236,248,103,237,82,184,153,22,71,182,64,79,63,170,180,88,34,7,218,176,1,192,144,99,50,72,115,82,237,147,221,201,254,133,142,50,51,75,116,223,103,203,191,244,34,27,92,227,117,169,247,131,5,14,96,35,117,118,169,169,80,12,64,196,160,183,187,108,145,120,185,37,82,244,39,239,49,150,76,186,252,3,223,178,139,195,119,140,107,251,144,246,135,99,229,129,131,93,59,168,223,201,202,39,10,246,155,2,47,246,129,23,238,33,236,111,255,71,198,23,104,88,26,175,160,251,34,89,244,197,195,99,2,255,94,74,130,202,193,51,37,195,251,23,219,245,39,222,146,85,215,242,10,7,199,8,39,206,10,118,255,55,154,175,171,32,185,247,236,152,48,59,138,120,3,43,203,154,71,40,97,130,189,60,3,70,233,198,184,32,161,253,150,198,248,123,189,237,29,95,7,11,0,197,18,25,42,87,233,37,218,105,199,176,54,163,224,190,139,176,118,66,91,58,218,113,212,248,176,170,132,125,161,40,59,149,243,57,141,208,171,41,167,33,60,30,197,172,40,251,77,95,90,182,183,156,81,3,208,157,47,147,41,95,154,110,165,253,114,61,49,4,126,97,197,94,192,31,112,116,228,193,22,149,199,134,169,147,27,18,92,162,141,117,104,44,38,99,237,142,158,203,221,175,243,129,158,53,55,22,208,72,49,135,101,149,163,204,161,59,193,17,43,182,189,219,16,162,25,167,20,250,169,94,110,232,166,14,219,180,205,126,198,172,149,112,152,242,81,148,133,1,166,190,194,234,187,36,114,175,8,36,120,192,16,251,92,116,107,190,240,107,94,9,213,25,54,50,163,250,214,25,188,201,84,240,45,100,186,137,189,250,150,19,110,236,1,56,222,230,127,228,158,188,162,81,83,235,250,148,114,35,129,12,121,194,27,187,172,1,37,107,65,65,75,214,38,80,216,173,32,183,26,151,178,68,167,21,121,105,242,250,235,91,202,57,16,216,249,122,189,148,33,62,158,149,104,107,253,124,4,166,223,175,162,43,186,129,250,101,142,232,132,133,185,212,242,224,89,101,52,85,20,162,55,133,1739147420406,QBYTE | quentin
195,35,3,173,255,113,162,210,34,177,31,152,144,22,132,114,206,85,122,243,162,69,253,18,84,52,181,147,87,24,9,210,148,197,127,31,215,161,177,245,245,223,59,90,88,231,22,156,171,20,201,0,255,26,230,3,254,126,55,113,244,193,46,88,28,195,223,237,212,49,204,31,167,227,53,143,90,241,238,95,249,221,105,24,3,74,104,172,48,90,92,10,227,200,96,252,109,89,20,75,112,209,148,149,148,171,165,62,53,88,100,52,159,77,178,29,190,175,5,227,54,0,247,186,235,116,90,10,138,235,26,156,114,198,235,253,160,148,180,115,68,71,244,243,155,38,1,229,164,99,72,144,5,248,98,117,106,215,14,97,52,53,200,169,73,82,208,4,52,191,117,50,89,43,134,88,91,226,54,93,203,155,94,161,49,55,90,69,128,162,187,188,27,199,202,32,7,19,234,163,94,224,13,106,112,109,33,156,133,131,48,156,125,22,154,106,14,34,118,124,33,1,105,212,44,102,224,211,39,8,40,198,111,47,33,173,39,235,70,136,35,88,119,108,209,45,154,20,27,181,1739147421469,/dev/cu.usbmodem14201
255,180,156,213,148,171,158,48,118,9,108,164,112,83,145,213,13,42,89,116,247,121,237,234,251,55,46,180,162,192,60,250,161,213,180,166,89,88,204,207,84,28,141,149,85,74,73,203,89,217,63,235,188,243,219,186,252,196,12,133,181,191,14,190,240,19,221,24,71,103,157,70,39,80,170,0,163,138,207,109,153,171,18,27,230,27,93,36,237,184,16,158,127,38,83,25,106,111,175,166,250,68,33,198,99,81,235,52,229,99,67,24,105,20,21,10,40,173,115,31,64,7,230,24,244,96,88,176,145,40,234,201,71,239,224,192,177,157,204,40,230,65,85,147,219,253,196,208,104,91,128,193,79,17,188,143,253,180,211,117,58,47,234,236,45,225,72,140,164,109,26,66,52,234,28,170,149,255,20,202,21,46,186,149,38,133,154,97,248,244,31,190,209,84,136,81,204,241,207,73,123,60,2,101,32,132,113,197,18,124,179,71,69,18,90,92,188,35,11,86,114,238,252,47,194,21,58,227,61,203,89,49,163,237,1,223,243,10,18,250,255,68,43,88,115,40,126,202,184,69,1739147421470,/dev/cu.usbmodem1413101
59,163,42,206,11,202,82,64,207,227,91,187,45,250,28,21,89,191,249,226,0,224,21,22,109,172,1,222,211,251,242,160,61,199,119,5,99,74,59,141,194,1,81,134,123,43,154,201,24,42,147,107,246,202,100,191,209,199,21,242,227,40,122,32,53,186,221,176,146,163,44,123,254,235,254,148,181,241,86,220,19,241,144,93,81,191,9,107,43,57,48,102,181,195,155,202,124,227,194,237,156,204,77,90,30,67,166,118,34,170,238,25,21,223,245,27,116,35,37,122,87,86,73,144,247,182,216,213,201,110,59,13,202,53,191,112,41,190,97,81,135,170,229,192,7,200,77,106,6,220,20,72,61,163,204,147,50,130,213,67,132,4,21,142,47,165,244,48,109,87,109,78,201,116,87,242,90,223,19,158,34,88,228,76,9,212,100,182,19,139,178,82,234,12,62,9,63,212,139,75,66,254,55,214,249,38,60,179,182,154,243,210,46,34,220,10,144,19,51,82,151,86,78,253,124,227,145,40,100,75,146,248,45,222,21,112,180,193,228,73,142,139,93,53,28,151,38,217,32,249,1739147421470,/dev/cu.usbmodem1413201
19,203,84,35,209,89,203,60,70,253,115,198,156,227,149,43,71,159,28,112,190,38,21,188,247,174,145,108,184,105,41,242,80,128,51,170,78,51,231,220,1,96,224,166,52,102,225,89,106,21,99,233,99,241,159,1,227,59,23,242,243,23,232,40,112,129,221,217,176,4,253,118,133,53,127,97,169,150,104,243,84,195,178,232,186,31,155,233,150,166,111,162,175,67,136,217,192,106,136,128,173,235,32,88,47,250,43,76,45,112,91,47,42,27,152,149,73,64,222,146,103,69,202,235,255,231,55,207,39,184,222,212,86,110,124,243,64,107,101,116,140,24,43,105,28,69,236,222,74,198,220,12,220,145,173,134,193,127,54,13,171,48,22,18,144,106,1,172,117,100,40,1,105,25,11,209,197,208,232,177,148,129,32,241,239,181,232,228,2,120,150,172,12,128,86,174,153,158,238,255,50,126,21,72,219,109,24,240,155,215,51,240,111,183,19,74,24,97,69,15,110,9,29,122,157,13,77,194,13,0,202,90,93,12,204,214,160,5,127,81,158,22,238,123,48,221,135,7,147,115,1739147421470,/dev/cu.usbmodem1413401
1,188,232,99,19,63,17,196,2,100,121,71,241,189,250,246,20,163,139,170,166,183,47,149,102,141,150,238,106,85,178,137,138,235,135,5,207,156,132,231,71,47,58,245,18,218,201,10,98,82,1,3,34,165,189,20,170,192,243,12,251,13,70,175,86,12,39,92,179,179,201,86,106,112,13,248,144,122,91,131,96,131,61,27,10,201,140,32,171,174,205,138,174,42,251,142,145,10,48,123,115,100,181,112,131,95,248,243,248,132,146,189,94,230,6,175,212,106,57,122,139,226,57,155,224,180,20,22,88,62,252,110,31,11,27,242,52,136,173,202,154,54,149,90,143,69,3,36,215,167,121,10,96,251,217,0,110,31,24,66,53,16,226,123,20,115,18,33,58,57,82,95,186,14,18,139,12,199,128,195,92,17,80,128,238,225,242,201,201,178,74,234,183,159,90,192,144,93,49,138,132,137,172,62,105,254,208,148,97,113,212,114,106,49,9,152,224,57,133,133,185,230,192,168,156,150,199,17,253,23,237,178,40,74,115,233,214,39,254,105,82,55,162,72,225,235,234,182,25,110,1739147421470,/dev/cu.usbmodem14124201
54,183,171,180,195,77,70,120,100,117,85,69,1,177,93,41,16,104,14,79,96,253,71,38,160,183,83,238,171,233,145,33,83,132,60,42,0,146,93,156,153,30,216,203,186,19,87,229,183,31,23,135,74,10,36,206,10,104,130,236,32,76,177,21,129,90,125,206,23,120,210,30,251,54,134,109,147,170,6,122,96,108,95,47,26,215,26,100,224,243,140,7,25,106,42,134,228,251,163,85,233,68,62,166,182,106,226,241,192,153,216,207,21,204,133,57,169,21,202,136,158,142,4,71,105,177,179,235,188,214,128,129,235,194,134,97,22,49,77,178,124,163,132,134,223,164,1,121,108,169,167,198,68,121,141,79,251,124,216,156,74,32,61,135,71,65,238,179,62,67,42,36,250,11,222,112,29,71,127,78,7,203,177,72,191,183,175,61,235,65,178,159,181,7,148,40,167,32,251,245,108,195,4,248,154,173,73,205,230,89,231,66,195,124,236,8,204,173,77,154,179,73,124,90,146,185,201,192,127,128,162,185,119,230,65,152,55,53,185,200,55,124,100,19,52,87,216,168,81,65,1739147421471,/dev/cu.usbmodem14124401
40,65,26,113,142,250,168,149,164,101,172,241,51,120,164,104,26,165,210,193,79,176,85,131,93,47,181,210,146,234,14,174,43,118,24,247,164,37,104,133,30,33,7,135,140,234,79,143,173,224,9,24,175,11,186,88,238,106,21,219,50,178,123,220,255,65,147,44,197,105,158,170,236,18,113,179,191,0,113,213,59,131,192,202,144,146,131,170,137,68,176,138,164,244,61,38,116,239,129,253,196,241,222,28,70,206,226,194,118,71,232,164,89,5,41,110,3,215,165,131,50,140,233,253,26,194,74,45,253,162,183,118,151,159,195,241,94,163,179,101,186,220,15,188,102,87,96,132,172,175,244,81,224,127,211,188,132,160,195,217,197,60,66,149,250,255,102,151,220,69,204,50,225,202,17,154,40,230,36,16,61,166,228,212,252,227,224,36,217,255,21,148,200,95,17,185,99,42,49,39,41,75,202,12,67,232,151,193,54,29,190,161,29,243,131,50,137,140,78,79,7,13,53,50,153,56,127,29,250,103,243,207,182,30,42,3,245,81,99,138,214,178,208,192,222,253,190,9,106,199,1739147421471,/dev/cu.usbmodem14124101
202,20,40,202,121,139,122,217,227,97,221,118,195,195,171,82,229,131,234,59,241,224,162,248,4,150,117,160,38,67,156,185,17,222,8,86,161,158,245,151,234,185,61,96,119,170,230,67,36,70,53,22,68,184,238,65,32,198,49,172,36,201,184,137,5,4,50,245,108,174,203,30,120,42,65,138,181,181,169,202,174,21,196,241,102,189,210,25,90,144,127,221,115,205,185,73,39,137,254,177,186,71,171,224,96,1,187,164,190,146,217,61,170,188,137,157,91,155,15,64,46,191,187,70,108,245,44,249,110,4,78,237,248,255,121,242,127,227,64,250,4,64,48,254,226,27,50,30,178,160,36,22,125,146,242,156,8,1,21,109,193,229,199,226,126,24,224,58,73,186,80,63,191,153,251,46,167,34,201,197,98,71,176,113,197,215,226,77,225,128,21,162,211,63,28,73,21,113,156,67,147,169,74,220,224,236,175,183,31,126,42,21,197,77,73,25,132,89,88,249,76,83,186,162,255,7,124,53,23,74,49,211,98,89,74,229,201,182,125,55,30,38,2,241,214,84,105,80,255,198,1739147421471,/dev/cu.usbmodem14124301
195,35,3,173,255,113,162,210,34,177,31,152,144,22,132,114,206,85,122,243,162,69,253,18,84,52,181,147,87,24,9,210,148,197,127,31,215,161,177,245,245,223,59,90,88,231,22,156,171,20,201,0,255,26,230,3,254,126,55,113,244,193,46,88,28,195,223,237,212,49,204,31,167,227,53,143,90,241,238,95,249,221,105,24,3,74,104,172,48,90,92,10,227,200,96,252,109,89,20,75,112,209,148,149,148,171,165,62,53,88,100,52,159,77,178,29,190,175,5,227,54,0,247,186,235,116,90,10,138,235,26,156,114,198,235,253,160,148,180,115,68,71,244,243,155,38,1,229,164,99,72,144,5,248,98,117,106,215,14,97,52,53,200,169,73,82,208,4,52,191,117,50,89,43,134,88,91,226,54,93,203,155,94,161,49,55,90,69,128,162,187,188,27,199,202,32,7,19,234,163,94,224,13,106,112,109,33,156,133,131,48,156,125,22,154,106,14,34,118,124,33,1,105,212,44,102,224,211,39,8,40,198,111,47,33,173,39,235,70,136,35,88,119,108,209,45,154,20,27,181,255,180,156,213,148,171,158,48,118,9,108,164,112,83,145,213,13,42,89,116,247,121,237,234,251,55,46,180,162,192,60,250,161,213,180,166,89,88,204,207,84,28,141,149,85,74,73,203,89,217,63,235,188,243,219,186,252,196,12,133,181,191,14,190,240,19,221,24,71,103,157,70,39,80,170,0,163,138,207,109,153,171,18,27,230,27,93,36,237,184,16,158,127,38,83,25,106,111,175,166,250,68,33,198,99,81,235,52,229,99,67,24,105,20,21,10,40,173,115,31,64,7,230,24,244,96,88,176,145,40,234,201,71,239,224,192,177,157,204,40,230,65,85,147,219,253,196,208,104,91,128,193,79,17,188,143,253,180,211,117,58,47,234,236,45,225,72,140,164,109,26,66,52,234,28,170,149,255,20,202,21,46,186,149,38,133,154,97,248,244,31,190,209,84,136,81,204,241,207,73,123,60,2,101,32,132,113,197,18,124,179,71,69,18,90,92,188,35,11,86,114,238,252,47,194,21,58,227,61,203,89,49,163,237,1,223,243,10,18,250,255,68,43,88,115,40,126,202,184,69,59,163,42,206,11,202,82,64,207,227,91,187,45,250,28,21,89,191,249,226,0,224,21,22,109,172,1,222,211,251,242,160,61,199,119,5,99,74,59,141,194,1,81,134,123,43,154,201,24,42,147,107,246,202,100,191,209,199,21,242,227,40,122,32,53,186,221,176,146,163,44,123,254,235,254,148,181,241,86,220,19,241,144,93,81,191,9,107,43,57,48,102,181,195,155,202,124,227,194,237,156,204,77,90,30,67,166,118,34,170,238,25,21,223,245,27,116,35,37,122,87,86,73,144,247,182,216,213,201,110,59,13,202,53,191,112,41,190,97,81,135,170,229,192,7,200,77,106,6,220,20,72,61,163,204,147,50,130,213,67,132,4,21,142,47,165,244,48,109,87,109,78,201,116,87,242,90,223,19,158,34,88,228,76,9,212,100,182,19,139,178,82,234,12,62,9,63,212,139,75,66,254,55,214,249,38,60,179,182,154,243,210,46,34,220,10,144,19,51,82,151,86,78,253,124,227,145,40,100,75,146,248,45,222,21,112,180,193,228,73,142,139,93,53,28,151,38,217,32,249,19,203,84,35,209,89,203,60,70,253,115,198,156,227,149,43,71,159,28,112,190,38,21,188,247,174,145,108,184,105,41,242,80,128,51,170,78,51,231,220,1,96,224,166,52,102,225,89,106,21,99,233,99,241,159,1,227,59,23,242,243,23,232,40,112,129,221,217,176,4,253,118,133,53,127,97,169,150,104,243,84,195,178,232,186,31,155,233,150,166,111,162,175,67,136,217,192,106,136,128,173,235,32,88,47,250,43,76,45,112,91,47,42,27,152,149,73,64,222,146,103,69,202,235,255,231,55,207,39,184,222,212,86,110,124,243,64,107,101,116,140,24,43,105,28,69,236,222,74,198,220,12,220,145,173,134,193,127,54,13,171,48,22,18,144,106,1,172,117,100,40,1,105,25,11,209,197,208,232,177,148,129,32,241,239,181,232,228,2,120,150,172,12,128,86,174,153,158,238,255,50,126,21,72,219,109,24,240,155,215,51,240,111,183,19,74,24,97,69,15,110,9,29,122,157,13,77,194,13,0,202,90,93,12,204,214,160,5,127,81,158,22,238,123,48,221,135,7,147,115,1,188,232,99,19,63,17,196,2,100,121,71,241,189,250,246,20,163,139,170,166,183,47,149,102,141,150,238,106,85,178,137,138,235,135,5,207,156,132,231,71,47,58,245,18,218,201,10,98,82,1,3,34,165,189,20,170,192,243,12,251,13,70,175,86,12,39,92,179,179,201,86,106,112,13,248,144,122,91,131,96,131,61,27,10,201,140,32,171,174,205,138,174,42,251,142,145,10,48,123,115,100,181,112,131,95,248,243,248,132,146,189,94,230,6,175,212,106,57,122,139,226,57,155,224,180,20,22,88,62,252,110,31,11,27,242,52,136,173,202,154,54,149,90,143,69,3,36,215,167,121,10,96,251,217,0,110,31,24,66,53,16,226,123,20,115,18,33,58,57,82,95,186,14,18,139,12,199,128,195,92,17,80,128,238,225,242,201,201,178,74,234,183,159,90,192,144,93,49,138,132,137,172,62,105,254,208,148,97,113,212,114,106,49,9,152,224,57,133,133,185,230,192,168,156,150,199,17,253,23,237,178,40,74,115,233,214,39,254,105,82,55,162,72,225,235,234,182,25,110,54,183,171,180,195,77,70,120,100,117,85,69,1,177,93,41,16,104,14,79,96,253,71,38,160,183,83,238,171,233,145,33,83,132,60,42,0,146,93,156,153,30,216,203,186,19,87,229,183,31,23,135,74,10,36,206,10,104,130,236,32,76,177,21,129,90,125,206,23,120,210,30,251,54,134,109,147,170,6,122,96,108,95,47,26,215,26,100,224,243,140,7,25,106,42,134,228,251,163,85,233,68,62,166,182,106,226,241,192,153,216,207,21,204,133,57,169,21,202,136,158,142,4,71,105,177,179,235,188,214,128,129,235,194,134,97,22,49,77,178,124,163,132,134,223,164,1,121,108,169,167,198,68,121,141,79,251,124,216,156,74,32,61,135,71,65,238,179,62,67,42,36,250,11,222,112,29,71,127,78,7,203,177,72,191,183,175,61,235,65,178,159,181,7,148,40,167,32,251,245,108,195,4,248,154,173,73,205,230,89,231,66,195,124,236,8,204,173,77,154,179,73,124,90,146,185,201,192,127,128,162,185,119,230,65,152,55,53,185,200,55,124,100,19,52,87,216,168,81,65,40,65,26,113,142,250,168,149,164,101,172,241,51,120,164,104,26,165,210,193,79,176,85,131,93,47,181,210,146,234,14,174,43,118,24,247,164,37,104,133,30,33,7,135,140,234,79,143,173,224,9,24,175,11,186,88,238,106,21,219,50,178,123,220,255,65,147,44,197,105,158,170,236,18,113,179,191,0,113,213,59,131,192,202,144,146,131,170,137,68,176,138,164,244,61,38,116,239,129,253,196,241,222,28,70,206,226,194,118,71,232,164,89,5,41,110,3,215,165,131,50,140,233,253,26,194,74,45,253,162,183,118,151,159,195,241,94,163,179,101,186,220,15,188,102,87,96,132,172,175,244,81,224,127,211,188,132,160,195,217,197,60,66,149,250,255,102,151,220,69,204,50,225,202,17,154,40,230,36,16,61,166,228,212,252,227,224,36,217,255,21,148,200,95,17,185,99,42,49,39,41,75,202,12,67,232,151,193,54,29,190,161,29,243,131,50,137,140,78,79,7,13,53,50,153,56,127,29,250,103,243,207,182,30,42,3,245,81,99,138,214,178,208,192,222,253,190,9,106,199,202,20,40,202,121,139,122,217,227,97,221,118,195,195,171,82,229,131,234,59,241,224,162,248,4,150,117,160,38,67,156,185,17,222,8,86,161,158,245,151,234,185,61,96,119,170,230,67,36,70,53,22,68,184,238,65,32,198,49,172,36,201,184,137,5,4,50,245,108,174,203,30,120,42,65,138,181,181,169,202,174,21,196,241,102,189,210,25,90,144,127,221,115,205,185,73,39,137,254,177,186,71,171,224,96,1,187,164,190,146,217,61,170,188,137,157,91,155,15,64,46,191,187,70,108,245,44,249,110,4,78,237,248,255,121,242,127,227,64,250,4,64,48,254,226,27,50,30,178,160,36,22,125,146,242,156,8,1,21,109,193,229,199,226,126,24,224,58,73,186,80,63,191,153,251,46,167,34,201,197,98,71,176,113,197,215,226,77,225,128,21,162,211,63,28,73,21,113,156,67,147,169,74,220,224,236,175,183,31,126,42,21,197,77,73,25,132,89,88,249,76,83,186,162,255,7,124,53,23,74,49,211,98,89,74,229,201,182,125,55,30,38,2,241,214,84,105,80,255,198,1739147421473,QBYTE | maroc
122,24,87,250,186,247,93,180,66,140,27,165,211,47,102,141,243,114,220,61,246,202,4,142,5,195,230,60,30,222,215,47,106,37,226,59,49,115,18,252,163,150,169,172,48,215,77,111,238,32,193,181,109,55,230,55,252,175,198,10,11,15,31,47,156,65,63,185,119,147,0,65,213,223,197,150,55,2,45,220,16,40,36,44,249,47,148,206,154,105,113,0,42,232,106,193,10,219,215,164,69,183,214,57,106,22,89,71,154,58,203,145,224,86,9,79,215,10,39,185,161,139,9,9,206,235,125,91,135,231,208,91,157,0,13,180,170,3,156,144,158,232,2,122,134,47,175,177,97,64,120,106,226,49,162,228,71,89,77,10,149,36,80,214,128,103,211,152,42,82,43,85,6,12,125,102,98,99,79,187,33,222,157,143,105,64,247,119,19,215,59,64,166,44,59,109,93,35,234,122,53,10,52,251,86,115,74,179,59,85,81,204,118,53,17,254,253,153,212,81,218,178,1,83,236,54,127,156,61,151,77,249,203,205,181,107,128,44,195,87,79,141,106,10,87,241,6,15,108,0,1739147422537,/dev/cu.usbmodem14201
34,119,62,78,46,145,32,145,42,172,91,145,28,163,76,231,80,212,5,126,165,255,204,81,153,105,198,250,159,73,0,162,13,35,47,246,94,255,141,15,130,125,126,198,57,38,62,101,219,82,185,26,69,74,128,69,4,114,194,64,104,132,162,241,54,183,16,16,186,160,126,246,204,90,102,167,145,96,237,181,221,193,91,72,55,255,229,224,184,158,178,106,252,65,17,80,83,155,99,144,8,30,232,30,249,86,86,6,213,203,204,79,237,175,77,159,244,30,213,192,234,0,145,122,115,250,91,205,34,231,238,152,237,251,110,76,74,213,17,9,70,227,59,229,90,110,136,219,118,159,107,223,104,180,190,175,81,128,158,55,245,153,176,41,225,181,243,177,61,64,120,15,166,135,166,106,198,30,13,72,165,230,22,137,222,4,83,57,234,227,159,176,165,225,247,223,175,77,61,51,34,74,131,32,82,173,9,245,164,211,170,40,17,246,14,235,143,12,190,35,7,94,85,221,228,231,82,241,71,206,152,133,236,186,20,145,227,208,225,190,29,33,124,142,82,240,168,254,167,101,1739147422537,/dev/cu.usbmodem1413101
225,247,168,141,210,23,240,227,133,89,160,218,116,125,131,201,222,152,75,163,226,172,61,241,235,211,114,226,104,5,247,85,210,114,72,78,8,4,116,152,216,195,98,148,100,149,12,151,106,244,220,69,224,238,224,199,105,66,155,198,6,232,216,17,225,51,27,30,169,39,233,75,25,244,70,237,51,1,173,248,55,103,33,111,202,250,57,81,134,231,223,123,117,20,208,222,227,160,237,9,181,152,213,230,239,1,33,246,48,77,187,240,27,148,92,252,168,79,252,4,97,201,226,156,19,232,230,0,30,133,184,68,48,78,133,241,202,144,231,72,240,190,213,226,33,12,26,191,222,166,79,67,79,47,27,105,179,72,23,112,214,13,116,101,86,208,6,30,15,140,188,91,216,133,192,3,11,169,90,4,127,193,142,152,194,150,43,143,187,246,225,77,232,124,6,42,24,224,222,149,41,81,144,85,19,247,63,40,69,166,208,231,117,14,224,207,87,204,119,245,12,154,237,23,145,66,92,120,9,130,195,72,130,9,255,172,71,248,201,229,248,83,223,113,11,14,22,248,49,234,1739147422537,/dev/cu.usbmodem1413201
88,127,148,48,25,164,244,163,158,208,250,147,44,179,58,182,154,68,118,211,39,218,35,171,169,205,205,96,113,6,132,56,238,97,49,150,222,19,162,208,223,162,237,246,179,240,197,29,187,45,156,31,50,37,216,48,192,224,128,59,103,182,161,236,231,255,249,7,151,238,42,208,42,9,236,120,48,230,45,51,111,13,39,200,22,64,25,23,113,86,117,249,35,51,244,3,121,236,122,154,74,36,178,40,115,217,165,77,111,80,145,195,162,95,125,93,147,168,26,219,180,114,106,56,118,155,167,6,88,85,246,91,127,235,7,157,65,11,227,51,174,43,114,8,132,213,44,141,7,244,172,30,101,164,13,249,52,42,56,47,48,183,13,164,93,144,77,19,146,172,215,145,255,215,50,152,132,241,98,106,176,184,21,91,144,142,198,251,247,147,129,158,155,125,209,71,30,6,129,127,245,82,178,124,230,142,122,184,149,222,12,71,177,67,165,36,22,136,153,226,82,146,163,142,209,88,154,48,11,245,136,66,218,178,199,233,185,15,231,42,145,241,79,165,173,58,58,233,100,101,1739147422538,/dev/cu.usbmodem1413401
255,254,87,32,50,126,101,139,196,20,89,129,90,150,75,86,72,147,56,94,57,111,34,154,192,154,100,140,74,50,227,17,43,200,116,163,31,11,116,172,184,10,156,86,121,152,252,160,175,45,208,57,0,179,131,15,191,68,123,106,67,129,199,149,222,153,10,247,176,94,228,112,118,28,19,88,164,215,48,166,226,54,171,69,230,77,101,237,24,156,19,212,241,235,88,186,195,191,82,65,182,162,193,136,123,101,235,133,146,110,10,139,46,251,64,154,188,166,97,59,95,131,48,77,83,249,196,185,147,224,246,239,115,156,34,223,229,121,66,81,187,211,158,54,113,11,92,197,245,20,139,137,4,242,0,169,254,47,204,173,22,87,119,182,86,31,95,110,182,72,151,213,100,13,65,75,144,251,173,144,234,175,181,52,166,138,21,34,5,52,164,153,123,40,99,220,197,117,179,175,14,122,169,38,59,141,106,238,66,73,34,74,224,98,12,214,55,212,199,157,191,84,194,233,245,49,60,217,6,248,115,248,199,159,59,63,158,231,12,83,125,13,88,43,161,214,9,189,131,24,1739147422538,/dev/cu.usbmodem14124201
134,164,34,206,226,235,110,10,152,180,17,109,186,165,145,23,27,59,164,26,74,184,31,183,33,6,100,239,7,251,93,76,48,236,176,41,49,172,175,90,32,59,81,138,139,15,235,106,69,96,245,26,211,166,116,163,24,76,57,164,119,54,224,75,158,250,38,134,67,147,212,163,137,115,7,154,45,5,194,224,207,208,31,110,58,229,23,13,73,38,254,180,23,122,229,186,99,72,84,169,209,80,148,28,78,104,77,115,63,67,12,178,188,34,5,73,203,156,177,56,240,151,227,82,81,236,131,42,224,51,169,92,96,42,128,97,226,139,28,102,139,133,53,254,21,195,105,110,9,227,170,23,46,177,181,88,186,221,244,193,165,166,110,252,120,200,192,231,238,178,108,236,227,35,170,42,184,165,120,121,255,226,100,121,55,89,217,139,79,236,52,231,60,50,47,99,174,119,177,80,149,191,234,23,83,18,135,195,208,192,228,194,117,241,153,115,99,125,140,154,112,81,91,60,245,187,9,132,42,97,72,107,131,130,212,79,69,5,83,33,113,117,177,51,118,66,45,252,44,52,1739147422538,/dev/cu.usbmodem14124401
147,33,203,65,117,146,87,164,165,40,188,103,157,163,46,87,30,163,26,190,215,2,49,221,229,122,2,136,106,187,182,217,200,86,139,109,164,215,4,210,171,35,185,63,122,214,65,170,59,65,185,134,51,105,35,100,17,23,4,131,132,148,249,198,178,204,248,42,194,212,53,92,11,164,51,245,18,57,65,244,114,134,140,134,239,73,104,247,89,40,40,166,25,173,214,41,226,223,227,102,158,1,237,10,214,73,37,128,23,132,143,158,195,89,55,186,121,205,87,167,216,168,81,55,47,37,143,165,121,3,200,126,203,38,38,123,117,35,193,201,169,218,215,20,98,244,14,82,213,80,19,216,78,106,101,106,223,146,180,45,135,223,227,114,102,61,28,65,7,164,32,120,32,34,57,144,4,122,190,177,137,203,0,99,178,242,32,111,152,58,97,196,240,63,119,181,243,138,198,121,159,107,223,177,45,184,20,198,129,202,76,198,197,232,42,115,150,236,152,105,128,7,169,141,75,18,101,209,108,83,88,115,195,135,16,175,239,64,230,88,83,122,11,8,101,189,22,30,158,59,1739147422538,/dev/cu.usbmodem14124101
46,106,128,212,147,248,147,134,124,79,79,65,37,243,190,194,130,20,108,67,236,199,187,36,219,61,139,77,220,17,161,215,5,213,190,49,74,145,196,80,161,49,34,33,40,74,202,169,8,71,48,217,36,192,27,81,246,99,146,172,39,69,72,11,0,165,179,64,66,109,255,209,242,15,224,132,66,55,52,171,214,70,150,180,17,65,225,50,162,202,26,146,111,101,237,39,70,184,255,172,47,224,42,125,243,186,6,147,74,216,49,8,65,130,20,128,217,181,195,249,107,169,114,62,130,153,44,26,152,76,200,206,210,71,56,102,3,31,206,96,2,212,2,62,12,110,79,106,200,35,187,205,72,99,133,216,86,219,122,165,23,252,145,253,229,40,253,123,24,170,242,147,250,102,54,243,13,252,84,176,145,145,18,158,109,239,166,145,200,116,70,220,177,236,107,230,175,185,234,200,46,217,17,157,123,239,23,202,10,216,223,96,138,71,19,19,214,177,242,234,157,154,25,58,155,183,254,192,143,162,230,57,54,235,97,220,63,1,250,184,57,202,136,18,160,180,222,251,222,241,1739147422539,/dev/cu.usbmodem14124301
122,24,87,250,186,247,93,180,66,140,27,165,211,47,102,141,243,114,220,61,246,202,4,142,5,195,230,60,30,222,215,47,106,37,226,59,49,115,18,252,163,150,169,172,48,215,77,111,238,32,193,181,109,55,230,55,252,175,198,10,11,15,31,47,156,65,63,185,119,147,0,65,213,223,197,150,55,2,45,220,16,40,36,44,249,47,148,206,154,105,113,0,42,232,106,193,10,219,215,164,69,183,214,57,106,22,89,71,154,58,203,145,224,86,9,79,215,10,39,185,161,139,9,9,206,235,125,91,135,231,208,91,157,0,13,180,170,3,156,144,158,232,2,122,134,47,175,177,97,64,120,106,226,49,162,228,71,89,77,10,149,36,80,214,128,103,211,152,42,82,43,85,6,12,125,102,98,99,79,187,33,222,157,143,105,64,247,119,19,215,59,64,166,44,59,109,93,35,234,122,53,10,52,251,86,115,74,179,59,85,81,204,118,53,17,254,253,153,212,81,218,178,1,83,236,54,127,156,61,151,77,249,203,205,181,107,128,44,195,87,79,141,106,10,87,241,6,15,108,0,34,119,62,78,46,145,32,145,42,172,91,145,28,163,76,231,80,212,5,126,165,255,204,81,153,105,198,250,159,73,0,162,13,35,47,246,94,255,141,15,130,125,126,198,57,38,62,101,219,82,185,26,69,74,128,69,4,114,194,64,104,132,162,241,54,183,16,16,186,160,126,246,204,90,102,167,145,96,237,181,221,193,91,72,55,255,229,224,184,158,178,106,252,65,17,80,83,155,99,144,8,30,232,30,249,86,86,6,213,203,204,79,237,175,77,159,244,30,213,192,234,0,145,122,115,250,91,205,34,231,238,152,237,251,110,76,74,213,17,9,70,227,59,229,90,110,136,219,118,159,107,223,104,180,190,175,81,128,158,55,245,153,176,41,225,181,243,177,61,64,120,15,166,135,166,106,198,30,13,72,165,230,22,137,222,4,83,57,234,227,159,176,165,225,247,223,175,77,61,51,34,74,131,32,82,173,9,245,164,211,170,40,17,246,14,235,143,12,190,35,7,94,85,221,228,231,82,241,71,206,152,133,236,186,20,145,227,208,225,190,29,33,124,142,82,240,168,254,167,101,225,247,168,141,210,23,240,227,133,89,160,218,116,125,131,201,222,152,75,163,226,172,61,241,235,211,114,226,104,5,247,85,210,114,72,78,8,4,116,152,216,195,98,148,100,149,12,151,106,244,220,69,224,238,224,199,105,66,155,198,6,232,216,17,225,51,27,30,169,39,233,75,25,244,70,237,51,1,173,248,55,103,33,111,202,250,57,81,134,231,223,123,117,20,208,222,227,160,237,9,181,152,213,230,239,1,33,246,48,77,187,240,27,148,92,252,168,79,252,4,97,201,226,156,19,232,230,0,30,133,184,68,48,78,133,241,202,144,231,72,240,190,213,226,33,12,26,191,222,166,79,67,79,47,27,105,179,72,23,112,214,13,116,101,86,208,6,30,15,140,188,91,216,133,192,3,11,169,90,4,127,193,142,152,194,150,43,143,187,246,225,77,232,124,6,42,24,224,222,149,41,81,144,85,19,247,63,40,69,166,208,231,117,14,224,207,87,204,119,245,12,154,237,23,145,66,92,120,9,130,195,72,130,9,255,172,71,248,201,229,248,83,223,113,11,14,22,248,49,234,88,127,148,48,25,164,244,163,158,208,250,147,44,179,58,182,154,68,118,211,39,218,35,171,169,205,205,96,113,6,132,56,238,97,49,150,222,19,162,208,223,162,237,246,179,240,197,29,187,45,156,31,50,37,216,48,192,224,128,59,103,182,161,236,231,255,249,7,151,238,42,208,42,9,236,120,48,230,45,51,111,13,39,200,22,64,25,23,113,86,117,249,35,51,244,3,121,236,122,154,74,36,178,40,115,217,165,77,111,80,145,195,162,95,125,93,147,168,26,219,180,114,106,56,118,155,167,6,88,85,246,91,127,235,7,157,65,11,227,51,174,43,114,8,132,213,44,141,7,244,172,30,101,164,13,249,52,42,56,47,48,183,13,164,93,144,77,19,146,172,215,145,255,215,50,152,132,241,98,106,176,184,21,91,144,142,198,251,247,147,129,158,155,125,209,71,30,6,129,127,245,82,178,124,230,142,122,184,149,222,12,71,177,67,165,36,22,136,153,226,82,146,163,142,209,88,154,48,11,245,136,66,218,178,199,233,185,15,231,42,145,241,79,165,173,58,58,233,100,101,255,254,87,32,50,126,101,139,196,20,89,129,90,150,75,86,72,147,56,94,57,111,34,154,192,154,100,140,74,50,227,17,43,200,116,163,31,11,116,172,184,10,156,86,121,152,252,160,175,45,208,57,0,179,131,15,191,68,123,106,67,129,199,149,222,153,10,247,176,94,228,112,118,28,19,88,164,215,48,166,226,54,171,69,230,77,101,237,24,156,19,212,241,235,88,186,195,191,82,65,182,162,193,136,123,101,235,133,146,110,10,139,46,251,64,154,188,166,97,59,95,131,48,77,83,249,196,185,147,224,246,239,115,156,34,223,229,121,66,81,187,211,158,54,113,11,92,197,245,20,139,137,4,242,0,169,254,47,204,173,22,87,119,182,86,31,95,110,182,72,151,213,100,13,65,75,144,251,173,144,234,175,181,52,166,138,21,34,5,52,164,153,123,40,99,220,197,117,179,175,14,122,169,38,59,141,106,238,66,73,34,74,224,98,12,214,55,212,199,157,191,84,194,233,245,49,60,217,6,248,115,248,199,159,59,63,158,231,12,83,125,13,88,43,161,214,9,189,131,24,134,164,34,206,226,235,110,10,152,180,17,109,186,165,145,23,27,59,164,26,74,184,31,183,33,6,100,239,7,251,93,76,48,236,176,41,49,172,175,90,32,59,81,138,139,15,235,106,69,96,245,26,211,166,116,163,24,76,57,164,119,54,224,75,158,250,38,134,67,147,212,163,137,115,7,154,45,5,194,224,207,208,31,110,58,229,23,13,73,38,254,180,23,122,229,186,99,72,84,169,209,80,148,28,78,104,77,115,63,67,12,178,188,34,5,73,203,156,177,56,240,151,227,82,81,236,131,42,224,51,169,92,96,42,128,97,226,139,28,102,139,133,53,254,21,195,105,110,9,227,170,23,46,177,181,88,186,221,244,193,165,166,110,252,120,200,192,231,238,178,108,236,227,35,170,42,184,165,120,121,255,226,100,121,55,89,217,139,79,236,52,231,60,50,47,99,174,119,177,80,149,191,234,23,83,18,135,195,208,192,228,194,117,241,153,115,99,125,140,154,112,81,91,60,245,187,9,132,42,97,72,107,131,130,212,79,69,5,83,33,113,117,177,51,118,66,45,252,44,52,147,33,203,65,117,146,87,164,165,40,188,103,157,163,46,87,30,163,26,190,215,2,49,221,229,122,2,136,106,187,182,217,200,86,139,109,164,215,4,210,171,35,185,63,122,214,65,170,59,65,185,134,51,105,35,100,17,23,4,131,132,148,249,198,178,204,248,42,194,212,53,92,11,164,51,245,18,57,65,244,114,134,140,134,239,73,104,247,89,40,40,166,25,173,214,41,226,223,227,102,158,1,237,10,214,73,37,128,23,132,143,158,195,89,55,186,121,205,87,167,216,168,81,55,47,37,143,165,121,3,200,126,203,38,38,123,117,35,193,201,169,218,215,20,98,244,14,82,213,80,19,216,78,106,101,106,223,146,180,45,135,223,227,114,102,61,28,65,7,164,32,120,32,34,57,144,4,122,190,177,137,203,0,99,178,242,32,111,152,58,97,196,240,63,119,181,243,138,198,121,159,107,223,177,45,184,20,198,129,202,76,198,197,232,42,115,150,236,152,105,128,7,169,141,75,18,101,209,108,83,88,115,195,135,16,175,239,64,230,88,83,122,11,8,101,189,22,30,158,59,46,106,128,212,147,248,147,134,124,79,79,65,37,243,190,194,130,20,108,67,236,199,187,36,219,61,139,77,220,17,161,215,5,213,190,49,74,145,196,80,161,49,34,33,40,74,202,169,8,71,48,217,36,192,27,81,246,99,146,172,39,69,72,11,0,165,179,64,66,109,255,209,242,15,224,132,66,55,52,171,214,70,150,180,17,65,225,50,162,202,26,146,111,101,237,39,70,184,255,172,47,224,42,125,243,186,6,147,74,216,49,8,65,130,20,128,217,181,195,249,107,169,114,62,130,153,44,26,152,76,200,206,210,71,56,102,3,31,206,96,2,212,2,62,12,110,79,106,200,35,187,205,72,99,133,216,86,219,122,165,23,252,145,253,229,40,253,123,24,170,242,147,250,102,54,243,13,252,84,176,145,145,18,158,109,239,166,145,200,116,70,220,177,236,107,230,175,185,234,200,46,217,17,157,123,239,23,202,10,216,223,96,138,71,19,19,214,177,242,234,157,154,25,58,155,183,254,192,143,162,230,57,54,235,97,220,63,1,250,184,57,202,136,18,160,180,222,251,222,241,1739147422540,QBYTE | hotard
88,241,51,8,40,31,77,42,242,74,118,127,15,190,128,79,2,202,26,86,54,167,246,92,177,116,188,251,90,14,185,119,59,3,162,66,227,10,201,247,144,65,29,57,166,39,205,246,243,62,221,185,202,147,187,143,192,223,218,136,144,61,19,36,17,213,171,157,40,14,146,249,100,223,59,137,214,47,111,255,79,62,81,180,90,13,198,213,56,197,152,58,175,136,210,141,135,77,216,107,3,203,152,65,124,212,21,185,70,229,185,84,198,120,16,114,171,165,100,185,44,161,189,201,10,234,57,94,16,221,75,164,244,184,6,1,29,139,24,54,41,227,186,215,24,90,157,138,225,169,179,221,135,206,59,110,92,37,214,162,132,193,146,170,186,120,202,246,196,49,240,42,250,255,178,92,30,84,26,221,185,145,59,153,75,171,123,97,253,77,104,221,16,205,219,203,100,2,109,97,50,18,57,127,60,210,168,96,83,231,162,183,203,85,44,26,44,172,53,164,42,107,179,201,223,96,33,83,1,94,191,204,0,171,6,171,189,178,57,15,13,10,153,108,189,196,195,67,114,249,1739147423600,/dev/cu.usbmodem14201
72,33,117,21,155,14,191,227,95,219,34,50,64,46,123,36,108,107,5,12,204,29,160,55,113,108,225,246,250,62,199,44,156,180,96,70,86,76,3,82,10,50,2,152,152,145,46,154,3,32,91,80,5,86,143,227,45,147,219,240,65,125,244,0,120,41,188,214,84,182,33,18,19,10,93,148,137,246,237,121,228,183,121,46,88,246,169,116,140,41,162,102,131,43,139,183,171,71,242,223,222,70,241,165,139,111,144,144,25,151,97,153,137,240,250,244,11,199,204,209,12,250,77,255,221,16,203,153,104,207,192,247,179,61,172,20,131,10,222,108,212,162,109,158,205,55,254,62,32,232,188,29,143,190,26,39,72,60,255,9,90,189,136,51,189,213,213,79,12,122,143,169,181,199,104,114,221,88,43,125,104,247,48,159,23,85,242,144,173,30,6,164,15,155,52,169,182,3,178,35,187,95,142,1,151,98,255,205,54,79,180,79,181,251,84,210,202,142,144,3,116,117,142,228,255,182,191,86,27,198,26,88,19,114,64,33,180,236,109,152,206,203,224,173,231,239,150,55,146,104,1739147423600,/dev/cu.usbmodem1413101
219,147,110,187,184,248,238,231,156,218,195,29,229,47,242,251,164,109,15,151,215,221,99,96,190,250,224,139,117,26,27,202,44,81,124,31,151,89,124,43,138,184,102,122,44,75,187,181,21,121,55,117,157,173,80,67,202,186,47,201,212,73,234,52,41,56,220,149,232,18,165,159,132,96,139,193,142,34,158,33,142,10,95,222,92,58,120,205,247,174,128,197,79,126,190,253,57,229,137,69,190,208,110,189,144,228,220,248,7,29,186,151,14,168,127,87,128,222,110,237,129,19,218,238,89,15,152,115,23,3,212,52,100,35,101,12,91,198,11,34,67,12,85,163,147,29,24,92,57,215,128,70,69,205,12,160,93,215,168,153,140,175,109,83,175,74,92,214,87,106,223,135,62,217,149,35,160,53,95,171,35,6,206,182,41,176,83,210,108,135,15,145,143,201,231,138,147,138,45,224,223,139,110,160,69,147,84,86,151,158,28,105,8,21,76,240,193,137,252,30,227,81,254,118,189,185,161,115,26,208,178,16,26,247,176,76,129,212,117,187,192,82,243,117,46,62,80,84,127,187,1739147423600,/dev/cu.usbmodem1413201
136,199,175,98,124,181,152,34,87,188,50,78,149,7,2,27,98,232,97,60,71,2,177,244,132,184,208,178,163,170,178,221,6,114,154,108,120,45,229,48,134,252,23,235,169,30,190,44,254,82,115,195,193,237,222,241,205,40,81,62,108,83,36,96,50,10,163,108,167,166,248,181,93,101,127,89,62,109,158,67,73,178,132,178,191,60,7,212,177,75,157,141,170,23,143,102,83,52,50,16,241,124,216,61,77,153,167,194,204,25,71,146,146,31,230,206,38,213,132,166,122,126,248,177,93,91,156,81,185,55,45,152,229,90,63,198,37,83,80,8,47,76,111,164,68,245,34,30,13,191,144,142,217,186,144,45,35,150,212,29,92,246,19,6,118,227,122,100,179,186,191,47,11,62,94,33,252,240,208,97,43,43,74,173,223,70,195,111,87,154,224,232,74,96,194,168,23,143,33,5,209,58,149,92,224,51,18,184,153,180,240,97,35,90,211,41,132,132,241,133,152,188,159,250,173,163,131,40,186,130,203,42,20,52,184,164,128,81,229,114,62,239,57,216,129,30,169,57,19,183,1739147423601,/dev/cu.usbmodem1413401
52,26,14,60,252,68,91,179,247,56,67,147,211,242,89,2,251,27,68,113,205,0,232,229,84,168,134,219,59,204,240,27,192,163,51,12,251,188,145,32,181,88,38,181,71,238,26,119,45,242,80,53,194,178,211,61,170,5,193,237,241,15,53,223,195,162,229,9,78,89,200,102,49,222,4,99,216,235,102,80,111,53,244,50,12,13,162,173,163,219,238,119,126,94,239,17,244,173,184,179,158,174,231,216,133,187,18,230,25,117,179,167,76,248,127,17,41,68,76,103,13,145,184,86,31,150,97,114,163,195,251,91,202,8,69,226,90,222,109,163,163,89,223,120,65,37,42,126,99,67,252,125,22,1,221,178,56,212,234,164,152,166,152,32,66,99,79,50,95,13,97,225,26,208,81,252,40,7,181,46,22,63,222,35,87,43,134,244,237,31,127,136,131,127,108,77,216,51,15,242,80,7,125,194,131,50,27,129,233,151,62,242,81,138,244,50,47,22,87,42,254,238,220,225,38,152,56,158,38,111,65,223,114,130,152,73,241,121,162,67,171,42,166,238,228,166,219,151,245,251,1739147423601,/dev/cu.usbmodem14124201
210,80,192,188,103,65,127,5,185,233,9,11,125,197,171,30,38,85,28,193,96,214,98,36,54,54,222,110,84,216,163,222,215,158,29,242,73,205,10,222,163,29,188,43,170,6,8,163,87,68,202,208,14,100,110,10,1,126,35,103,166,112,204,46,245,31,228,17,16,60,247,86,191,102,211,71,112,172,235,140,247,42,85,154,154,67,107,171,235,50,124,82,73,233,77,137,235,71,132,62,98,108,108,94,210,26,44,48,15,87,97,20,158,138,243,44,124,155,75,129,216,37,108,187,113,216,74,45,115,149,103,170,178,94,222,196,110,119,24,104,130,34,240,113,246,220,184,150,128,18,31,173,73,194,94,236,102,77,62,15,72,208,85,17,47,177,57,78,159,81,22,225,13,244,143,51,246,137,226,71,81,85,68,197,0,27,42,224,27,25,61,106,84,121,166,6,231,17,132,127,94,99,170,218,25,70,232,246,17,149,25,88,168,44,118,94,70,149,153,220,109,244,19,61,28,207,176,15,242,19,10,138,162,20,106,255,244,147,245,249,86,33,144,219,231,84,246,204,124,18,1739147423601,/dev/cu.usbmodem14124401
215,152,137,64,63,71,18,163,151,14,171,230,82,84,128,80,216,152,93,194,244,250,215,231,13,111,220,163,153,180,176,189,215,62,26,188,255,175,18,190,78,23,51,119,201,236,26,237,24,216,59,3,222,33,118,99,153,161,229,147,126,245,86,6,25,108,219,96,133,222,29,139,48,120,196,55,58,27,79,55,115,48,105,34,149,112,184,10,136,46,62,177,147,70,117,132,217,155,39,56,249,127,161,209,141,96,223,98,247,14,122,5,248,218,94,80,81,209,207,129,181,221,244,130,45,253,169,168,29,213,112,96,3,14,242,150,19,74,5,17,41,29,17,93,24,77,250,232,141,59,184,66,126,214,110,35,91,186,84,152,17,38,69,216,241,172,81,162,34,65,233,120,75,108,16,151,218,85,19,162,20,246,88,213,128,236,36,233,211,250,56,1,72,108,230,136,112,103,46,187,14,93,240,173,123,198,233,90,52,140,254,202,62,251,75,69,219,131,2,106,150,134,127,4,85,13,150,133,21,75,128,168,158,35,128,127,236,198,122,207,127,33,167,137,131,163,171,169,212,20,1739147423601,/dev/cu.usbmodem14124101
104,96,114,173,105,60,204,33,226,174,234,250,248,227,195,197,41,82,165,176,197,62,203,226,60,218,0,170,132,233,0,50,174,4,129,71,106,170,15,243,51,163,2,25,144,210,219,64,239,121,165,135,201,165,62,184,120,239,219,217,76,208,23,143,24,33,34,44,16,159,156,253,129,172,235,109,215,103,158,104,48,71,112,119,75,92,232,105,194,91,120,51,181,66,241,190,5,148,177,176,104,243,147,229,191,60,115,178,135,248,109,252,218,205,36,141,32,16,190,34,105,254,65,26,181,227,110,138,89,199,164,115,72,6,81,116,96,141,165,65,48,167,114,171,132,69,186,255,234,110,76,120,109,155,191,67,88,130,19,145,230,149,190,241,244,184,139,224,42,120,14,200,182,70,94,206,219,201,179,148,46,247,82,103,234,191,109,36,124,116,24,255,129,77,196,241,252,143,87,30,253,124,239,97,133,15,44,9,53,109,190,238,146,125,96,27,223,160,32,74,91,169,41,196,229,180,138,251,194,29,239,85,88,114,36,131,158,75,64,223,38,59,150,232,1,83,222,74,118,187,1739147423601,/dev/cu.usbmodem14124301
88,241,51,8,40,31,77,42,242,74,118,127,15,190,128,79,2,202,26,86,54,167,246,92,177,116,188,251,90,14,185,119,59,3,162,66,227,10,201,247,144,65,29,57,166,39,205,246,243,62,221,185,202,147,187,143,192,223,218,136,144,61,19,36,17,213,171,157,40,14,146,249,100,223,59,137,214,47,111,255,79,62,81,180,90,13,198,213,56,197,152,58,175,136,210,141,135,77,216,107,3,203,152,65,124,212,21,185,70,229,185,84,198,120,16,114,171,165,100,185,44,161,189,201,10,234,57,94,16,221,75,164,244,184,6,1,29,139,24,54,41,227,186,215,24,90,157,138,225,169,179,221,135,206,59,110,92,37,214,162,132,193,146,170,186,120,202,246,196,49,240,42,250,255,178,92,30,84,26,221,185,145,59,153,75,171,123,97,253,77,104,221,16,205,219,203,100,2,109,97,50,18,57,127,60,210,168,96,83,231,162,183,203,85,44,26,44,172,53,164,42,107,179,201,223,96,33,83,1,94,191,204,0,171,6,171,189,178,57,15,13,10,153,108,189,196,195,67,114,249,72,33,117,21,155,14,191,227,95,219,34,50,64,46,123,36,108,107,5,12,204,29,160,55,113,108,225,246,250,62,199,44,156,180,96,70,86,76,3,82,10,50,2,152,152,145,46,154,3,32,91,80,5,86,143,227,45,147,219,240,65,125,244,0,120,41,188,214,84,182,33,18,19,10,93,148,137,246,237,121,228,183,121,46,88,246,169,116,140,41,162,102,131,43,139,183,171,71,242,223,222,70,241,165,139,111,144,144,25,151,97,153,137,240,250,244,11,199,204,209,12,250,77,255,221,16,203,153,104,207,192,247,179,61,172,20,131,10,222,108,212,162,109,158,205,55,254,62,32,232,188,29,143,190,26,39,72,60,255,9,90,189,136,51,189,213,213,79,12,122,143,169,181,199,104,114,221,88,43,125,104,247,48,159,23,85,242,144,173,30,6,164,15,155,52,169,182,3,178,35,187,95,142,1,151,98,255,205,54,79,180,79,181,251,84,210,202,142,144,3,116,117,142,228,255,182,191,86,27,198,26,88,19,114,64,33,180,236,109,152,206,203,224,173,231,239,150,55,146,104,219,147,110,187,184,248,238,231,156,218,195,29,229,47,242,251,164,109,15,151,215,221,99,96,190,250,224,139,117,26,27,202,44,81,124,31,151,89,124,43,138,184,102,122,44,75,187,181,21,121,55,117,157,173,80,67,202,186,47,201,212,73,234,52,41,56,220,149,232,18,165,159,132,96,139,193,142,34,158,33,142,10,95,222,92,58,120,205,247,174,128,197,79,126,190,253,57,229,137,69,190,208,110,189,144,228,220,248,7,29,186,151,14,168,127,87,128,222,110,237,129,19,218,238,89,15,152,115,23,3,212,52,100,35,101,12,91,198,11,34,67,12,85,163,147,29,24,92,57,215,128,70,69,205,12,160,93,215,168,153,140,175,109,83,175,74,92,214,87,106,223,135,62,217,149,35,160,53,95,171,35,6,206,182,41,176,83,210,108,135,15,145,143,201,231,138,147,138,45,224,223,139,110,160,69,147,84,86,151,158,28,105,8,21,76,240,193,137,252,30,227,81,254,118,189,185,161,115,26,208,178,16,26,247,176,76,129,212,117,187,192,82,243,117,46,62,80,84,127,187,136,199,175,98,124,181,152,34,87,188,50,78,149,7,2,27,98,232,97,60,71,2,177,244,132,184,208,178,163,170,178,221,6,114,154,108,120,45,229,48,134,252,23,235,169,30,190,44,254,82,115,195,193,237,222,241,205,40,81,62,108,83,36,96,50,10,163,108,167,166,248,181,93,101,127,89,62,109,158,67,73,178,132,178,191,60,7,212,177,75,157,141,170,23,143,102,83,52,50,16,241,124,216,61,77,153,167,194,204,25,71,146,146,31,230,206,38,213,132,166,122,126,248,177,93,91,156,81,185,55,45,152,229,90,63,198,37,83,80,8,47,76,111,164,68,245,34,30,13,191,144,142,217,186,144,45,35,150,212,29,92,246,19,6,118,227,122,100,179,186,191,47,11,62,94,33,252,240,208,97,43,43,74,173,223,70,195,111,87,154,224,232,74,96,194,168,23,143,33,5,209,58,149,92,224,51,18,184,153,180,240,97,35,90,211,41,132,132,241,133,152,188,159,250,173,163,131,40,186,130,203,42,20,52,184,164,128,81,229,114,62,239,57,216,129,30,169,57,19,183,52,26,14,60,252,68,91,179,247,56,67,147,211,242,89,2,251,27,68,113,205,0,232,229,84,168,134,219,59,204,240,27,192,163,51,12,251,188,145,32,181,88,38,181,71,238,26,119,45,242,80,53,194,178,211,61,170,5,193,237,241,15,53,223,195,162,229,9,78,89,200,102,49,222,4,99,216,235,102,80,111,53,244,50,12,13,162,173,163,219,238,119,126,94,239,17,244,173,184,179,158,174,231,216,133,187,18,230,25,117,179,167,76,248,127,17,41,68,76,103,13,145,184,86,31,150,97,114,163,195,251,91,202,8,69,226,90,222,109,163,163,89,223,120,65,37,42,126,99,67,252,125,22,1,221,178,56,212,234,164,152,166,152,32,66,99,79,50,95,13,97,225,26,208,81,252,40,7,181,46,22,63,222,35,87,43,134,244,237,31,127,136,131,127,108,77,216,51,15,242,80,7,125,194,131,50,27,129,233,151,62,242,81,138,244,50,47,22,87,42,254,238,220,225,38,152,56,158,38,111,65,223,114,130,152,73,241,121,162,67,171,42,166,238,228,166,219,151,245,251,210,80,192,188,103,65,127,5,185,233,9,11,125,197,171,30,38,85,28,193,96,214,98,36,54,54,222,110,84,216,163,222,215,158,29,242,73,205,10,222,163,29,188,43,170,6,8,163,87,68,202,208,14,100,110,10,1,126,35,103,166,112,204,46,245,31,228,17,16,60,247,86,191,102,211,71,112,172,235,140,247,42,85,154,154,67,107,171,235,50,124,82,73,233,77,137,235,71,132,62,98,108,108,94,210,26,44,48,15,87,97,20,158,138,243,44,124,155,75,129,216,37,108,187,113,216,74,45,115,149,103,170,178,94,222,196,110,119,24,104,130,34,240,113,246,220,184,150,128,18,31,173,73,194,94,236,102,77,62,15,72,208,85,17,47,177,57,78,159,81,22,225,13,244,143,51,246,137,226,71,81,85,68,197,0,27,42,224,27,25,61,106,84,121,166,6,231,17,132,127,94,99,170,218,25,70,232,246,17,149,25,88,168,44,118,94,70,149,153,220,109,244,19,61,28,207,176,15,242,19,10,138,162,20,106,255,244,147,245,249,86,33,144,219,231,84,246,204,124,18,215,152,137,64,63,71,18,163,151,14,171,230,82,84,128,80,216,152,93,194,244,250,215,231,13,111,220,163,153,180,176,189,215,62,26,188,255,175,18,190,78,23,51,119,201,236,26,237,24,216,59,3,222,33,118,99,153,161,229,147,126,245,86,6,25,108,219,96,133,222,29,139,48,120,196,55,58,27,79,55,115,48,105,34,149,112,184,10,136,46,62,177,147,70,117,132,217,155,39,56,249,127,161,209,141,96,223,98,247,14,122,5,248,218,94,80,81,209,207,129,181,221,244,130,45,253,169,168,29,213,112,96,3,14,242,150,19,74,5,17,41,29,17,93,24,77,250,232,141,59,184,66,126,214,110,35,91,186,84,152,17,38,69,216,241,172,81,162,34,65,233,120,75,108,16,151,218,85,19,162,20,246,88,213,128,236,36,233,211,250,56,1,72,108,230,136,112,103,46,187,14,93,240,173,123,198,233,90,52,140,254,202,62,251,75,69,219,131,2,106,150,134,127,4,85,13,150,133,21,75,128,168,158,35,128,127,236,198,122,207,127,33,167,137,131,163,171,169,212,20,104,96,114,173,105,60,204,33,226,174,234,250,248,227,195,197,41,82,165,176,197,62,203,226,60,218,0,170,132,233,0,50,174,4,129,71,106,170,15,243,51,163,2,25,144,210,219,64,239,121,165,135,201,165,62,184,120,239,219,217,76,208,23,143,24,33,34,44,16,159,156,253,129,172,235,109,215,103,158,104,48,71,112,119,75,92,232,105,194,91,120,51,181,66,241,190,5,148,177,176,104,243,147,229,191,60,115,178,135,248,109,252,218,205,36,141,32,16,190,34,105,254,65,26,181,227,110,138,89,199,164,115,72,6,81,116,96,141,165,65,48,167,114,171,132,69,186,255,234,110,76,120,109,155,191,67,88,130,19,145,230,149,190,241,244,184,139,224,42,120,14,200,182,70,94,206,219,201,179,148,46,247,82,103,234,191,109,36,124,116,24,255,129,77,196,241,252,143,87,30,253,124,239,97,133,15,44,9,53,109,190,238,146,125,96,27,223,160,32,74,91,169,41,196,229,180,138,251,194,29,239,85,88,114,36,131,158,75,64,223,38,59,150,232,1,83,222,74,118,187,1739147423603,QBYTE | minimizer
